mean_fit_time,std_fit_time,mean_score_time,std_score_time,param_n_estimators,param_min_samples_split,param_min_samples_leaf,param_min_impurity_decrease,param_max_leaf_nodes,param_max_features,param_max_depth,param_criterion,param_class_weight,param_ccp_alpha,param_bootstrap,param_max_samples,params,split0_test_macro_f1,split1_test_macro_f1,split2_test_macro_f1,split3_test_macro_f1,split4_test_macro_f1,mean_test_macro_f1,std_test_macro_f1,rank_test_macro_f1,split0_train_macro_f1,split1_train_macro_f1,split2_train_macro_f1,split3_train_macro_f1,split4_train_macro_f1,mean_train_macro_f1,std_train_macro_f1,split0_test_f1_g,split1_test_f1_g,split2_test_f1_g,split3_test_f1_g,split4_test_f1_g,mean_test_f1_g,std_test_f1_g,rank_test_f1_g,split0_train_f1_g,split1_train_f1_g,split2_train_f1_g,split3_train_f1_g,split4_train_f1_g,mean_train_f1_g,std_train_f1_g,split0_test_f1_b,split1_test_f1_b,split2_test_f1_b,split3_test_f1_b,split4_test_f1_b,mean_test_f1_b,std_test_f1_b,rank_test_f1_b,split0_train_f1_b,split1_train_f1_b,split2_train_f1_b,split3_train_f1_b,split4_train_f1_b,mean_train_f1_b,std_train_f1_b,split0_test_recall_b,split1_test_recall_b,split2_test_recall_b,split3_test_recall_b,split4_test_recall_b,mean_test_recall_b,std_test_recall_b,rank_test_recall_b,split0_train_recall_b,split1_train_recall_b,split2_train_recall_b,split3_train_recall_b,split4_train_recall_b,mean_train_recall_b,std_train_recall_b,split0_test_accuracy,split1_test_accuracy,split2_test_accuracy,split3_test_accuracy,split4_test_accuracy,mean_test_accuracy,std_test_accuracy,rank_test_accuracy,split0_train_accuracy,split1_train_accuracy,split2_train_accuracy,split3_train_accuracy,split4_train_accuracy,mean_train_accuracy,std_train_accuracy,split0_test_roc_auc,split1_test_roc_auc,split2_test_roc_auc,split3_test_roc_auc,split4_test_roc_auc,mean_test_roc_auc,std_test_roc_auc,rank_test_roc_auc,split0_train_roc_auc,split1_train_roc_auc,split2_train_roc_auc,split3_train_roc_auc,split4_train_roc_auc,mean_train_roc_auc,std_train_roc_auc
0.7169691562652588,0.04279627572905143,0.05335292816162109,0.005005866525468691,300,8,4,0.0,16,0.3,,log_loss,,0.001,True,1.0,"{'n_estimators': 300, 'min_samples_split': 8, 'min_samples_leaf': 4, 'min_impurity_decrease': 0.0, 'max_samples': 1.0, 'max_leaf_nodes': 16, 'max_features': 0.3, 'max_depth': None, 'criterion': 'log_loss', 'class_weight': None, 'ccp_alpha': 0.001, 'bootstrap': True}",0.9532587228439764,0.9519560741249142,0.9199267902081903,0.9682971014492754,0.9048913043478262,0.9396659985948365,0.023471105075876277,1,0.9843014128728415,0.976497156239545,0.96866287498606,0.9805501335880504,0.9883300801528303,0.9796683315678655,0.006759368805848886,0.967741935483871,0.967741935483871,0.946236559139785,0.9782608695652174,0.9347826086956522,0.9589527816736793,0.01595744518865753,1,0.989010989010989,0.9836065573770492,0.9781420765027322,0.9862258953168044,0.9917355371900827,0.9857442110795315,0.004672512381928401,0.9387755102040817,0.9361702127659575,0.8936170212765957,0.9583333333333334,0.875,0.9203792155159938,0.03099607250296756,1,0.9795918367346939,0.9693877551020408,0.9591836734693877,0.9748743718592965,0.9849246231155779,0.9735924520561994,0.008846992852503236,0.8846153846153846,0.88,0.84,0.92,0.84,0.8729230769230769,0.0302353686068634,61,0.96,0.9405940594059405,0.9306930693069307,0.9603960396039604,0.9702970297029703,0.9523960396039604,0.014509109666258584,0.9577464788732394,0.9571428571428572,0.9285714285714286,0.9714285714285714,0.9142857142857143,0.9458350100603623,0.021062621812731656,1,0.9857142857142858,0.9786476868327402,0.9715302491103203,0.9822064056939501,0.9893238434163701,0.9814844941535332,0.006115589259261565,0.9948717948717949,0.968,0.9768888888888889,0.9822222222222222,0.9528888888888889,0.9749743589743589,0.014060686851966684,9,0.9996666666666666,0.9995049504950495,0.9993399339933994,0.9993949394939494,0.9998349834983499,0.999548294829483,0.00018166623955619512
0.5362935543060303,0.02133229829536584,0.04062070846557617,0.004425195048748617,200,4,2,0.01,32,0.3,10,entropy,,0.01,True,1.0,"{'n_estimators': 200, 'min_samples_split': 4, 'min_samples_leaf': 2, 'min_impurity_decrease': 0.01, 'max_samples': 1.0, 'max_leaf_nodes': 32, 'max_features': 0.3, 'max_depth': 10, 'criterion': 'entropy', 'class_weight': None, 'ccp_alpha': 0.01, 'bootstrap': True}",0.9532587228439764,0.9519560741249142,0.9199267902081903,0.9682971014492754,0.9048913043478262,0.9396659985948365,0.023471105075876277,1,1.0,0.9961273962596988,0.9922375690607734,0.9961273962596988,0.9961273962596988,0.996123951567974,0.0024546998202382734,0.967741935483871,0.967741935483871,0.946236559139785,0.9782608695652174,0.9347826086956522,0.9589527816736793,0.01595744518865753,1,1.0,0.997229916897507,0.994475138121547,0.997229916897507,0.997229916897507,0.9972329777628136,0.0017471187512424526,0.9387755102040817,0.9361702127659575,0.8936170212765957,0.9583333333333334,0.875,0.9203792155159938,0.03099607250296756,1,1.0,0.9950248756218906,0.99,0.9950248756218906,0.9950248756218906,0.9950149253731343,0.0031623011417598237,0.8846153846153846,0.88,0.84,0.92,0.84,0.8729230769230769,0.0302353686068634,61,1.0,0.9900990099009901,0.9801980198019802,0.9900990099009901,0.9900990099009901,0.9900990099009901,0.00626193596072947,0.9577464788732394,0.9571428571428572,0.9285714285714286,0.9714285714285714,0.9142857142857143,0.9458350100603623,0.021062621812731656,1,1.0,0.99644128113879,0.9928825622775801,0.99644128113879,0.99644128113879,0.99644128113879,0.002250731430724818,0.9931623931623932,0.9591111111111111,0.9786666666666668,0.984,0.951111111111111,0.9732102564102565,0.015693545563152965,14,1.0,1.0,0.99994499449945,1.0,1.0,0.99998899889989,2.2002200220017087e-05
0.3121342182159424,0.011644183490997275,0.03073406219482422,0.0020405346448013734,100,20,2,0.005,32,0.5,16,log_loss,,0.001,True,,"{'n_estimators': 100, 'min_samples_split': 20, 'min_samples_leaf': 2, 'min_impurity_decrease': 0.005, 'max_samples': None, 'max_leaf_nodes': 32, 'max_features': 0.5, 'max_depth': 16, 'criterion': 'log_loss', 'class_weight': None, 'ccp_alpha': 0.001, 'bootstrap': True}",0.9370567375886525,0.9519560741249142,0.9048913043478262,0.9843014128728415,0.8901098901098901,0.9336630838088249,0.03357107899906342,3,0.9644223574423627,0.9726444614421806,0.9646614965416056,0.9611878453038674,0.9685118780815778,0.9662856077623188,0.003936697111822698,0.9574468085106383,0.967741935483871,0.9347826086956522,0.989010989010989,0.9230769230769231,0.9544118529556147,0.023457141053117216,6,0.9754768392370572,0.9808219178082191,0.9754768392370572,0.9723756906077348,0.9782608695652174,0.9764824312910573,0.0028594312625352535,0.9166666666666666,0.9361702127659575,0.875,0.9795918367346939,0.8571428571428571,0.9129143146620349,0.04370070851151469,3,0.9533678756476683,0.9644670050761421,0.9538461538461539,0.95,0.9587628865979382,0.9560887842335806,0.005036892612958832,0.8461538461538461,0.88,0.84,0.96,0.84,0.8732307692307693,0.04586163909879805,56,0.92,0.9405940594059405,0.9207920792079208,0.9405940594059405,0.9207920792079208,0.9285544554455445,0.009834549351394018,0.9436619718309859,0.9571428571428572,0.9142857142857143,0.9857142857142858,0.9,0.9401609657947686,0.03052270776631453,3,0.9678571428571429,0.9750889679715302,0.9679715302491103,0.9644128113879004,0.9715302491103203,0.9693721403152008,0.0036384453077670372,0.9923076923076923,0.9635555555555556,0.9724444444444446,0.984,0.9502222222222221,0.972505982905983,0.014838463876937899,20,0.9975,0.9968646864686469,0.9961496149614962,0.9969196919691969,0.9976897689768977,0.9970247524752475,0.0005423341519074466
1.1930178165435792,0.03195572484524282,0.06589798927307129,0.007343542200639659,500,4,4,0.01,32,sqrt,10,entropy,balanced_subsample,0.001,True,0.6,"{'n_estimators': 500, 'min_samples_split': 4, 'min_samples_leaf': 4, 'min_impurity_decrease': 0.01, 'max_samples': 0.6, 'max_leaf_nodes': 32, 'max_features': 'sqrt', 'max_depth': 10, 'criterion': 'entropy', 'class_weight': 'balanced_subsample', 'ccp_alpha': 0.001, 'bootstrap': True}",0.9532587228439764,0.9365942028985508,0.9028677150786308,0.9682971014492754,0.9066666666666667,0.9335368817874201,0.025570206668011648,4,0.9647606661912154,0.9689502762430939,0.9648285932828037,0.9613586358635864,0.9767127071823205,0.967322175752604,0.005275905315949333,0.967741935483871,0.9565217391304348,0.9361702127659575,0.9782608695652174,0.9333333333333333,0.9544056180557627,0.017481301696566327,7,0.9752066115702479,0.9779005524861878,0.9753424657534246,0.9722222222222222,0.9834254143646409,0.9768194532793448,0.003760978098271303,0.9387755102040817,0.9166666666666666,0.8695652173913043,0.9583333333333334,0.88,0.9126681455190772,0.033787459759852874,4,0.9543147208121827,0.96,0.9543147208121827,0.9504950495049505,0.97,0.9578248982258633,0.006801963601210062,0.8846153846153846,0.88,0.8,0.92,0.88,0.8729230769230769,0.03942305816134637,61,0.94,0.9504950495049505,0.9306930693069307,0.9504950495049505,0.9603960396039604,0.9464158415841585,0.010169507387376788,0.9577464788732394,0.9428571428571428,0.9142857142857143,0.9714285714285714,0.9142857142857143,0.9401207243460764,0.022948777690754825,7,0.9678571428571429,0.9715302491103203,0.9679715302491103,0.9644128113879004,0.9786476868327402,0.9700838840874428,0.004837606227222249,0.9965811965811966,0.959111111111111,0.9795555555555555,0.9777777777777779,0.9502222222222223,0.9726495726495725,0.016327827165663715,18,0.9971666666666668,0.9977447744774477,0.9975247524752475,0.9963696369636964,0.997964796479648,0.9973541254125413,0.0005583901370825035
0.38890743255615234,0.02994524163396299,0.025755023956298827,0.0042096028251424516,100,2,2,0.005,64,,10,log_loss,,0.01,True,0.8,"{'n_estimators': 100, 'min_samples_split': 2, 'min_samples_leaf': 2, 'min_impurity_decrease': 0.005, 'max_samples': 0.8, 'max_leaf_nodes': 64, 'max_features': None, 'max_depth': 10, 'criterion': 'log_loss', 'class_weight': None, 'ccp_alpha': 0.01, 'bootstrap': True}",0.9370567375886525,0.9519560741249142,0.9028677150786308,0.9843014128728415,0.8901098901098901,0.9332583659549858,0.03392582256917869,5,0.9843014128728415,0.9883300801528303,0.9766067266067266,0.9922375690607734,0.9961273962596988,0.987520636990574,0.006729900375062133,0.9574468085106383,0.967741935483871,0.9361702127659575,0.989010989010989,0.9230769230769231,0.9546893737696758,0.023230378600055782,5,0.989010989010989,0.9917355371900827,0.9835164835164835,0.994475138121547,0.997229916897507,0.9911936129473219,0.00471595628220371,0.9166666666666666,0.9361702127659575,0.8695652173913043,0.9795918367346939,0.8571428571428571,0.9118273581402958,0.0446866898025275,5,0.9795918367346939,0.9849246231155779,0.9696969696969697,0.99,0.9950248756218906,0.9838476610338264,0.008744087760354886,0.8461538461538461,0.88,0.8,0.96,0.84,0.8652307692307692,0.053767855160129906,101,0.96,0.9702970297029703,0.9504950495049505,0.9801980198019802,0.9900990099009901,0.9702178217821782,0.014058903909597662,0.9436619718309859,0.9571428571428572,0.9142857142857143,0.9857142857142858,0.9,0.9401609657947686,0.03052270776631453,3,0.9857142857142858,0.9893238434163701,0.9786476868327402,0.9928825622775801,0.99644128113879,0.9886019318759534,0.00612741127243119,0.9888888888888889,0.9595555555555555,0.9662222222222223,0.9848888888888888,0.9413333333333335,0.9681777777777778,0.01736088977636685,62,0.9999444444444444,1.0,0.9996149614961497,0.9998899889988999,1.0,0.9998898789878987,0.0001433947718938545
0.5996988773345947,0.024586730899507293,0.04545826911926269,0.001993251868803105,200,4,1,0.01,32,0.5,6,log_loss,,0.001,True,0.6,"{'n_estimators': 200, 'min_samples_split': 4, 'min_samples_leaf': 1, 'min_impurity_decrease': 0.01, 'max_samples': 0.6, 'max_leaf_nodes': 32, 'max_features': 0.5, 'max_depth': 6, 'criterion': 'log_loss', 'class_weight': None, 'ccp_alpha': 0.001, 'bootstrap': True}",0.9370567375886525,0.9519560741249142,0.9028677150786308,0.9682971014492754,0.9048913043478262,0.9330137865178598,0.025767140517805237,6,0.9723285002329489,0.9726444614421806,0.9646614965416056,0.9565974416220846,0.976497156239545,0.9685458112156731,0.0071018729079234955,0.9574468085106383,0.967741935483871,0.9361702127659575,0.9782608695652174,0.9347826086956522,0.9548804870042673,0.01716184271192697,4,0.9809264305177112,0.9808219178082191,0.9754768392370572,0.9701897018970189,0.9836065573770492,0.9782042893674111,0.004798314855829661,0.9166666666666666,0.9361702127659575,0.8695652173913043,0.9583333333333334,0.875,0.9111470860314522,0.03440589543832787,7,0.9637305699481865,0.9644670050761421,0.9538461538461539,0.9430051813471503,0.9693877551020408,0.9588873330639347,0.009407494643313655,0.8461538461538461,0.88,0.8,0.92,0.84,0.8572307692307692,0.04038161160990257,131,0.93,0.9405940594059405,0.9207920792079208,0.900990099009901,0.9405940594059405,0.9265940594059405,0.014783952066416042,0.9436619718309859,0.9571428571428572,0.9142857142857143,0.9714285714285714,0.9142857142857143,0.9401609657947686,0.0228795197519903,3,0.975,0.9750889679715302,0.9679715302491103,0.9608540925266904,0.9786476868327402,0.9715124555160143,0.00635617474859547,0.9905982905982906,0.9617777777777778,0.9724444444444444,0.9831111111111112,0.9528888888888889,0.9721641025641026,0.013705068266667793,23,0.9989999999999999,0.9992849284928492,0.9991199119911992,0.9991749174917492,0.9996699669966996,0.9992499449944996,0.00022919534719563473
0.3233486175537109,0.026652349028408646,0.03703341484069824,0.005414068806906754,200,20,4,0.001,16,sqrt,3,log_loss,balanced,0.005,False,,"{'n_estimators': 200, 'min_samples_split': 20, 'min_samples_leaf': 4, 'min_impurity_decrease': 0.001, 'max_leaf_nodes': 16, 'max_features': 'sqrt', 'max_depth': 3, 'criterion': 'log_loss', 'class_weight': 'balanced', 'ccp_alpha': 0.005, 'bootstrap': False}",0.9532587228439764,0.9519560741249142,0.8853801169590643,0.9682971014492754,0.9048913043478262,0.9327566639450113,0.031853068731723104,7,0.9519560741249142,0.9487060673715546,0.9565974416220846,0.9408146931210244,0.9484483707540114,0.9493045293987178,0.005164992595883439,0.967741935483871,0.967741935483871,0.9263157894736842,0.9782608695652174,0.9347826086956522,0.9549686277404591,0.020480741276907428,3,0.967741935483871,0.964769647696477,0.9701897018970189,0.959349593495935,0.9649595687331537,0.9654020894612911,0.0036228338862134826,0.9387755102040817,0.9361702127659575,0.8444444444444444,0.9583333333333334,0.875,0.9105447001495633,0.04328987989764967,8,0.9361702127659575,0.9326424870466321,0.9430051813471503,0.9222797927461139,0.9319371727748691,0.9332069693361447,0.00672487891383718,0.8846153846153846,0.88,0.76,0.92,0.84,0.8569230769230769,0.0546965810296344,135,0.88,0.8910891089108911,0.900990099009901,0.8811881188118812,0.8811881188118812,0.886891089108911,0.008110983910359972,0.9577464788732394,0.9571428571428572,0.9,0.9714285714285714,0.9142857142857143,0.9401207243460765,0.027776687287784325,6,0.9571428571428572,0.9537366548042705,0.9608540925266904,0.9466192170818505,0.9537366548042705,0.9544178952719878,0.004703139610136364,0.9837606837606837,0.9573333333333334,0.9626666666666667,0.9764444444444444,0.9377777777777778,0.9635965811965812,0.015989760767814373,96,0.9816388888888888,0.987953795379538,0.9806380638063806,0.9823707370737074,0.9872387238723872,0.9839680418041803,0.0030215453637302387
1.0584275245666503,0.04121558126177528,0.071746826171875,0.009199107836356243,500,12,2,0.001,,sqrt,,log_loss,balanced,0.01,False,,"{'n_estimators': 500, 'min_samples_split': 12, 'min_samples_leaf': 2, 'min_impurity_decrease': 0.001, 'max_leaf_nodes': None, 'max_features': 'sqrt', 'max_depth': None, 'criterion': 'log_loss', 'class_weight': 'balanced', 'ccp_alpha': 0.01, 'bootstrap': False}",0.9541047188106011,0.9365942028985508,0.9199267902081903,0.9682971014492754,0.8776223776223776,0.9313090381977991,0.0313926932156119,8,1.0,1.0,0.9961441881526407,0.9961441881526407,0.9923047431263008,0.9969186238863165,0.0028801789731469634,0.967032967032967,0.9565217391304348,0.946236559139785,0.9782608695652174,0.9090909090909091,0.9514286087918625,0.023701664019766564,21,1.0,1.0,0.9972144846796658,0.9972144846796658,0.994413407821229,0.9977684754361121,0.0020894829013592556,0.9411764705882353,0.9166666666666666,0.8936170212765957,0.9583333333333334,0.8461538461538461,0.9111894676037355,0.039217820084219986,6,1.0,1.0,0.9950738916256158,0.9950738916256158,0.9901960784313726,0.9960687723365208,0.003670891195490138,0.9230769230769231,0.88,0.84,0.92,0.88,0.8886153846153846,0.03060881259186683,14,1.0,1.0,1.0,1.0,1.0,1.0,0.0,0.9577464788732394,0.9428571428571428,0.9285714285714286,0.9714285714285714,0.8857142857142857,0.9372635814889335,0.029499040556651673,13,1.0,1.0,0.99644128113879,0.99644128113879,0.9928825622775801,0.997153024911032,0.002663101342899594,0.9957264957264957,0.9715555555555555,0.9822222222222222,0.9884444444444445,0.9546666666666666,0.9785230769230768,0.014323054787950013,4,1.0,1.0,1.0,1.0,1.0,1.0,0.0
0.2432584285736084,0.021768290557006794,0.026183271408081056,0.0029047379254057517,100,4,1,0.001,32,0.3,4,gini,balanced_subsample,0.01,True,0.8,"{'n_estimators': 100, 'min_samples_split': 4, 'min_samples_leaf': 1, 'min_impurity_decrease': 0.001, 'max_samples': 0.8, 'max_leaf_nodes': 32, 'max_features': 0.3, 'max_depth': 4, 'criterion': 'gini', 'class_weight': 'balanced_subsample', 'ccp_alpha': 0.01, 'bootstrap': True}",0.9691304347826086,0.9519560741249142,0.9048913043478262,0.9537343027098479,0.8755555555555555,0.9310535343041506,0.035116012581000694,9,0.9524456521739131,0.9570127251234268,0.960828593732575,0.9338704541993714,0.9649902404584908,0.9538295331375555,0.010807043137856387,0.9782608695652174,0.967741935483871,0.9347826086956522,0.9662921348314607,0.9111111111111111,0.9516377319374625,0.024937483948023427,20,0.967391304347826,0.9698630136986301,0.9726775956284153,0.953168044077135,0.9752066115702479,0.9676613138644509,0.007708045882471187,0.96,0.9361702127659575,0.875,0.9411764705882353,0.84,0.9104693366708385,0.04534479235811233,9,0.9375,0.9441624365482234,0.9489795918367347,0.914572864321608,0.9547738693467337,0.93999775241066,0.013921317226439191,0.9230769230769231,0.88,0.84,0.96,0.84,0.8886153846153846,0.04708396126372573,14,0.9,0.9207920792079208,0.9207920792079208,0.900990099009901,0.9405940594059405,0.9166336633663367,0.015033863680081014,0.971830985915493,0.9571428571428572,0.9142857142857143,0.9571428571428572,0.8857142857142857,0.9372233400402414,0.0321576766232843,20,0.9571428571428572,0.9608540925266904,0.9644128113879004,0.9395017793594306,0.9679715302491103,0.9579766141331977,0.009915821053322067,0.9931623931623932,0.9528888888888889,0.9724444444444444,0.9777777777777777,0.9484444444444444,0.9689435897435897,0.016460970071219595,54,0.9890555555555556,0.9926292629262926,0.9899339933993399,0.9907590759075908,0.994939493949395,0.9914634763476347,0.0021012061928669316
0.5681713581085205,0.023771210629661924,0.041495895385742186,0.00541029206365474,200,4,2,0.0,64,0.3,,gini,balanced_subsample,0.001,True,,"{'n_estimators': 200, 'min_samples_split': 4, 'min_samples_leaf': 2, 'min_impurity_decrease': 0.0, 'max_samples': None, 'max_leaf_nodes': 64, 'max_features': 0.3, 'max_depth': None, 'criterion': 'gini', 'class_weight': 'balanced_subsample', 'ccp_alpha': 0.001, 'bootstrap': True}",0.9691304347826086,0.9365942028985508,0.9048913043478262,0.9682971014492754,0.8755555555555555,0.9308937198067634,0.036419755271863155,10,1.0,1.0,0.9961273962596988,0.9961273962596988,1.0,0.9984509585038795,0.001897180627946304,0.9782608695652174,0.9565217391304348,0.9347826086956522,0.9782608695652174,0.9111111111111111,0.9517874396135266,0.025953136818935296,19,1.0,1.0,0.997229916897507,0.997229916897507,1.0,0.9988919667590028,0.001357058029242745,0.96,0.9166666666666666,0.875,0.9583333333333334,0.84,0.9099999999999999,0.046916000587338136,10,1.0,1.0,0.9950248756218906,0.9950248756218906,1.0,0.9980099502487562,0.002437303226649917,0.9230769230769231,0.88,0.84,0.92,0.84,0.8806153846153846,0.036479385440686636,47,1.0,1.0,0.9900990099009901,0.9900990099009901,1.0,0.996039603960396,0.004850474738184516,0.971830985915493,0.9428571428571428,0.9142857142857143,0.9714285714285714,0.8857142857142857,0.9372233400402414,0.03340282651017649,20,1.0,1.0,0.99644128113879,0.99644128113879,1.0,0.9985765124555159,0.0017434090695965625,0.9914529914529915,0.9555555555555555,0.9777777777777779,0.9848888888888889,0.9528888888888889,0.9725128205128206,0.015570898791691355,19,1.0,1.0,1.0,1.0,1.0,1.0,0.0
0.2687173843383789,0.013499068047443974,0.028206253051757814,0.0037060668533995863,100,12,2,0.001,32,0.3,8,log_loss,,0.01,True,,"{'n_estimators': 100, 'min_samples_split': 12, 'min_samples_leaf': 2, 'min_impurity_decrease': 0.001, 'max_samples': None, 'max_leaf_nodes': 32, 'max_features': 0.3, 'max_depth': 8, 'criterion': 'log_loss', 'class_weight': None, 'ccp_alpha': 0.01, 'bootstrap': True}",0.9382608695652175,0.9519560741249142,0.9199267902081903,0.9682971014492754,0.8755555555555555,0.9307992781806306,0.03187303560909191,11,0.9843014128728415,0.9805501335880504,0.9726444614421806,0.9727701870232706,0.9805501335880504,0.9781632657028787,0.004660764430755818,0.9565217391304348,0.967741935483871,0.946236559139785,0.9782608695652174,0.9111111111111111,0.9519744428860838,0.023078141810597162,18,0.989010989010989,0.9862258953168044,0.9808219178082191,0.9807162534435262,0.9862258953168044,0.9846001901792686,0.003289415978541235,0.92,0.9361702127659575,0.8936170212765957,0.9583333333333334,0.84,0.9096241134751774,0.04071532066871242,11,0.9795918367346939,0.9748743718592965,0.9644670050761421,0.964824120603015,0.9748743718592965,0.9717263412264888,0.006033652694655559,0.8846153846153846,0.88,0.84,0.92,0.84,0.8729230769230769,0.0302353686068634,61,0.96,0.9603960396039604,0.9405940594059405,0.9504950495049505,0.9603960396039604,0.9543762376237623,0.007862757692659568,0.9436619718309859,0.9571428571428572,0.9285714285714286,0.9714285714285714,0.8857142857142857,0.9373038229376258,0.02944909797396844,8,0.9857142857142858,0.9822064056939501,0.9750889679715302,0.9750889679715302,0.9822064056939501,0.9800610066090492,0.004256932593656024,0.9923076923076923,0.9644444444444444,0.9724444444444444,0.976,0.9502222222222222,0.9710837606837608,0.013825776289209587,35,0.9994444444444444,0.9991199119911991,0.9988998899889988,0.9986248624862486,0.9995049504950495,0.999118811881188,0.00033077291462588676
0.9566414833068848,0.04184615417964252,0.07934150695800782,0.0061598859239513064,500,12,4,0.005,16,log2,6,entropy,balanced,0.01,True,0.8,"{'n_estimators': 500, 'min_samples_split': 12, 'min_samples_leaf': 4, 'min_impurity_decrease': 0.005, 'max_samples': 0.8, 'max_leaf_nodes': 16, 'max_features': 'log2', 'max_depth': 6, 'criterion': 'entropy', 'class_weight': 'balanced', 'ccp_alpha': 0.01, 'bootstrap': True}",0.9382608695652175,0.9365942028985508,0.9199267902081903,0.9682971014492754,0.8901098901098901,0.9306377708462248,0.025569709116649207,12,0.9567263786441869,0.961011211011211,0.9688089688089687,0.9613586358635864,0.9767127071823205,0.9649235803020547,0.007061010321274421,0.9565217391304348,0.9565217391304348,0.946236559139785,0.9782608695652174,0.9230769230769231,0.9521235660085591,0.017889722224248394,16,0.9698630136986301,0.9725274725274725,0.978021978021978,0.9722222222222222,0.9834254143646409,0.9752120201669887,0.0049012909599563,0.92,0.9166666666666666,0.8936170212765957,0.9583333333333334,0.8571428571428571,0.9091519756838906,0.03328434879105772,12,0.9435897435897436,0.9494949494949495,0.9595959595959596,0.9504950495049505,0.97,0.9546351404371206,0.009233107206984777,0.8846153846153846,0.88,0.84,0.92,0.84,0.8729230769230769,0.0302353686068634,61,0.92,0.9306930693069307,0.9405940594059405,0.9504950495049505,0.9603960396039604,0.9404356435643564,0.014227912247165665,0.9436619718309859,0.9428571428571428,0.9285714285714286,0.9714285714285714,0.9,0.9373038229376258,0.023253360170854723,8,0.9607142857142857,0.9644128113879004,0.9715302491103203,0.9644128113879004,0.9786476868327402,0.9679435688866294,0.006397459624676965,0.9948717948717949,0.9617777777777777,0.9777777777777779,0.9768888888888889,0.9493333333333334,0.9721299145299145,0.01548283027929716,24,0.9952777777777778,0.9970847084708471,0.9967546754675468,0.9957645764576457,0.9975247524752475,0.9964812981298131,0.0008354384923591482
0.6953979015350342,0.03073267882968023,0.0571497917175293,0.0022232591720993083,300,12,1,0.005,64,log2,5,entropy,balanced_subsample,0.005,True,0.6,"{'n_estimators': 300, 'min_samples_split': 12, 'min_samples_leaf': 1, 'min_impurity_decrease': 0.005, 'max_samples': 0.6, 'max_leaf_nodes': 64, 'max_features': 'log2', 'max_depth': 5, 'criterion': 'entropy', 'class_weight': 'balanced_subsample', 'ccp_alpha': 0.005, 'bootstrap': True}",0.9532587228439764,0.9215070643642072,0.9028677150786308,0.9682971014492754,0.9066666666666667,0.9305194540805513,0.025919190921988713,13,0.9486100718611907,0.9570127251234268,0.9646614965416056,0.9454156954156954,0.9648285932828037,0.9561057164449445,0.008007169980279807,0.967741935483871,0.945054945054945,0.9361702127659575,0.9782608695652174,0.9333333333333333,0.9521122592406648,0.01780246718251983,17,0.9645776566757494,0.9698630136986301,0.9754768392370572,0.9615384615384616,0.9753424657534246,0.9693596873806646,0.005612591426633267,0.9387755102040817,0.8979591836734694,0.8695652173913043,0.9583333333333334,0.88,0.9089266489204378,0.03417113866507249,13,0.9326424870466321,0.9441624365482234,0.9538461538461539,0.9292929292929293,0.9543147208121827,0.9428517455092242,0.010412158124215837,0.8846153846153846,0.88,0.8,0.92,0.88,0.8729230769230769,0.03942305816134637,61,0.9,0.9207920792079208,0.9207920792079208,0.9108910891089109,0.9306930693069307,0.9166336633663367,0.010410645091560339,0.9577464788732394,0.9285714285714286,0.9142857142857143,0.9714285714285714,0.9142857142857143,0.9372635814889335,0.023316577397167065,13,0.9535714285714286,0.9608540925266904,0.9679715302491103,0.9501779359430605,0.9679715302491103,0.96010930350788,0.007287795273411589,0.994017094017094,0.9555555555555556,0.9768888888888889,0.9760000000000001,0.9555555555555555,0.9716034188034188,0.014592510315027306,29,0.993,0.9954345434543455,0.9936193619361936,0.9935643564356436,0.9956545654565456,0.9942545654565457,0.0010776042469154842
0.6174790382385253,0.06006942867927641,0.04191503524780273,0.004508398801394566,200,2,2,0.001,64,0.3,16,log_loss,balanced_subsample,0.01,False,,"{'n_estimators': 200, 'min_samples_split': 2, 'min_samples_leaf': 2, 'min_impurity_decrease': 0.001, 'max_leaf_nodes': 64, 'max_features': 0.3, 'max_depth': 16, 'criterion': 'log_loss', 'class_weight': 'balanced_subsample', 'ccp_alpha': 0.01, 'bootstrap': False}",0.9370567375886525,0.9519560741249142,0.9048913043478262,0.9682971014492754,0.8901098901098901,0.9304622215241117,0.029048696826197557,14,1.0,1.0,1.0,1.0,1.0,1.0,0.0,0.9574468085106383,0.967741935483871,0.9347826086956522,0.9782608695652174,0.9230769230769231,0.9522618290664605,0.020492680135972042,15,1.0,1.0,1.0,1.0,1.0,1.0,0.0,0.9166666666666666,0.9361702127659575,0.875,0.9583333333333334,0.8571428571428571,0.9086626139817628,0.03761746970752439,14,1.0,1.0,1.0,1.0,1.0,1.0,0.0,0.8461538461538461,0.88,0.84,0.92,0.84,0.8652307692307692,0.03116058806442381,101,1.0,1.0,1.0,1.0,1.0,1.0,0.0,0.9436619718309859,0.9571428571428572,0.9142857142857143,0.9714285714285714,0.9,0.9373038229376258,0.026532698041434506,8,1.0,1.0,1.0,1.0,1.0,1.0,0.0,0.9965811965811966,0.9742222222222222,0.9751111111111112,0.992,0.9511111111111111,0.9778051282051281,0.016041824216319774,6,1.0,1.0,1.0,1.0,1.0,1.0,0.0
0.38191542625427244,0.027673884573851303,0.042886543273925784,0.005943232643149359,200,2,12,0.01,16,log2,16,log_loss,,0.001,True,,"{'n_estimators': 200, 'min_samples_split': 2, 'min_samples_leaf': 12, 'min_impurity_decrease': 0.01, 'max_samples': None, 'max_leaf_nodes': 16, 'max_features': 'log2', 'max_depth': 16, 'criterion': 'log_loss', 'class_weight': None, 'ccp_alpha': 0.001, 'bootstrap': True}",0.9532587228439764,0.9365942028985508,0.9028677150786308,0.9682971014492754,0.8901098901098901,0.9302255264760646,0.029591374151122583,15,0.9486100718611907,0.9489554950045413,0.9527678171223666,0.9448957866427612,0.9568084957730734,0.9504075332807865,0.004056153210934882,0.967741935483871,0.9565217391304348,0.9361702127659575,0.9782608695652174,0.9230769230769231,0.9523543360044806,0.020220715617486663,12,0.9645776566757494,0.9645776566757494,0.967391304347826,0.9619565217391305,0.9700272479564033,0.9657060774789716,0.0027610990260764265,0.9387755102040817,0.9166666666666666,0.8695652173913043,0.9583333333333334,0.8571428571428571,0.9080967169476486,0.03903670658958519,15,0.9326424870466321,0.9333333333333333,0.9381443298969072,0.9278350515463918,0.9435897435897436,0.9351089890826018,0.0053531905212393,0.8846153846153846,0.88,0.8,0.92,0.84,0.8649230769230769,0.04119401346751892,112,0.9,0.900990099009901,0.900990099009901,0.8910891089108911,0.9108910891089109,0.9007920792079208,0.006274447333764306,0.9577464788732394,0.9428571428571428,0.9142857142857143,0.9714285714285714,0.9,0.9372635814889335,0.026588119294913108,13,0.9535714285714286,0.9537366548042705,0.9572953736654805,0.9501779359430605,0.9608540925266904,0.9551270971021861,0.003642733325063578,0.9965811965811966,0.9546666666666667,0.9635555555555555,0.9777777777777779,0.9279999999999999,0.9641162393162392,0.0229547494660191,91,0.99,0.9915291529152915,0.9893839383938394,0.9907040704070407,0.9930693069306931,0.990937293729373,0.0012838693888547617
0.8716662883758545,0.04215659336887238,0.07486419677734375,0.006953601476203887,500,20,8,0.001,16,sqrt,6,gini,,0.005,True,,"{'n_estimators': 500, 'min_samples_split': 20, 'min_samples_leaf': 8, 'min_impurity_decrease': 0.001, 'max_samples': None, 'max_leaf_nodes': 16, 'max_features': 'sqrt', 'max_depth': 6, 'criterion': 'gini', 'class_weight': None, 'ccp_alpha': 0.005, 'bootstrap': True}",0.9532587228439764,0.9365942028985508,0.9028677150786308,0.9682971014492754,0.8901098901098901,0.9302255264760646,0.029591374151122583,15,0.948353410235673,0.95299431247909,0.9565974416220846,0.9411024942360092,0.9527678171223666,0.9503630951390447,0.005317342025379982,0.967741935483871,0.9565217391304348,0.9361702127659575,0.9782608695652174,0.9230769230769231,0.9523543360044806,0.020220715617486663,12,0.964769647696477,0.9672131147540983,0.9701897018970189,0.9591280653950953,0.967391304347826,0.9657383668181032,0.003724405176032759,0.9387755102040817,0.9166666666666666,0.8695652173913043,0.9583333333333334,0.8571428571428571,0.9080967169476486,0.03903670658958519,15,0.9319371727748691,0.9387755102040817,0.9430051813471503,0.9230769230769231,0.9381443298969072,0.9349878234599863,0.00692479817448061,0.8846153846153846,0.88,0.8,0.92,0.84,0.8649230769230769,0.04119401346751892,112,0.89,0.9108910891089109,0.900990099009901,0.8910891089108911,0.900990099009901,0.8987920792079208,0.007650948057323695,0.9577464788732394,0.9428571428571428,0.9142857142857143,0.9714285714285714,0.9,0.9372635814889335,0.026588119294913108,13,0.9535714285714286,0.9572953736654805,0.9608540925266904,0.9466192170818505,0.9572953736654805,0.9551270971021861,0.004837467315035245,0.994017094017094,0.9493333333333334,0.9724444444444444,0.9742222222222223,0.9431111111111111,0.9666256410256411,0.01840551677358001,72,0.9873333333333333,0.9910341034103411,0.9894389438943895,0.9891639163916391,0.9925192519251926,0.9898979097909791,0.0017600465298906343
0.14672188758850097,0.004231066060644219,0.022925138473510742,0.0012709875888480145,100,4,8,0.01,8,log2,5,log_loss,,0.005,False,,"{'n_estimators': 100, 'min_samples_split': 4, 'min_samples_leaf': 8, 'min_impurity_decrease': 0.01, 'max_leaf_nodes': 8, 'max_features': 'log2', 'max_depth': 5, 'criterion': 'log_loss', 'class_weight': None, 'ccp_alpha': 0.005, 'bootstrap': False}",0.9541047188106011,0.9519560741249142,0.9028677150786308,0.9519560741249142,0.8901098901098901,0.93019889444979,0.027829336348480248,17,0.9601706970128023,0.9646614965416056,0.9606398476019722,0.9487060673715546,0.9525337837837837,0.9573423784623436,0.0058335346068641965,0.967032967032967,0.967741935483871,0.9361702127659575,0.967741935483871,0.9230769230769231,0.952352794768718,0.019016368660709604,14,0.972972972972973,0.9754768392370572,0.9728260869565217,0.964769647696477,0.9675675675675676,0.9707226228861193,0.003936584748027665,0.9411764705882353,0.9361702127659575,0.8695652173913043,0.9361702127659575,0.8571428571428571,0.9080449941308624,0.03674635042194297,17,0.9473684210526315,0.9538461538461539,0.9484536082474226,0.9326424870466321,0.9375,0.943962134038568,0.007737745972855366,0.9230769230769231,0.88,0.8,0.88,0.84,0.8646153846153846,0.041646582930925866,125,0.9,0.9207920792079208,0.9108910891089109,0.8910891089108911,0.8910891089108911,0.9027722772277228,0.011587119871942818,0.9577464788732394,0.9571428571428572,0.9142857142857143,0.9571428571428572,0.9,0.9372635814889337,0.025005907993498395,12,0.9642857142857143,0.9679715302491103,0.9644128113879004,0.9537366548042705,0.9572953736654805,0.9615404168784952,0.0052166200101007865,0.9931623931623932,0.9635555555555555,0.9706666666666667,0.9795555555555556,0.9493333333333333,0.9712547008547009,0.014758185170025098,31,0.9907777777777778,0.9943894389438944,0.9897139713971397,0.9916941694169417,0.9943344334433444,0.9921819581958197,0.0018871534289504701
0.343227481842041,0.02344696302374423,0.038677120208740236,0.0038187862136030448,200,4,12,0.001,64,log2,5,gini,,0.01,True,,"{'n_estimators': 200, 'min_samples_split': 4, 'min_samples_leaf': 12, 'min_impurity_decrease': 0.001, 'max_samples': None, 'max_leaf_nodes': 64, 'max_features': 'log2', 'max_depth': 5, 'criterion': 'gini', 'class_weight': None, 'ccp_alpha': 0.01, 'bootstrap': True}",0.9532587228439764,0.9365942028985508,0.8878975062914665,0.9682971014492754,0.9048913043478262,0.930187767566219,0.02984630620412595,18,0.9445199275362319,0.9411024942360092,0.9487060673715546,0.9411024942360092,0.9446227477477478,0.9440107462255106,0.002814097063136734,0.967741935483871,0.9565217391304348,0.9247311827956989,0.9782608695652174,0.9347826086956522,0.9524076671341748,0.019985414283675042,11,0.9619565217391305,0.9591280653950953,0.964769647696477,0.9591280653950953,0.9621621621621622,0.961428892477592,0.002124350866855523,0.9387755102040817,0.9166666666666666,0.851063829787234,0.9583333333333334,0.875,0.9079678679982631,0.039715009505340605,18,0.9270833333333334,0.9230769230769231,0.9326424870466321,0.9230769230769231,0.9270833333333334,0.9265925999734289,0.0035157571059675455,0.8846153846153846,0.88,0.8,0.92,0.84,0.8649230769230769,0.04119401346751892,112,0.89,0.8910891089108911,0.8910891089108911,0.8910891089108911,0.8811881188118812,0.8888910891089109,0.003874514367272091,0.9577464788732394,0.9428571428571428,0.9,0.9714285714285714,0.9142857142857143,0.9372635814889335,0.026588119294913105,13,0.95,0.9466192170818505,0.9537366548042705,0.9466192170818505,0.9501779359430605,0.9494306049822064,0.002654527572807368,0.9957264957264957,0.9511111111111111,0.9626666666666667,0.9760000000000001,0.9271111111111111,0.962523076923077,0.02310132195452159,106,0.9787222222222223,0.9867436743674367,0.9789328932893289,0.9828382838283828,0.9870737073707372,0.9828621562156215,0.0036161326524213663
1.340480422973633,0.06567948032422241,0.05509614944458008,0.002221004747616607,300,2,1,0.001,32,0.7,10,log_loss,balanced_subsample,0.01,True,,"{'n_estimators': 300, 'min_samples_split': 2, 'min_samples_leaf': 1, 'min_impurity_decrease': 0.001, 'max_samples': None, 'max_leaf_nodes': 32, 'max_features': 0.7, 'max_depth': 10, 'criterion': 'log_loss', 'class_weight': 'balanced_subsample', 'ccp_alpha': 0.01, 'bootstrap': True}",0.9370567375886525,0.9519560741249142,0.9028677150786308,0.9688888888888889,0.8901098901098901,0.9301758611581953,0.029568359886036195,19,1.0,1.0,1.0,1.0,1.0,1.0,0.0,0.9574468085106383,0.967741935483871,0.9361702127659575,0.9777777777777777,0.9230769230769231,0.9524427315230335,0.020140092201657127,10,1.0,1.0,1.0,1.0,1.0,1.0,0.0,0.9166666666666666,0.9361702127659575,0.8695652173913043,0.96,0.8571428571428571,0.907908990793357,0.03908020490934378,19,1.0,1.0,1.0,1.0,1.0,1.0,0.0,0.8461538461538461,0.88,0.8,0.96,0.84,0.8652307692307692,0.053767855160129906,101,1.0,1.0,1.0,1.0,1.0,1.0,0.0,0.9436619718309859,0.9571428571428572,0.9142857142857143,0.9714285714285714,0.9,0.9373038229376258,0.026532698041434506,8,1.0,1.0,1.0,1.0,1.0,1.0,0.0,0.9957264957264957,0.9613333333333334,0.9742222222222223,0.9826666666666667,0.9528888888888889,0.9733675213675215,0.015174481349080835,13,1.0,1.0,1.0,1.0,1.0,1.0,0.0
0.5461661338806152,0.030742091673393545,0.053584861755371097,0.005868676232099539,300,20,12,0.01,,sqrt,12,entropy,,0.0,True,1.0,"{'n_estimators': 300, 'min_samples_split': 20, 'min_samples_leaf': 12, 'min_impurity_decrease': 0.01, 'max_samples': 1.0, 'max_leaf_nodes': None, 'max_features': 'sqrt', 'max_depth': 12, 'criterion': 'entropy', 'class_weight': None, 'ccp_alpha': 0.0, 'bootstrap': True}",0.9532587228439764,0.9365942028985508,0.8853801169590643,0.9682971014492754,0.9048913043478262,0.9296842896997386,0.030567963211794395,20,0.9522048364153628,0.9527678171223666,0.9565974416220846,0.9448957866427612,0.9487060673715546,0.951034389834826,0.003960449347975657,0.967741935483871,0.9565217391304348,0.9263157894736842,0.9782608695652174,0.9347826086956522,0.9527245884697718,0.01955187980373209,8,0.9675675675675676,0.967391304347826,0.9701897018970189,0.9619565217391305,0.964769647696477,0.9663749486496039,0.0027966819140103393,0.9387755102040817,0.9166666666666666,0.8444444444444444,0.9583333333333334,0.875,0.9066439909297053,0.04165285685966521,22,0.9368421052631579,0.9381443298969072,0.9430051813471503,0.9278350515463918,0.9326424870466321,0.9356938310200478,0.005135181339508046,0.8846153846153846,0.88,0.76,0.92,0.84,0.8569230769230769,0.0546965810296344,135,0.89,0.900990099009901,0.900990099009901,0.8910891089108911,0.8910891089108911,0.8948316831683168,0.005044027314347882,0.9577464788732394,0.9428571428571428,0.9,0.9714285714285714,0.9142857142857143,0.9372635814889335,0.026588119294913105,13,0.9571428571428572,0.9572953736654805,0.9608540925266904,0.9501779359430605,0.9537366548042705,0.9558413828164717,0.0036177256375645077,0.9965811965811966,0.9546666666666667,0.9608888888888889,0.9768888888888889,0.9351111111111111,0.9648273504273505,0.020763397161812774,83,0.9896111111111111,0.9916941694169418,0.9905390539053905,0.9905940594059406,0.9931243124312431,0.9911125412541255,0.0012031224567159158
0.5748323917388916,0.01745439098175285,0.04792962074279785,0.0060175963688482515,300,2,12,0.005,,sqrt,12,log_loss,,0.0,True,1.0,"{'n_estimators': 300, 'min_samples_split': 2, 'min_samples_leaf': 12, 'min_impurity_decrease': 0.005, 'max_samples': 1.0, 'max_leaf_nodes': None, 'max_features': 'sqrt', 'max_depth': 12, 'criterion': 'log_loss', 'class_weight': None, 'ccp_alpha': 0.0, 'bootstrap': True}",0.9532587228439764,0.9365942028985508,0.8853801169590643,0.9682971014492754,0.9048913043478262,0.9296842896997386,0.030567963211794395,20,0.9522048364153628,0.9487060673715546,0.9565974416220846,0.9448957866427612,0.9487060673715546,0.9502220398846635,0.003938084516958552,0.967741935483871,0.9565217391304348,0.9263157894736842,0.9782608695652174,0.9347826086956522,0.9527245884697718,0.01955187980373209,8,0.9675675675675676,0.964769647696477,0.9701897018970189,0.9619565217391305,0.964769647696477,0.9658506173193342,0.0028027323870127943,0.9387755102040817,0.9166666666666666,0.8444444444444444,0.9583333333333334,0.875,0.9066439909297053,0.04165285685966521,22,0.9368421052631579,0.9326424870466321,0.9430051813471503,0.9278350515463918,0.9326424870466321,0.9345934624499929,0.005081380467883609,0.8846153846153846,0.88,0.76,0.92,0.84,0.8569230769230769,0.0546965810296344,135,0.89,0.8910891089108911,0.900990099009901,0.8910891089108911,0.8910891089108911,0.8928514851485149,0.004091110195185902,0.9577464788732394,0.9428571428571428,0.9,0.9714285714285714,0.9142857142857143,0.9372635814889335,0.026588119294913105,13,0.9571428571428572,0.9537366548042705,0.9608540925266904,0.9501779359430605,0.9537366548042705,0.95512963904423,0.0036117194955637235,0.9965811965811966,0.9546666666666667,0.9626666666666667,0.9768888888888889,0.9342222222222222,0.9650051282051283,0.020967648185624382,81,0.9901111111111112,0.9919141914191419,0.9908140814081408,0.9909240924092408,0.9934543454345434,0.9914435643564354,0.0011581245108639845
0.23664674758911133,0.012493655205347714,0.026756429672241212,0.0035814900276666117,100,4,4,0.001,8,0.3,6,entropy,balanced_subsample,0.001,True,0.6,"{'n_estimators': 100, 'min_samples_split': 4, 'min_samples_leaf': 4, 'min_impurity_decrease': 0.001, 'max_samples': 0.6, 'max_leaf_nodes': 8, 'max_features': 0.3, 'max_depth': 6, 'criterion': 'entropy', 'class_weight': 'balanced_subsample', 'ccp_alpha': 0.001, 'bootstrap': True}",0.9691304347826086,0.9519560741249142,0.9048913043478262,0.9537343027098479,0.8612029081295439,0.9281830048189482,0.039808432102063626,22,0.9486100718611907,0.9570127251234268,0.9648285932828037,0.9532134532134533,0.9689502762430939,0.9585230239447936,0.007446166235877311,0.9782608695652174,0.967741935483871,0.9347826086956522,0.9662921348314607,0.898876404494382,0.9491907906141167,0.029054444056093188,42,0.9645776566757494,0.9698630136986301,0.9753424657534246,0.967032967032967,0.9779005524861878,0.9709433311293918,0.004994700367697631,0.96,0.9361702127659575,0.875,0.9411764705882353,0.8235294117647058,0.9071752190237797,0.05063421382127759,20,0.9326424870466321,0.9441624365482234,0.9543147208121827,0.9393939393939394,0.96,0.9461027167601955,0.00990476306622283,0.9230769230769231,0.88,0.84,0.96,0.84,0.8886153846153846,0.04708396126372573,14,0.9,0.9207920792079208,0.9306930693069307,0.9207920792079208,0.9504950495049505,0.9245544554455446,0.016381875548472404,0.971830985915493,0.9571428571428572,0.9142857142857143,0.9571428571428572,0.8714285714285714,0.9343661971830987,0.036893179319806395,41,0.9535714285714286,0.9608540925266904,0.9679715302491103,0.9572953736654805,0.9715302491103203,0.962244534824606,0.006643391670373583,0.9957264957264957,0.9671111111111111,0.9688888888888889,0.9768888888888889,0.944,0.970523076923077,0.016694439625606877,38,0.9948333333333333,0.9946644664466447,0.9932893289328932,0.994004400440044,0.9962046204620462,0.9945992299229923,0.0009701548032435094
0.44871959686279295,0.019410121364507333,0.04024662971496582,0.005117530677075679,200,2,1,0.005,16,sqrt,,log_loss,balanced,0.01,False,,"{'n_estimators': 200, 'min_samples_split': 2, 'min_samples_leaf': 1, 'min_impurity_decrease': 0.005, 'max_leaf_nodes': 16, 'max_features': 'sqrt', 'max_depth': None, 'criterion': 'log_loss', 'class_weight': 'balanced', 'ccp_alpha': 0.01, 'bootstrap': False}",0.9541047188106011,0.9365942028985508,0.9199267902081903,0.9682971014492754,0.8612029081295439,0.9280251442992323,0.037165032195247735,23,1.0,1.0,1.0,0.9961273962596988,0.9961441881526407,0.9984543168824679,0.0018930749183543824,0.967032967032967,0.9565217391304348,0.946236559139785,0.9782608695652174,0.898876404494382,0.9493857078725572,0.02741251730963433,41,1.0,1.0,1.0,0.997229916897507,0.9972144846796658,0.9988888803154345,0.0013608468853908583,0.9411764705882353,0.9166666666666666,0.8936170212765957,0.9583333333333334,0.8235294117647058,0.9066645807259075,0.046994611152416245,21,1.0,1.0,1.0,0.9950248756218906,0.9950738916256158,0.9980197534495012,0.0024253463377433976,0.9230769230769231,0.88,0.84,0.92,0.84,0.8806153846153846,0.036479385440686636,47,1.0,1.0,1.0,0.9900990099009901,1.0,0.998019801980198,0.003960396039603964,0.9577464788732394,0.9428571428571428,0.9285714285714286,0.9714285714285714,0.8714285714285714,0.9344064386317907,0.03460366829418564,35,1.0,1.0,1.0,0.99644128113879,0.99644128113879,0.9985765124555159,0.0017434090695965625,0.9957264957264957,0.9635555555555555,0.9848888888888889,0.9884444444444445,0.9537777777777777,0.9772786324786324,0.015896716829615846,7,1.0,1.0,1.0,0.99994499449945,1.0,0.99998899889989,2.2002200220017087e-05
0.4197744846343994,0.010743647787989046,0.04209942817687988,0.00441988594852227,200,2,2,0.0,16,sqrt,16,log_loss,balanced,0.0,True,1.0,"{'n_estimators': 200, 'min_samples_split': 2, 'min_samples_leaf': 2, 'min_impurity_decrease': 0.0, 'max_samples': 1.0, 'max_leaf_nodes': 16, 'max_features': 'sqrt', 'max_depth': 16, 'criterion': 'log_loss', 'class_weight': 'balanced', 'ccp_alpha': 0.0, 'bootstrap': True}",0.9382608695652175,0.9215070643642072,0.9199267902081903,0.9682971014492754,0.8920467063229787,0.9280077063819737,0.0250164577358396,24,1.0,0.9961273962596988,1.0,0.9961273962596988,1.0,0.9984509585038795,0.001897180627946304,0.9565217391304348,0.945054945054945,0.946236559139785,0.9782608695652174,0.9213483146067416,0.9494844854994249,0.018435927886918873,40,1.0,0.997229916897507,1.0,0.997229916897507,1.0,0.9988919667590028,0.001357058029242745,0.92,0.8979591836734694,0.8936170212765957,0.9583333333333334,0.8627450980392157,0.9065309272645228,0.03169336773482761,24,1.0,0.9950248756218906,1.0,0.9950248756218906,1.0,0.9980099502487562,0.002437303226649917,0.8846153846153846,0.88,0.84,0.92,0.88,0.8809230769230769,0.025365493963723035,27,1.0,0.9900990099009901,1.0,0.9900990099009901,1.0,0.996039603960396,0.004850474738184515,0.9436619718309859,0.9285714285714286,0.9285714285714286,0.9714285714285714,0.9,0.9344466800804829,0.023273129651532207,26,1.0,0.99644128113879,1.0,0.99644128113879,1.0,0.9985765124555159,0.0017434090695965625,0.9965811965811966,0.9724444444444444,0.9848888888888889,0.9866666666666667,0.9582222222222221,0.9797606837606839,0.013223867985245418,1,1.0,1.0,1.0,0.99994499449945,1.0,0.99998899889989,2.2002200220017087e-05
0.22441344261169432,0.00743758709889907,0.030452871322631837,0.001424258797494626,100,20,2,0.005,64,0.3,8,gini,,0.0,True,1.0,"{'n_estimators': 100, 'min_samples_split': 20, 'min_samples_leaf': 2, 'min_impurity_decrease': 0.005, 'max_samples': 1.0, 'max_leaf_nodes': 64, 'max_features': 0.3, 'max_depth': 8, 'criterion': 'gini', 'class_weight': None, 'ccp_alpha': 0.0, 'bootstrap': True}",0.9541047188106011,0.9365942028985508,0.9048913043478262,0.9537343027098479,0.8901098901098901,0.9278868837753432,0.02602759792770781,25,0.9524456521739131,0.960828593732575,0.960828593732575,0.9489554950045413,0.9606398476019722,0.9567396364491152,0.005053354318739255,0.967032967032967,0.9565217391304348,0.9347826086956522,0.9662921348314607,0.9230769230769231,0.9495412745534877,0.017626443932553415,39,0.967391304347826,0.9726775956284153,0.9726775956284153,0.9645776566757494,0.9728260869565217,0.9700300478473854,0.0034213561624155324,0.9411764705882353,0.9166666666666666,0.875,0.9411764705882353,0.8571428571428571,0.9062324929971988,0.034456628062137125,25,0.9375,0.9489795918367347,0.9489795918367347,0.9333333333333333,0.9484536082474226,0.9434492250508452,0.006692358458677422,0.9230769230769231,0.88,0.84,0.96,0.84,0.8886153846153846,0.04708396126372573,14,0.9,0.9207920792079208,0.9207920792079208,0.900990099009901,0.9108910891089109,0.9106930693069307,0.009083045497964138,0.9577464788732394,0.9428571428571428,0.9142857142857143,0.9571428571428572,0.9,0.9344064386317907,0.02333136590352638,35,0.9571428571428572,0.9644128113879004,0.9644128113879004,0.9537366548042705,0.9644128113879004,0.9608235892221657,0.004525924775075286,0.9905982905982906,0.9488888888888889,0.9777777777777779,0.9724444444444444,0.9502222222222222,0.9679863247863247,0.016169871849931836,65,0.9882777777777778,0.9925742574257426,0.9898789878987899,0.992024202420242,0.9934543454345435,0.9912419141914193,0.0018934433252869999
1.0600768089294434,0.05433006146066407,0.08169865608215332,0.006152375541279177,500,2,2,0.001,32,sqrt,8,log_loss,,0.005,False,,"{'n_estimators': 500, 'min_samples_split': 2, 'min_samples_leaf': 2, 'min_impurity_decrease': 0.001, 'max_leaf_nodes': 32, 'max_features': 'sqrt', 'max_depth': 8, 'criterion': 'log_loss', 'class_weight': None, 'ccp_alpha': 0.005, 'bootstrap': False}",0.9382608695652175,0.9365942028985508,0.9199267902081903,0.9682971014492754,0.8755555555555555,0.9277269039353578,0.030391530777621044,26,0.9921870640102685,0.9961273962596988,0.9922375690607734,0.9961273962596988,0.9961273962596988,0.9945613643700277,0.0019180560198318335,0.9565217391304348,0.9565217391304348,0.946236559139785,0.9782608695652174,0.9111111111111111,0.9497304036153966,0.021953991282775198,35,0.994475138121547,0.997229916897507,0.994475138121547,0.997229916897507,0.997229916897507,0.996128005387123,0.001349560471070152,0.92,0.9166666666666666,0.8936170212765957,0.9583333333333334,0.84,0.9057234042553193,0.03887804313900063,27,0.98989898989899,0.9950248756218906,0.99,0.9950248756218906,0.9950248756218906,0.9929947233529323,0.002486623746525607,0.8846153846153846,0.88,0.84,0.92,0.84,0.8729230769230769,0.0302353686068634,61,0.98,0.9900990099009901,0.9801980198019802,0.9900990099009901,0.9900990099009901,0.98609900990099,0.004899379673407407,0.9436619718309859,0.9428571428571428,0.9285714285714286,0.9714285714285714,0.8857142857142857,0.9344466800804827,0.02804525847555522,33,0.9928571428571429,0.99644128113879,0.9928825622775801,0.99644128113879,0.99644128113879,0.9950127097102186,0.001749653995648692,0.9923076923076923,0.9742222222222222,0.9857777777777778,0.9857777777777779,0.9591111111111111,0.9794393162393163,0.01171666578599774,2,1.0,1.0,1.0,1.0,1.0,1.0,0.0
0.2989528656005859,0.020302980015518803,0.03060903549194336,0.0013227030668647487,100,4,4,0.01,64,0.5,8,entropy,balanced,0.001,True,0.8,"{'n_estimators': 100, 'min_samples_split': 4, 'min_samples_leaf': 4, 'min_impurity_decrease': 0.01, 'max_samples': 0.8, 'max_leaf_nodes': 64, 'max_features': 0.5, 'max_depth': 8, 'criterion': 'entropy', 'class_weight': 'balanced', 'ccp_alpha': 0.001, 'bootstrap': True}",0.9532587228439764,0.9519560741249142,0.8878975062914665,0.9843014128728415,0.8612029081295439,0.9277233248525485,0.04571963341273067,27,0.9686028257456829,0.96866287498606,0.96866287498606,0.9767127071823205,0.9806369812984936,0.9726556528397234,0.005068949621709824,0.967741935483871,0.967741935483871,0.9247311827956989,0.989010989010989,0.898876404494382,0.9496204894537623,0.0328719479559581,38,0.978021978021978,0.9781420765027322,0.9781420765027322,0.9834254143646409,0.9861495844875346,0.9807762259759236,0.003386873174456347,0.9387755102040817,0.9361702127659575,0.851063829787234,0.9795918367346939,0.8235294117647058,0.9058261602513346,0.05868468942014977,26,0.9591836734693877,0.9591836734693877,0.9591836734693877,0.97,0.9751243781094527,0.9645350797035231,0.006751462665599185,0.8846153846153846,0.88,0.8,0.96,0.84,0.8729230769230769,0.05323699385570994,61,0.94,0.9306930693069307,0.9306930693069307,0.9603960396039604,0.9702970297029703,0.9464158415841585,0.016132769396697454,0.9577464788732394,0.9571428571428572,0.9,0.9857142857142858,0.8714285714285714,0.9344064386317907,0.04205760847745151,35,0.9714285714285714,0.9715302491103203,0.9715302491103203,0.9786476868327402,0.9822064056939501,0.9750686324351804,0.004517693985064322,0.9931623931623932,0.968,0.9724444444444446,0.9777777777777777,0.9422222222222223,0.9707213675213676,0.01658896425687227,37,0.9991666666666666,0.9985148514851485,0.9982948294829483,0.9988998899889988,0.9993949394939494,0.9988542354235423,0.0004050123397610405
0.5135352134704589,0.014630260922933715,0.04300704002380371,0.006702289246149168,200,8,1,0.001,8,0.5,6,entropy,balanced,0.0,True,0.6,"{'n_estimators': 200, 'min_samples_split': 8, 'min_samples_leaf': 1, 'min_impurity_decrease': 0.001, 'max_samples': 0.6, 'max_leaf_nodes': 8, 'max_features': 0.5, 'max_depth': 6, 'criterion': 'entropy', 'class_weight': 'balanced', 'ccp_alpha': 0.0, 'bootstrap': True}",0.9691304347826086,0.9519560741249142,0.8878975062914665,0.9537343027098479,0.8755555555555555,0.9276547746928786,0.038173012301920585,28,0.9565162146517767,0.9649902404584908,0.9646614965416056,0.9570127251234268,0.9727701870232706,0.9631901727597141,0.0059980711367381805,0.9782608695652174,0.967741935483871,0.9247311827956989,0.9662921348314607,0.9111111111111111,0.9496274467574718,0.026567090555748504,37,0.9700272479564033,0.9752066115702479,0.9754768392370572,0.9698630136986301,0.9807162534435262,0.9742579931811729,0.004032608039004296,0.96,0.9361702127659575,0.851063829787234,0.9411764705882353,0.84,0.9056821026282853,0.0498740480116451,28,0.9430051813471503,0.9547738693467337,0.9538461538461539,0.9441624365482234,0.964824120603015,0.9521223523382553,0.007972703649352422,0.9230769230769231,0.88,0.8,0.96,0.84,0.8806153846153846,0.05701530989243307,47,0.91,0.9405940594059405,0.9207920792079208,0.9207920792079208,0.9504950495049505,0.9285346534653465,0.014772383404178682,0.971830985915493,0.9571428571428572,0.9,0.9571428571428572,0.8857142857142857,0.9343661971830987,0.03460984504734082,41,0.9607142857142857,0.9679715302491103,0.9679715302491103,0.9608540925266904,0.9750889679715302,0.9665200813421453,0.005356303166469288,0.9948717948717949,0.9591111111111111,0.9697777777777778,0.9777777777777779,0.9484444444444444,0.9699965811965813,0.015889362530468697,43,0.9965555555555556,0.9965896589658966,0.9962046204620462,0.9962596259625962,0.9979097909790979,0.9967038503850386,0.0006222362262939274
0.998567771911621,0.027247452898780323,0.07382540702819824,0.006428475969202368,500,8,4,0.01,32,log2,5,entropy,balanced_subsample,0.001,False,,"{'n_estimators': 500, 'min_samples_split': 8, 'min_samples_leaf': 4, 'min_impurity_decrease': 0.01, 'max_leaf_nodes': 32, 'max_features': 'log2', 'max_depth': 5, 'criterion': 'entropy', 'class_weight': 'balanced_subsample', 'ccp_alpha': 0.001, 'bootstrap': False}",0.9541047188106011,0.9365942028985508,0.9199267902081903,0.9519560741249142,0.8755555555555555,0.9276274683195623,0.028789278300383775,29,0.9601706970128023,0.9804603296015576,0.9726444614421806,0.96866287498606,0.9805501335880504,0.9724976993261301,0.007680202879044189,0.967032967032967,0.9565217391304348,0.946236559139785,0.967741935483871,0.9111111111111111,0.9497288623796338,0.020849810119136437,36,0.972972972972973,0.9863013698630136,0.9808219178082191,0.9781420765027322,0.9862258953168044,0.9808928464927484,0.00505944063690784,0.9411764705882353,0.9166666666666666,0.8936170212765957,0.9361702127659575,0.84,0.905526074259491,0.036795702828435285,29,0.9473684210526315,0.9746192893401016,0.9644670050761421,0.9591836734693877,0.9748743718592965,0.9641025521595118,0.01030527241725442,0.9230769230769231,0.88,0.84,0.88,0.84,0.8726153846153846,0.030928816918471574,96,0.9,0.9504950495049505,0.9405940594059405,0.9306930693069307,0.9603960396039604,0.9364356435643565,0.020734479386468763,0.9577464788732394,0.9428571428571428,0.9285714285714286,0.9571428571428572,0.8857142857142857,0.9344064386317907,0.02660108909512321,35,0.9642857142857143,0.9822064056939501,0.9750889679715302,0.9715302491103203,0.9822064056939501,0.975063548551093,0.006792457270584799,0.9931623931623932,0.9688888888888889,0.9786666666666667,0.9795555555555555,0.952,0.9744547008547009,0.013630326331182035,10,0.9961111111111111,0.9982948294829482,0.9962596259625963,0.9965346534653465,0.9976897689768977,0.9969779977997799,0.0008607867002568569
0.18308382034301757,0.008654002324912707,0.023182106018066407,0.0026311068964967816,100,8,1,0.001,,log2,3,entropy,balanced_subsample,0.01,True,,"{'n_estimators': 100, 'min_samples_split': 8, 'min_samples_leaf': 1, 'min_impurity_decrease': 0.001, 'max_samples': None, 'max_leaf_nodes': None, 'max_features': 'log2', 'max_depth': 3, 'criterion': 'entropy', 'class_weight': 'balanced_subsample', 'ccp_alpha': 0.01, 'bootstrap': True}",0.9541047188106011,0.9519560741249142,0.8878975062914665,0.9529042386185244,0.8901098901098901,0.9273944855910792,0.03136114833183843,30,0.9442389758179233,0.9525337837837837,0.9646614965416056,0.9448957866427612,0.9487060673715546,0.9510072220315259,0.007446122685910679,0.967032967032967,0.967741935483871,0.9247311827956989,0.967032967032967,0.9230769230769231,0.9499231950844855,0.02125255704869975,34,0.9621621621621622,0.9675675675675676,0.9754768392370572,0.9619565217391305,0.964769647696477,0.9663865476804789,0.0049822311661332315,0.9411764705882353,0.9361702127659575,0.851063829787234,0.9387755102040817,0.8571428571428571,0.904865776097673,0.04152211646106735,30,0.9263157894736842,0.9375,0.9538461538461539,0.9278350515463918,0.9326424870466321,0.9356278963825723,0.009917319311086017,0.9230769230769231,0.88,0.8,0.92,0.84,0.8726153846153846,0.0472926179860698,96,0.88,0.8910891089108911,0.9207920792079208,0.8910891089108911,0.8910891089108911,0.8948118811881189,0.013681663742128427,0.9577464788732394,0.9571428571428572,0.9,0.9571428571428572,0.9,0.9344064386317908,0.028093604149484037,34,0.95,0.9572953736654805,0.9679715302491103,0.9501779359430605,0.9537366548042705,0.9558362989323843,0.006631450830685991,0.9905982905982905,0.9484444444444444,0.9706666666666667,0.9777777777777779,0.9137777777777778,0.9602529914529914,0.026965856989952512,118,0.9786944444444444,0.986908690869087,0.9827282728272827,0.9831683168316832,0.9870737073707371,0.9837146864686469,0.003097064647834879
0.5440108776092529,0.02149710994314464,0.04623079299926758,0.0016528286101423467,200,2,2,0.001,,sqrt,16,entropy,balanced_subsample,0.005,True,,"{'n_estimators': 200, 'min_samples_split': 2, 'min_samples_leaf': 2, 'min_impurity_decrease': 0.001, 'max_samples': None, 'max_leaf_nodes': None, 'max_features': 'sqrt', 'max_depth': 16, 'criterion': 'entropy', 'class_weight': 'balanced_subsample', 'ccp_alpha': 0.005, 'bootstrap': True}",0.9382608695652175,0.9365942028985508,0.9199267902081903,0.9519560741249142,0.8901098901098901,0.9273695653813526,0.02122210715249305,31,1.0,1.0,1.0,1.0,1.0,1.0,0.0,0.9565217391304348,0.9565217391304348,0.946236559139785,0.967741935483871,0.9230769230769231,0.9500197791922897,0.01509209090428985,32,1.0,1.0,1.0,1.0,1.0,1.0,0.0,0.92,0.9166666666666666,0.8936170212765957,0.9361702127659575,0.8571428571428571,0.9047193515704153,0.027394078865139768,31,1.0,1.0,1.0,1.0,1.0,1.0,0.0,0.8846153846153846,0.88,0.84,0.88,0.84,0.8649230769230769,0.02041927387450716,112,1.0,1.0,1.0,1.0,1.0,1.0,0.0,0.9436619718309859,0.9428571428571428,0.9285714285714286,0.9571428571428572,0.9,0.9344466800804829,0.019451818877795957,26,1.0,1.0,1.0,1.0,1.0,1.0,0.0,0.9957264957264957,0.9706666666666667,0.9848888888888889,0.9857777777777778,0.9582222222222222,0.9790564102564103,0.01312659534289922,3,1.0,1.0,1.0,1.0,1.0,1.0,0.0
0.3615575790405273,0.011562572645662076,0.042390966415405275,0.004872680935232492,200,8,4,0.0,32,sqrt,8,gini,,0.01,True,1.0,"{'n_estimators': 200, 'min_samples_split': 8, 'min_samples_leaf': 4, 'min_impurity_decrease': 0.0, 'max_samples': 1.0, 'max_leaf_nodes': 32, 'max_features': 'sqrt', 'max_depth': 8, 'criterion': 'gini', 'class_weight': None, 'ccp_alpha': 0.01, 'bootstrap': True}",0.9382608695652175,0.9365942028985508,0.9199267902081903,0.9519560741249142,0.8901098901098901,0.9273695653813526,0.02122210715249305,31,0.9562990394301849,0.9606398476019722,0.9565974416220846,0.9527678171223666,0.9648285932828037,0.9582265478118824,0.004137101317511407,0.9565217391304348,0.9565217391304348,0.946236559139785,0.967741935483871,0.9230769230769231,0.9500197791922897,0.01509209090428985,32,0.9701897018970189,0.9728260869565217,0.9701897018970189,0.967391304347826,0.9753424657534246,0.9711878521703621,0.0026963312312957635,0.92,0.9166666666666666,0.8936170212765957,0.9361702127659575,0.8571428571428571,0.9047193515704153,0.027394078865139768,31,0.9424083769633508,0.9484536082474226,0.9430051813471503,0.9381443298969072,0.9543147208121827,0.9452652434534027,0.0055863348856293755,0.8846153846153846,0.88,0.84,0.88,0.84,0.8649230769230769,0.02041927387450716,112,0.9,0.9108910891089109,0.900990099009901,0.900990099009901,0.9306930693069307,0.9087128712871287,0.011688201634355421,0.9436619718309859,0.9428571428571428,0.9285714285714286,0.9571428571428572,0.9,0.9344466800804829,0.019451818877795957,26,0.9607142857142857,0.9644128113879004,0.9608540925266904,0.9572953736654805,0.9679715302491103,0.9622496187086934,0.0036405757489799194,0.9914529914529915,0.9573333333333334,0.9822222222222222,0.9804444444444445,0.9564444444444444,0.9735794871794872,0.014133887410109264,12,0.9918333333333333,0.9958195819581959,0.9933443344334434,0.9941694169416941,0.9953795379537954,0.9941092409240924,0.001435784068083811
0.18460693359375,0.006446317624187217,0.02988734245300293,0.002932209734226704,100,12,4,0.01,64,log2,16,log_loss,,0.0,True,,"{'n_estimators': 100, 'min_samples_split': 12, 'min_samples_leaf': 4, 'min_impurity_decrease': 0.01, 'max_samples': None, 'max_leaf_nodes': 64, 'max_features': 'log2', 'max_depth': 16, 'criterion': 'log_loss', 'class_weight': None, 'ccp_alpha': 0.0, 'bootstrap': True}",0.9382608695652175,0.9365942028985508,0.9028677150786308,0.9519560741249142,0.9066666666666667,0.9272691056667959,0.019168260635867247,33,0.9642446686246967,0.96866287498606,0.9726444614421806,0.9766067266067266,0.9767127071823205,0.9717742877683969,0.0047931974215095225,0.9565217391304348,0.9565217391304348,0.9361702127659575,0.967741935483871,0.9333333333333333,0.9500577919688062,0.013182310347151598,31,0.975609756097561,0.9781420765027322,0.9808219178082191,0.9835164835164835,0.9834254143646409,0.9803031296579274,0.0030672904026741036,0.92,0.9166666666666666,0.8695652173913043,0.9361702127659575,0.88,0.9044804193647857,0.025345481937928273,33,0.9528795811518325,0.9591836734693877,0.9644670050761421,0.9696969696969697,0.97,0.9632454458788663,0.0065220781115974775,0.8846153846153846,0.88,0.8,0.88,0.88,0.8649230769230769,0.032510717395377926,112,0.91,0.9306930693069307,0.9405940594059405,0.9504950495049505,0.9603960396039604,0.9384356435643564,0.017325589778430992,0.9436619718309859,0.9428571428571428,0.9142857142857143,0.9571428571428572,0.9142857142857143,0.9344466800804829,0.017226160471601196,26,0.9678571428571429,0.9715302491103203,0.9750889679715302,0.9786476868327402,0.9786476868327402,0.9743543467208948,0.0041855559338050165,0.9948717948717949,0.9626666666666667,0.9813333333333334,0.9848888888888889,0.9573333333333334,0.9762188034188034,0.014068292571228267,8,0.998,0.9982948294829483,0.998019801980198,0.997029702970297,0.9988998899889988,0.9980488448844884,0.0006044279521800096
0.9970354557037353,0.02251517293480571,0.037585878372192384,0.001101092998430789,300,4,1,0.0,32,,5,entropy,,0.01,True,0.8,"{'n_estimators': 300, 'min_samples_split': 4, 'min_samples_leaf': 1, 'min_impurity_decrease': 0.0, 'max_samples': 0.8, 'max_leaf_nodes': 32, 'max_features': None, 'max_depth': 5, 'criterion': 'entropy', 'class_weight': None, 'ccp_alpha': 0.01, 'bootstrap': True}",0.9370567375886525,0.9519560741249142,0.8878975062914665,0.9682971014492754,0.8901098901098901,0.9270634619128397,0.03261674195754493,34,0.9601706970128023,0.9685118780815778,0.9685118780815778,0.9685118780815778,0.9844044844044844,0.970022163132404,0.007883469194247442,0.9574468085106383,0.967741935483871,0.9247311827956989,0.9782608695652174,0.9230769230769231,0.9502515438864698,0.022503141125480172,29,0.972972972972973,0.9782608695652174,0.9782608695652174,0.9782608695652174,0.989010989010989,0.9793533141359229,0.005245183367019846,0.9166666666666666,0.9361702127659575,0.851063829787234,0.9583333333333334,0.8571428571428571,0.9038753799392097,0.04276734840434791,36,0.9473684210526315,0.9587628865979382,0.9587628865979382,0.9587628865979382,0.9797979797979798,0.9606910121288852,0.010523503700594862,0.8461538461538461,0.88,0.8,0.92,0.84,0.8572307692307692,0.04038161160990257,131,0.9,0.9207920792079208,0.9207920792079208,0.9207920792079208,0.9603960396039604,0.9245544554455446,0.019646917631386054,0.9436619718309859,0.9571428571428572,0.9,0.9714285714285714,0.9,0.9344466800804829,0.02946471068960165,26,0.9642857142857143,0.9715302491103203,0.9715302491103203,0.9715302491103203,0.9857651245551602,0.972928317234367,0.007004883887084162,0.9923076923076923,0.9644444444444444,0.9697777777777778,0.9786666666666667,0.9359999999999999,0.9682393162393161,0.01867703290636405,61,0.999,0.9990099009900989,0.9984048404840483,0.9992299229922993,0.9997249724972497,0.9990739273927393,0.0004255434845472232
0.38533496856689453,0.01739224897233939,0.04079313278198242,0.002471552409014584,200,12,8,0.001,,log2,6,entropy,,0.001,True,1.0,"{'n_estimators': 200, 'min_samples_split': 12, 'min_samples_leaf': 8, 'min_impurity_decrease': 0.001, 'max_samples': 1.0, 'max_leaf_nodes': None, 'max_features': 'log2', 'max_depth': 6, 'criterion': 'entropy', 'class_weight': None, 'ccp_alpha': 0.001, 'bootstrap': True}",0.9532587228439764,0.9365942028985508,0.9028677150786308,0.9519560741249142,0.8901098901098901,0.9269573210111925,0.025875135424316686,35,0.9562990394301849,0.9568084957730734,0.9606398476019722,0.9487060673715546,0.9648285932828037,0.9574564086919178,0.005344364450847428,0.967741935483871,0.9565217391304348,0.9361702127659575,0.967741935483871,0.9230769230769231,0.9502505491882115,0.01782070055962649,30,0.9701897018970189,0.9700272479564033,0.9728260869565217,0.964769647696477,0.9753424657534246,0.9706310300519689,0.0035194041444462122,0.9387755102040817,0.9166666666666666,0.8695652173913043,0.9361702127659575,0.8571428571428571,0.9036640928341735,0.034016128720735304,37,0.9424083769633508,0.9435897435897436,0.9484536082474226,0.9326424870466321,0.9543147208121827,0.9442817873318663,0.0071767088007199074,0.8846153846153846,0.88,0.8,0.88,0.84,0.8569230769230769,0.032737073423434786,135,0.9,0.9108910891089109,0.9108910891089109,0.8910891089108911,0.9306930693069307,0.9087128712871287,0.013259935875471859,0.9577464788732394,0.9428571428571428,0.9142857142857143,0.9571428571428572,0.9,0.9344064386317907,0.02333136590352638,35,0.9607142857142857,0.9608540925266904,0.9644128113879004,0.9537366548042705,0.9679715302491103,0.9615378749364514,0.004725718430534869,0.9957264957264957,0.96,0.9768888888888889,0.9804444444444445,0.9431111111111111,0.9712341880341882,0.018076460037309824,33,0.9933333333333334,0.995049504950495,0.9927942794279427,0.9936193619361936,0.9958745874587459,0.9941342134213421,0.0011461731498516236
0.8740107536315918,0.01866955386678835,0.054250240325927734,0.002725506824110275,300,2,1,0.01,,0.5,4,log_loss,balanced_subsample,0.0,True,0.6,"{'n_estimators': 300, 'min_samples_split': 2, 'min_samples_leaf': 1, 'min_impurity_decrease': 0.01, 'max_samples': 0.6, 'max_leaf_nodes': None, 'max_features': 0.5, 'max_depth': 4, 'criterion': 'log_loss', 'class_weight': 'balanced_subsample', 'ccp_alpha': 0.0, 'bootstrap': True}",0.9204927211646137,0.9519560741249142,0.9028677150786308,0.9682971014492754,0.8901098901098901,0.9267447003854649,0.02937183138806991,36,0.9562990394301849,0.9685118780815778,0.9646614965416056,0.9565974416220846,0.9685118780815778,0.9629163467514061,0.0054659456225058176,0.9473684210526315,0.967741935483871,0.9361702127659575,0.9782608695652174,0.9230769230769231,0.9505236723889201,0.020174846483393717,26,0.9701897018970189,0.9782608695652174,0.9754768392370572,0.9701897018970189,0.9782608695652174,0.974475596432306,0.0036440871688464102,0.8936170212765957,0.9361702127659575,0.8695652173913043,0.9583333333333334,0.8571428571428571,0.9029657283820096,0.0386544627406272,41,0.9424083769633508,0.9587628865979382,0.9538461538461539,0.9430051813471503,0.9587628865979382,0.9513570970705063,0.007290005877746433,0.8076923076923077,0.88,0.8,0.92,0.84,0.8495384615384616,0.04514172291715275,141,0.9,0.9207920792079208,0.9207920792079208,0.900990099009901,0.9207920792079208,0.9126732673267327,0.009948401336301371,0.9295774647887324,0.9571428571428572,0.9142857142857143,0.9714285714285714,0.9,0.9344869215291751,0.026455684500537455,22,0.9607142857142857,0.9715302491103203,0.9679715302491103,0.9608540925266904,0.9715302491103203,0.9665200813421455,0.004860472367772121,0.9948717948717949,0.9582222222222222,0.9751111111111112,0.976888888888889,0.9493333333333334,0.9708854700854701,0.015837255451565713,36,0.9943333333333334,0.9955995599559957,0.9944994499449945,0.9938943894389439,0.9957645764576458,0.9948182618261827,0.0007343398390441015
0.9433778285980224,0.036459439033083775,0.047983741760253905,0.0071057005753076205,300,2,4,0.0,64,0.7,5,log_loss,,0.01,True,0.8,"{'n_estimators': 300, 'min_samples_split': 2, 'min_samples_leaf': 4, 'min_impurity_decrease': 0.0, 'max_samples': 0.8, 'max_leaf_nodes': 64, 'max_features': 0.7, 'max_depth': 5, 'criterion': 'log_loss', 'class_weight': None, 'ccp_alpha': 0.01, 'bootstrap': True}",0.9204927211646137,0.9519560741249142,0.9028677150786308,0.9682971014492754,0.8901098901098901,0.9267447003854649,0.02937183138806991,36,0.9562990394301849,0.9646614965416056,0.9646614965416056,0.9565974416220846,0.9685118780815778,0.9621462704434117,0.004861137666505269,0.9473684210526315,0.967741935483871,0.9361702127659575,0.9782608695652174,0.9230769230769231,0.9505236723889201,0.020174846483393717,26,0.9701897018970189,0.9754768392370572,0.9754768392370572,0.9701897018970189,0.9782608695652174,0.9739187903666741,0.00321001202366773,0.8936170212765957,0.9361702127659575,0.8695652173913043,0.9583333333333334,0.8571428571428571,0.9029657283820096,0.0386544627406272,41,0.9424083769633508,0.9538461538461539,0.9538461538461539,0.9430051813471503,0.9587628865979382,0.9503737505201494,0.006515147909375061,0.8076923076923077,0.88,0.8,0.92,0.84,0.8495384615384616,0.04514172291715275,141,0.9,0.9207920792079208,0.9207920792079208,0.900990099009901,0.9207920792079208,0.9126732673267327,0.009948401336301371,0.9295774647887324,0.9571428571428572,0.9142857142857143,0.9714285714285714,0.9,0.9344869215291751,0.026455684500537455,22,0.9607142857142857,0.9679715302491103,0.9679715302491103,0.9608540925266904,0.9715302491103203,0.9658083375699034,0.00430332394939137,0.994017094017094,0.9617777777777778,0.9706666666666667,0.9768888888888888,0.9386666666666666,0.9684034188034187,0.018228326297588783,60,0.9967222222222223,0.9975247524752475,0.9963696369636964,0.9974147414741474,0.9978547854785478,0.9971772277227723,0.0005469010125721672
0.7059538841247559,0.011520178707343504,0.04276633262634277,0.00720142443198102,200,2,2,0.005,,0.7,8,entropy,balanced,0.0,True,0.8,"{'n_estimators': 200, 'min_samples_split': 2, 'min_samples_leaf': 2, 'min_impurity_decrease': 0.005, 'max_samples': 0.8, 'max_leaf_nodes': None, 'max_features': 0.7, 'max_depth': 8, 'criterion': 'entropy', 'class_weight': 'balanced', 'ccp_alpha': 0.0, 'bootstrap': True}",0.9204927211646137,0.9519560741249142,0.9028677150786308,0.9682971014492754,0.8901098901098901,0.9267447003854649,0.02937183138806991,36,0.9961023956346831,0.9922717271727173,0.984475138121547,0.9883821887790962,1.0,0.9922462899416088,0.00548292433365744,0.9473684210526315,0.967741935483871,0.9361702127659575,0.9782608695652174,0.9230769230769231,0.9505236723889201,0.020174846483393717,26,0.997229916897507,0.9944444444444445,0.988950276243094,0.9916897506925207,1.0,0.9944628776555131,0.0039088509128105955,0.8936170212765957,0.9361702127659575,0.8695652173913043,0.9583333333333334,0.8571428571428571,0.9029657283820096,0.0386544627406272,41,0.9949748743718593,0.9900990099009901,0.98,0.9850746268656716,1.0,0.9900297022277043,0.007057110844771926,0.8076923076923077,0.88,0.8,0.92,0.84,0.8495384615384616,0.04514172291715275,141,0.99,0.9900990099009901,0.9702970297029703,0.9801980198019802,1.0,0.9861188118811881,0.010089376107772665,0.9295774647887324,0.9571428571428572,0.9142857142857143,0.9714285714285714,0.9,0.9344869215291751,0.026455684500537455,22,0.9964285714285714,0.9928825622775801,0.9857651245551602,0.9893238434163701,1.0,0.9928800203355364,0.00503099330132233,0.9974358974358974,0.9591111111111111,0.9688888888888889,0.9857777777777778,0.9502222222222222,0.9722871794871795,0.017242237399178285,22,1.0,0.9998899889988999,0.9996149614961497,0.9998899889988999,1.0,0.9998789878987899,0.00014088282150564175
0.1491621494293213,0.01255232169482855,0.028324079513549805,0.003992071861397671,100,4,12,0.001,,sqrt,3,gini,,0.0,True,0.8,"{'n_estimators': 100, 'min_samples_split': 4, 'min_samples_leaf': 12, 'min_impurity_decrease': 0.001, 'max_samples': 0.8, 'max_leaf_nodes': None, 'max_features': 'sqrt', 'max_depth': 3, 'criterion': 'gini', 'class_weight': None, 'ccp_alpha': 0.0, 'bootstrap': True}",0.9370567375886525,0.9519560741249142,0.8704902867715079,0.9682971014492754,0.9048913043478262,0.9265383008564353,0.03495846242865381,39,0.9397858095224441,0.9280634884514735,0.9484483707540114,0.9322382512731038,0.9238645276292335,0.9344800895260533,0.008742451688529105,0.9574468085106383,0.967741935483871,0.9148936170212766,0.9782608695652174,0.9347826086956522,0.950625167855331,0.02293896654172516,25,0.9597855227882037,0.9518716577540107,0.9649595687331537,0.9544235924932976,0.9493333333333334,0.9560747350203999,0.005631142740499407,0.9166666666666666,0.9361702127659575,0.8260869565217391,0.9583333333333334,0.875,0.9024514338575393,0.04700410663659085,46,0.9197860962566845,0.9042553191489362,0.9319371727748691,0.91005291005291,0.8983957219251337,0.9128854440317067,0.01185783892783245,0.8461538461538461,0.88,0.76,0.92,0.84,0.8492307692307692,0.052937386258723865,146,0.86,0.8415841584158416,0.8811881188118812,0.8514851485148515,0.8316831683168316,0.8531881188118812,0.01691399790600082,0.9436619718309859,0.9571428571428572,0.8857142857142857,0.9714285714285714,0.9142857142857143,0.9344466800804829,0.030818855090401262,26,0.9464285714285714,0.9359430604982206,0.9537366548042705,0.9395017793594306,0.9323843416370107,0.9415988815455008,0.007641273965390517,0.994017094017094,0.9324444444444444,0.96,0.9715555555555556,0.9057777777777778,0.9527589743589744,0.030750249796015486,146,0.9715,0.9791529152915291,0.9762376237623762,0.9707920792079208,0.9817381738173818,0.9758841584158416,0.0042480424023298
1.028651475906372,0.023786054213772462,0.07600955963134766,0.005619456516544684,500,8,8,0.0,32,0.3,3,log_loss,,0.01,True,,"{'n_estimators': 500, 'min_samples_split': 8, 'min_samples_leaf': 8, 'min_impurity_decrease': 0.0, 'max_samples': None, 'max_leaf_nodes': 32, 'max_features': 0.3, 'max_depth': 3, 'criterion': 'log_loss', 'class_weight': None, 'ccp_alpha': 0.01, 'bootstrap': True}",0.9204927211646137,0.9519560741249142,0.9028677150786308,0.9519560741249142,0.9048913043478262,0.9264327777681798,0.021714091475183255,40,0.9480882499750425,0.9443406904357668,0.9525337837837837,0.9443406904357668,0.9481821921500205,0.947497121356076,0.0030368679838586017,0.9473684210526315,0.967741935483871,0.9361702127659575,0.967741935483871,0.9347826086956522,0.9507610226963965,0.014535570112728883,23,0.9649595687331537,0.9623655913978495,0.9675675675675676,0.9623655913978495,0.9651474530831099,0.964481154435906,0.0019570382767003527,0.8936170212765957,0.9361702127659575,0.8695652173913043,0.9361702127659575,0.875,0.9021045328399631,0.028935935099867947,48,0.9312169312169312,0.9263157894736842,0.9375,0.9263157894736842,0.9312169312169312,0.9305130882762462,0.004124132870842285,0.8076923076923077,0.88,0.8,0.88,0.84,0.8415384615384616,0.03415246012433625,152,0.88,0.8712871287128713,0.8910891089108911,0.8712871287128713,0.8712871287128713,0.8769900990099011,0.007815538302443737,0.9295774647887324,0.9571428571428572,0.9142857142857143,0.9571428571428572,0.9142857142857143,0.9344869215291751,0.019322852536493698,22,0.9535714285714286,0.9501779359430605,0.9572953736654805,0.9501779359430605,0.9537366548042705,0.9529918657854601,0.0026550776295510073,0.9948717948717949,0.9537777777777778,0.9653333333333334,0.9724444444444444,0.9448888888888889,0.9662632478632478,0.017148009091253212,75,0.981111111111111,0.9878987898789879,0.982013201320132,0.9833333333333334,0.9865236523652365,0.9841760176017601,0.0026135020662525297
1.181690788269043,0.28406849048961486,0.09168443679809571,0.037866451549176776,500,8,8,0.01,8,log2,,log_loss,,0.0,True,0.6,"{'n_estimators': 500, 'min_samples_split': 8, 'min_samples_leaf': 8, 'min_impurity_decrease': 0.01, 'max_samples': 0.6, 'max_leaf_nodes': 8, 'max_features': 'log2', 'max_depth': None, 'criterion': 'log_loss', 'class_weight': None, 'ccp_alpha': 0.0, 'bootstrap': True}",0.9532587228439764,0.9365942028985508,0.8853801169590643,0.9682971014492754,0.8878975062914665,0.9262855300884667,0.0338989297325497,41,0.9442389758179233,0.9527678171223666,0.9487060673715546,0.9446227477477478,0.9446227477477478,0.9469916711614681,0.0033197573544245895,0.967741935483871,0.9565217391304348,0.9263157894736842,0.9782608695652174,0.9247311827956989,0.9507143032897811,0.021692809452866117,24,0.9621621621621622,0.967391304347826,0.964769647696477,0.9621621621621622,0.9621621621621622,0.963729487706158,0.0020909501192157864,0.9387755102040817,0.9166666666666666,0.8444444444444444,0.9583333333333334,0.851063829787234,0.9018567568871522,0.04614764679727817,49,0.9263157894736842,0.9381443298969072,0.9326424870466321,0.9270833333333334,0.9270833333333334,0.9302538546167781,0.004551437850176185,0.8846153846153846,0.88,0.76,0.92,0.8,0.8489230769230769,0.0593168206084968,148,0.88,0.900990099009901,0.8910891089108911,0.8811881188118812,0.8811881188118812,0.886891089108911,0.008110983910359972,0.9577464788732394,0.9428571428571428,0.9,0.9714285714285714,0.9,0.9344064386317907,0.0295107310510792,35,0.95,0.9572953736654805,0.9537366548042705,0.9501779359430605,0.9501779359430605,0.9522775800711744,0.002874422847873126,0.9948717948717949,0.9457777777777777,0.9653333333333333,0.9742222222222223,0.9368888888888889,0.9634188034188036,0.02061413158301628,97,0.9888888888888889,0.991034103410341,0.9905390539053907,0.9891639163916393,0.9930143014301431,0.9905280528052807,0.001482252809984805
0.49966869354248045,0.03257156126421351,0.05098719596862793,0.00664264957120754,300,12,2,0.0,16,log2,3,entropy,,0.0,True,,"{'n_estimators': 300, 'min_samples_split': 12, 'min_samples_leaf': 2, 'min_impurity_decrease': 0.0, 'max_samples': None, 'max_leaf_nodes': 16, 'max_features': 'log2', 'max_depth': 3, 'criterion': 'entropy', 'class_weight': None, 'ccp_alpha': 0.0, 'bootstrap': True}",0.9370567375886525,0.9519560741249142,0.8853801169590643,0.9519560741249142,0.9048913043478262,0.9262480614290742,0.026701802456361758,42,0.9436490138577425,0.9357126515671471,0.9443406904357668,0.9357126515671471,0.9481821921500205,0.9415194399155649,0.004986469469621289,0.9574468085106383,0.967741935483871,0.9263157894736842,0.967741935483871,0.9347826086956522,0.9508058155295434,0.017171322834586847,22,0.9625668449197861,0.9574468085106383,0.9623655913978495,0.9574468085106383,0.9651474530831099,0.9609947012844045,0.003058477042037329,0.9166666666666666,0.9361702127659575,0.8444444444444444,0.9361702127659575,0.875,0.9016903073286052,0.03630834730363744,51,0.9247311827956989,0.9139784946236559,0.9263157894736842,0.9139784946236559,0.9312169312169312,0.9220441785467252,0.0069241108828181925,0.8461538461538461,0.88,0.76,0.88,0.84,0.8412307692307692,0.0438868906576626,153,0.86,0.8415841584158416,0.8712871287128713,0.8415841584158416,0.8712871287128713,0.8571485148514851,0.013359866420787906,0.9436619718309859,0.9571428571428572,0.9,0.9571428571428572,0.9142857142857143,0.9344466800804829,0.023273129651532234,26,0.95,0.9430604982206405,0.9501779359430605,0.9430604982206405,0.9537366548042705,0.9480071174377225,0.004253227378883634,0.9905982905982905,0.9555555555555556,0.9768888888888889,0.9786666666666667,0.944,0.9691418803418802,0.01689862482793543,49,0.9804444444444445,0.9886138613861386,0.9826732673267327,0.984983498349835,0.9856435643564356,0.9844717271727174,0.0027657133602719056
0.28197059631347654,0.013243292867875503,0.033290863037109375,0.0013633445978048994,100,8,2,0.001,8,sqrt,6,entropy,balanced_subsample,0.01,True,,"{'n_estimators': 100, 'min_samples_split': 8, 'min_samples_leaf': 2, 'min_impurity_decrease': 0.001, 'max_samples': None, 'max_leaf_nodes': 8, 'max_features': 'sqrt', 'max_depth': 6, 'criterion': 'entropy', 'class_weight': 'balanced_subsample', 'ccp_alpha': 0.01, 'bootstrap': True}",0.9696581196581197,0.9215070643642072,0.9048913043478262,0.9537343027098479,0.8776223776223776,0.9254826337404756,0.03310601899753884,43,0.9490987400539777,0.9534254143646408,0.9648285932828037,0.9536303630363037,0.9728917738178912,0.9587749769111233,0.008770913945053917,0.9777777777777777,0.945054945054945,0.9347826086956522,0.9662921348314607,0.9090909090909091,0.9465996750901489,0.02411971738517203,62,0.9641873278236914,0.9668508287292817,0.9753424657534246,0.9666666666666667,0.9806094182825484,0.9707313414511226,0.006216798913630678,0.9615384615384616,0.8979591836734694,0.875,0.9411764705882353,0.8461538461538461,0.9043655923908025,0.04222739681608057,34,0.934010152284264,0.94,0.9543147208121827,0.9405940594059405,0.9651741293532339,0.9468186123711243,0.011335006215449042,0.9615384615384616,0.88,0.84,0.96,0.88,0.9043076923076923,0.048361557426187085,1,0.92,0.9306930693069307,0.9306930693069307,0.9405940594059405,0.9603960396039604,0.9364752475247524,0.013619617145107099,0.971830985915493,0.9285714285714286,0.9142857142857143,0.9571428571428572,0.8857142857142857,0.9315090543259558,0.030611709960010256,58,0.9535714285714286,0.9572953736654805,0.9679715302491103,0.9572953736654805,0.9750889679715302,0.962244534824606,0.008024825280278659,0.9948717948717949,0.9626666666666667,0.9786666666666667,0.9804444444444445,0.952,0.9737299145299145,0.014906509831508393,11,0.9931111111111112,0.9955995599559956,0.9934543454345435,0.9928492849284929,0.995049504950495,0.9940127612761277,0.0011019297600558173
0.2445906162261963,0.025016736762711912,0.029579591751098634,0.003531186735219295,100,12,1,0.005,64,sqrt,12,entropy,balanced_subsample,0.0,True,,"{'n_estimators': 100, 'min_samples_split': 12, 'min_samples_leaf': 1, 'min_impurity_decrease': 0.005, 'max_samples': None, 'max_leaf_nodes': 64, 'max_features': 'sqrt', 'max_depth': 12, 'criterion': 'entropy', 'class_weight': 'balanced_subsample', 'ccp_alpha': 0.0, 'bootstrap': True}",0.9382608695652175,0.9215070643642072,0.9199267902081903,0.9843014128728415,0.863370201691607,0.9254732677404126,0.03880092373913549,44,0.9883071869040494,0.9807209407632038,0.9806369812984936,0.9846094862526016,0.9845434543454346,0.9837636099127567,0.0028636130339995945,0.9565217391304348,0.945054945054945,0.946236559139785,0.989010989010989,0.896551724137931,0.9466751912948169,0.029679804003451306,61,0.9916897506925207,0.9860724233983287,0.9861495844875346,0.9888268156424581,0.9888888888888889,0.9883254926219461,0.002083164401852958,0.92,0.8979591836734694,0.8936170212765957,0.9795918367346939,0.8301886792452831,0.9042713441860084,0.04808776647590417,35,0.9849246231155779,0.9753694581280788,0.9751243781094527,0.9803921568627451,0.9801980198019802,0.979201727203567,0.00364615746333129,0.8846153846153846,0.88,0.84,0.96,0.88,0.8889230769230769,0.03904662665652998,9,0.98,0.9801980198019802,0.9702970297029703,0.9900990099009901,0.9801980198019802,0.9801584158415843,0.006262436895569735,0.9436619718309859,0.9285714285714286,0.9285714285714286,0.9857142857142858,0.8714285714285714,0.9315895372233399,0.03664093842027744,53,0.9892857142857143,0.9822064056939501,0.9822064056939501,0.9857651245551602,0.9857651245551602,0.985045754956787,0.002650888485841291,0.9948717948717949,0.9671111111111111,0.983111111111111,0.9893333333333333,0.9564444444444444,0.978174358974359,0.01429883376163247,5,0.9996111111111111,0.9995049504950495,0.9991199119911991,0.9994499449944995,0.9994499449944995,0.9994271727172717,0.00016451688208279347
0.579774284362793,0.030976032361324575,0.04634437561035156,0.0006505741289121737,200,20,4,0.001,,0.3,12,entropy,balanced_subsample,0.0,True,1.0,"{'n_estimators': 200, 'min_samples_split': 20, 'min_samples_leaf': 4, 'min_impurity_decrease': 0.001, 'max_samples': 1.0, 'max_leaf_nodes': None, 'max_features': 0.3, 'max_depth': 12, 'criterion': 'entropy', 'class_weight': 'balanced_subsample', 'ccp_alpha': 0.0, 'bootstrap': True}",0.9847015729368671,0.9215070643642072,0.9048913043478262,0.9537343027098479,0.8612029081295439,0.9252074304976585,0.042133957795619924,45,0.9688888888888889,0.9459020902090209,0.957210293893711,0.9575860696790482,0.9692189725052032,0.9597612630351744,0.008672685896160354,0.989010989010989,0.945054945054945,0.9347826086956522,0.9662921348314607,0.898876404494382,0.9468034164174858,0.03035076530146581,58,0.9777777777777777,0.9611111111111111,0.9696969696969697,0.9693593314763231,0.9776536312849162,0.9711197642694197,0.006201889520321924,0.9803921568627451,0.8979591836734694,0.875,0.9411764705882353,0.8235294117647058,0.9036114445778312,0.053981670503578945,38,0.96,0.9306930693069307,0.9447236180904522,0.9458128078817734,0.9607843137254902,0.9484027618009293,0.011150568863374326,0.9615384615384616,0.88,0.84,0.96,0.84,0.8963076923076922,0.054623834665917304,5,0.96,0.9306930693069307,0.9306930693069307,0.9504950495049505,0.9702970297029703,0.9484356435643564,0.015782861458308952,0.9859154929577465,0.9285714285714286,0.9142857142857143,0.9571428571428572,0.8714285714285714,0.9314688128772637,0.03881257998891073,59,0.9714285714285714,0.9501779359430605,0.9608540925266904,0.9608540925266904,0.9715302491103203,0.9629689883070667,0.007967638571539596,0.9965811965811966,0.9653333333333334,0.9715555555555556,0.9822222222222222,0.9413333333333334,0.9714051282051281,0.01839590231554484,30,0.9958333333333333,0.995929592959296,0.9952695269526953,0.9960946094609461,0.9966446644664466,0.9959543454345434,0.0004428199023669404
1.351495361328125,0.05096937489780096,0.07083673477172851,0.010443403108692396,500,20,2,0.0,32,0.3,5,entropy,balanced_subsample,0.005,True,0.8,"{'n_estimators': 500, 'min_samples_split': 20, 'min_samples_leaf': 2, 'min_impurity_decrease': 0.0, 'max_samples': 0.8, 'max_leaf_nodes': 32, 'max_features': 0.3, 'max_depth': 5, 'criterion': 'entropy', 'class_weight': 'balanced_subsample', 'ccp_alpha': 0.005, 'bootstrap': True}",0.9847015729368671,0.9215070643642072,0.9048913043478262,0.9537343027098479,0.8612029081295439,0.9252074304976585,0.042133957795619924,45,0.9486100718611907,0.9456629834254144,0.960828593732575,0.9376179376179377,0.9532134532134533,0.9491866079701141,0.007724425838097931,0.989010989010989,0.945054945054945,0.9347826086956522,0.9662921348314607,0.898876404494382,0.9468034164174858,0.03035076530146581,58,0.9645776566757494,0.9613259668508287,0.9726775956284153,0.9560439560439561,0.967032967032967,0.9643316284463832,0.005562956834804873,0.9803921568627451,0.8979591836734694,0.875,0.9411764705882353,0.8235294117647058,0.9036114445778312,0.053981670503578945,38,0.9326424870466321,0.93,0.9489795918367347,0.9191919191919192,0.9393939393939394,0.934041587493845,0.009905515683897049,0.9615384615384616,0.88,0.84,0.96,0.84,0.8963076923076922,0.054623834665917304,5,0.9,0.9207920792079208,0.9207920792079208,0.900990099009901,0.9207920792079208,0.9126732673267327,0.009948401336301371,0.9859154929577465,0.9285714285714286,0.9142857142857143,0.9571428571428572,0.8714285714285714,0.9314688128772637,0.03881257998891073,59,0.9535714285714286,0.9501779359430605,0.9644128113879004,0.9430604982206405,0.9572953736654805,0.9537036095577021,0.007117744564523891,0.9957264957264957,0.9591111111111111,0.9733333333333334,0.9786666666666667,0.952,0.9717675213675214,0.015329853534192505,28,0.9918333333333333,0.9933443344334435,0.9926292629262926,0.991969196919692,0.9947194719471947,0.9928991199119913,0.0010569179814693013
1.119658899307251,0.0253064052836238,0.07694692611694336,0.0046911768256929585,500,20,2,0.001,32,log2,16,log_loss,balanced_subsample,0.0,True,0.6,"{'n_estimators': 500, 'min_samples_split': 20, 'min_samples_leaf': 2, 'min_impurity_decrease': 0.001, 'max_samples': 0.6, 'max_leaf_nodes': 32, 'max_features': 'log2', 'max_depth': 16, 'criterion': 'log_loss', 'class_weight': 'balanced_subsample', 'ccp_alpha': 0.0, 'bootstrap': True}",0.9541047188106011,0.9215070643642072,0.9199267902081903,0.9377777777777778,0.8920467063229787,0.9250726114967509,0.020660046083911077,47,0.9526787223255028,0.9494303473289312,0.9570127251234268,0.9496561513760835,0.9649902404584908,0.9547536373224871,0.005805490040132372,0.967032967032967,0.945054945054945,0.946236559139785,0.9555555555555556,0.9213483146067416,0.947045668277999,0.015079004710199545,57,0.9672131147540983,0.9641873278236914,0.9698630136986301,0.96398891966759,0.9752066115702479,0.9680917975028516,0.0041619312681813216,0.9411764705882353,0.8979591836734694,0.8936170212765957,0.92,0.8627450980392157,0.9030995547155033,0.02638295131975014,40,0.9381443298969072,0.9346733668341709,0.9441624365482234,0.9353233830845771,0.9547738693467337,0.9414154771421224,0.007473452936647563,0.9230769230769231,0.88,0.84,0.92,0.88,0.8886153846153846,0.03060881259186683,14,0.91,0.9207920792079208,0.9207920792079208,0.9306930693069307,0.9405940594059405,0.9245742574257425,0.010344975959147186,0.9577464788732394,0.9285714285714286,0.9285714285714286,0.9428571428571428,0.9,0.9315492957746481,0.019116763627656484,54,0.9571428571428572,0.9537366548042705,0.9608540925266904,0.9537366548042705,0.9679715302491103,0.9586883579054397,0.00533469764885275,0.9923076923076923,0.9528888888888889,0.9724444444444444,0.9768888888888889,0.9537777777777778,0.9696615384615385,0.014875772726678558,44,0.9932222222222222,0.9948294829482949,0.9935093509350935,0.9933443344334434,0.9953245324532454,0.9940459845984598,0.0008610955088027244
0.4434818744659424,0.007588272553209065,0.04328274726867676,0.0017695389934923584,200,8,2,0.005,8,log2,10,log_loss,balanced,0.01,False,,"{'n_estimators': 200, 'min_samples_split': 8, 'min_samples_leaf': 2, 'min_impurity_decrease': 0.005, 'max_leaf_nodes': 8, 'max_features': 'log2', 'max_depth': 10, 'criterion': 'log_loss', 'class_weight': 'balanced', 'ccp_alpha': 0.01, 'bootstrap': False}",0.9541047188106011,0.9215070643642072,0.9048913043478262,0.9688888888888889,0.8755555555555555,0.9249895063934158,0.03356972445812983,48,0.9488584474885845,0.9574013588566861,0.9726444614421806,0.9575860696790482,0.9767127071823205,0.9626406089297641,0.010402375658240733,0.967032967032967,0.945054945054945,0.9347826086956522,0.9777777777777777,0.9111111111111111,0.9471518819344906,0.0236200604028607,55,0.9643835616438357,0.9695290858725761,0.9808219178082191,0.9693593314763231,0.9834254143646409,0.973503862233119,0.007323209668553824,0.9411764705882353,0.8979591836734694,0.875,0.96,0.84,0.902827130852341,0.04355388230020637,44,0.9333333333333333,0.945273631840796,0.9644670050761421,0.9458128078817734,0.97,0.9517773556264089,0.01349924577410558,0.9230769230769231,0.88,0.84,0.96,0.84,0.8886153846153846,0.04708396126372573,14,0.91,0.9405940594059405,0.9405940594059405,0.9504950495049505,0.9603960396039604,0.9404158415841584,0.01688778071670564,0.9577464788732394,0.9285714285714286,0.9142857142857143,0.9714285714285714,0.8857142857142857,0.9315492957746478,0.03060848286054476,55,0.9535714285714286,0.9608540925266904,0.9750889679715302,0.9608540925266904,0.9786476868327402,0.965803253685816,0.009484828840297267,0.994017094017094,0.9626666666666667,0.975111111111111,0.9768888888888889,0.9528888888888889,0.9723145299145299,0.013929707172426939,21,0.9931111111111112,0.9958745874587459,0.9936743674367436,0.9938943894389439,0.9961496149614961,0.994540814081408,0.0012312462697265886
1.1954036235809327,0.032025410041295756,0.06752142906188965,0.00442274264654996,500,20,1,0.001,16,0.3,4,entropy,balanced,0.005,True,1.0,"{'n_estimators': 500, 'min_samples_split': 20, 'min_samples_leaf': 1, 'min_impurity_decrease': 0.001, 'max_samples': 1.0, 'max_leaf_nodes': 16, 'max_features': 0.3, 'max_depth': 4, 'criterion': 'entropy', 'class_weight': 'balanced', 'ccp_alpha': 0.005, 'bootstrap': True}",0.9847015729368671,0.9365942028985508,0.8878975062914665,0.9537343027098479,0.8612029081295439,0.9248260985932552,0.04465618941699537,49,0.9486100718611907,0.9494303473289312,0.960828593732575,0.945160031225605,0.9685118780815778,0.9545081844459758,0.008763688030406998,0.989010989010989,0.9565217391304348,0.9247311827956989,0.9662921348314607,0.898876404494382,0.9470864900525932,0.031747492630208395,56,0.9645776566757494,0.9641873278236914,0.9726775956284153,0.9617486338797814,0.9782608695652174,0.9682904167145712,0.0061979370290270175,0.9803921568627451,0.9166666666666666,0.851063829787234,0.9411764705882353,0.8235294117647058,0.9025657071339174,0.05769881064213599,45,0.9326424870466321,0.9346733668341709,0.9489795918367347,0.9285714285714286,0.9587628865979382,0.940725952177381,0.011341624335715467,0.9615384615384616,0.88,0.8,0.96,0.84,0.8883076923076922,0.06434816540145137,22,0.9,0.9207920792079208,0.9207920792079208,0.900990099009901,0.9207920792079208,0.9126732673267327,0.009948401336301371,0.9859154929577465,0.9428571428571428,0.9,0.9571428571428572,0.8714285714285714,0.9314688128772637,0.0408617384789003,59,0.9535714285714286,0.9537366548042705,0.9644128113879004,0.9501779359430605,0.9715302491103203,0.9586858159633961,0.00801015750747306,0.9957264957264957,0.9626666666666667,0.9733333333333334,0.975111111111111,0.9493333333333334,0.9712341880341879,0.015312478170674142,34,0.9881111111111112,0.9923542354235424,0.9904840484048405,0.9900990099009901,0.9927942794279428,0.9907685368536854,0.0016857748679354316
0.29587812423706056,0.0037819992940505936,0.022495508193969727,0.0006013941242659076,100,8,4,0.005,16,0.7,12,log_loss,balanced,0.0,True,,"{'n_estimators': 100, 'min_samples_split': 8, 'min_samples_leaf': 4, 'min_impurity_decrease': 0.005, 'max_samples': None, 'max_leaf_nodes': 16, 'max_features': 0.7, 'max_depth': 12, 'criterion': 'log_loss', 'class_weight': 'balanced', 'ccp_alpha': 0.0, 'bootstrap': True}",0.9370567375886525,0.9519560741249142,0.9199267902081903,0.9537343027098479,0.8612029081295439,0.9247753625522297,0.03403882807775583,50,0.9805119781734155,0.9844044844044844,0.9726444614421806,0.9883821887790962,0.9961273962596988,0.9844141018117749,0.00783196114414697,0.9574468085106383,0.967741935483871,0.946236559139785,0.9662921348314607,0.898876404494382,0.9473187684920275,0.025406713213668972,54,0.9861495844875346,0.989010989010989,0.9808219178082191,0.9916897506925207,0.997229916897507,0.988980431779354,0.005476685019956485,0.9166666666666666,0.9361702127659575,0.8936170212765957,0.9411764705882353,0.8235294117647058,0.9022319566124322,0.04276715779719914,47,0.9748743718592965,0.9797979797979798,0.9644670050761421,0.9850746268656716,0.9950248756218906,0.979847771844196,0.01018793075678639,0.8461538461538461,0.88,0.84,0.96,0.84,0.8732307692307693,0.04586163909879805,56,0.97,0.9603960396039604,0.9405940594059405,0.9801980198019802,0.9900990099009901,0.9682574257425742,0.017027814769831826,0.9436619718309859,0.9571428571428572,0.9285714285714286,0.9571428571428572,0.8714285714285714,0.93158953722334,0.03187519029078361,45,0.9821428571428571,0.9857651245551602,0.9750889679715302,0.9893238434163701,0.99644128113879,0.9857524148449416,0.007123835094274206,0.9948717948717949,0.9697777777777777,0.9697777777777778,0.9804444444444445,0.944,0.9717743589743589,0.01666163027125731,27,0.9996666666666666,0.9998899889988999,0.9992849284928492,0.9996149614961496,0.9998899889988999,0.999669306930693,0.00022275921134050838
0.89583420753479,0.013716915738131736,0.037875938415527347,0.0006801895018023902,300,12,1,0.0,,0.5,10,entropy,balanced_subsample,0.0,True,,"{'n_estimators': 300, 'min_samples_split': 12, 'min_samples_leaf': 1, 'min_impurity_decrease': 0.0, 'max_samples': None, 'max_leaf_nodes': None, 'max_features': 0.5, 'max_depth': 10, 'criterion': 'entropy', 'class_weight': 'balanced_subsample', 'ccp_alpha': 0.0, 'bootstrap': True}",0.9370567375886525,0.9519560741249142,0.9048913043478262,0.9537343027098479,0.8755555555555555,0.9246387948653594,0.03015332614235361,51,0.9844444444444445,0.9845434543454346,0.984475138121547,0.9884325644579223,0.9846094862526016,0.9853010175243899,0.0015668119157201674,0.9574468085106383,0.967741935483871,0.9347826086956522,0.9662921348314607,0.9111111111111111,0.9474749197265467,0.02166886897952693,53,0.9888888888888889,0.9888888888888889,0.988950276243094,0.9916434540389972,0.9888268156424581,0.9894396647404655,0.0011025860935066087,0.9166666666666666,0.9361702127659575,0.875,0.9411764705882353,0.84,0.9018026700041718,0.038704820639544404,50,0.98,0.9801980198019802,0.98,0.9852216748768473,0.9803921568627451,0.9811623703083144,0.0020348643049705756,0.8461538461538461,0.88,0.84,0.96,0.84,0.8732307692307693,0.04586163909879805,56,0.98,0.9801980198019802,0.9702970297029703,0.9900990099009901,0.9900990099009901,0.982138613861386,0.00742022237061727,0.9436619718309859,0.9571428571428572,0.9142857142857143,0.9571428571428572,0.8857142857142857,0.93158953722334,0.02776922391587481,45,0.9857142857142858,0.9857651245551602,0.9857651245551602,0.9893238434163701,0.9857651245551602,0.9864667005592274,0.0014287071129842589,0.994017094017094,0.968,0.9715555555555556,0.9813333333333333,0.9502222222222222,0.973025641025641,0.014540103014103781,16,0.9997777777777778,0.9996699669966996,0.9993949394939494,0.9997799779977997,0.9996699669966996,0.9996585258525853,0.00014050709110611216
0.7197211265563965,0.03513972541388764,0.051073646545410155,0.008075262414866648,300,8,4,0.001,8,sqrt,,entropy,balanced_subsample,0.001,True,0.8,"{'n_estimators': 300, 'min_samples_split': 8, 'min_samples_leaf': 4, 'min_impurity_decrease': 0.001, 'max_samples': 0.8, 'max_leaf_nodes': 8, 'max_features': 'sqrt', 'max_depth': None, 'criterion': 'entropy', 'class_weight': 'balanced_subsample', 'ccp_alpha': 0.001, 'bootstrap': True}",0.9532587228439764,0.9365942028985508,0.8878975062914665,0.9529042386185244,0.8901098901098901,0.9241529121524816,0.029332420660196576,52,0.9488584474885845,0.9532134532134533,0.9648285932828037,0.9574013588566861,0.9767127071823205,0.9602029120047696,0.009791510337906673,0.967741935483871,0.9565217391304348,0.9247311827956989,0.967032967032967,0.9230769230769231,0.947820949503979,0.019935170982636086,52,0.9643835616438357,0.967032967032967,0.9753424657534246,0.9695290858725761,0.9834254143646409,0.971942698933489,0.006789443570858953,0.9387755102040817,0.9166666666666666,0.851063829787234,0.9387755102040817,0.8571428571428571,0.9004848748009842,0.038768972367238905,52,0.9333333333333333,0.9393939393939394,0.9543147208121827,0.945273631840796,0.97,0.9484631250760502,0.012801654177185842,0.8846153846153846,0.88,0.8,0.92,0.84,0.8649230769230769,0.04119401346751892,112,0.91,0.9207920792079208,0.9306930693069307,0.9405940594059405,0.9603960396039604,0.9324950495049504,0.017264374350197384,0.9577464788732394,0.9428571428571428,0.9,0.9571428571428572,0.9,0.9315492957746478,0.02630553675256576,55,0.9535714285714286,0.9572953736654805,0.9679715302491103,0.9608540925266904,0.9786476868327402,0.9636680223690901,0.008869955879140306,0.9931623931623932,0.9582222222222222,0.9777777777777779,0.9760000000000001,0.9457777777777778,0.9701880341880342,0.016481781448956644,42,0.9936666666666667,0.994939493949395,0.9936743674367436,0.9937293729372937,0.995984598459846,0.994398899889989,0.0009290921376311073
0.8732618808746337,0.01984864341032948,0.07170071601867675,0.009612128022943303,500,20,2,0.001,64,log2,4,gini,,0.005,True,1.0,"{'n_estimators': 500, 'min_samples_split': 20, 'min_samples_leaf': 2, 'min_impurity_decrease': 0.001, 'max_samples': 1.0, 'max_leaf_nodes': 64, 'max_features': 'log2', 'max_depth': 4, 'criterion': 'gini', 'class_weight': None, 'ccp_alpha': 0.005, 'bootstrap': True}",0.9382608695652175,0.9365942028985508,0.9028677150786308,0.9519560741249142,0.8901098901098901,0.9239577503554408,0.02340355749488969,53,0.9522048364153628,0.9525337837837837,0.9525337837837837,0.9405173508700131,0.9481821921500205,0.9491943894005928,0.004640720673708831,0.9565217391304348,0.9565217391304348,0.9361702127659575,0.967741935483871,0.9230769230769231,0.9480065099175242,0.016100232977723547,50,0.9675675675675676,0.9675675675675676,0.9675675675675676,0.9595687331536388,0.9651474530831099,0.9654837777878903,0.0031024959909690666,0.92,0.9166666666666666,0.8695652173913043,0.9361702127659575,0.8571428571428571,0.8999089907933572,0.03081892711386969,53,0.9368421052631579,0.9375,0.9375,0.9214659685863874,0.9312169312169312,0.9329050010132953,0.006187565979465074,0.8846153846153846,0.88,0.8,0.88,0.84,0.8569230769230769,0.032737073423434786,135,0.89,0.8910891089108911,0.8910891089108911,0.8712871287128713,0.8712871287128713,0.882950495049505,0.009531398846146214,0.9436619718309859,0.9428571428571428,0.9142857142857143,0.9571428571428572,0.9,0.93158953722334,0.021085520734501532,45,0.9571428571428572,0.9572953736654805,0.9572953736654805,0.9466192170818505,0.9537366548042705,0.9544178952719878,0.004129616231465225,0.9905982905982906,0.952,0.9795555555555555,0.975111111111111,0.9546666666666666,0.9703863247863248,0.014832980491091672,39,0.9835555555555555,0.990979097909791,0.986028602860286,0.9870737073707371,0.987953795379538,0.9871181518151815,0.002428431150145605
0.26221647262573244,0.010278774028243863,0.03333163261413574,0.0009388522357027364,100,12,4,0.0,32,log2,3,log_loss,balanced_subsample,0.001,True,,"{'n_estimators': 100, 'min_samples_split': 12, 'min_samples_leaf': 4, 'min_impurity_decrease': 0.0, 'max_samples': None, 'max_leaf_nodes': 32, 'max_features': 'log2', 'max_depth': 3, 'criterion': 'log_loss', 'class_weight': 'balanced_subsample', 'ccp_alpha': 0.001, 'bootstrap': True}",0.9382608695652175,0.9519560741249142,0.8704902867715079,0.9688888888888889,0.8901098901098901,0.9239412018920838,0.037447933184581984,54,0.9480882499750425,0.9489554950045413,0.9565974416220846,0.9411024942360092,0.9487060673715546,0.9486899496418465,0.004909800923927383,0.9565217391304348,0.967741935483871,0.9148936170212766,0.9777777777777777,0.9230769230769231,0.9480023984980568,0.02476397557874249,51,0.9649595687331537,0.9645776566757494,0.9701897018970189,0.9591280653950953,0.964769647696477,0.964724928079499,0.003500496242865407,0.92,0.9361702127659575,0.8260869565217391,0.96,0.8571428571428571,0.8998800052861107,0.050215704690812935,54,0.9312169312169312,0.9333333333333333,0.9430051813471503,0.9230769230769231,0.9326424870466321,0.932654971204194,0.006346560422293,0.8846153846153846,0.88,0.76,0.96,0.84,0.8649230769230769,0.0652452814045746,112,0.88,0.900990099009901,0.900990099009901,0.8910891089108911,0.8910891089108911,0.892831683168317,0.0077954438116860855,0.9436619718309859,0.9571428571428572,0.8857142857142857,0.9714285714285714,0.9,0.93158953722334,0.033130958469909835,45,0.9535714285714286,0.9537366548042705,0.9608540925266904,0.9466192170818505,0.9537366548042705,0.9537036095577021,0.0045019480057297105,0.9905982905982905,0.9448888888888889,0.9733333333333334,0.976,0.9244444444444444,0.9618529914529914,0.023855433295446395,111,0.9800555555555556,0.9865786578657865,0.9837733773377337,0.9821232123212321,0.987018701870187,0.9839099009900989,0.0026402189306746326
1.686538314819336,0.04883534399550562,0.07248907089233399,0.01114587166698965,500,4,1,0.001,64,0.7,6,log_loss,balanced_subsample,0.01,True,0.6,"{'n_estimators': 500, 'min_samples_split': 4, 'min_samples_leaf': 1, 'min_impurity_decrease': 0.001, 'max_samples': 0.6, 'max_leaf_nodes': 64, 'max_features': 0.7, 'max_depth': 6, 'criterion': 'log_loss', 'class_weight': 'balanced_subsample', 'ccp_alpha': 0.01, 'bootstrap': True}",0.9204927211646137,0.9519560741249142,0.9028677150786308,0.9682971014492754,0.8755555555555555,0.9238338334745979,0.03331478917559652,55,0.9723285002329489,0.9725144973101376,0.96866287498606,0.9804603296015576,0.9883300801528303,0.976459256456707,0.007075773841429566,0.9473684210526315,0.967741935483871,0.9361702127659575,0.9782608695652174,0.9111111111111111,0.9481305099957578,0.023691821207428222,49,0.9809264305177112,0.9809264305177112,0.9781420765027322,0.9863013698630136,0.9917355371900827,0.9836063689182503,0.004849103796531845,0.8936170212765957,0.9361702127659575,0.8695652173913043,0.9583333333333334,0.84,0.8995371569534383,0.043074376050514444,55,0.9637305699481865,0.9641025641025641,0.9591836734693877,0.9746192893401016,0.9849246231155779,0.9693121439951635,0.009303707891893921,0.8076923076923077,0.88,0.8,0.92,0.84,0.8495384615384616,0.04514172291715275,141,0.93,0.9306930693069307,0.9306930693069307,0.9504950495049505,0.9702970297029703,0.9424356435643564,0.015947615451359847,0.9295774647887324,0.9571428571428572,0.9142857142857143,0.9714285714285714,0.8857142857142857,0.9316297786720323,0.030489742974323775,43,0.975,0.9750889679715302,0.9715302491103203,0.9822064056939501,0.9893238434163701,0.9786298932384341,0.006376068305260364,0.994017094017094,0.9653333333333334,0.9706666666666666,0.9804444444444445,0.9457777777777778,0.9712478632478632,0.016044062346906515,32,0.9996111111111111,0.9995599559955997,0.9993949394939494,0.9995049504950495,0.9997799779977997,0.9995701870187018,0.00012708989655686942
0.40292673110961913,0.011139081423818146,0.043238592147827146,0.004386651468387641,200,20,2,0.005,,0.3,4,log_loss,,0.01,True,0.6,"{'n_estimators': 200, 'min_samples_split': 20, 'min_samples_leaf': 2, 'min_impurity_decrease': 0.005, 'max_samples': 0.6, 'max_leaf_nodes': None, 'max_features': 0.3, 'max_depth': 4, 'criterion': 'log_loss', 'class_weight': None, 'ccp_alpha': 0.01, 'bootstrap': True}",0.9370567375886525,0.9365942028985508,0.9028677150786308,0.9519560741249142,0.8901098901098901,0.9237169239601275,0.023260897565340853,56,0.948353410235673,0.95299431247909,0.9565974416220846,0.9487060673715546,0.9604448198198199,0.9534192103056445,0.004637174315799823,0.9574468085106383,0.9565217391304348,0.9361702127659575,0.967741935483871,0.9230769230769231,0.9481915237935649,0.016202015109189307,48,0.964769647696477,0.9672131147540983,0.9701897018970189,0.964769647696477,0.972972972972973,0.9679830170034089,0.003194161951962764,0.9166666666666666,0.9166666666666666,0.8695652173913043,0.9361702127659575,0.8571428571428571,0.8992423241266904,0.030410459285454168,56,0.9319371727748691,0.9387755102040817,0.9430051813471503,0.9326424870466321,0.9479166666666666,0.93885540360788,0.006095830977277766,0.8461538461538461,0.88,0.8,0.88,0.84,0.8492307692307692,0.029704660642823795,146,0.89,0.9108910891089109,0.900990099009901,0.8910891089108911,0.900990099009901,0.8987920792079208,0.007650948057323695,0.9436619718309859,0.9428571428571428,0.9142857142857143,0.9571428571428572,0.9,0.93158953722334,0.021085520734501532,45,0.9535714285714286,0.9572953736654805,0.9608540925266904,0.9537366548042705,0.9644128113879004,0.9579740721911542,0.004184530755498011,0.9931623931623932,0.9573333333333334,0.9715555555555556,0.9733333333333333,0.952,0.969476923076923,0.01437430845859359,45,0.9848333333333333,0.9890539053905391,0.9885038503850385,0.9868536853685368,0.99004400440044,0.9878577557755776,0.001832112643202141
0.7630534648895264,0.023175209159178894,0.06678862571716308,0.005068161964541313,500,12,4,0.001,64,sqrt,4,gini,,0.0,True,0.8,"{'n_estimators': 500, 'min_samples_split': 12, 'min_samples_leaf': 4, 'min_impurity_decrease': 0.001, 'max_samples': 0.8, 'max_leaf_nodes': 64, 'max_features': 'sqrt', 'max_depth': 4, 'criterion': 'gini', 'class_weight': None, 'ccp_alpha': 0.0, 'bootstrap': True}",0.9382608695652175,0.9519560741249142,0.8853801169590643,0.9519560741249142,0.8901098901098901,0.9235326049768002,0.029682989019410654,57,0.9480882499750425,0.9525337837837837,0.9525337837837837,0.9443406904357668,0.9525337837837837,0.950006058352432,0.0033148927636492574,0.9565217391304348,0.967741935483871,0.9263157894736842,0.967741935483871,0.9230769230769231,0.9482796645297569,0.019713354657810045,45,0.9649595687331537,0.9675675675675676,0.9675675675675676,0.9623655913978495,0.9675675675675676,0.9660055725667412,0.002081493313829552,0.92,0.9361702127659575,0.8444444444444444,0.9361702127659575,0.8571428571428571,0.8987855454238434,0.03983051224989581,57,0.9312169312169312,0.9375,0.9375,0.9263157894736842,0.9375,0.9340065441381231,0.004550655977665546,0.8846153846153846,0.88,0.76,0.88,0.84,0.8489230769230769,0.04731263263760104,148,0.88,0.8910891089108911,0.8910891089108911,0.8712871287128713,0.8910891089108911,0.884910891089109,0.008052761997394913,0.9436619718309859,0.9571428571428572,0.9,0.9571428571428572,0.9,0.93158953722334,0.02625827762494653,45,0.9535714285714286,0.9572953736654805,0.9572953736654805,0.9501779359430605,0.9572953736654805,0.9551270971021861,0.002864212649974887,0.9923076923076923,0.9502222222222222,0.9804444444444445,0.9768888888888889,0.9511111111111111,0.9701948717948717,0.016744772845117894,41,0.9856666666666667,0.9913641364136414,0.9864136413641365,0.9876787678767877,0.990924092409241,0.9884094609460947,0.0023278147322539126
0.5602971076965332,0.028790849998055895,0.04439353942871094,0.004428476835569475,300,4,2,0.0,16,sqrt,4,entropy,,0.01,True,,"{'n_estimators': 300, 'min_samples_split': 4, 'min_samples_leaf': 2, 'min_impurity_decrease': 0.0, 'max_samples': None, 'max_leaf_nodes': 16, 'max_features': 'sqrt', 'max_depth': 4, 'criterion': 'entropy', 'class_weight': None, 'ccp_alpha': 0.01, 'bootstrap': True}",0.9382608695652175,0.9519560741249142,0.8853801169590643,0.9519560741249142,0.8901098901098901,0.9235326049768002,0.029682989019410654,57,0.9519560741249142,0.9563793906380096,0.9563793906380096,0.9481821921500205,0.9522920203735145,0.9530378135848936,0.003086606605838752,0.9565217391304348,0.967741935483871,0.9263157894736842,0.967741935483871,0.9230769230769231,0.9482796645297569,0.019713354657810045,45,0.967741935483871,0.9703504043126685,0.9703504043126685,0.9651474530831099,0.967741935483871,0.9682664265352378,0.001947516566022296,0.92,0.9361702127659575,0.8444444444444444,0.9361702127659575,0.8571428571428571,0.8987855454238434,0.03983051224989581,57,0.9361702127659575,0.9424083769633508,0.9424083769633508,0.9312169312169312,0.9368421052631579,0.9378092006345495,0.004228106350886574,0.8846153846153846,0.88,0.76,0.88,0.84,0.8489230769230769,0.04731263263760104,148,0.88,0.8910891089108911,0.8910891089108911,0.8712871287128713,0.8811881188118812,0.882930693069307,0.007487557891863119,0.9436619718309859,0.9571428571428572,0.9,0.9571428571428572,0.9,0.93158953722334,0.02625827762494653,45,0.9571428571428572,0.9608540925266904,0.9608540925266904,0.9537366548042705,0.9572953736654805,0.9579766141331977,0.0026719378067158977,0.9931623931623932,0.96,0.9822222222222222,0.9724444444444444,0.9555555555555555,0.972676923076923,0.013890045868970087,17,0.9880555555555556,0.9949394939493951,0.9929042904290429,0.993014301430143,0.9932893289328933,0.992440594059406,0.0023124691866645143
0.18389954566955566,0.014298056443937246,0.02917618751525879,0.004847857030893875,100,12,4,0.005,8,sqrt,,entropy,,0.001,True,0.6,"{'n_estimators': 100, 'min_samples_split': 12, 'min_samples_leaf': 4, 'min_impurity_decrease': 0.005, 'max_samples': 0.6, 'max_leaf_nodes': 8, 'max_features': 'sqrt', 'max_depth': None, 'criterion': 'entropy', 'class_weight': None, 'ccp_alpha': 0.001, 'bootstrap': True}",0.9532587228439764,0.9365942028985508,0.8853801169590643,0.9519560741249142,0.8901098901098901,0.9234598013872791,0.029781889568466086,59,0.9524456521739131,0.9565974416220846,0.9565974416220846,0.9489554950045413,0.9405173508700131,0.9510226762585272,0.005980233741729439,0.967741935483871,0.9565217391304348,0.9263157894736842,0.967741935483871,0.9230769230769231,0.9482796645297569,0.019713354657810045,45,0.967391304347826,0.9701897018970189,0.9701897018970189,0.9645776566757494,0.9595687331536388,0.9663834195942504,0.003992295896221052,0.9387755102040817,0.9166666666666666,0.8444444444444444,0.9361702127659575,0.8571428571428571,0.8986399382448015,0.040008768708805466,60,0.9375,0.9430051813471503,0.9430051813471503,0.9333333333333333,0.9214659685863874,0.9356619329228042,0.00797712811621444,0.8846153846153846,0.88,0.76,0.88,0.84,0.8489230769230769,0.04731263263760104,148,0.9,0.900990099009901,0.900990099009901,0.900990099009901,0.8712871287128713,0.8948514851485149,0.011788416686049292,0.9577464788732394,0.9428571428571428,0.9,0.9571428571428572,0.9,0.9315492957746478,0.02630553675256576,55,0.9571428571428572,0.9608540925266904,0.9608540925266904,0.9537366548042705,0.9466192170818505,0.9558413828164717,0.005318393997105676,0.9965811965811966,0.9475555555555556,0.9715555555555555,0.9813333333333333,0.9475555555555556,0.9689162393162393,0.019178413364823774,55,0.9927222222222223,0.9943894389438944,0.9903740374037404,0.9915291529152915,0.995049504950495,0.9928128712871287,0.001737363320804648
0.36653590202331543,0.019418904753146417,0.041869831085205075,0.003363558660282084,200,2,8,0.0,8,sqrt,4,entropy,,0.005,True,0.8,"{'n_estimators': 200, 'min_samples_split': 2, 'min_samples_leaf': 8, 'min_impurity_decrease': 0.0, 'max_samples': 0.8, 'max_leaf_nodes': 8, 'max_features': 'sqrt', 'max_depth': 4, 'criterion': 'entropy', 'class_weight': None, 'ccp_alpha': 0.005, 'bootstrap': True}",0.9370567375886525,0.9365942028985508,0.8853801169590643,0.9519560741249142,0.9048913043478262,0.9231756871838016,0.02434696934369743,60,0.9480882499750425,0.9565974416220846,0.9525337837837837,0.9443406904357668,0.9446227477477478,0.949236582712885,0.00472503293394972,0.9574468085106383,0.9565217391304348,0.9263157894736842,0.967741935483871,0.9347826086956522,0.9485617762588561,0.015459189511160919,44,0.9649595687331537,0.9701897018970189,0.9675675675675676,0.9623655913978495,0.9621621621621622,0.9654489183515503,0.003082623477703375,0.9166666666666666,0.9166666666666666,0.8444444444444444,0.9361702127659575,0.875,0.8977895981087471,0.03331915430371045,62,0.9312169312169312,0.9430051813471503,0.9375,0.9263157894736842,0.9270833333333334,0.9330242470742197,0.006375196675805888,0.8461538461538461,0.88,0.76,0.88,0.84,0.8412307692307692,0.0438868906576626,153,0.88,0.900990099009901,0.8910891089108911,0.8712871287128713,0.8811881188118812,0.884910891089109,0.010200922397654274,0.9436619718309859,0.9428571428571428,0.9,0.9571428571428572,0.9142857142857143,0.93158953722334,0.02108552073450153,45,0.9535714285714286,0.9608540925266904,0.9572953736654805,0.9501779359430605,0.9501779359430605,0.9544153533299442,0.0041563325371337095,0.9948717948717949,0.9528888888888889,0.9697777777777777,0.9768888888888889,0.9404444444444445,0.9669743589743589,0.018903231589113303,71,0.9830555555555556,0.9903740374037404,0.9864136413641363,0.9864136413641365,0.9918591859185919,0.9876232123212322,0.003140067613336236
0.794508695602417,0.04495668124563872,0.0758173942565918,0.007865711452223666,500,4,12,0.005,32,log2,3,gini,,0.0,True,,"{'n_estimators': 500, 'min_samples_split': 4, 'min_samples_leaf': 12, 'min_impurity_decrease': 0.005, 'max_samples': None, 'max_leaf_nodes': 32, 'max_features': 'log2', 'max_depth': 3, 'criterion': 'gini', 'class_weight': None, 'ccp_alpha': 0.0, 'bootstrap': True}",0.9204927211646137,0.9519560741249142,0.8853801169590643,0.9519560741249142,0.9048913043478262,0.9229352581442665,0.026177679061791383,61,0.9397858095224441,0.9443406904357668,0.9443406904357668,0.9360564341790876,0.9484483707540114,0.9425943990654154,0.004266174204294888,0.9473684210526315,0.967741935483871,0.9263157894736842,0.967741935483871,0.9347826086956522,0.948790138037942,0.016862204800750274,43,0.9597855227882037,0.9623655913978495,0.9623655913978495,0.9572192513368984,0.9649595687331537,0.9613391051307909,0.002630662205118789,0.8936170212765957,0.9361702127659575,0.8444444444444444,0.9361702127659575,0.875,0.8970803782505911,0.03556995866666422,64,0.9197860962566845,0.9263157894736842,0.9263157894736842,0.9148936170212766,0.9319371727748691,0.9238496930000396,0.00590414613933129,0.8076923076923077,0.88,0.76,0.88,0.84,0.8335384615384616,0.045683759884227605,156,0.86,0.8712871287128713,0.8712871287128713,0.8514851485148515,0.8811881188118812,0.867049504950495,0.010273850529641805,0.9295774647887324,0.9571428571428572,0.9,0.9571428571428572,0.9142857142857143,0.9316297786720323,0.02283552410903247,43,0.9464285714285714,0.9501779359430605,0.9501779359430605,0.9430604982206405,0.9537366548042705,0.9487163192679207,0.0036523558808783992,0.994017094017094,0.9413333333333334,0.9573333333333334,0.9733333333333334,0.9262222222222222,0.9584478632478632,0.023746109777474808,127,0.9736666666666667,0.9826732673267327,0.9749174917491749,0.976952695269527,0.9842684268426842,0.978495709570957,0.004225646572730682
1.0220226287841796,0.04994120225115323,0.07887735366821289,0.004174351073905942,500,20,2,0.001,,0.3,6,gini,,0.0,False,,"{'n_estimators': 500, 'min_samples_split': 20, 'min_samples_leaf': 2, 'min_impurity_decrease': 0.001, 'max_leaf_nodes': None, 'max_features': 0.3, 'max_depth': 6, 'criterion': 'gini', 'class_weight': None, 'ccp_alpha': 0.0, 'bootstrap': False}",0.9382608695652175,0.9519560741249142,0.9048913043478262,0.9529042386185244,0.8612029081295439,0.9218430789572052,0.03494488502296179,62,0.9723285002329489,0.9685118780815778,0.96866287498606,0.9604448198198199,0.9726444614421806,0.9685185069125174,0.004398746622287533,0.9565217391304348,0.967741935483871,0.9347826086956522,0.967032967032967,0.898876404494382,0.9449911309674615,0.025950639655127932,69,0.9809264305177112,0.9782608695652174,0.9781420765027322,0.972972972972973,0.9808219178082191,0.9782248534733707,0.002885607723237751,0.92,0.9361702127659575,0.875,0.9387755102040817,0.8235294117647058,0.898695026946949,0.0439910458498714,59,0.9637305699481865,0.9587628865979382,0.9591836734693877,0.9479166666666666,0.9644670050761421,0.9588121603516642,0.005916422134303595,0.8846153846153846,0.88,0.84,0.92,0.84,0.8729230769230769,0.0302353686068634,61,0.93,0.9207920792079208,0.9306930693069307,0.900990099009901,0.9405940594059405,0.9246138613861387,0.013371777403851103,0.9436619718309859,0.9571428571428572,0.9142857142857143,0.9571428571428572,0.8714285714285714,0.9287323943661973,0.03264853982113037,63,0.975,0.9715302491103203,0.9715302491103203,0.9644128113879004,0.9750889679715302,0.9715124555160142,0.0038822670655713223,0.9897435897435898,0.9608888888888889,0.9777777777777779,0.9742222222222222,0.9484444444444445,0.9702153846153847,0.014251685457814692,40,0.9947222222222222,0.9948294829482948,0.9942244224422443,0.9943344334433444,0.9966446644664466,0.9949510451045104,0.0008767752558566339
0.45183453559875486,0.03088783289287704,0.05000481605529785,0.0059835280649421,300,8,8,0.005,64,sqrt,3,gini,balanced,0.001,False,,"{'n_estimators': 300, 'min_samples_split': 8, 'min_samples_leaf': 8, 'min_impurity_decrease': 0.005, 'max_leaf_nodes': 64, 'max_features': 'sqrt', 'max_depth': 3, 'criterion': 'gini', 'class_weight': 'balanced', 'ccp_alpha': 0.001, 'bootstrap': False}",0.9541047188106011,0.9519560741249142,0.8878975062914665,0.9529042386185244,0.8612029081295439,0.92161308919501,0.03934887360183508,63,0.9409905163329821,0.9491968569640499,0.9606398476019722,0.9413809888046728,0.9611878453038674,0.950679211001509,0.00885630611802956,0.967032967032967,0.967741935483871,0.9247311827956989,0.967032967032967,0.898876404494382,0.9450830913679773,0.02837701673698013,68,0.958904109589041,0.9643835616438357,0.9728260869565217,0.958904109589041,0.9723756906077348,0.9654787116772348,0.0061514613010935,0.9411764705882353,0.9361702127659575,0.851063829787234,0.9387755102040817,0.8235294117647058,0.8981430870220428,0.050463026473511204,61,0.9230769230769231,0.934010152284264,0.9484536082474226,0.9238578680203046,0.95,0.9358797103257828,0.011570797642821174,0.9230769230769231,0.88,0.8,0.92,0.84,0.8726153846153846,0.0472926179860698,96,0.9,0.9108910891089109,0.9108910891089109,0.900990099009901,0.9405940594059405,0.9126732673267327,0.014717547862227334,0.9577464788732394,0.9571428571428572,0.9,0.9571428571428572,0.8714285714285714,0.928692152917505,0.03623643581413666,69,0.9464285714285714,0.9537366548042705,0.9644128113879004,0.9466192170818505,0.9644128113879004,0.9551220132180986,0.00803032442036113,0.9905982905982906,0.9555555555555556,0.9662222222222222,0.9742222222222223,0.9244444444444444,0.962208547008547,0.022076255387622125,107,0.9801666666666666,0.9887238723872387,0.9820682068206821,0.9837183718371837,0.9865236523652365,0.9842401540154014,0.0030627113997276335
1.614551305770874,0.05390225077031569,0.07437429428100586,0.0038683024996661692,500,12,2,0.001,16,,4,entropy,,0.005,True,0.6,"{'n_estimators': 500, 'min_samples_split': 12, 'min_samples_leaf': 2, 'min_impurity_decrease': 0.001, 'max_samples': 0.6, 'max_leaf_nodes': 16, 'max_features': None, 'max_depth': 4, 'criterion': 'entropy', 'class_weight': None, 'ccp_alpha': 0.005, 'bootstrap': True}",0.9370567375886525,0.9519560741249142,0.9028677150786308,0.9537343027098479,0.8612029081295439,0.9213635475263178,0.0351893251987929,64,0.948353410235673,0.960828593732575,0.9606398476019722,0.9448957866427612,0.960828593732575,0.9551092463891113,0.007013779294624079,0.9574468085106383,0.967741935483871,0.9361702127659575,0.9662921348314607,0.898876404494382,0.9453054992172619,0.02580836389018002,67,0.964769647696477,0.9726775956284153,0.9728260869565217,0.9619565217391305,0.9726775956284153,0.9689814895297919,0.004673181230101634,0.9166666666666666,0.9361702127659575,0.8695652173913043,0.9411764705882353,0.8235294117647058,0.8974215958353738,0.04477130736694179,63,0.9319371727748691,0.9489795918367347,0.9484536082474226,0.9278350515463918,0.9489795918367347,0.9412370032484306,0.0093602767060351,0.8461538461538461,0.88,0.8,0.96,0.84,0.8652307692307692,0.053767855160129906,101,0.89,0.9207920792079208,0.9108910891089109,0.8910891089108911,0.9207920792079208,0.9067128712871287,0.013691805673243528,0.9436619718309859,0.9571428571428572,0.9142857142857143,0.9571428571428572,0.8714285714285714,0.9287323943661973,0.03264853982113037,63,0.9535714285714286,0.9644128113879004,0.9644128113879004,0.9501779359430605,0.9644128113879004,0.959397559735638,0.006235439272830631,0.9863247863247863,0.96,0.9680000000000001,0.9715555555555555,0.9359999999999999,0.9643760683760684,0.016557628858523552,86,0.9907777777777778,0.9922992299229924,0.9908140814081408,0.9906490649064906,0.9927392739273928,0.9914558855885588,0.000881024144587828
0.40996079444885253,0.012983784706061364,0.03170056343078613,0.0019898532329570375,100,4,8,0.001,32,0.5,16,log_loss,,0.001,False,,"{'n_estimators': 100, 'min_samples_split': 4, 'min_samples_leaf': 8, 'min_impurity_decrease': 0.001, 'max_leaf_nodes': 32, 'max_features': 0.5, 'max_depth': 16, 'criterion': 'log_loss', 'class_weight': None, 'ccp_alpha': 0.001, 'bootstrap': False}",0.9370567375886525,0.9519560741249142,0.8731884057971014,0.9682971014492754,0.8755555555555555,0.9212107749030999,0.03950705530284189,65,0.980330172110994,0.9725144973101376,0.96866287498606,0.9844044844044844,0.9844044844044844,0.9780633026432319,0.006398705340999108,0.9574468085106383,0.967741935483871,0.9130434782608695,0.9782608695652174,0.9111111111111111,0.9455208405863414,0.02809528007723906,66,0.9863013698630136,0.9809264305177112,0.9781420765027322,0.989010989010989,0.989010989010989,0.984678370981087,0.004404031927797242,0.9166666666666666,0.9361702127659575,0.8333333333333334,0.9583333333333334,0.84,0.8969007092198582,0.050961272108995224,65,0.9743589743589743,0.9641025641025641,0.9591836734693877,0.9797979797979798,0.9797979797979798,0.9714482343053771,0.008393893381146463,0.8461538461538461,0.88,0.8,0.92,0.84,0.8572307692307692,0.04038161160990257,131,0.95,0.9306930693069307,0.9306930693069307,0.9603960396039604,0.9603960396039604,0.9464356435643564,0.013402591096251616,0.9436619718309859,0.9571428571428572,0.8857142857142857,0.9714285714285714,0.8857142857142857,0.928732394366197,0.03620531883074101,67,0.9821428571428571,0.9750889679715302,0.9715302491103203,0.9857651245551602,0.9857651245551602,0.9800584646670056,0.0057775943806944756,0.9888888888888889,0.9573333333333334,0.9555555555555556,0.9857777777777778,0.9413333333333334,0.9657777777777777,0.01847948478785843,78,0.9996111111111111,0.9996149614961496,0.9988998899889989,0.9992849284928493,0.9998349834983499,0.9994491749174917,0.00032595938465027985
0.35250306129455566,0.0298433112076387,0.04628181457519531,0.0006043833764088974,200,20,1,0.005,64,log2,10,entropy,,0.005,True,0.6,"{'n_estimators': 200, 'min_samples_split': 20, 'min_samples_leaf': 1, 'min_impurity_decrease': 0.005, 'max_samples': 0.6, 'max_leaf_nodes': 64, 'max_features': 'log2', 'max_depth': 10, 'criterion': 'entropy', 'class_weight': None, 'ccp_alpha': 0.005, 'bootstrap': True}",0.9382608695652175,0.9215070643642072,0.9028677150786308,0.9529042386185244,0.8901098901098901,0.921129955547294,0.022798988475439246,66,0.9524456521739131,0.960828593732575,0.9606398476019722,0.9489554950045413,0.960828593732575,0.9567396364491154,0.005053354318739255,0.9565217391304348,0.945054945054945,0.9361702127659575,0.967032967032967,0.9230769230769231,0.9455713574122455,0.0153307490080272,65,0.967391304347826,0.9726775956284153,0.9728260869565217,0.9645776566757494,0.9726775956284153,0.9700300478473854,0.0034213561624155324,0.92,0.8979591836734694,0.8695652173913043,0.9387755102040817,0.8571428571428571,0.8966885536823425,0.030383835918487843,66,0.9375,0.9489795918367347,0.9484536082474226,0.9333333333333333,0.9489795918367347,0.9434492250508452,0.006692358458677422,0.8846153846153846,0.88,0.8,0.92,0.84,0.8649230769230769,0.04119401346751892,112,0.9,0.9207920792079208,0.9108910891089109,0.900990099009901,0.9207920792079208,0.9106930693069307,0.009083045497964138,0.9436619718309859,0.9285714285714286,0.9142857142857143,0.9571428571428572,0.9,0.9287323943661973,0.020319102538304667,63,0.9571428571428572,0.9644128113879004,0.9644128113879004,0.9537366548042705,0.9644128113879004,0.9608235892221657,0.004525924775075286,0.994017094017094,0.952,0.983111111111111,0.9795555555555556,0.9573333333333334,0.9732034188034188,0.015957228242167266,15,0.9947222222222223,0.9957095709570957,0.993949394939494,0.9937293729372937,0.9953795379537954,0.9946980198019801,0.000772917126348508
0.24882187843322753,0.022549640434388993,0.02667412757873535,0.003479450130158073,100,8,2,0.001,64,0.7,4,entropy,balanced,0.0,True,0.6,"{'n_estimators': 100, 'min_samples_split': 8, 'min_samples_leaf': 2, 'min_impurity_decrease': 0.001, 'max_samples': 0.6, 'max_leaf_nodes': 64, 'max_features': 0.7, 'max_depth': 4, 'criterion': 'entropy', 'class_weight': 'balanced', 'ccp_alpha': 0.0, 'bootstrap': True}",0.9204927211646137,0.9519560741249142,0.8878975062914665,0.9688888888888889,0.8755555555555555,0.9209581492050877,0.03581297362464863,67,0.9524456521739131,0.960828593732575,0.96866287498606,0.9527678171223666,0.9685118780815778,0.9606433632192986,0.007148245913043536,0.9473684210526315,0.967741935483871,0.9247311827956989,0.9777777777777777,0.9111111111111111,0.945746085644218,0.025114483016485802,64,0.967391304347826,0.9726775956284153,0.9781420765027322,0.967391304347826,0.9782608695652174,0.9727726300784034,0.004834833861720465,0.8936170212765957,0.9361702127659575,0.851063829787234,0.96,0.84,0.8961702127659574,0.04662711467101667,68,0.9375,0.9489795918367347,0.9591836734693877,0.9381443298969072,0.9587628865979382,0.9485140963601936,0.009465058248101137,0.8076923076923077,0.88,0.8,0.96,0.84,0.8575384615384616,0.058490680995468045,128,0.9,0.9207920792079208,0.9306930693069307,0.900990099009901,0.9207920792079208,0.9146534653465347,0.012116482012497718,0.9295774647887324,0.9571428571428572,0.9,0.9714285714285714,0.8857142857142857,0.9287726358148894,0.03257892612127053,62,0.9571428571428572,0.9644128113879004,0.9715302491103203,0.9572953736654805,0.9715302491103203,0.9643823080833757,0.006400333454823494,0.9957264957264957,0.9582222222222222,0.9733333333333334,0.9777777777777777,0.9404444444444444,0.9691008547008547,0.018663665893239634,51,0.9935,0.9930693069306931,0.9914191419141913,0.9926842684268427,0.996039603960396,0.9933424642464246,0.0015169960843757317
0.32367520332336425,0.020680272388623803,0.03935704231262207,0.0063508615430533,200,2,12,0.0,16,log2,4,entropy,,0.01,False,,"{'n_estimators': 200, 'min_samples_split': 2, 'min_samples_leaf': 12, 'min_impurity_decrease': 0.0, 'max_leaf_nodes': 16, 'max_features': 'log2', 'max_depth': 4, 'criterion': 'entropy', 'class_weight': None, 'ccp_alpha': 0.01, 'bootstrap': False}",0.9370567375886525,0.9519560741249142,0.8704902867715079,0.9519560741249142,0.8901098901098901,0.9203138125439757,0.03369703733496098,68,0.9519560741249142,0.9565974416220846,0.9565974416220846,0.9481821921500205,0.9484483707540114,0.952356304054623,0.0037102515441159944,0.9574468085106383,0.967741935483871,0.9148936170212766,0.967741935483871,0.9230769230769231,0.9461802439153161,0.022668767150174317,63,0.967741935483871,0.9701897018970189,0.9701897018970189,0.9651474530831099,0.9649595687331537,0.9676456722188345,0.0022982467843575406,0.9166666666666666,0.9361702127659575,0.8260869565217391,0.9361702127659575,0.8571428571428571,0.8944473811726356,0.04481084951601312,71,0.9361702127659575,0.9430051813471503,0.9430051813471503,0.9312169312169312,0.9319371727748691,0.9370669358904117,0.005135497149686858,0.8461538461538461,0.88,0.76,0.88,0.84,0.8412307692307692,0.0438868906576626,153,0.88,0.900990099009901,0.900990099009901,0.8712871287128713,0.8811881188118812,0.886891089108911,0.012008819423518372,0.9436619718309859,0.9571428571428572,0.8857142857142857,0.9571428571428572,0.9,0.9287323943661973,0.030044331351013406,63,0.9571428571428572,0.9608540925266904,0.9608540925266904,0.9537366548042705,0.9537366548042705,0.9572648703609558,0.003183599496301767,0.9905982905982905,0.9626666666666667,0.9635555555555555,0.976,0.9431111111111111,0.9671863247863248,0.01574183421451066,68,0.9861111111111112,0.9919141914191419,0.9863036303630363,0.9888338833883388,0.992959295929593,0.9892244224422442,0.002812841683519816
0.48565211296081545,0.029134235708667012,0.051779747009277344,0.007897993308330076,300,12,12,0.0,8,sqrt,6,log_loss,,0.01,True,0.6,"{'n_estimators': 300, 'min_samples_split': 12, 'min_samples_leaf': 12, 'min_impurity_decrease': 0.0, 'max_samples': 0.6, 'max_leaf_nodes': 8, 'max_features': 'sqrt', 'max_depth': 6, 'criterion': 'log_loss', 'class_weight': None, 'ccp_alpha': 0.01, 'bootstrap': True}",0.9370567375886525,0.9365942028985508,0.8853801169590643,0.9682971014492754,0.8704902867715079,0.9195636891334102,0.03618758363108014,69,0.932115403813517,0.9322382512731038,0.9322382512731038,0.9370237561631556,0.9363893604980192,0.9340010046041799,0.0022186193822787896,0.9574468085106383,0.9565217391304348,0.9263157894736842,0.9782608695652174,0.9148936170212766,0.9466877647402502,0.022957396319643022,60,0.954177897574124,0.9544235924932976,0.9544235924932976,0.9565217391304348,0.956989247311828,0.9553072138005965,0.0011950930406059738,0.9166666666666666,0.9166666666666666,0.8444444444444444,0.9583333333333334,0.8260869565217391,0.8924396135265701,0.049441063630348656,77,0.91005291005291,0.91005291005291,0.91005291005291,0.9175257731958762,0.9157894736842105,0.9126947954077634,0.003281891366529971,0.8461538461538461,0.88,0.76,0.92,0.76,0.8332307692307692,0.06420086821289835,157,0.86,0.8514851485148515,0.8514851485148515,0.8811881188118812,0.8613861386138614,0.8611089108910891,0.010860154085919994,0.9436619718309859,0.9428571428571428,0.9,0.9714285714285714,0.8857142857142857,0.928732394366197,0.0313734680803814,67,0.9392857142857143,0.9395017793594306,0.9395017793594306,0.9430604982206405,0.9430604982206405,0.9408820538891713,0.0017804412427871981,0.994017094017094,0.9377777777777778,0.9582222222222222,0.9724444444444444,0.9208888888888889,0.9566700854700855,0.02562519032390849,132,0.981,0.9856435643564356,0.9855335533553355,0.9846534653465346,0.9886688668866885,0.9850998899889989,0.0024588466691782703
0.46070432662963867,0.02807175298756415,0.041942262649536134,0.0011900735689329635,200,2,8,0.0,16,0.3,8,log_loss,balanced,0.01,True,,"{'n_estimators': 200, 'min_samples_split': 2, 'min_samples_leaf': 8, 'min_impurity_decrease': 0.0, 'max_samples': None, 'max_leaf_nodes': 16, 'max_features': 0.3, 'max_depth': 8, 'criterion': 'log_loss', 'class_weight': 'balanced', 'ccp_alpha': 0.01, 'bootstrap': True}",0.9847015729368671,0.9066666666666667,0.9048913043478262,0.9388111888111889,0.8612029081295439,0.9192547281784185,0.040989085593765955,70,0.9609353200513422,0.9498744459843298,0.9648285932828037,0.9463564961274136,0.961523715631504,0.9567037142154786,0.007222968755217165,0.989010989010989,0.9333333333333333,0.9347826086956522,0.9545454545454546,0.898876404494382,0.9421097580159621,0.029510024131187706,76,0.9723756906077348,0.9637883008356546,0.9753424657534246,0.9606741573033708,0.9720670391061452,0.968849530721266,0.005610653216169684,0.9803921568627451,0.88,0.875,0.9230769230769231,0.8235294117647058,0.8963996983408749,0.05254214169333193,67,0.9494949494949495,0.9359605911330049,0.9543147208121827,0.9320388349514563,0.9509803921568627,0.9445578977096911,0.008848266779722905,0.9615384615384616,0.88,0.84,0.96,0.84,0.8963076923076922,0.054623834665917304,5,0.94,0.9405940594059405,0.9306930693069307,0.9504950495049505,0.9603960396039604,0.9444356435643563,0.010146346061425058,0.9859154929577465,0.9142857142857143,0.9142857142857143,0.9428571428571428,0.8714285714285714,0.9257545271629777,0.03775239879272754,76,0.9642857142857143,0.9537366548042705,0.9679715302491103,0.9501779359430605,0.9644128113879004,0.9601169293340112,0.006885050745349197,0.9974358974358974,0.9608888888888889,0.9671111111111111,0.9795555555555556,0.9377777777777778,0.9685538461538462,0.01981519586067366,58,0.9948333333333333,0.9955995599559957,0.9948844884488448,0.9942794279427943,0.9965896589658966,0.995237293729373,0.0007956495440260067
0.7852631568908691,0.03241807365594795,0.07022619247436523,0.004918030728563123,500,8,4,0.01,16,log2,4,gini,balanced,0.005,True,0.8,"{'n_estimators': 500, 'min_samples_split': 8, 'min_samples_leaf': 4, 'min_impurity_decrease': 0.01, 'max_samples': 0.8, 'max_leaf_nodes': 16, 'max_features': 'log2', 'max_depth': 4, 'criterion': 'gini', 'class_weight': 'balanced', 'ccp_alpha': 0.005, 'bootstrap': True}",0.9532587228439764,0.9365942028985508,0.9048913043478262,0.9228905045164133,0.8755555555555555,0.9186380580324645,0.026773763755141965,71,0.9526787223255028,0.9532134532134533,0.95299431247909,0.941910943895481,0.9611878453038674,0.9523970554434789,0.006137411168960383,0.967741935483871,0.9565217391304348,0.9347826086956522,0.9438202247191011,0.9111111111111111,0.942795523828034,0.01939015869497491,74,0.9672131147540983,0.967032967032967,0.9672131147540983,0.9584487534626038,0.9723756906077348,0.9664567281223005,0.004486380898007062,0.9387755102040817,0.9166666666666666,0.875,0.9019607843137255,0.84,0.8944805922368948,0.034228185269489356,70,0.9381443298969072,0.9393939393939394,0.9387755102040817,0.9253731343283582,0.95,0.9383373827646573,0.007815803417051863,0.8846153846153846,0.88,0.84,0.92,0.84,0.8729230769230769,0.0302353686068634,61,0.91,0.9207920792079208,0.9108910891089109,0.9207920792079208,0.9405940594059405,0.9206138613861385,0.011013248298058928,0.9577464788732394,0.9428571428571428,0.9142857142857143,0.9285714285714286,0.8857142857142857,0.9258350100603622,0.02473314208893942,72,0.9571428571428572,0.9572953736654805,0.9572953736654805,0.9466192170818505,0.9644128113879004,0.9565531265887138,0.005690463018165414,0.9931623931623932,0.9528888888888889,0.9742222222222222,0.9742222222222223,0.9448888888888889,0.9678769230769231,0.017163749733562203,66,0.985,0.9914741474147414,0.9880638063806381,0.9870737073707372,0.9920242024202419,0.9887271727172717,0.00266391042882265
0.6884685039520264,0.027644538057315378,0.05221538543701172,0.006213156544523628,300,8,4,0.0,64,log2,5,gini,balanced_subsample,0.005,True,0.6,"{'n_estimators': 300, 'min_samples_split': 8, 'min_samples_leaf': 4, 'min_impurity_decrease': 0.0, 'max_samples': 0.6, 'max_leaf_nodes': 64, 'max_features': 'log2', 'max_depth': 5, 'criterion': 'gini', 'class_weight': 'balanced_subsample', 'ccp_alpha': 0.005, 'bootstrap': True}",0.9532587228439764,0.9215070643642072,0.9028677150786308,0.9377777777777778,0.8776223776223776,0.918606731537394,0.026473138653696597,72,0.9529042386185244,0.9532134532134533,0.960828593732575,0.9498744459843298,0.9651465663372887,0.9563934595772341,0.005675771921521187,0.967741935483871,0.945054945054945,0.9361702127659575,0.9555555555555556,0.9090909090909091,0.9427227115902477,0.01985001834562321,75,0.967032967032967,0.967032967032967,0.9726775956284153,0.9637883008356546,0.9750692520775623,0.9691202165215133,0.004127675275341748,0.9387755102040817,0.8979591836734694,0.8695652173913043,0.92,0.8461538461538461,0.8944907514845403,0.03341146600585565,69,0.9387755102040817,0.9393939393939394,0.9489795918367347,0.9359605911330049,0.9552238805970149,0.9436667026329552,0.007257541976553839,0.8846153846153846,0.88,0.8,0.92,0.88,0.8729230769230769,0.03942305816134637,61,0.92,0.9207920792079208,0.9207920792079208,0.9405940594059405,0.9504950495049505,0.9305346534653467,0.012652458163482214,0.9577464788732394,0.9285714285714286,0.9142857142857143,0.9428571428571428,0.8857142857142857,0.9258350100603622,0.02473314208893942,72,0.9571428571428572,0.9572953736654805,0.9644128113879004,0.9537366548042705,0.9679715302491103,0.9601118454499238,0.005247159494253767,0.9957264957264957,0.9493333333333334,0.9786666666666666,0.9715555555555555,0.9484444444444444,0.9687452991452992,0.018018130656695493,56,0.9910555555555556,0.9941144114411441,0.9929042904290428,0.9914191419141913,0.9948844884488448,0.9928755775577557,0.0014835728266777086
0.21415929794311522,0.011572827064303251,0.03024892807006836,0.0031565240631051504,100,2,1,0.005,8,0.3,3,log_loss,balanced,0.0,True,1.0,"{'n_estimators': 100, 'min_samples_split': 2, 'min_samples_leaf': 1, 'min_impurity_decrease': 0.005, 'max_samples': 1.0, 'max_leaf_nodes': 8, 'max_features': 0.3, 'max_depth': 3, 'criterion': 'log_loss', 'class_weight': 'balanced', 'ccp_alpha': 0.0, 'bootstrap': True}",0.9532587228439764,0.9365942028985508,0.8878975062914665,0.9388111888111889,0.8755555555555555,0.9184234352801475,0.0307532827588966,73,0.9486100718611907,0.9606398476019722,0.9606398476019722,0.9411024942360092,0.9644888158726146,0.9550962154347518,0.008804305192815687,0.967741935483871,0.9565217391304348,0.9247311827956989,0.9545454545454546,0.9111111111111111,0.9429302846133141,0.02134912146528326,73,0.9645776566757494,0.9728260869565217,0.9728260869565217,0.9591280653950953,0.975609756097561,0.9689935304162898,0.006164069475767896,0.9387755102040817,0.9166666666666666,0.851063829787234,0.9230769230769231,0.84,0.893916585946981,0.04030774484005105,73,0.9326424870466321,0.9484536082474226,0.9484536082474226,0.9230769230769231,0.9533678756476683,0.9411989004532139,0.011445206874959323,0.8846153846153846,0.88,0.8,0.96,0.84,0.8729230769230769,0.05323699385570994,61,0.9,0.9108910891089109,0.9108910891089109,0.8910891089108911,0.9108910891089109,0.9047524752475248,0.008028964329787449,0.9577464788732394,0.9428571428571428,0.9,0.9428571428571428,0.8857142857142857,0.9258350100603622,0.027838707292439337,72,0.9535714285714286,0.9644128113879004,0.9644128113879004,0.9466192170818505,0.9679715302491103,0.959397559735638,0.008013093209954698,0.9931623931623932,0.9555555555555556,0.9742222222222222,0.9777777777777777,0.9235555555555556,0.9648547008547009,0.023867028819072742,82,0.9822777777777778,0.9900990099009901,0.9865236523652365,0.9882838283828383,0.9901540154015402,0.9874676567656767,0.002920022820765186
0.36496720314025877,0.01963315042943782,0.027460336685180664,0.0033706971277108148,100,4,4,0.005,32,0.5,5,entropy,balanced,0.0,False,,"{'n_estimators': 100, 'min_samples_split': 4, 'min_samples_leaf': 4, 'min_impurity_decrease': 0.005, 'max_leaf_nodes': 32, 'max_features': 0.5, 'max_depth': 5, 'criterion': 'entropy', 'class_weight': 'balanced', 'ccp_alpha': 0.0, 'bootstrap': False}",0.9370567375886525,0.9365942028985508,0.8901098901098901,0.9688888888888889,0.858712715855573,0.918272487068311,0.038964218678663044,74,0.9601706970128023,0.9725144973101376,0.9646614965416056,0.9725144973101376,0.976497156239545,0.9692716688828457,0.005955181239135932,0.9574468085106383,0.9565217391304348,0.9230769230769231,0.9777777777777777,0.9010989010989011,0.943184429918935,0.02739891437134907,71,0.972972972972973,0.9809264305177112,0.9754768392370572,0.9809264305177112,0.9836065573770492,0.9787818461245005,0.00392791040952464,0.9166666666666666,0.9166666666666666,0.8571428571428571,0.96,0.8163265306122449,0.893360544217687,0.05054330393512131,74,0.9473684210526315,0.9641025641025641,0.9538461538461539,0.9641025641025641,0.9693877551020408,0.959761491641191,0.007986666241804373,0.8461538461538461,0.88,0.84,0.96,0.8,0.8652307692307692,0.053767855160129906,101,0.9,0.9306930693069307,0.9207920792079208,0.9306930693069307,0.9405940594059405,0.9245544554455446,0.013781950606974494,0.9436619718309859,0.9428571428571428,0.9,0.9714285714285714,0.8714285714285714,0.9258752515090543,0.0355354094438267,71,0.9642857142857143,0.9750889679715302,0.9679715302491103,0.9750889679715302,0.9786476868327402,0.9722165734621251,0.005268385687806988,0.9905982905982906,0.9644444444444444,0.9511111111111111,0.9768888888888888,0.9333333333333333,0.9632752136752136,0.019888345207970493,98,0.9973333333333334,0.9967546754675468,0.9963146314631464,0.9988998899889989,0.9994499449944995,0.997750495049505,0.0012195592333591036
0.2265714168548584,0.02380757783991547,0.03202300071716309,0.003280174426842769,100,8,4,0.01,8,log2,6,entropy,balanced_subsample,0.005,True,0.6,"{'n_estimators': 100, 'min_samples_split': 8, 'min_samples_leaf': 4, 'min_impurity_decrease': 0.01, 'max_samples': 0.6, 'max_leaf_nodes': 8, 'max_features': 'log2', 'max_depth': 6, 'criterion': 'entropy', 'class_weight': 'balanced_subsample', 'ccp_alpha': 0.005, 'bootstrap': True}",0.9532587228439764,0.9365942028985508,0.8878975062914665,0.9228905045164133,0.8901098901098901,0.9181501653320595,0.025677790253313553,75,0.9529042386185244,0.9570127251234268,0.9570127251234268,0.941910943895481,0.9689502762430939,0.9555581818007906,0.008681821271659985,0.967741935483871,0.9565217391304348,0.9247311827956989,0.9438202247191011,0.9230769230769231,0.9431784010412058,0.017471079592623243,72,0.967032967032967,0.9698630136986301,0.9698630136986301,0.9584487534626038,0.9779005524861878,0.9686216600758037,0.006248067485911711,0.9387755102040817,0.9166666666666666,0.851063829787234,0.9019607843137255,0.8571428571428571,0.8931219296229129,0.03400031421295727,75,0.9387755102040817,0.9441624365482234,0.9441624365482234,0.9253731343283582,0.96,0.9424947035257774,0.011126352522411845,0.8846153846153846,0.88,0.8,0.92,0.84,0.8649230769230769,0.04119401346751892,112,0.92,0.9207920792079208,0.9207920792079208,0.9207920792079208,0.9504950495049505,0.9265742574257427,0.011964329561029167,0.9577464788732394,0.9428571428571428,0.9,0.9285714285714286,0.9,0.9258350100603622,0.02302380647352737,72,0.9571428571428572,0.9608540925266904,0.9608540925266904,0.9466192170818505,0.9715302491103203,0.9594001016776816,0.007997684908240646,0.9982905982905983,0.9528888888888889,0.976,0.9795555555555556,0.9386666666666666,0.969080341880342,0.020966667067345807,52,0.9934444444444445,0.9939493949394939,0.992024202420242,0.9910891089108911,0.9955445544554455,0.9932103410341033,0.001546357520757784
0.28717589378356934,0.009568789556415325,0.025820589065551756,0.004736463405353016,100,2,8,0.01,32,0.5,16,log_loss,,0.0,True,,"{'n_estimators': 100, 'min_samples_split': 2, 'min_samples_leaf': 8, 'min_impurity_decrease': 0.01, 'max_samples': None, 'max_leaf_nodes': 32, 'max_features': 0.5, 'max_depth': 16, 'criterion': 'log_loss', 'class_weight': None, 'ccp_alpha': 0.0, 'bootstrap': True}",0.9204927211646137,0.9519560741249142,0.8878975062914665,0.9688888888888889,0.8612029081295439,0.9180876197198854,0.03970123178810357,76,0.9524456521739131,0.9568084957730734,0.960828593732575,0.9411024942360092,0.960828593732575,0.9544027659296292,0.007336178615093592,0.9473684210526315,0.967741935483871,0.9247311827956989,0.9777777777777777,0.898876404494382,0.9432991443208723,0.028708654537980743,70,0.967391304347826,0.9700272479564033,0.9726775956284153,0.9591280653950953,0.9726775956284153,0.9683803617912311,0.005024497876847373,0.8936170212765957,0.9361702127659575,0.851063829787234,0.96,0.8235294117647058,0.8928760951188985,0.05086801789983146,76,0.9375,0.9435897435897436,0.9489795918367347,0.9230769230769231,0.9489795918367347,0.9404251700680273,0.009652865717075496,0.8076923076923077,0.88,0.8,0.96,0.84,0.8575384615384616,0.058490680995468045,128,0.9,0.9108910891089109,0.9207920792079208,0.8910891089108911,0.9207920792079208,0.9087128712871287,0.011688201634355421,0.9295774647887324,0.9571428571428572,0.9,0.9714285714285714,0.8714285714285714,0.9259154929577467,0.03660720152238196,70,0.9571428571428572,0.9608540925266904,0.9644128113879004,0.9466192170818505,0.9644128113879004,0.9586883579054397,0.006607297096728235,0.9931623931623932,0.9671111111111111,0.9626666666666667,0.9742222222222222,0.9377777777777778,0.9669880341880341,0.017940785874477425,70,0.9938888888888889,0.9946644664466446,0.9936743674367438,0.9933443344334434,0.9957095709570958,0.9942563256325633,0.0008466302554185299
0.12996816635131836,0.003248812323144955,0.022080659866333008,0.0012759810155589587,100,12,8,0.01,8,log2,5,gini,balanced,0.001,False,,"{'n_estimators': 100, 'min_samples_split': 12, 'min_samples_leaf': 8, 'min_impurity_decrease': 0.01, 'max_leaf_nodes': 8, 'max_features': 'log2', 'max_depth': 5, 'criterion': 'gini', 'class_weight': 'balanced', 'ccp_alpha': 0.001, 'bootstrap': False}",0.9696581196581197,0.8920467063229787,0.9048913043478262,0.9537343027098479,0.863370201691607,0.916740126946076,0.039414189155212526,77,0.9377777777777778,0.9307426881367071,0.9536303630363037,0.9421628222896112,0.9654437384709982,0.9459514779422797,0.012258744390763868,0.9777777777777777,0.9213483146067416,0.9347826086956522,0.9662921348314607,0.896551724137931,0.9393505120099128,0.029594549802268475,88,0.9555555555555556,0.9497206703910615,0.9666666666666667,0.958217270194986,0.9747899159663865,0.9609900157549314,0.008796376889933694,0.9615384615384616,0.8627450980392157,0.875,0.9411764705882353,0.8301886792452831,0.894129741882239,0.04938974094365033,72,0.92,0.9117647058823529,0.9405940594059405,0.9261083743842364,0.9560975609756097,0.930912940129628,0.01572781095169445,0.9615384615384616,0.88,0.84,0.96,0.88,0.9043076923076923,0.048361557426187085,1,0.92,0.9207920792079208,0.9405940594059405,0.9306930693069307,0.9702970297029703,0.9364752475247524,0.01850246845921923,0.971830985915493,0.9,0.9142857142857143,0.9571428571428572,0.8714285714285714,0.9229376257545272,0.036918102462158854,87,0.9428571428571428,0.9359430604982206,0.9572953736654805,0.9466192170818505,0.9679715302491103,0.9501372648703608,0.011279643767868728,0.994017094017094,0.9511111111111111,0.9671111111111111,0.9742222222222222,0.9404444444444444,0.9653811965811965,0.018583045536610398,80,0.9883333333333333,0.9912541254125412,0.9883388338833884,0.9894389438943895,0.99004400440044,0.9894818481848185,0.0011031223883286492
0.5299740791320801,0.03790443309379121,0.050384902954101564,0.0062340117629897255,300,4,8,0.005,64,0.3,4,entropy,balanced,0.001,True,0.6,"{'n_estimators': 300, 'min_samples_split': 4, 'min_samples_leaf': 8, 'min_impurity_decrease': 0.005, 'max_samples': 0.6, 'max_leaf_nodes': 64, 'max_features': 0.3, 'max_depth': 4, 'criterion': 'entropy', 'class_weight': 'balanced', 'ccp_alpha': 0.001, 'bootstrap': True}",0.9847015729368671,0.9066666666666667,0.8878975062914665,0.9537343027098479,0.8470279720279721,0.9160056041265641,0.04853408178649394,78,0.9447918427130866,0.9341657364148785,0.9494303473289312,0.9298201798201797,0.9270478923276628,0.9370511997209476,0.008646855561792547,0.989010989010989,0.9333333333333333,0.9247311827956989,0.9662921348314607,0.8863636363636364,0.9399462552670237,0.03534905849593288,87,0.9617486338797814,0.9529085872576177,0.9641873278236914,0.9505494505494505,0.9467787114845938,0.9552345421990271,0.0066550279352084,0.9803921568627451,0.88,0.851063829787234,0.9411764705882353,0.8076923076923077,0.8920649529861043,0.06190159056736546,78,0.9278350515463918,0.9154228855721394,0.9346733668341709,0.9090909090909091,0.9073170731707317,0.9188678572428686,0.010687393178668507,0.9615384615384616,0.88,0.8,0.96,0.84,0.8883076923076922,0.06434816540145137,22,0.9,0.9108910891089109,0.9207920792079208,0.8910891089108911,0.9207920792079208,0.9087128712871287,0.011688201634355421,0.9859154929577465,0.9142857142857143,0.9,0.9571428571428572,0.8571428571428571,0.922897384305835,0.04486901679089189,88,0.95,0.9395017793594306,0.9537366548042705,0.9359430604982206,0.9323843416370107,0.9423131672597865,0.008205451914215369,0.9965811965811966,0.9564444444444444,0.96,0.9742222222222223,0.9342222222222223,0.964294017094017,0.020617460739387868,89,0.9868888888888889,0.9893289328932894,0.9878437843784378,0.9882288228822882,0.9907590759075908,0.988609900990099,0.0013289091423576717
0.6786728858947754,0.01469663776790134,0.043558502197265626,0.0012911407758016329,200,12,1,0.0,16,0.5,10,log_loss,balanced,0.0,True,1.0,"{'n_estimators': 200, 'min_samples_split': 12, 'min_samples_leaf': 1, 'min_impurity_decrease': 0.0, 'max_samples': 1.0, 'max_leaf_nodes': 16, 'max_features': 0.5, 'max_depth': 10, 'criterion': 'log_loss', 'class_weight': 'balanced', 'ccp_alpha': 0.0, 'bootstrap': True}",0.9370567375886525,0.9365942028985508,0.8901098901098901,0.9537343027098479,0.8612029081295439,0.915739608287297,0.034537125069303135,79,0.9844444444444445,0.9845434543454346,0.984475138121547,0.9846094862526016,0.9884325644579223,0.98530101752439,0.0015668119157201672,0.9574468085106383,0.9565217391304348,0.9230769230769231,0.9662921348314607,0.898876404494382,0.9404428020087678,0.025476246257468745,84,0.9888888888888889,0.9888888888888889,0.988950276243094,0.9888268156424581,0.9916434540389972,0.9894396647404655,0.0011025860935066087,0.9166666666666666,0.9166666666666666,0.8571428571428571,0.9411764705882353,0.8235294117647058,0.8910364145658262,0.043666494078206386,81,0.98,0.9801980198019802,0.98,0.9803921568627451,0.9852216748768473,0.9811623703083144,0.0020348643049705756,0.8461538461538461,0.88,0.84,0.96,0.84,0.8732307692307693,0.04586163909879805,56,0.98,0.9801980198019802,0.9702970297029703,0.9900990099009901,0.9900990099009901,0.982138613861386,0.00742022237061727,0.9436619718309859,0.9428571428571428,0.9,0.9571428571428572,0.8714285714285714,0.9230181086519114,0.03217318293719965,80,0.9857142857142858,0.9857651245551602,0.9857651245551602,0.9857651245551602,0.9893238434163701,0.9864667005592272,0.0014287071129842589,0.9948717948717949,0.9635555555555555,0.9742222222222223,0.9822222222222222,0.9457777777777777,0.9721299145299145,0.016681608380155664,24,0.9997777777777778,0.9994499449944995,0.9993949394939494,0.9997249724972497,0.9997249724972498,0.9996145214521451,0.00015896738116024026
0.5758226871490478,0.02777949538104164,0.037430620193481444,0.004175217594814314,200,12,2,0.005,,0.7,8,entropy,balanced,0.005,True,0.6,"{'n_estimators': 200, 'min_samples_split': 12, 'min_samples_leaf': 2, 'min_impurity_decrease': 0.005, 'max_samples': 0.6, 'max_leaf_nodes': None, 'max_features': 0.7, 'max_depth': 8, 'criterion': 'entropy', 'class_weight': 'balanced', 'ccp_alpha': 0.005, 'bootstrap': True}",0.9532587228439764,0.9365942028985508,0.8878975062914665,0.9537343027098479,0.8470279720279721,0.9157025413543629,0.0419110000094782,80,0.9645943097997893,0.9532134532134533,0.9648285932828037,0.9494303473289312,0.957210293893711,0.9578553995037377,0.006115286979640783,0.967741935483871,0.9565217391304348,0.9247311827956989,0.9662921348314607,0.8863636363636364,0.9403301257210204,0.031123337129148953,85,0.9753424657534246,0.967032967032967,0.9753424657534246,0.9641873278236914,0.9696969696969697,0.9703204392120955,0.004455395471359086,0.9387755102040817,0.9166666666666666,0.851063829787234,0.9411764705882353,0.8076923076923077,0.891074956987705,0.052903679550436275,79,0.9538461538461539,0.9393939393939394,0.9543147208121827,0.9346733668341709,0.9447236180904522,0.9453903597953799,0.007776891575042551,0.8846153846153846,0.88,0.8,0.96,0.84,0.8729230769230769,0.05323699385570994,61,0.93,0.9207920792079208,0.9306930693069307,0.9207920792079208,0.9306930693069307,0.9265940594059406,0.004744051941189503,0.9577464788732394,0.9428571428571428,0.9,0.9571428571428572,0.8571428571428571,0.9229778672032193,0.039073058304713394,84,0.9678571428571429,0.9572953736654805,0.9679715302491103,0.9537366548042705,0.9608540925266904,0.9615429588205389,0.00566833925369734,0.994017094017094,0.9537777777777778,0.9742222222222223,0.976,0.9351111111111112,0.9666256410256411,0.02026875198333121,72,0.9972777777777778,0.9953245324532454,0.996039603960396,0.9957645764576457,0.9962046204620463,0.9961222222222222,0.0006500989693175258
1.8533129692077637,0.24887906815152586,0.07058529853820801,0.009860867886430057,500,12,1,0.0,,0.7,6,entropy,balanced_subsample,0.0,True,0.6,"{'n_estimators': 500, 'min_samples_split': 12, 'min_samples_leaf': 1, 'min_impurity_decrease': 0.0, 'max_samples': 0.6, 'max_leaf_nodes': None, 'max_features': 0.7, 'max_depth': 6, 'criterion': 'entropy', 'class_weight': 'balanced_subsample', 'ccp_alpha': 0.0, 'bootstrap': True}",0.9532587228439764,0.9365942028985508,0.8878975062914665,0.9537343027098479,0.8470279720279721,0.9157025413543629,0.0419110000094782,80,0.9524456521739131,0.9494303473289312,0.9648285932828037,0.9534254143646408,0.9574013588566861,0.9555062732013951,0.005312461785672695,0.967741935483871,0.9565217391304348,0.9247311827956989,0.9662921348314607,0.8863636363636364,0.9403301257210204,0.031123337129148953,85,0.967391304347826,0.9641873278236914,0.9753424657534246,0.9668508287292817,0.9695290858725761,0.9686602025053599,0.0037496171627494127,0.9387755102040817,0.9166666666666666,0.851063829787234,0.9411764705882353,0.8076923076923077,0.891074956987705,0.052903679550436275,79,0.9375,0.9346733668341709,0.9543147208121827,0.94,0.945273631840796,0.94235234389743,0.006923551639836687,0.8846153846153846,0.88,0.8,0.96,0.84,0.8729230769230769,0.05323699385570994,61,0.9,0.9207920792079208,0.9306930693069307,0.9306930693069307,0.9405940594059405,0.9245544554455446,0.013781950606974494,0.9577464788732394,0.9428571428571428,0.9,0.9571428571428572,0.8571428571428571,0.9229778672032193,0.039073058304713394,84,0.9571428571428572,0.9537366548042705,0.9679715302491103,0.9572953736654805,0.9608540925266904,0.9594001016776819,0.004841139133042856,0.9905982905982906,0.9582222222222222,0.9715555555555556,0.9751111111111112,0.9368888888888889,0.9664752136752137,0.01803204880575822,74,0.9958333333333333,0.9955995599559957,0.995929592959296,0.994994499449945,0.9958195819581959,0.9956353135313531,0.00033813845741042744
1.508324384689331,0.037834283968667205,0.07319931983947754,0.007622819921855484,500,8,4,0.0,8,0.5,6,log_loss,balanced_subsample,0.01,True,0.6,"{'n_estimators': 500, 'min_samples_split': 8, 'min_samples_leaf': 4, 'min_impurity_decrease': 0.0, 'max_samples': 0.6, 'max_leaf_nodes': 8, 'max_features': 0.5, 'max_depth': 6, 'criterion': 'log_loss', 'class_weight': 'balanced_subsample', 'ccp_alpha': 0.01, 'bootstrap': True}",0.9370567375886525,0.9519560741249142,0.8878975062914665,0.9537343027098479,0.8470279720279721,0.9155345185485707,0.041727474152304926,82,0.9524456521739131,0.9648285932828037,0.9648285932828037,0.957210293893711,0.957210293893711,0.9593046853053885,0.004834178419446189,0.9574468085106383,0.967741935483871,0.9247311827956989,0.9662921348314607,0.8863636363636364,0.9405151395970611,0.03122163321968326,82,0.967391304347826,0.9753424657534246,0.9753424657534246,0.9696969696969697,0.9696969696969697,0.971494035049723,0.003253063932320035,0.9166666666666666,0.9361702127659575,0.851063829787234,0.9411764705882353,0.8076923076923077,0.8905538975000802,0.05244211733232299,83,0.9375,0.9543147208121827,0.9543147208121827,0.9447236180904522,0.9447236180904522,0.947115335561054,0.0064429434090076,0.8461538461538461,0.88,0.8,0.96,0.84,0.8652307692307692,0.053767855160129906,101,0.9,0.9306930693069307,0.9306930693069307,0.9306930693069307,0.9306930693069307,0.9245544554455446,0.012277227722772288,0.9436619718309859,0.9571428571428572,0.9,0.9571428571428572,0.8571428571428571,0.9230181086519116,0.03905009114813772,78,0.9571428571428572,0.9679715302491103,0.9679715302491103,0.9608540925266904,0.9608540925266904,0.9629588205388918,0.00431137350533546,0.9965811965811966,0.9608888888888889,0.9706666666666667,0.9777777777777779,0.9404444444444444,0.9692717948717948,0.018554730284355957,47,0.9955,0.9963696369636964,0.9958745874587459,0.9947194719471947,0.9967546754675468,0.9958436743674367,0.0007056144030263805
0.7547476291656494,0.03321512114416942,0.04590725898742676,0.006801217821829404,300,4,4,0.001,16,0.5,4,gini,balanced_subsample,0.005,True,0.6,"{'n_estimators': 300, 'min_samples_split': 4, 'min_samples_leaf': 4, 'min_impurity_decrease': 0.001, 'max_samples': 0.6, 'max_leaf_nodes': 16, 'max_features': 0.5, 'max_depth': 4, 'criterion': 'gini', 'class_weight': 'balanced_subsample', 'ccp_alpha': 0.005, 'bootstrap': True}",0.9370567375886525,0.9519560741249142,0.8878975062914665,0.9537343027098479,0.8470279720279721,0.9155345185485707,0.041727474152304926,82,0.9524456521739131,0.9570127251234268,0.9570127251234268,0.9411024942360092,0.9570127251234268,0.9529172643560406,0.006166516159568819,0.9574468085106383,0.967741935483871,0.9247311827956989,0.9662921348314607,0.8863636363636364,0.9405151395970611,0.03122163321968326,82,0.967391304347826,0.9698630136986301,0.9698630136986301,0.9591280653950953,0.9698630136986301,0.9672216821677623,0.004158492537317722,0.9166666666666666,0.9361702127659575,0.851063829787234,0.9411764705882353,0.8076923076923077,0.8905538975000802,0.05244211733232299,83,0.9375,0.9441624365482234,0.9441624365482234,0.9230769230769231,0.9441624365482234,0.9386128465443188,0.008185318479451996,0.8461538461538461,0.88,0.8,0.96,0.84,0.8652307692307692,0.053767855160129906,101,0.9,0.9207920792079208,0.9207920792079208,0.8910891089108911,0.9207920792079208,0.9106930693069307,0.012685637527165925,0.9436619718309859,0.9571428571428572,0.9,0.9571428571428572,0.8571428571428571,0.9230181086519116,0.03905009114813772,78,0.9571428571428572,0.9608540925266904,0.9608540925266904,0.9466192170818505,0.9608540925266904,0.9572648703609558,0.005513481082389209,0.9905982905982906,0.952,0.9688888888888889,0.9706666666666667,0.9342222222222222,0.9632752136752136,0.018994231835287232,98,0.9899444444444445,0.9908690869086909,0.9888888888888889,0.9896039603960396,0.9924642464246425,0.9903541254125413,0.0012325015331492428
0.9470495700836181,0.03915447605380916,0.07956972122192382,0.0033133133255160018,500,20,12,0.0,16,0.3,8,gini,,0.001,True,,"{'n_estimators': 500, 'min_samples_split': 20, 'min_samples_leaf': 12, 'min_impurity_decrease': 0.0, 'max_samples': None, 'max_leaf_nodes': 16, 'max_features': 0.3, 'max_depth': 8, 'criterion': 'gini', 'class_weight': None, 'ccp_alpha': 0.001, 'bootstrap': True}",0.9532587228439764,0.9215070643642072,0.8878975062914665,0.9537343027098479,0.8612029081295439,0.9155201008678084,0.03642454584778288,84,0.9369049631006703,0.9416504007641513,0.9568084957730734,0.9373257499721199,0.9532134532134533,0.9451806125646935,0.008275044804137039,0.967741935483871,0.945054945054945,0.9247311827956989,0.9662921348314607,0.898876404494382,0.9405393205320716,0.02611235860983056,81,0.9562841530054644,0.9586776859504132,0.9700272479564033,0.9562841530054644,0.967032967032967,0.9616612413901425,0.005754533244385936,0.9387755102040817,0.8979591836734694,0.851063829787234,0.9411764705882353,0.8235294117647058,0.8905008812035453,0.046892515785716155,85,0.9175257731958762,0.9246231155778895,0.9435897435897436,0.9183673469387755,0.9393939393939394,0.9286999837392449,0.010810299297180576,0.8846153846153846,0.88,0.8,0.96,0.84,0.8729230769230769,0.05323699385570994,61,0.89,0.9108910891089109,0.9108910891089109,0.8910891089108911,0.9207920792079208,0.9047326732673268,0.012140471164419802,0.9577464788732394,0.9285714285714286,0.9,0.9571428571428572,0.8714285714285714,0.9229778672032193,0.033444590294656164,84,0.9428571428571428,0.9466192170818505,0.9608540925266904,0.9430604982206405,0.9572953736654805,0.950137264870361,0.007503950686437333,0.9965811965811966,0.9511111111111111,0.96,0.9742222222222223,0.928,0.961982905982906,0.022907676936975565,110,0.9866111111111111,0.9890539053905392,0.9875137513751375,0.986908690869087,0.9916391639163916,0.9883453245324534,0.0018501022192883192
1.2551952838897704,0.011622802209246386,0.07393455505371094,0.00961145976774313,500,2,2,0.001,32,0.5,8,gini,balanced,0.01,True,0.8,"{'n_estimators': 500, 'min_samples_split': 2, 'min_samples_leaf': 2, 'min_impurity_decrease': 0.001, 'max_samples': 0.8, 'max_leaf_nodes': 32, 'max_features': 0.5, 'max_depth': 8, 'criterion': 'gini', 'class_weight': 'balanced', 'ccp_alpha': 0.01, 'bootstrap': True}",0.9370567375886525,0.9519560741249142,0.8731884057971014,0.9537343027098479,0.8612029081295439,0.915427685670012,0.03998504526080581,85,0.9686028257456829,0.9688089688089687,0.96866287498606,0.9689502762430939,0.9728917738178912,0.9695833439203394,0.0016586029563402387,0.9574468085106383,0.967741935483871,0.9130434782608695,0.9662921348314607,0.898876404494382,0.9406801523162442,0.028916340021895196,80,0.978021978021978,0.978021978021978,0.9781420765027322,0.9779005524861878,0.9806094182825484,0.9785392006630851,0.001037922791490227,0.9166666666666666,0.9361702127659575,0.8333333333333334,0.9411764705882353,0.8235294117647058,0.8901752190237797,0.051168598774559114,86,0.9591836734693877,0.9595959595959596,0.9591836734693877,0.96,0.9651741293532339,0.9606274871775937,0.002293422788368235,0.8461538461538461,0.88,0.8,0.96,0.84,0.8652307692307692,0.053767855160129906,101,0.94,0.9405940594059405,0.9306930693069307,0.9504950495049505,0.9603960396039604,0.9444356435643563,0.010146346061425058,0.9436619718309859,0.9571428571428572,0.8857142857142857,0.9571428571428572,0.8714285714285714,0.9230181086519114,0.03690046493684618,80,0.9714285714285714,0.9715302491103203,0.9715302491103203,0.9715302491103203,0.9750889679715302,0.9722216573462126,0.0014341960494157915,0.9948717948717949,0.9591111111111111,0.9706666666666667,0.9760000000000001,0.9457777777777778,0.9692854700854701,0.016478967262620426,46,0.9973333333333334,0.997964796479648,0.997029702970297,0.9974697469746975,0.9986798679867988,0.9976954895489548,0.0005773934073883827
0.3483452796936035,0.025181233795924678,0.030326080322265626,0.003694057330417988,100,4,1,0.0,16,,6,gini,,0.005,True,0.8,"{'n_estimators': 100, 'min_samples_split': 4, 'min_samples_leaf': 1, 'min_impurity_decrease': 0.0, 'max_samples': 0.8, 'max_leaf_nodes': 16, 'max_features': None, 'max_depth': 6, 'criterion': 'gini', 'class_weight': None, 'ccp_alpha': 0.005, 'bootstrap': True}",0.9382608695652175,0.9365942028985508,0.8878975062914665,0.9529042386185244,0.8612029081295439,0.9153719451006606,0.034848499250767564,86,0.9763393611627513,0.9804603296015576,0.9646614965416056,0.9725144973101376,0.9805501335880504,0.9749051636408204,0.0059233517240253825,0.9565217391304348,0.9565217391304348,0.9247311827956989,0.967032967032967,0.898876404494382,0.9407368065167836,0.025291459037809338,79,0.9836065573770492,0.9863013698630136,0.9754768392370572,0.9809264305177112,0.9862258953168044,0.9825074184623273,0.0040338024449823665,0.92,0.9166666666666666,0.851063829787234,0.9387755102040817,0.8235294117647058,0.8900070836845376,0.04455227425636129,87,0.9690721649484536,0.9746192893401016,0.9538461538461539,0.9641025641025641,0.9748743718592965,0.9673029088193139,0.007814258819043256,0.8846153846153846,0.88,0.8,0.92,0.84,0.8649230769230769,0.04119401346751892,112,0.94,0.9504950495049505,0.9207920792079208,0.9306930693069307,0.9603960396039604,0.9404752475247523,0.014004130638273446,0.9436619718309859,0.9428571428571428,0.9,0.9571428571428572,0.8714285714285714,0.9230181086519114,0.03217318293719965,80,0.9785714285714285,0.9822064056939501,0.9679715302491103,0.9750889679715302,0.9822064056939501,0.977208947635994,0.005322212362142736,0.9871794871794871,0.9524444444444444,0.9777777777777779,0.9764444444444444,0.9484444444444444,0.9684581196581196,0.015219145852101186,59,0.9958333333333333,0.997029702970297,0.9966446644664466,0.9957095709570957,0.9983498349834984,0.9967134213421343,0.0009554979519274224
0.8164062023162841,0.0055785415241163434,0.03686733245849609,0.004857996021621743,200,8,1,0.001,32,,16,entropy,balanced,0.005,True,0.8,"{'n_estimators': 200, 'min_samples_split': 8, 'min_samples_leaf': 1, 'min_impurity_decrease': 0.001, 'max_samples': 0.8, 'max_leaf_nodes': 32, 'max_features': None, 'max_depth': 16, 'criterion': 'entropy', 'class_weight': 'balanced', 'ccp_alpha': 0.005, 'bootstrap': True}",0.9370567375886525,0.9365942028985508,0.8731884057971014,0.9537343027098479,0.8755555555555555,0.9152258409099417,0.033932209079375594,87,0.9883590404523344,0.9883821887790962,0.9766067266067266,0.9922717271727173,0.9883821887790962,0.9868003743579941,0.005315634859908239,0.9574468085106383,0.9565217391304348,0.9130434782608695,0.9662921348314607,0.9111111111111111,0.940883054368903,0.02377376026425489,78,0.9916434540389972,0.9916897506925207,0.9835164835164835,0.9944444444444445,0.9916897506925207,0.9905967766769933,0.0036991841366661614,0.9166666666666666,0.9166666666666666,0.8333333333333334,0.9411764705882353,0.84,0.8895686274509803,0.04416205172729546,88,0.9850746268656716,0.9850746268656716,0.9696969696969697,0.9900990099009901,0.9850746268656716,0.9830039720389949,0.006932224864032143,0.8461538461538461,0.88,0.8,0.96,0.84,0.8652307692307692,0.053767855160129906,101,0.99,0.9801980198019802,0.9504950495049505,0.9900990099009901,0.9801980198019802,0.9781980198019802,0.014535300927117368,0.9436619718309859,0.9428571428571428,0.8857142857142857,0.9571428571428572,0.8857142857142857,0.9230181086519114,0.030878488422351438,80,0.9892857142857143,0.9893238434163701,0.9786476868327402,0.9928825622775801,0.9893238434163701,0.987892730045755,0.00482505597406194,0.9880341880341881,0.9626666666666667,0.9715555555555555,0.9822222222222222,0.9404444444444445,0.9689846153846153,0.016728347315725842,53,0.9995555555555555,0.9996149614961496,0.9993399339933994,0.9998899889988999,0.9997249724972497,0.9996250825082507,0.0001824278302503434
1.338850164413452,0.029427343308546478,0.049620199203491214,0.006019244380015182,300,8,8,0.01,32,0.7,5,log_loss,,0.01,False,,"{'n_estimators': 300, 'min_samples_split': 8, 'min_samples_leaf': 8, 'min_impurity_decrease': 0.01, 'max_leaf_nodes': 32, 'max_features': 0.7, 'max_depth': 5, 'criterion': 'log_loss', 'class_weight': None, 'ccp_alpha': 0.01, 'bootstrap': False}",0.9055851063829787,0.9365942028985508,0.8878975062914665,0.9843014128728415,0.858712715855573,0.9146181888602822,0.04303419633189435,88,0.9642446686246967,0.9685118780815778,0.9606398476019722,0.9604448198198199,0.9644888158726146,0.9636660060001361,0.0029674237246488967,0.9361702127659575,0.9565217391304348,0.9247311827956989,0.989010989010989,0.9010989010989011,0.9415066049603963,0.02974826099114182,77,0.975609756097561,0.9782608695652174,0.9728260869565217,0.972972972972973,0.975609756097561,0.9750558883379667,0.0020097758221098183,0.875,0.9166666666666666,0.851063829787234,0.9795918367346939,0.8163265306122449,0.8877297727601678,0.05635750900185482,94,0.9528795811518325,0.9587628865979382,0.9484536082474226,0.9479166666666666,0.9533678756476683,0.9522761236623056,0.003930665748092797,0.8076923076923077,0.88,0.8,0.96,0.8,0.8495384615384616,0.06291085079641659,141,0.91,0.9207920792079208,0.9108910891089109,0.900990099009901,0.9108910891089109,0.9107128712871286,0.006272072093357987,0.9154929577464789,0.9428571428571428,0.9,0.9857142857142858,0.8714285714285714,0.9230985915492959,0.03891608171933087,77,0.9678571428571429,0.9715302491103203,0.9644128113879004,0.9644128113879004,0.9679715302491103,0.9672369089984748,0.0026573739806587,0.982905982905983,0.9635555555555555,0.9368888888888889,0.9831111111111112,0.9262222222222222,0.9585367521367522,0.023391475976673723,125,0.9962777777777778,0.9966996699669967,0.9926292629262925,0.9973597359735973,0.998019801980198,0.9961972497249724,0.0018794952334979908
0.25748486518859864,0.016364240327135134,0.027492284774780273,0.002843419645212788,100,2,8,0.001,16,0.3,10,gini,balanced_subsample,0.0,True,,"{'n_estimators': 100, 'min_samples_split': 2, 'min_samples_leaf': 8, 'min_impurity_decrease': 0.001, 'max_samples': None, 'max_leaf_nodes': 16, 'max_features': 0.3, 'max_depth': 10, 'criterion': 'gini', 'class_weight': 'balanced_subsample', 'ccp_alpha': 0.0, 'bootstrap': True}",0.9696581196581197,0.8920467063229787,0.9215070643642072,0.9388111888111889,0.8470279720279721,0.9138102102368932,0.041801428020236606,89,0.9455555555555556,0.9349935360958018,0.9496561513760835,0.942406230784997,0.950085400013664,0.9445393747652204,0.005543388160383985,0.9777777777777777,0.9213483146067416,0.945054945054945,0.9545454545454546,0.8863636363636364,0.9370180256697112,0.031127374540357133,95,0.9611111111111111,0.952112676056338,0.96398891966759,0.957983193277311,0.9635854341736695,0.9597562668572038,0.004381363836841215,0.9615384615384616,0.8627450980392157,0.8979591836734694,0.9230769230769231,0.8076923076923077,0.8906023948040754,0.05251810053816585,82,0.93,0.9178743961352657,0.9353233830845771,0.926829268292683,0.9365853658536586,0.9293224826732368,0.006730439969208823,0.9615384615384616,0.88,0.88,0.96,0.84,0.9043076923076923,0.048361557426187085,1,0.93,0.9405940594059405,0.9306930693069307,0.9405940594059405,0.9504950495049505,0.9384752475247524,0.007561038098550486,0.971830985915493,0.9,0.9285714285714286,0.9428571428571428,0.8571428571428571,0.9200804828973842,0.03907264385474417,92,0.95,0.9395017793594306,0.9537366548042705,0.9466192170818505,0.9537366548042705,0.9487188612099644,0.005317159486297466,0.9948717948717949,0.9582222222222222,0.9591111111111111,0.9760000000000001,0.9271111111111111,0.9630632478632478,0.02240872272063586,102,0.9924999999999999,0.992189218921892,0.9912541254125413,0.9927942794279427,0.9948844884488449,0.9927244224422441,0.0011974428376883952
0.671906566619873,0.03447636407317164,0.058015871047973636,0.002186424327662307,300,20,8,0.0,8,log2,,log_loss,balanced,0.0,False,,"{'n_estimators': 300, 'min_samples_split': 20, 'min_samples_leaf': 8, 'min_impurity_decrease': 0.0, 'max_leaf_nodes': 8, 'max_features': 'log2', 'max_depth': None, 'criterion': 'log_loss', 'class_weight': 'balanced', 'ccp_alpha': 0.0, 'bootstrap': False}",0.9541047188106011,0.9066666666666667,0.9048913043478262,0.9388111888111889,0.8612029081295439,0.9131353573531653,0.032076547665879834,90,0.9569297031225965,0.9536303630363037,0.9611878453038674,0.9538284587578048,0.9728917738178912,0.9596936288076927,0.007144598118424883,0.967032967032967,0.9333333333333333,0.9347826086956522,0.9545454545454546,0.898876404494382,0.9377141536203577,0.02314753468497052,92,0.9696969696969697,0.9666666666666667,0.9723756906077348,0.9664804469273743,0.9806094182825484,0.9711658384362589,0.005196113127466626,0.9411764705882353,0.88,0.875,0.9230769230769231,0.8235294117647058,0.8885565610859729,0.041099964727378015,91,0.9441624365482234,0.9405940594059405,0.95,0.9411764705882353,0.9651741293532339,0.9482214191791266,0.009108688047568116,0.9230769230769231,0.88,0.84,0.96,0.84,0.8886153846153846,0.04708396126372573,14,0.93,0.9405940594059405,0.9405940594059405,0.9504950495049505,0.9603960396039604,0.9444158415841585,0.010289334519893304,0.9577464788732394,0.9142857142857143,0.9142857142857143,0.9428571428571428,0.8714285714285714,0.9201207243460765,0.029569114193696882,90,0.9607142857142857,0.9572953736654805,0.9644128113879004,0.9572953736654805,0.9750889679715302,0.9629613624809356,0.006609716050996036,0.994017094017094,0.9626666666666667,0.9733333333333334,0.9768888888888889,0.952,0.9717811965811964,0.014123053336541288,26,0.9925555555555556,0.994994499449945,0.9933993399339934,0.9935643564356436,0.995984598459846,0.9940996699669968,0.0012259679664905403
0.5594758987426758,0.010896166019526133,0.03719596862792969,0.0030828704590041924,300,12,2,0.005,64,0.3,12,gini,balanced_subsample,0.0,True,0.6,"{'n_estimators': 300, 'min_samples_split': 12, 'min_samples_leaf': 2, 'min_impurity_decrease': 0.005, 'max_samples': 0.6, 'max_leaf_nodes': 64, 'max_features': 0.3, 'max_depth': 12, 'criterion': 'gini', 'class_weight': 'balanced_subsample', 'ccp_alpha': 0.0, 'bootstrap': True}",0.9847015729368671,0.8920467063229787,0.8878975062914665,0.9537343027098479,0.8470279720279721,0.9130816120578263,0.0494405700963955,91,0.9567263786441869,0.9456629834254144,0.9570127251234268,0.9496561513760835,0.9613586358635864,0.9540833748865396,0.005639136180791405,0.989010989010989,0.9213483146067416,0.9247311827956989,0.9662921348314607,0.8863636363636364,0.9375492515217054,0.03611427476295589,93,0.9698630136986301,0.9613259668508287,0.9698630136986301,0.96398891966759,0.9722222222222222,0.9674526272275802,0.004096393529087384,0.9803921568627451,0.8627450980392157,0.851063829787234,0.9411764705882353,0.8076923076923077,0.8886139725939476,0.06295010571724748,89,0.9435897435897436,0.93,0.9441624365482234,0.9353233830845771,0.9504950495049505,0.9407141225454989,0.007206650982156987,0.9615384615384616,0.88,0.8,0.96,0.84,0.8883076923076922,0.06434816540145137,22,0.92,0.9207920792079208,0.9207920792079208,0.9306930693069307,0.9504950495049505,0.9285544554455445,0.011658910880578919,0.9859154929577465,0.9,0.9,0.9571428571428572,0.8571428571428571,0.9200402414486921,0.04577216700111484,94,0.9607142857142857,0.9501779359430605,0.9608540925266904,0.9537366548042705,0.9644128113879004,0.9579791560752415,0.005215284594521903,0.9948717948717949,0.9511111111111111,0.9751111111111112,0.9742222222222223,0.9502222222222222,0.9691076923076922,0.016772157581085318,50,0.9933333333333334,0.9935643564356436,0.9924642464246425,0.9933443344334433,0.9948294829482949,0.9935071507150715,0.000761078972543647
0.7909862518310546,0.015487760767153328,0.04966921806335449,0.005289727962723355,300,2,8,0.001,32,0.3,8,log_loss,balanced_subsample,0.005,True,0.6,"{'n_estimators': 300, 'min_samples_split': 2, 'min_samples_leaf': 8, 'min_impurity_decrease': 0.001, 'max_samples': 0.6, 'max_leaf_nodes': 32, 'max_features': 0.3, 'max_depth': 8, 'criterion': 'log_loss', 'class_weight': 'balanced_subsample', 'ccp_alpha': 0.005, 'bootstrap': True}",0.9847015729368671,0.8920467063229787,0.8878975062914665,0.9537343027098479,0.8470279720279721,0.9130816120578263,0.0494405700963955,91,0.9372056514913658,0.9307426881367071,0.9532134532134533,0.9384379450104063,0.9313070404172099,0.9381813556538285,0.00811876564700961,0.989010989010989,0.9213483146067416,0.9247311827956989,0.9662921348314607,0.8863636363636364,0.9375492515217054,0.03611427476295589,93,0.9560439560439561,0.9497206703910615,0.967032967032967,0.9553072625698324,0.9491525423728814,0.9554514796821397,0.006434616731847241,0.9803921568627451,0.8627450980392157,0.851063829787234,0.9411764705882353,0.8076923076923077,0.8886139725939476,0.06295010571724748,89,0.9183673469387755,0.9117647058823529,0.9393939393939394,0.9215686274509803,0.9134615384615384,0.9209112316255175,0.009875939109081931,0.9615384615384616,0.88,0.8,0.96,0.84,0.8883076923076922,0.06434816540145137,22,0.9,0.9207920792079208,0.9207920792079208,0.9306930693069307,0.9405940594059405,0.9225742574257426,0.013465346534653448,0.9859154929577465,0.9,0.9,0.9571428571428572,0.8571428571428571,0.9200402414486921,0.04577216700111484,94,0.9428571428571428,0.9359430604982206,0.9572953736654805,0.9430604982206405,0.9359430604982206,0.9430198271479411,0.007797186686469023,0.9965811965811966,0.96,0.9617777777777778,0.9751111111111112,0.9368888888888889,0.9660717948717948,0.019593264700483212,76,0.9905,0.9914191419141913,0.9910891089108911,0.990924092409241,0.9926292629262926,0.9913123212321231,0.0007219636039834337
1.2059146881103515,0.07913027001693614,0.07030549049377441,0.012219850055549179,500,12,4,0.001,,0.3,12,gini,balanced_subsample,0.01,True,0.6,"{'n_estimators': 500, 'min_samples_split': 12, 'min_samples_leaf': 4, 'min_impurity_decrease': 0.001, 'max_samples': 0.6, 'max_leaf_nodes': None, 'max_features': 0.3, 'max_depth': 12, 'criterion': 'gini', 'class_weight': 'balanced_subsample', 'ccp_alpha': 0.01, 'bootstrap': True}",0.9691304347826086,0.9066666666666667,0.8878975062914665,0.9537343027098479,0.8470279720279721,0.9128913764957123,0.04434502205897275,93,0.9447918427130866,0.9456629834254144,0.9570127251234268,0.9381738173817382,0.9651465663372887,0.9501575869961909,0.009636034740220921,0.9782608695652174,0.9333333333333333,0.9247311827956989,0.9662921348314607,0.8863636363636364,0.9377962313778694,0.032512546010972095,91,0.9617486338797814,0.9613259668508287,0.9698630136986301,0.9555555555555556,0.9750692520775623,0.9647124844124717,0.006897722024876194,0.96,0.88,0.851063829787234,0.9411764705882353,0.8076923076923077,0.8879865216135553,0.05637258594327626,92,0.9278350515463918,0.93,0.9441624365482234,0.9207920792079208,0.9552238805970149,0.9356026895799101,0.012404361457412728,0.9230769230769231,0.88,0.8,0.96,0.84,0.8806153846153846,0.05701530989243307,47,0.9,0.9207920792079208,0.9207920792079208,0.9207920792079208,0.9504950495049505,0.9225742574257426,0.01611642768267388,0.971830985915493,0.9142857142857143,0.9,0.9571428571428572,0.8571428571428571,0.9200804828973842,0.04110884094598298,92,0.95,0.9501779359430605,0.9608540925266904,0.9430604982206405,0.9679715302491103,0.9544128113879005,0.008849983598767791,0.9957264957264957,0.9564444444444444,0.9742222222222223,0.9751111111111112,0.9413333333333334,0.9685675213675214,0.018444913058533765,57,0.9913888888888889,0.9914191419141914,0.9908690869086908,0.9907590759075908,0.9944444444444445,0.9917761276127613,0.0013604722961034017
0.18177347183227538,0.018743924506518995,0.030181360244750977,0.004706604336389206,100,4,12,0.001,32,log2,6,entropy,balanced,0.001,True,1.0,"{'n_estimators': 100, 'min_samples_split': 4, 'min_samples_leaf': 12, 'min_impurity_decrease': 0.001, 'max_samples': 1.0, 'max_leaf_nodes': 32, 'max_features': 'log2', 'max_depth': 6, 'criterion': 'entropy', 'class_weight': 'balanced', 'ccp_alpha': 0.001, 'bootstrap': True}",0.9696581196581197,0.9066666666666667,0.8878975062914665,0.9388111888111889,0.8612029081295439,0.9128472779113972,0.03802480348034281,94,0.9343185550082101,0.9386931384313297,0.9421628222896112,0.9349935360958018,0.9426413553786487,0.9385618814407204,0.0034746228203496503,0.9777777777777777,0.9333333333333333,0.9247311827956989,0.9545454545454546,0.898876404494382,0.9378528305893294,0.026774653648340384,90,0.9523809523809523,0.9550561797752809,0.958217270194986,0.952112676056338,0.9577464788732394,0.9551027114561593,0.0025706198336664953,0.9615384615384616,0.88,0.851063829787234,0.9230769230769231,0.8235294117647058,0.8878417252334648,0.049442710323910906,93,0.916256157635468,0.9223300970873787,0.9261083743842364,0.9178743961352657,0.927536231884058,0.9220210514252815,0.004419223555942334,0.9615384615384616,0.88,0.8,0.96,0.84,0.8883076923076922,0.06434816540145137,22,0.93,0.9405940594059405,0.9306930693069307,0.9405940594059405,0.9504950495049505,0.9384752475247524,0.007561038098550486,0.971830985915493,0.9142857142857143,0.9,0.9428571428571428,0.8714285714285714,0.9200804828973844,0.03464304959951964,91,0.9392857142857143,0.9430604982206405,0.9466192170818505,0.9395017793594306,0.9466192170818505,0.9430172852058973,0.003232123040094721,0.9965811965811966,0.9502222222222222,0.9591111111111111,0.9786666666666667,0.9342222222222223,0.9637606837606837,0.02180276847056872,95,0.9904999999999999,0.9910891089108911,0.9908140814081408,0.9896589658965897,0.9928492849284929,0.9909822882288228,0.0010496823138329357
0.6692118644714355,0.02720078783346395,0.03568854331970215,0.004750689369774,200,20,8,0.001,,0.7,12,entropy,,0.005,True,1.0,"{'n_estimators': 200, 'min_samples_split': 20, 'min_samples_leaf': 8, 'min_impurity_decrease': 0.001, 'max_samples': 1.0, 'max_leaf_nodes': None, 'max_features': 0.7, 'max_depth': 12, 'criterion': 'entropy', 'class_weight': None, 'ccp_alpha': 0.005, 'bootstrap': True}",0.9370567375886525,0.9215070643642072,0.8878975062914665,0.9537343027098479,0.8612029081295439,0.9122797038167436,0.033528674201133986,95,0.9524456521739131,0.960828593732575,0.9606398476019722,0.9373257499721199,0.9646614965416056,0.9551802680044371,0.009776156968808103,0.9574468085106383,0.945054945054945,0.9247311827956989,0.9662921348314607,0.898876404494382,0.9384802951374251,0.024223787162590747,89,0.967391304347826,0.9726775956284153,0.9728260869565217,0.9562841530054644,0.9754768392370572,0.9689311958350568,0.006846460310728214,0.9166666666666666,0.8979591836734694,0.851063829787234,0.9411764705882353,0.8235294117647058,0.8860791124960622,0.04301392452408516,95,0.9375,0.9489795918367347,0.9484536082474226,0.9183673469387755,0.9538461538461539,0.9414293401738174,0.012710776137525756,0.8461538461538461,0.88,0.8,0.96,0.84,0.8652307692307692,0.053767855160129906,101,0.9,0.9207920792079208,0.9108910891089109,0.8910891089108911,0.9207920792079208,0.9087128712871287,0.011688201634355421,0.9436619718309859,0.9285714285714286,0.9,0.9571428571428572,0.8714285714285714,0.9201609657947685,0.030893378769419597,89,0.9571428571428572,0.9644128113879004,0.9644128113879004,0.9430604982206405,0.9679715302491103,0.9594001016776819,0.008897209664341854,0.9914529914529915,0.9688888888888889,0.9617777777777778,0.9760000000000001,0.9404444444444444,0.9677128205128206,0.016807410643044488,67,0.9939444444444445,0.9946094609460947,0.9928492849284929,0.992024202420242,0.9936193619361937,0.9934093509350935,0.0008947629923932703
0.8407761573791503,0.055067579105597446,0.07737150192260742,0.010318287737656164,500,12,12,0.005,,log2,,entropy,balanced,0.0,True,0.8,"{'n_estimators': 500, 'min_samples_split': 12, 'min_samples_leaf': 12, 'min_impurity_decrease': 0.005, 'max_samples': 0.8, 'max_leaf_nodes': None, 'max_features': 'log2', 'max_depth': None, 'criterion': 'entropy', 'class_weight': 'balanced', 'ccp_alpha': 0.0, 'bootstrap': True}",0.9696581196581197,0.9066666666666667,0.8878975062914665,0.9228905045164133,0.8612029081295439,0.9096631410524421,0.03634687467262639,96,0.9303058797499861,0.9307426881367071,0.9494303473289312,0.942406230784997,0.942406230784997,0.9390582753571237,0.007426316822848358,0.9777777777777777,0.9333333333333333,0.9247311827956989,0.9438202247191011,0.898876404494382,0.9357077846240586,0.025761872513995338,97,0.9497206703910615,0.9497206703910615,0.9641873278236914,0.957983193277311,0.957983193277311,0.9559190110320873,0.0055448284491713806,0.9615384615384616,0.88,0.851063829787234,0.9019607843137255,0.8235294117647058,0.8836184974808253,0.04709895629387504,96,0.9108910891089109,0.9117647058823529,0.9346733668341709,0.926829268292683,0.926829268292683,0.9221975396821602,0.009329865257651346,0.9615384615384616,0.88,0.8,0.92,0.84,0.8803076923076922,0.05700534595505602,53,0.92,0.9207920792079208,0.9207920792079208,0.9405940594059405,0.9405940594059405,0.9285544554455445,0.009834549351394018,0.971830985915493,0.9142857142857143,0.9,0.9285714285714286,0.8714285714285714,0.9172233400402415,0.03320604770447811,96,0.9357142857142857,0.9359430604982206,0.9537366548042705,0.9466192170818505,0.9466192170818505,0.9437264870360955,0.006952932211289596,0.9957264957264957,0.9431111111111111,0.9626666666666667,0.9742222222222223,0.9253333333333333,0.9602119658119659,0.024382587685053053,119,0.9883888888888889,0.9904840484048405,0.9897139713971398,0.9896039603960396,0.9921342134213422,0.99006501650165,0.0012330752451117314
0.5289026737213135,0.03171756007953755,0.056096792221069336,0.0022705420027967055,300,4,12,0.01,32,log2,12,log_loss,balanced,0.001,True,0.8,"{'n_estimators': 300, 'min_samples_split': 4, 'min_samples_leaf': 12, 'min_impurity_decrease': 0.01, 'max_samples': 0.8, 'max_leaf_nodes': 32, 'max_features': 'log2', 'max_depth': 12, 'criterion': 'log_loss', 'class_weight': 'balanced', 'ccp_alpha': 0.001, 'bootstrap': True}",0.9696581196581197,0.9066666666666667,0.8878975062914665,0.9082167832167831,0.8755555555555555,0.9095989262777184,0.032396042643873156,97,0.9340345625632285,0.9463564961274136,0.9456629834254144,0.942406230784997,0.9536303630363037,0.9444181271874715,0.006356703107352224,0.9777777777777777,0.9333333333333333,0.9247311827956989,0.9318181818181818,0.9111111111111111,0.9357543173672205,0.02243266663592824,96,0.9526462395543176,0.9606741573033708,0.9613259668508287,0.957983193277311,0.9666666666666667,0.959859244730499,0.004576097954006985,0.9615384615384616,0.88,0.851063829787234,0.8846153846153846,0.84,0.883443535188216,0.042539005063181395,97,0.9154228855721394,0.9320388349514563,0.93,0.926829268292683,0.9405940594059405,0.9289770096444439,0.008169506728325783,0.9615384615384616,0.88,0.8,0.92,0.84,0.8803076923076922,0.05700534595505602,53,0.92,0.9504950495049505,0.9207920792079208,0.9405940594059405,0.9405940594059405,0.9344950495049504,0.012068750545578356,0.971830985915493,0.9142857142857143,0.9,0.9142857142857143,0.8857142857142857,0.9172233400402414,0.0292872607966058,97,0.9392857142857143,0.9501779359430605,0.9501779359430605,0.9466192170818505,0.9572953736654805,0.9487112353838333,0.005851612421311464,0.9974358974358974,0.9457777777777778,0.9617777777777778,0.9742222222222223,0.9226666666666666,0.9603760683760683,0.025306998088256635,117,0.9880555555555556,0.9906490649064907,0.9898789878987899,0.9887788778877887,0.9927942794279428,0.9900313531353134,0.0016438378884728185
0.5248733997344971,0.022144716406980527,0.03278684616088867,0.004234533822413234,200,20,2,0.005,32,0.5,,entropy,balanced,0.001,True,1.0,"{'n_estimators': 200, 'min_samples_split': 20, 'min_samples_leaf': 2, 'min_impurity_decrease': 0.005, 'max_samples': 1.0, 'max_leaf_nodes': 32, 'max_features': 0.5, 'max_depth': None, 'criterion': 'entropy', 'class_weight': 'balanced', 'ccp_alpha': 0.001, 'bootstrap': True}",0.9382608695652175,0.9215070643642072,0.9066666666666667,0.9240945564953372,0.8470279720279721,0.9075114258238802,0.03186022037756556,98,0.9614452522582067,0.9577645692423311,0.957210293893711,0.9543831168831169,0.9654437384709982,0.9592493941496727,0.0038271394983270144,0.9565217391304348,0.945054945054945,0.9333333333333333,0.9425287356321839,0.8863636363636364,0.9327604779029068,0.02434816372914103,105,0.9719101123595506,0.969187675070028,0.9696969696969697,0.9659090909090909,0.9747899159663865,0.9702987528004051,0.002954074960419725,0.92,0.8979591836734694,0.88,0.9056603773584906,0.8076923076923077,0.8822623737448534,0.03945579282299226,98,0.9509803921568627,0.9463414634146341,0.9447236180904522,0.9428571428571428,0.9560975609756097,0.9482000354989403,0.004778860989237299,0.8846153846153846,0.88,0.88,0.96,0.84,0.8889230769230769,0.03904662665652998,9,0.97,0.9603960396039604,0.9306930693069307,0.9801980198019802,0.9702970297029703,0.9623168316831684,0.017007076841130828,0.9436619718309859,0.9285714285714286,0.9142857142857143,0.9285714285714286,0.8571428571428571,0.9144466800804828,0.030120771388481432,99,0.9642857142857143,0.9608540925266904,0.9608540925266904,0.9572953736654805,0.9679715302491103,0.9622521606507372,0.0036145665069351072,0.9897435897435898,0.9617777777777778,0.9697777777777778,0.9804444444444445,0.944,0.9691487179487179,0.015741198626850188,48,0.9963888888888889,0.9961496149614961,0.9957645764576457,0.9955995599559957,0.9965896589658966,0.9960984598459846,0.00037111229229094264
0.4570864200592041,0.017172611267371112,0.04255242347717285,0.004545174111595476,200,20,12,0.005,,log2,4,log_loss,balanced_subsample,0.005,True,0.6,"{'n_estimators': 200, 'min_samples_split': 20, 'min_samples_leaf': 12, 'min_impurity_decrease': 0.005, 'max_samples': 0.6, 'max_leaf_nodes': None, 'max_features': 'log2', 'max_depth': 4, 'criterion': 'log_loss', 'class_weight': 'balanced_subsample', 'ccp_alpha': 0.005, 'bootstrap': True}",0.9696581196581197,0.9066666666666667,0.8878975062914665,0.9082167832167831,0.8612029081295439,0.906728396792516,0.03574784379445277,99,0.9337407257896129,0.9267395749001743,0.9456629834254144,0.9386931384313297,0.9461332018841055,0.9381939248861274,0.007349847408913137,0.9777777777777777,0.9333333333333333,0.9247311827956989,0.9318181818181818,0.898876404494382,0.9333073760438747,0.02545143570044516,104,0.9529085872576177,0.947075208913649,0.9613259668508287,0.9550561797752809,0.9608938547486033,0.9554519595091959,0.005308738467736223,0.9615384615384616,0.88,0.851063829787234,0.8846153846153846,0.8235294117647058,0.8801494175411572,0.04625135703829972,99,0.914572864321608,0.9064039408866995,0.93,0.9223300970873787,0.9313725490196079,0.9209358902630589,0.009430709366761235,0.9615384615384616,0.88,0.8,0.92,0.84,0.8803076923076922,0.05700534595505602,53,0.91,0.9108910891089109,0.9207920792079208,0.9405940594059405,0.9405940594059405,0.9245742574257425,0.013617716825807709,0.971830985915493,0.9142857142857143,0.9,0.9142857142857143,0.8714285714285714,0.9143661971830985,0.032717708434399154,104,0.9392857142857143,0.9323843416370107,0.9501779359430605,0.9430604982206405,0.9501779359430605,0.9430172852058973,0.006775482503783762,0.9957264957264957,0.9377777777777778,0.9564444444444444,0.9733333333333334,0.9128888888888889,0.9552341880341881,0.028518490079706683,134,0.978388888888889,0.984983498349835,0.9828932893289329,0.9833883388338833,0.9888888888888889,0.9837085808580859,0.0033919723991648982
0.5311113834381104,0.034854309563316734,0.03859033584594727,0.005545457941850665,200,12,12,0.0,64,0.7,4,log_loss,,0.0,True,0.8,"{'n_estimators': 200, 'min_samples_split': 12, 'min_samples_leaf': 12, 'min_impurity_decrease': 0.0, 'max_samples': 0.8, 'max_leaf_nodes': 64, 'max_features': 0.7, 'max_depth': 4, 'criterion': 'log_loss', 'class_weight': None, 'ccp_alpha': 0.0, 'bootstrap': True}",0.9532587228439764,0.9066666666666667,0.8878975062914665,0.9240945564953372,0.8612029081295439,0.9066240720853982,0.031285065743034274,100,0.9369049631006703,0.9223756906077348,0.9341657364148785,0.910530614505032,0.9190279512054558,0.9246009911667542,0.00976584162684455,0.967741935483871,0.9333333333333333,0.9247311827956989,0.9425287356321839,0.898876404494382,0.9334423183478938,0.022493220648050285,103,0.9562841530054644,0.9447513812154696,0.9529085872576177,0.9366391184573003,0.9415041782729805,0.9464174836417666,0.007239039758239854,0.9387755102040817,0.88,0.851063829787234,0.9056603773584906,0.8235294117647058,0.8798058258229023,0.04034614313685335,100,0.9175257731958762,0.9,0.9154228855721394,0.8844221105527639,0.896551724137931,0.9027844986917423,0.01233541411314812,0.8846153846153846,0.88,0.8,0.96,0.84,0.8729230769230769,0.05323699385570994,61,0.89,0.8910891089108911,0.9108910891089109,0.8712871287128713,0.900990099009901,0.8928514851485149,0.01317514897579005,0.9577464788732394,0.9142857142857143,0.9,0.9285714285714286,0.8714285714285714,0.9144064386317907,0.028752958616035565,102,0.9428571428571428,0.9288256227758007,0.9395017793594306,0.9181494661921709,0.9252669039145908,0.930920183019827,0.009116718285033543,0.9905982905982906,0.9582222222222222,0.9528888888888889,0.9706666666666667,0.9306666666666666,0.9606085470085469,0.019810877605564752,116,0.9865555555555555,0.9883388338833883,0.9862486248624862,0.9843784378437844,0.9893289328932894,0.9869700770077008,0.0017231721482072627
1.3505418300628662,0.037919562461915336,0.06729364395141602,0.009785709845874119,500,2,12,0.01,,0.5,6,entropy,,0.001,True,1.0,"{'n_estimators': 500, 'min_samples_split': 2, 'min_samples_leaf': 12, 'min_impurity_decrease': 0.01, 'max_samples': 1.0, 'max_leaf_nodes': None, 'max_features': 0.5, 'max_depth': 6, 'criterion': 'entropy', 'class_weight': None, 'ccp_alpha': 0.001, 'bootstrap': True}",0.9382608695652175,0.9215070643642072,0.8878975062914665,0.9240945564953372,0.8612029081295439,0.9065925809691544,0.02807621656333042,101,0.9331225851773797,0.9341657364148785,0.9489554950045413,0.9186753214536735,0.9381738173817382,0.9346185910864422,0.009744920785560478,0.9565217391304348,0.945054945054945,0.9247311827956989,0.9425287356321839,0.898876404494382,0.933542601421529,0.020103291976300675,102,0.9534246575342465,0.9529085872576177,0.9645776566757494,0.9418282548476454,0.9555555555555556,0.9536589423741629,0.007258078989605132,0.92,0.8979591836734694,0.851063829787234,0.9056603773584906,0.8235294117647058,0.8796425605167799,0.036349904296157455,101,0.9128205128205128,0.9154228855721394,0.9333333333333333,0.8955223880597015,0.9207920792079208,0.9155782397987215,0.012266163620361039,0.8846153846153846,0.88,0.8,0.96,0.84,0.8729230769230769,0.05323699385570994,61,0.89,0.9108910891089109,0.900990099009901,0.8910891089108911,0.9207920792079208,0.9027524752475248,0.011776502501820106,0.9436619718309859,0.9285714285714286,0.9,0.9285714285714286,0.8714285714285714,0.9144466800804828,0.025736412140263194,99,0.9392857142857143,0.9395017793594306,0.9537366548042705,0.9252669039145908,0.9430604982206405,0.9401703101169293,0.009118550926992866,0.9923076923076923,0.9582222222222222,0.952,0.9777777777777777,0.9297777777777777,0.962017094017094,0.0215408274375528,109,0.9898888888888888,0.9915291529152915,0.9896589658965896,0.9888338833883388,0.991969196919692,0.9903760176017602,0.0011830111456275685
0.7385600090026856,0.03463230620108158,0.0546318531036377,0.003915777645969182,300,12,4,0.005,64,0.5,3,entropy,balanced,0.01,True,1.0,"{'n_estimators': 300, 'min_samples_split': 12, 'min_samples_leaf': 4, 'min_impurity_decrease': 0.005, 'max_samples': 1.0, 'max_leaf_nodes': 64, 'max_features': 0.5, 'max_depth': 3, 'criterion': 'entropy', 'class_weight': 'balanced', 'ccp_alpha': 0.01, 'bootstrap': True}",0.9382608695652175,0.9066666666666667,0.8878975062914665,0.9240945564953372,0.8755555555555555,0.9064950309148486,0.022899608390871896,102,0.9293563579277865,0.9454156954156954,0.95299431247909,0.9186753214536735,0.9494303473289312,0.9391744069210353,0.013051700091478345,0.9565217391304348,0.9333333333333333,0.9247311827956989,0.9425287356321839,0.9111111111111111,0.9336452204005525,0.015424625593519054,101,0.9505494505494505,0.9615384615384616,0.9672131147540983,0.9418282548476454,0.9641873278236914,0.9570633219026694,0.009469259931239348,0.92,0.88,0.851063829787234,0.9056603773584906,0.84,0.8793448414291449,0.030638572907358077,102,0.9081632653061225,0.9292929292929293,0.9387755102040817,0.8955223880597015,0.9346733668341709,0.9212854919394011,0.016644430536361794,0.8846153846153846,0.88,0.8,0.96,0.84,0.8729230769230769,0.05323699385570994,61,0.89,0.9108910891089109,0.9108910891089109,0.8910891089108911,0.9207920792079208,0.9047326732673268,0.012140471164419802,0.9436619718309859,0.9142857142857143,0.9,0.9285714285714286,0.8857142857142857,0.9144466800804828,0.020431959051197556,99,0.9357142857142857,0.9501779359430605,0.9572953736654805,0.9252669039145908,0.9537366548042705,0.9444382308083377,0.012069449193410756,0.9897435897435898,0.9635555555555555,0.9600000000000001,0.9742222222222222,0.9271111111111111,0.9629264957264958,0.020680676184504133,103,0.9826111111111111,0.9892189218921892,0.9851485148514851,0.9852035203520352,0.9907590759075908,0.9865882288228823,0.002970662235626158
0.25870256423950194,0.011520276727736915,0.030219554901123047,0.0013278741716244136,100,20,8,0.001,64,0.7,6,log_loss,,0.01,True,0.6,"{'n_estimators': 100, 'min_samples_split': 20, 'min_samples_leaf': 8, 'min_impurity_decrease': 0.001, 'max_samples': 0.6, 'max_leaf_nodes': 64, 'max_features': 0.7, 'max_depth': 6, 'criterion': 'log_loss', 'class_weight': None, 'ccp_alpha': 0.01, 'bootstrap': True}",0.9204927211646137,0.9365942028985508,0.8878975062914665,0.9240945564953372,0.8612029081295439,0.9060563789959023,0.027596815099128987,103,0.948353410235673,0.9413809888046728,0.9491968569640499,0.910530614505032,0.9491968569640499,0.9397317454946956,0.014892520456466803,0.9473684210526315,0.9565217391304348,0.9247311827956989,0.9425287356321839,0.898876404494382,0.9340052966210663,0.02038754786491758,99,0.964769647696477,0.958904109589041,0.9643835616438357,0.9366391184573003,0.9643835616438357,0.9578159998060979,0.010809840355242814,0.8936170212765957,0.9166666666666666,0.851063829787234,0.9056603773584906,0.8235294117647058,0.8781074613707386,0.03520410046849063,105,0.9319371727748691,0.9238578680203046,0.934010152284264,0.8844221105527639,0.934010152284264,0.921647491183293,0.018985062839507866,0.8076923076923077,0.88,0.8,0.96,0.84,0.8575384615384616,0.058490680995468045,128,0.89,0.900990099009901,0.9108910891089109,0.8712871287128713,0.9108910891089109,0.8968118811881188,0.014911877210893005,0.9295774647887324,0.9428571428571428,0.9,0.9285714285714286,0.8714285714285714,0.9144869215291749,0.025670448774683954,98,0.9535714285714286,0.9466192170818505,0.9537366548042705,0.9181494661921709,0.9537366548042705,0.9451626842907981,0.0137809169573308,0.9931623931623932,0.9564444444444444,0.9626666666666666,0.9733333333333334,0.9271111111111112,0.9625435897435898,0.021663817543922728,105,0.9900555555555556,0.9905940594059406,0.9878987898789878,0.9870737073707371,0.9907040704070407,0.9892652365236524,0.0014920183530680892
0.30609426498413084,0.011246646741998455,0.03720669746398926,0.006511201010646522,200,8,12,0.01,,sqrt,3,entropy,balanced,0.001,True,0.6,"{'n_estimators': 200, 'min_samples_split': 8, 'min_samples_leaf': 12, 'min_impurity_decrease': 0.01, 'max_samples': 0.6, 'max_leaf_nodes': None, 'max_features': 'sqrt', 'max_depth': 3, 'criterion': 'entropy', 'class_weight': 'balanced', 'ccp_alpha': 0.001, 'bootstrap': True}",0.9691304347826086,0.9066666666666667,0.8704902867715079,0.9082167832167831,0.8755555555555555,0.9060119453986244,0.03515284792375642,104,0.9331225851773797,0.9304455445544555,0.9416504007641513,0.926420528934276,0.9376179376179377,0.93385139940964,0.005335917647482976,0.9782608695652174,0.9333333333333333,0.9148936170212766,0.9318181818181818,0.9111111111111111,0.933883422569824,0.023887722801906285,100,0.9534246575342465,0.95,0.9586776859504132,0.9473684210526315,0.9560439560439561,0.9531029441162493,0.004058172351084692,0.96,0.88,0.8260869565217391,0.8846153846153846,0.84,0.8781404682274248,0.04671322883332019,104,0.9128205128205128,0.9108910891089109,0.9246231155778895,0.9054726368159204,0.9191919191919192,0.9145998547030306,0.006660028843201518,0.9230769230769231,0.88,0.76,0.92,0.84,0.8646153846153846,0.06045194678273386,125,0.89,0.9108910891089109,0.9108910891089109,0.900990099009901,0.900990099009901,0.9027524752475248,0.0077628813737439925,0.971830985915493,0.9142857142857143,0.8857142857142857,0.9142857142857143,0.8857142857142857,0.9143661971830985,0.031445441516015166,104,0.9392857142857143,0.9359430604982206,0.9466192170818505,0.9323843416370107,0.9430604982206405,0.9394585663446874,0.005033530503020293,0.994017094017094,0.9342222222222222,0.9502222222222223,0.9706666666666667,0.9111111111111112,0.9520478632478632,0.02865302877792988,149,0.9729444444444445,0.9793179317931793,0.9756325632563256,0.9762376237623762,0.9834983498349835,0.9775261826182617,0.0036087573838289124
0.6168601036071777,0.004610165163088472,0.054950523376464847,0.00413575333096301,500,2,12,0.0,8,sqrt,4,entropy,balanced,0.005,True,0.6,"{'n_estimators': 500, 'min_samples_split': 2, 'min_samples_leaf': 12, 'min_impurity_decrease': 0.0, 'max_samples': 0.6, 'max_leaf_nodes': 8, 'max_features': 'sqrt', 'max_depth': 4, 'criterion': 'entropy', 'class_weight': 'balanced', 'ccp_alpha': 0.005, 'bootstrap': True}",0.9541047188106011,0.9066666666666667,0.8704902867715079,0.9082167832167831,0.8901098901098901,0.9059176691150899,0.027686906573823392,105,0.9259455170589791,0.9304455445544555,0.9454156954156954,0.9344511985948928,0.9498744459843298,0.9372264803216706,0.009033024852576113,0.967032967032967,0.9333333333333333,0.9148936170212766,0.9318181818181818,0.9230769230769231,0.9340310044565363,0.017780575691689653,98,0.9473684210526315,0.95,0.9615384615384616,0.9526462395543176,0.9637883008356546,0.9550682845962131,0.006461324669184881,0.9411764705882353,0.88,0.8260869565217391,0.8846153846153846,0.8571428571428571,0.8778043337736433,0.0378650836908464,106,0.9045226130653267,0.9108910891089109,0.9292929292929293,0.916256157635468,0.9359605911330049,0.9193846760471279,0.011625351658520355,0.9230769230769231,0.88,0.76,0.92,0.84,0.8646153846153846,0.06045194678273386,125,0.9,0.9108910891089109,0.9108910891089109,0.9207920792079208,0.9405940594059405,0.9166336633663367,0.013667670437019695,0.9577464788732394,0.9142857142857143,0.8857142857142857,0.9142857142857143,0.9,0.9144064386317907,0.02412124934558285,102,0.9321428571428572,0.9359430604982206,0.9501779359430605,0.9395017793594306,0.9537366548042705,0.9423004575495678,0.008297797495615933,0.9948717948717949,0.9351111111111111,0.9582222222222222,0.9733333333333334,0.9164444444444444,0.9555965811965811,0.02762814895453735,133,0.9791666666666667,0.9852585258525852,0.9824532453245324,0.9826732673267327,0.9897139713971397,0.9838531353135312,0.003511104982531981
1.1389792442321778,0.03203667978812264,0.06718969345092773,0.012019928108060225,500,12,8,0.01,,0.3,16,gini,balanced_subsample,0.01,True,0.8,"{'n_estimators': 500, 'min_samples_split': 12, 'min_samples_leaf': 8, 'min_impurity_decrease': 0.01, 'max_samples': 0.8, 'max_leaf_nodes': None, 'max_features': 0.3, 'max_depth': 16, 'criterion': 'gini', 'class_weight': 'balanced_subsample', 'ccp_alpha': 0.01, 'bootstrap': True}",0.9548441806232775,0.8920467063229787,0.9048913043478262,0.9240945564953372,0.8470279720279721,0.9045809439634784,0.03571196451882298,106,0.918513283166341,0.9270478923276628,0.941910943895481,0.9196978975301082,0.9389395914819644,0.9292219216803115,0.009649381012414719,0.9662921348314607,0.9213483146067416,0.9347826086956522,0.9425287356321839,0.8863636363636364,0.9302630860259351,0.026365126335238652,107,0.9415041782729805,0.9467787114845938,0.9584487534626038,0.9408450704225352,0.9548022598870056,0.9484757947059439,0.007059681979907923,0.9433962264150944,0.8627450980392157,0.875,0.9056603773584906,0.8076923076923077,0.8788988019010215,0.045216384888949836,103,0.8955223880597015,0.9073170731707317,0.9253731343283582,0.8985507246376812,0.9230769230769231,0.9099680486546792,0.012289990414825012,0.9615384615384616,0.88,0.84,0.96,0.84,0.8963076923076922,0.054623834665917304,5,0.9,0.9207920792079208,0.9207920792079208,0.9207920792079208,0.9504950495049505,0.9225742574257426,0.01611642768267388,0.9577464788732394,0.9,0.9142857142857143,0.9285714285714286,0.8571428571428571,0.9115492957746477,0.03324114172211553,106,0.925,0.9323843416370107,0.9466192170818505,0.9252669039145908,0.9430604982206405,0.9344661921708186,0.008945701886909954,0.9931623931623932,0.952,0.9662222222222223,0.9742222222222223,0.936,0.9643213675213674,0.019428643227484926,88,0.9878888888888888,0.9893289328932894,0.9875137513751375,0.9875137513751375,0.9913641364136414,0.988721892189219,0.0014807468324836417
1.5053124904632569,0.031144677082101908,0.0800173282623291,0.008276848232674041,500,4,8,0.001,,0.5,4,log_loss,balanced,0.01,True,1.0,"{'n_estimators': 500, 'min_samples_split': 4, 'min_samples_leaf': 8, 'min_impurity_decrease': 0.001, 'max_samples': 1.0, 'max_leaf_nodes': None, 'max_features': 0.5, 'max_depth': 4, 'criterion': 'log_loss', 'class_weight': 'balanced', 'ccp_alpha': 0.01, 'bootstrap': True}",0.9532587228439764,0.9066666666666667,0.8878975062914665,0.9240945564953372,0.8470279720279721,0.9037890848650838,0.035615176363408066,107,0.9369049631006703,0.941910943895481,0.9570127251234268,0.9186753214536735,0.9494303473289312,0.9407868601804366,0.012986465240671319,0.967741935483871,0.9333333333333333,0.9247311827956989,0.9425287356321839,0.8863636363636364,0.9309397647217447,0.026533039400705928,106,0.9562841530054644,0.9584487534626038,0.9698630136986301,0.9418282548476454,0.9641873278236914,0.958122300567607,0.009419237594615467,0.9387755102040817,0.88,0.851063829787234,0.9056603773584906,0.8076923076923077,0.8766384050084227,0.04499381796411442,107,0.9175257731958762,0.9253731343283582,0.9441624365482234,0.8955223880597015,0.9346733668341709,0.923451419793266,0.016575375702161284,0.8846153846153846,0.88,0.8,0.96,0.84,0.8729230769230769,0.05323699385570994,61,0.89,0.9207920792079208,0.9207920792079208,0.8910891089108911,0.9207920792079208,0.9086930693069307,0.014822202154145763,0.9577464788732394,0.9142857142857143,0.9,0.9285714285714286,0.8571428571428571,0.9115492957746477,0.03324114172211553,106,0.9428571428571428,0.9466192170818505,0.9608540925266904,0.9252669039145908,0.9537366548042705,0.9458668022369091,0.012004444495545262,0.9905982905982906,0.9635555555555555,0.9555555555555555,0.975111111111111,0.935111111111111,0.9639863247863246,0.018638664071715588,93,0.9887777777777778,0.9915291529152915,0.9902640264026403,0.9887788778877887,0.992849284928493,0.9904398239823984,0.0015839307989514559
2.062620735168457,0.0998223747556418,0.06928420066833496,0.0056857881610515295,500,8,4,0.005,8,0.5,8,log_loss,balanced,0.01,False,,"{'n_estimators': 500, 'min_samples_split': 8, 'min_samples_leaf': 4, 'min_impurity_decrease': 0.005, 'max_leaf_nodes': 8, 'max_features': 0.5, 'max_depth': 8, 'criterion': 'log_loss', 'class_weight': 'balanced', 'ccp_alpha': 0.01, 'bootstrap': False}",0.9235078646843353,0.9066666666666667,0.8920467063229787,0.9240945564953372,0.8612029081295439,0.9015037404597723,0.023387068393598363,108,0.9503810030125819,0.9465721425467188,0.9575860696790482,0.9543831168831169,0.9469811320754717,0.9511806928393876,0.004261429864327048,0.945054945054945,0.9333333333333333,0.9213483146067416,0.9425287356321839,0.898876404494382,0.9282283466243172,0.016867529618667238,115,0.9629629629629629,0.96045197740113,0.9693593314763231,0.9659090909090909,0.96,0.9637366725499014,0.0035123856684790124,0.9019607843137255,0.88,0.8627450980392157,0.9056603773584906,0.8235294117647058,0.8747791342952274,0.029970327984972674,108,0.937799043062201,0.9326923076923077,0.9458128078817734,0.9428571428571428,0.9339622641509434,0.9386247131288735,0.005043724087933442,0.8846153846153846,0.88,0.88,0.96,0.84,0.8889230769230769,0.03904662665652998,9,0.98,0.9603960396039604,0.9504950495049505,0.9801980198019802,0.9801980198019802,0.9702574257425741,0.012492774109872406,0.9295774647887324,0.9142857142857143,0.9,0.9285714285714286,0.8714285714285714,0.9087726358148892,0.021572044045490263,108,0.9535714285714286,0.9501779359430605,0.9608540925266904,0.9572953736654805,0.9501779359430605,0.9544153533299442,0.0041563325371337095,0.9871794871794871,0.968,0.9582222222222222,0.9751111111111112,0.9333333333333333,0.9643692307692306,0.018165301647462714,87,0.9944444444444445,0.9953795379537954,0.9948294829482949,0.9944444444444445,0.9982398239823983,0.9954675467546755,0.001427856342339513
0.31258468627929686,0.01025194364732446,0.02879672050476074,0.0027216660816110918,100,8,1,0.01,64,0.5,,gini,balanced_subsample,0.0,True,,"{'n_estimators': 100, 'min_samples_split': 8, 'min_samples_leaf': 1, 'min_impurity_decrease': 0.01, 'max_samples': None, 'max_leaf_nodes': 64, 'max_features': 0.5, 'max_depth': None, 'criterion': 'gini', 'class_weight': 'balanced_subsample', 'ccp_alpha': 0.0, 'bootstrap': True}",0.9382608695652175,0.9066666666666667,0.8901098901098901,0.9240945564953372,0.8470279720279721,0.9012319909730167,0.03157577314764537,109,0.9420457838307736,0.9349935360958018,0.9532134532134533,0.9307426881367071,0.9690869086908691,0.9460164739935208,0.013817391517084986,0.9565217391304348,0.9333333333333333,0.9230769230769231,0.9425287356321839,0.8863636363636364,0.9283648735073025,0.02370728160885297,114,0.957983193277311,0.952112676056338,0.967032967032967,0.9497206703910615,0.9777777777777777,0.960925456907091,0.010326390086826912,0.92,0.88,0.8571428571428571,0.9056603773584906,0.8076923076923077,0.8740991084387311,0.03958586542327099,109,0.9261083743842364,0.9178743961352657,0.9393939393939394,0.9117647058823529,0.9603960396039604,0.9311074910799508,0.017324743051811767,0.8846153846153846,0.88,0.84,0.96,0.84,0.8809230769230769,0.043856678898699895,27,0.94,0.9405940594059405,0.9207920792079208,0.9207920792079208,0.9603960396039604,0.9365148514851483,0.014788566391376972,0.9436619718309859,0.9142857142857143,0.9,0.9285714285714286,0.8571428571428571,0.9087323943661971,0.029604854617034368,109,0.9464285714285714,0.9395017793594306,0.9572953736654805,0.9359430604982206,0.9715302491103203,0.9501398068124047,0.012940182848499772,0.9888888888888888,0.9471111111111111,0.9706666666666668,0.9653333333333333,0.9493333333333334,0.9642666666666667,0.015268720547593144,90,0.9925555555555556,0.9938393839383939,0.9915291529152915,0.9924092409240924,0.9958745874587459,0.9932415841584159,0.0015090342754613196
0.24096369743347168,0.01516333148812545,0.031212854385375976,0.0022218529220964,100,8,8,0.001,16,0.3,3,gini,balanced_subsample,0.001,True,0.8,"{'n_estimators': 100, 'min_samples_split': 8, 'min_samples_leaf': 8, 'min_impurity_decrease': 0.001, 'max_samples': 0.8, 'max_leaf_nodes': 16, 'max_features': 0.3, 'max_depth': 3, 'criterion': 'gini', 'class_weight': 'balanced_subsample', 'ccp_alpha': 0.001, 'bootstrap': True}",0.9393162393162393,0.8920467063229787,0.8878975062914665,0.9240945564953372,0.8612029081295439,0.900911583311113,0.027702342781418143,110,0.9293563579277865,0.9307426881367071,0.9494303473289312,0.9113163275107372,0.9459020902090209,0.9333495622226365,0.013596782806191584,0.9555555555555556,0.9213483146067416,0.9247311827956989,0.9425287356321839,0.898876404494382,0.9286080386169125,0.019347651774351285,113,0.9505494505494505,0.9497206703910615,0.9641873278236914,0.935933147632312,0.9611111111111111,0.9523003415015253,0.009965294398593557,0.9230769230769231,0.8627450980392157,0.851063829787234,0.9056603773584906,0.8235294117647058,0.8732151280053138,0.036353444821453966,110,0.9081632653061225,0.9117647058823529,0.9346733668341709,0.8866995073891626,0.9306930693069307,0.914398782943748,0.017260547085411627,0.9230769230769231,0.88,0.8,0.96,0.84,0.8806153846153846,0.05701530989243307,47,0.89,0.9207920792079208,0.9207920792079208,0.8910891089108911,0.9306930693069307,0.9106732673267327,0.016831496795706686,0.9436619718309859,0.9,0.9,0.9285714285714286,0.8714285714285714,0.9087323943661971,0.02513064777740651,109,0.9357142857142857,0.9359430604982206,0.9537366548042705,0.9181494661921709,0.9501779359430605,0.9387442806304017,0.012622787666310219,0.9905982905982906,0.9528888888888889,0.9573333333333334,0.975111111111111,0.9164444444444444,0.9584752136752137,0.024930870951361796,126,0.9797222222222222,0.9840484048404841,0.9795929592959296,0.982948294829483,0.9888888888888888,0.9830401540154016,0.0034095316474498133
0.3056906223297119,0.02329588536442121,0.030988073348999022,0.002961617254612872,100,8,4,0.0,8,0.7,6,gini,balanced,0.005,True,,"{'n_estimators': 100, 'min_samples_split': 8, 'min_samples_leaf': 4, 'min_impurity_decrease': 0.0, 'max_samples': None, 'max_leaf_nodes': 8, 'max_features': 0.7, 'max_depth': 6, 'criterion': 'gini', 'class_weight': 'balanced', 'ccp_alpha': 0.005, 'bootstrap': True}",0.9382608695652175,0.9215070643642072,0.8731884057971014,0.9240945564953372,0.8470279720279721,0.9008157736499671,0.03472337975511612,111,0.9299999999999999,0.9461332018841055,0.9648285932828037,0.9349935360958018,0.9689502762430939,0.948981121501161,0.01558175643524496,0.9565217391304348,0.945054945054945,0.9130434782608695,0.9425287356321839,0.8863636363636364,0.9287025068884139,0.025574446827538233,110,0.95,0.9608938547486033,0.9753424657534246,0.952112676056338,0.9779005524861878,0.9632499098089108,0.011541406510294719,0.92,0.8979591836734694,0.8333333333333334,0.9056603773584906,0.8076923076923077,0.8729290404115202,0.04412975196288702,112,0.91,0.9313725490196079,0.9543147208121827,0.9178743961352657,0.96,0.9347123331934114,0.019642247261662537,0.8846153846153846,0.88,0.8,0.96,0.84,0.8729230769230769,0.05323699385570994,61,0.91,0.9405940594059405,0.9306930693069307,0.9405940594059405,0.9504950495049505,0.9344752475247524,0.013746682411613045,0.9436619718309859,0.9285714285714286,0.8857142857142857,0.9285714285714286,0.8571428571428571,0.9087323943661971,0.032244576645045146,109,0.9357142857142857,0.9501779359430605,0.9679715302491103,0.9395017793594306,0.9715302491103203,0.9529791560752414,0.014536000840085722,0.9880341880341881,0.9564444444444444,0.9715555555555556,0.9635555555555556,0.9342222222222223,0.9627623931623932,0.017726083948765094,104,0.9927222222222223,0.9940594059405942,0.9923542354235424,0.993014301430143,0.9957095709570958,0.9935719471947196,0.001210196237285853
0.5427435398101806,0.011431414394788482,0.04160089492797851,0.0038024215185920008,200,4,12,0.005,16,0.5,4,entropy,,0.0,True,1.0,"{'n_estimators': 200, 'min_samples_split': 4, 'min_samples_leaf': 12, 'min_impurity_decrease': 0.005, 'max_samples': 1.0, 'max_leaf_nodes': 16, 'max_features': 0.5, 'max_depth': 4, 'criterion': 'entropy', 'class_weight': None, 'ccp_alpha': 0.0, 'bootstrap': True}",0.9382608695652175,0.9066666666666667,0.8878975062914665,0.9240945564953372,0.8470279720279721,0.900789514209332,0.031743584155034366,112,0.9369049631006703,0.9298201798201797,0.9489554950045413,0.910530614505032,0.9341657364148785,0.9320753977690603,0.012505163681589224,0.9565217391304348,0.9333333333333333,0.9247311827956989,0.9425287356321839,0.8863636363636364,0.9286957254510575,0.023642630901815072,111,0.9562841530054644,0.9505494505494505,0.9645776566757494,0.9366391184573003,0.9529085872576177,0.9521917931891165,0.009113218943626251,0.92,0.88,0.851063829787234,0.9056603773584906,0.8076923076923077,0.8728833029676064,0.040176914755545405,113,0.9175257731958762,0.9090909090909091,0.9333333333333333,0.8844221105527639,0.9154228855721394,0.9119590023490044,0.015914495395127886,0.8846153846153846,0.88,0.8,0.96,0.84,0.8729230769230769,0.05323699385570994,61,0.89,0.8910891089108911,0.900990099009901,0.8712871287128713,0.9108910891089109,0.8928514851485149,0.01317514897579005,0.9436619718309859,0.9142857142857143,0.9,0.9285714285714286,0.8571428571428571,0.9087323943661971,0.029604854617034368,109,0.9428571428571428,0.9359430604982206,0.9537366548042705,0.9181494661921709,0.9395017793594306,0.9380376207422471,0.01159100598202233,0.9914529914529915,0.9644444444444444,0.9493333333333334,0.9751111111111112,0.9253333333333333,0.9611350427350427,0.022567690986353667,114,0.9864444444444445,0.9887238723872388,0.9864136413641363,0.9850935093509351,0.9905940594059406,0.9874539053905391,0.00195683486902931
1.7038189888000488,0.0476863512389509,0.06588163375854492,0.00878656965123233,500,20,8,0.005,64,0.5,,log_loss,balanced_subsample,0.0,True,,"{'n_estimators': 500, 'min_samples_split': 20, 'min_samples_leaf': 8, 'min_impurity_decrease': 0.005, 'max_samples': None, 'max_leaf_nodes': 64, 'max_features': 0.5, 'max_depth': None, 'criterion': 'log_loss', 'class_weight': 'balanced_subsample', 'ccp_alpha': 0.0, 'bootstrap': True}",0.9382608695652175,0.9066666666666667,0.8878975062914665,0.9240945564953372,0.8470279720279721,0.900789514209332,0.031743584155034366,112,0.9374965120821475,0.931029780735246,0.9534254143646408,0.9349935360958018,0.9315746753246753,0.9377039837205023,0.008205685336460109,0.9565217391304348,0.9333333333333333,0.9247311827956989,0.9425287356321839,0.8863636363636364,0.9286957254510575,0.023642630901815072,111,0.9558011049723757,0.949438202247191,0.9668508287292817,0.952112676056338,0.9488636363636364,0.9546132896737646,0.006591834021604764,0.92,0.88,0.851063829787234,0.9056603773584906,0.8076923076923077,0.8728833029676064,0.040176914755545405,113,0.9191919191919192,0.912621359223301,0.94,0.9178743961352657,0.9142857142857143,0.9207946777672401,0.009890510841705672,0.8846153846153846,0.88,0.8,0.96,0.84,0.8729230769230769,0.05323699385570994,61,0.91,0.9306930693069307,0.9306930693069307,0.9405940594059405,0.9504950495049505,0.9324950495049504,0.013432166458725976,0.9436619718309859,0.9142857142857143,0.9,0.9285714285714286,0.8571428571428571,0.9087323943661971,0.029604854617034368,109,0.9428571428571428,0.9359430604982206,0.9572953736654805,0.9395017793594306,0.9359430604982206,0.9423080833756992,0.007922407604228798,0.9914529914529915,0.9653333333333334,0.9617777777777778,0.9777777777777777,0.9395555555555556,0.9671794871794873,0.017304306516988638,69,0.9923333333333333,0.9938943894389439,0.9936743674367436,0.9923542354235424,0.993949394939494,0.9932411441144116,0.000738479325702074
0.39057283401489257,0.013869236813917005,0.03150863647460937,0.001852215183385224,200,4,12,0.01,16,0.7,,gini,,0.0,True,,"{'n_estimators': 200, 'min_samples_split': 4, 'min_samples_leaf': 12, 'min_impurity_decrease': 0.01, 'max_samples': None, 'max_leaf_nodes': 16, 'max_features': 0.7, 'max_depth': None, 'criterion': 'gini', 'class_weight': None, 'ccp_alpha': 0.0, 'bootstrap': True}",0.9382608695652175,0.9066666666666667,0.8731884057971014,0.9240945564953372,0.8612029081295439,0.9006826813307732,0.029361988656583224,114,0.9369049631006703,0.91498899889989,0.945160031225605,0.910530614505032,0.9116895538703287,0.9238548323203052,0.01434119378693333,0.9565217391304348,0.9333333333333333,0.9130434782608695,0.9425287356321839,0.898876404494382,0.9288607381702407,0.02059706393279537,109,0.9562841530054644,0.9388888888888889,0.9617486338797814,0.9366391184573003,0.9355742296918768,0.9458270047846623,0.01095923652820141,0.92,0.88,0.8333333333333334,0.9056603773584906,0.8235294117647058,0.872504624491306,0.038325596693375576,115,0.9175257731958762,0.8910891089108911,0.9285714285714286,0.8844221105527639,0.8878048780487805,0.901882659855948,0.01775698642842831,0.8846153846153846,0.88,0.8,0.96,0.84,0.8729230769230769,0.05323699385570994,61,0.89,0.8910891089108911,0.900990099009901,0.8712871287128713,0.900990099009901,0.8908712871287129,0.0108547368113647,0.9436619718309859,0.9142857142857143,0.8857142857142857,0.9285714285714286,0.8714285714285714,0.9087323943661971,0.026705469678949507,109,0.9428571428571428,0.9217081850533808,0.9501779359430605,0.9181494661921709,0.9181494661921709,0.9302084392475851,0.013578383445326213,0.9905982905982905,0.952,0.944,0.9742222222222222,0.9262222222222222,0.9574085470085469,0.022653419702314683,131,0.9814999999999999,0.9867986798679866,0.9797029702970297,0.9833333333333334,0.9885038503850385,0.9839677667766777,0.0032640769324116872
0.455026912689209,0.041406894491347324,0.03967733383178711,0.0070884887294428095,200,20,12,0.0,8,sqrt,5,entropy,balanced_subsample,0.005,True,0.6,"{'n_estimators': 200, 'min_samples_split': 20, 'min_samples_leaf': 12, 'min_impurity_decrease': 0.0, 'max_samples': 0.6, 'max_leaf_nodes': 8, 'max_features': 'sqrt', 'max_depth': 5, 'criterion': 'entropy', 'class_weight': 'balanced_subsample', 'ccp_alpha': 0.005, 'bootstrap': True}",0.9696581196581197,0.9066666666666667,0.8704902867715079,0.8937323790934721,0.8612029081295439,0.900350072063862,0.038239785330883534,115,0.9417952022616721,0.9267395749001743,0.9494303473289312,0.9386931384313297,0.942406230784997,0.9398128987414209,0.00742045652339805,0.9777777777777777,0.9333333333333333,0.9148936170212766,0.9195402298850575,0.898876404494382,0.9288842725023653,0.026810038105170866,108,0.958217270194986,0.947075208913649,0.9641873278236914,0.9550561797752809,0.957983193277311,0.9565038359969836,0.005570549678041696,0.9615384615384616,0.88,0.8260869565217391,0.8679245283018868,0.8235294117647058,0.8718158716253587,0.05010984241295725,116,0.9253731343283582,0.9064039408866995,0.9346733668341709,0.9223300970873787,0.926829268292683,0.9231219614858581,0.009299098132907727,0.9615384615384616,0.88,0.76,0.92,0.84,0.8723076923076922,0.06921367310278151,99,0.93,0.9108910891089109,0.9207920792079208,0.9405940594059405,0.9405940594059405,0.9285742574257426,0.011525977274918862,0.971830985915493,0.9142857142857143,0.8857142857142857,0.9,0.8714285714285714,0.9086519114688129,0.03466959034424618,115,0.9464285714285714,0.9323843416370107,0.9537366548042705,0.9430604982206405,0.9466192170818505,0.9444458566344688,0.006962369513170918,0.9965811965811966,0.9351111111111111,0.9564444444444444,0.9733333333333334,0.9102222222222223,0.9543384615384616,0.029885188834131382,140,0.9810000000000001,0.9863036303630364,0.9856985698569858,0.9855335533553355,0.989053905390539,0.9855179317931795,0.002590946288714584
0.3721621513366699,0.028665466204821348,0.03912153244018555,0.004503201253065177,200,8,12,0.0,8,0.3,5,gini,balanced,0.0,True,,"{'n_estimators': 200, 'min_samples_split': 8, 'min_samples_leaf': 12, 'min_impurity_decrease': 0.0, 'max_samples': None, 'max_leaf_nodes': 8, 'max_features': 0.3, 'max_depth': 5, 'criterion': 'gini', 'class_weight': 'balanced', 'ccp_alpha': 0.0, 'bootstrap': True}",0.9402356902356903,0.8920467063229787,0.8920467063229787,0.9240945564953372,0.8470279720279721,0.8990903262809914,0.0320245730593535,116,0.9115080728272071,0.9233664230391623,0.9344511985948928,0.9196978975301082,0.9242587601078167,0.9226564704198374,0.007419257376807211,0.9545454545454546,0.9213483146067416,0.9213483146067416,0.9425287356321839,0.8863636363636364,0.9252268911509516,0.023235194282177248,121,0.9352112676056338,0.9438202247191011,0.9526462395543176,0.9408450704225352,0.9428571428571428,0.943075989031746,0.005639544599035016,0.9259259259259259,0.8627450980392157,0.8627450980392157,0.9056603773584906,0.8076923076923077,0.8729537614110312,0.04084914661847138,111,0.8878048780487805,0.9029126213592233,0.916256157635468,0.8985507246376812,0.9056603773584906,0.9022369518079287,0.00927995180610183,0.9615384615384616,0.88,0.88,0.96,0.84,0.9043076923076923,0.048361557426187085,1,0.91,0.9207920792079208,0.9207920792079208,0.9207920792079208,0.9504950495049505,0.9245742574257425,0.01361771682580772,0.9436619718309859,0.9,0.9,0.9285714285714286,0.8571428571428571,0.9058752515090542,0.029620385234450885,117,0.9178571428571428,0.9288256227758007,0.9395017793594306,0.9252669039145908,0.9288256227758007,0.9280554143365531,0.0069855027858827055,0.9923076923076923,0.9493333333333334,0.9564444444444444,0.9733333333333334,0.92,0.9582837606837608,0.02422088820072332,128,0.9866111111111111,0.9883388338833883,0.987073707370737,0.9874587458745875,0.9908140814081408,0.988059295929593,0.0014897160095015511
0.2159435272216797,0.01226830947106455,0.029352569580078126,0.003590858221016077,100,8,12,0.01,16,0.3,8,log_loss,balanced,0.0,True,0.8,"{'n_estimators': 100, 'min_samples_split': 8, 'min_samples_leaf': 12, 'min_impurity_decrease': 0.01, 'max_samples': 0.8, 'max_leaf_nodes': 16, 'max_features': 0.3, 'max_depth': 8, 'criterion': 'log_loss', 'class_weight': 'balanced', 'ccp_alpha': 0.0, 'bootstrap': True}",0.9393162393162393,0.8920467063229787,0.8901098901098901,0.9240945564953372,0.8470279720279721,0.8985190728544834,0.03188245129235789,117,0.9188640973630832,0.9233664230391623,0.9344511985948928,0.9157030653430784,0.9242587601078167,0.9233287088896066,0.006366465117335373,0.9555555555555556,0.9213483146067416,0.9230769230769231,0.9425287356321839,0.8863636363636364,0.9257746330470082,0.02344226905608236,120,0.9411764705882353,0.9438202247191011,0.9526462395543176,0.9382022471910112,0.9428571428571428,0.9437404649819616,0.004844488907543191,0.9230769230769231,0.8627450980392157,0.8571428571428571,0.9056603773584906,0.8076923076923077,0.8712635126619588,0.04045003881592338,117,0.896551724137931,0.9029126213592233,0.916256157635468,0.8932038834951457,0.9056603773584906,0.9029169527972517,0.008004006920954126,0.9230769230769231,0.88,0.84,0.96,0.84,0.8886153846153846,0.04708396126372573,14,0.91,0.9207920792079208,0.9207920792079208,0.9108910891089109,0.9504950495049505,0.9225940594059405,0.014700539853125635,0.9436619718309859,0.9,0.9,0.9285714285714286,0.8571428571428571,0.9058752515090542,0.029620385234450885,117,0.925,0.9288256227758007,0.9395017793594306,0.9217081850533808,0.9288256227758007,0.9287722419928827,0.0059876436302356735,0.9914529914529915,0.9564444444444444,0.9573333333333333,0.9742222222222223,0.9271111111111111,0.9613128205128205,0.02137464332591892,113,0.989111111111111,0.9905940594059406,0.9885588558855886,0.9882838283828383,0.9919141914191418,0.9896924092409239,0.001367935658311632
0.5381150245666504,0.018858137266232124,0.03796052932739258,0.005073502625988786,200,8,8,0.01,,0.5,10,entropy,balanced_subsample,0.0,True,0.6,"{'n_estimators': 200, 'min_samples_split': 8, 'min_samples_leaf': 8, 'min_impurity_decrease': 0.01, 'max_samples': 0.6, 'max_leaf_nodes': None, 'max_features': 0.5, 'max_depth': 10, 'criterion': 'entropy', 'class_weight': 'balanced_subsample', 'ccp_alpha': 0.0, 'bootstrap': True}",0.9382608695652175,0.9066666666666667,0.8755555555555555,0.9240945564953372,0.8470279720279721,0.8983211240621497,0.033100935716778176,118,0.9372056514913658,0.9270478923276628,0.9344511985948928,0.9227172717271728,0.9273457168129551,0.9297535461908097,0.005295831851330149,0.9565217391304348,0.9333333333333333,0.9111111111111111,0.9425287356321839,0.8863636363636364,0.9259717111141399,0.024703318693151868,119,0.9560439560439561,0.9467787114845938,0.9526462395543176,0.9444444444444444,0.9464788732394366,0.9492784449533497,0.004348977141988307,0.92,0.88,0.84,0.9056603773584906,0.8076923076923077,0.8706705370101597,0.04159726658002913,118,0.9183673469387755,0.9073170731707317,0.916256157635468,0.900990099009901,0.9082125603864735,0.9102286474282699,0.006331855297082936,0.8846153846153846,0.88,0.84,0.96,0.84,0.8809230769230769,0.043856678898699895,27,0.9,0.9207920792079208,0.9207920792079208,0.900990099009901,0.9306930693069307,0.9146534653465347,0.012116482012497718,0.9436619718309859,0.9142857142857143,0.8857142857142857,0.9285714285714286,0.8571428571428571,0.9058752515090542,0.030967723108076595,117,0.9428571428571428,0.9323843416370107,0.9395017793594306,0.9288256227758007,0.9323843416370107,0.9351906456532791,0.0051696277216727645,0.9923076923076923,0.9555555555555556,0.9635555555555555,0.9742222222222222,0.9342222222222222,0.9639726495726496,0.019308224946588542,94,0.9912222222222222,0.9914741474147415,0.9902090209020902,0.9898789878987899,0.992959295929593,0.9911487348734873,0.0010848727831509288
1.1348902225494384,0.02724368031893984,0.045679664611816405,0.0072532930753050175,300,20,1,0.0,,0.7,,log_loss,balanced_subsample,0.01,True,0.8,"{'n_estimators': 300, 'min_samples_split': 20, 'min_samples_leaf': 1, 'min_impurity_decrease': 0.0, 'max_samples': 0.8, 'max_leaf_nodes': None, 'max_features': 0.7, 'max_depth': None, 'criterion': 'log_loss', 'class_weight': 'balanced_subsample', 'ccp_alpha': 0.01, 'bootstrap': True}",0.9382608695652175,0.9066666666666667,0.8731884057971014,0.9240945564953372,0.8470279720279721,0.8978476941104588,0.03343836558505058,119,0.9493311432508804,0.931029780735246,0.957210293893711,0.9465721425467188,0.9276332732423385,0.942355326733779,0.011243846780998993,0.9565217391304348,0.9333333333333333,0.9130434782608695,0.9425287356321839,0.8863636363636364,0.9263581845440916,0.024481931034847717,118,0.96398891966759,0.949438202247191,0.9696969696969697,0.96045197740113,0.9461756373937678,0.9579503412813295,0.008852186779709245,0.92,0.88,0.8333333333333334,0.9056603773584906,0.8076923076923077,0.8693372036768263,0.04265245358399535,119,0.9346733668341709,0.912621359223301,0.9447236180904522,0.9326923076923077,0.9090909090909091,0.9267603121862281,0.013657255655415892,0.8846153846153846,0.88,0.8,0.96,0.84,0.8729230769230769,0.05323699385570994,61,0.93,0.9306930693069307,0.9306930693069307,0.9603960396039604,0.9405940594059405,0.9384752475247524,0.011644439921279403,0.9436619718309859,0.9142857142857143,0.8857142857142857,0.9285714285714286,0.8571428571428571,0.9058752515090542,0.030967723108076595,117,0.9535714285714286,0.9359430604982206,0.9608540925266904,0.9501779359430605,0.9323843416370107,0.9465861718352822,0.010772520056567488,0.9914529914529915,0.9635555555555555,0.9662222222222223,0.9751111111111112,0.944,0.9680683760683759,0.015488711457974437,64,0.9952777777777778,0.994939493949395,0.9943344334433444,0.9946094609460946,0.9935093509350935,0.9945341034103411,0.0006021723247340649
0.7288481712341308,0.03116240782516222,0.04325876235961914,0.0026172745324892946,200,8,8,0.001,,0.5,12,entropy,balanced_subsample,0.001,True,1.0,"{'n_estimators': 200, 'min_samples_split': 8, 'min_samples_leaf': 8, 'min_impurity_decrease': 0.001, 'max_samples': 1.0, 'max_leaf_nodes': None, 'max_features': 0.5, 'max_depth': 12, 'criterion': 'entropy', 'class_weight': 'balanced_subsample', 'ccp_alpha': 0.001, 'bootstrap': True}",0.9235078646843353,0.9066666666666667,0.8878975062914665,0.9240945564953372,0.8470279720279721,0.8978389132331556,0.02865926175090249,120,0.9493311432508804,0.9459020902090209,0.961011211011211,0.9426413553786487,0.9538284587578048,0.9505428517215133,0.006415922522990206,0.945054945054945,0.9333333333333333,0.9247311827956989,0.9425287356321839,0.8863636363636364,0.9264023666359595,0.021269271427515758,116,0.96398891966759,0.9611111111111111,0.9725274725274725,0.9577464788732394,0.9664804469273743,0.9643708858213575,0.00501268294375083,0.9019607843137255,0.88,0.851063829787234,0.9056603773584906,0.8076923076923077,0.8692754598303516,0.03641800795773476,120,0.9346733668341709,0.9306930693069307,0.9494949494949495,0.927536231884058,0.9411764705882353,0.936714817621669,0.007847464917016399,0.8846153846153846,0.88,0.8,0.96,0.84,0.8729230769230769,0.05323699385570994,61,0.93,0.9306930693069307,0.9306930693069307,0.9504950495049505,0.9504950495049505,0.9384752475247524,0.00981738962779865,0.9295774647887324,0.9142857142857143,0.9,0.9285714285714286,0.8571428571428571,0.9059154929577463,0.026672097764539725,116,0.9535714285714286,0.9501779359430605,0.9644128113879004,0.9466192170818505,0.9572953736654805,0.954415353329944,0.006126848133604017,0.9905982905982906,0.9662222222222222,0.9591111111111111,0.9813333333333334,0.9431111111111112,0.9680752136752137,0.01667370300735561,63,0.9938888888888888,0.9944994499449945,0.9942244224422443,0.9936193619361936,0.9955995599559956,0.9943663366336633,0.0006847811477799498
1.0726893424987793,0.046697725368316234,0.07314715385437012,0.007015124109406559,500,12,12,0.01,16,sqrt,16,gini,balanced_subsample,0.01,True,0.6,"{'n_estimators': 500, 'min_samples_split': 12, 'min_samples_leaf': 12, 'min_impurity_decrease': 0.01, 'max_samples': 0.6, 'max_leaf_nodes': 16, 'max_features': 'sqrt', 'max_depth': 16, 'criterion': 'gini', 'class_weight': 'balanced_subsample', 'ccp_alpha': 0.01, 'bootstrap': True}",0.9696581196581197,0.9066666666666667,0.8704902867715079,0.8937323790934721,0.8470279720279721,0.8975150848435476,0.041429376186953686,121,0.9262739228647847,0.9307426881367071,0.9304455445544555,0.9270478923276628,0.9349935360958018,0.9299007167958824,0.003105955669742666,0.9777777777777777,0.9333333333333333,0.9148936170212766,0.9195402298850575,0.8863636363636364,0.9263817188762162,0.029900197985974764,117,0.947075208913649,0.9497206703910615,0.95,0.9467787114845938,0.952112676056338,0.9491374533691284,0.001987591220326759,0.9615384615384616,0.88,0.8260869565217391,0.8679245283018868,0.8076923076923077,0.868648450810879,0.053451039289762546,121,0.9054726368159204,0.9117647058823529,0.9108910891089109,0.9073170731707317,0.9178743961352657,0.9106639802226363,0.004275631093483712,0.9615384615384616,0.88,0.76,0.92,0.84,0.8723076923076922,0.06921367310278151,99,0.91,0.9207920792079208,0.9108910891089109,0.9207920792079208,0.9405940594059405,0.9206138613861385,0.011013248298058928,0.971830985915493,0.9142857142857143,0.8857142857142857,0.9,0.8571428571428571,0.90579476861167,0.0380439003795916,121,0.9321428571428572,0.9359430604982206,0.9359430604982206,0.9323843416370107,0.9395017793594306,0.9351830198271479,0.002715960099116167,0.9948717948717949,0.9297777777777778,0.9608888888888889,0.9706666666666667,0.9128888888888889,0.9538188034188035,0.02923153615228241,143,0.9753333333333334,0.9813531353135314,0.9783828382838283,0.9791529152915291,0.9856435643564356,0.9799731573157316,0.003428927921984262
0.8662640571594238,0.022800848717317884,0.05209717750549316,0.007245847191872443,300,20,8,0.005,16,0.5,16,gini,balanced_subsample,0.005,True,1.0,"{'n_estimators': 300, 'min_samples_split': 20, 'min_samples_leaf': 8, 'min_impurity_decrease': 0.005, 'max_samples': 1.0, 'max_leaf_nodes': 16, 'max_features': 0.5, 'max_depth': 16, 'criterion': 'gini', 'class_weight': 'balanced_subsample', 'ccp_alpha': 0.005, 'bootstrap': True}",0.908974358974359,0.9066666666666667,0.8920467063229787,0.9240945564953372,0.8470279720279721,0.8957620520974625,0.02640083647088196,122,0.9074686054196959,0.9196978975301082,0.9384379450104063,0.9270478923276628,0.9203224369101146,0.9225949554395976,0.010131068210136639,0.9333333333333333,0.9333333333333333,0.9213483146067416,0.9425287356321839,0.8863636363636364,0.9233814706538457,0.019693403346210774,127,0.9325842696629213,0.9408450704225352,0.9553072625698324,0.9467787114845938,0.9401709401709402,0.9431372508621646,0.007573479027577087,0.8846153846153846,0.88,0.8627450980392157,0.9056603773584906,0.8076923076923077,0.8681426335410796,0.03317500581209477,122,0.8823529411764706,0.8985507246376812,0.9215686274509803,0.9073170731707317,0.9004739336492891,0.9020526600170304,0.012739088519029187,0.8846153846153846,0.88,0.88,0.96,0.84,0.8889230769230769,0.03904662665652998,9,0.9,0.9207920792079208,0.9306930693069307,0.9207920792079208,0.9405940594059405,0.9225742574257426,0.013465346534653448,0.9154929577464789,0.9142857142857143,0.9,0.9285714285714286,0.8571428571428571,0.9030985915492957,0.024694810179186257,123,0.9142857142857143,0.9252669039145908,0.9430604982206405,0.9323843416370107,0.9252669039145908,0.9280528723945093,0.009476796313846328,0.9914529914529915,0.9591111111111111,0.96,0.9724444444444444,0.9271111111111111,0.9620239316239317,0.021005439812503503,108,0.9895555555555555,0.9902090209020903,0.9881738173817383,0.9892739273927392,0.9916391639163916,0.9897702970297031,0.0011424872918284826
1.8208583831787108,0.046094864815896905,0.07355327606201172,0.003779953092481862,500,20,8,0.01,64,0.7,5,entropy,balanced,0.005,True,1.0,"{'n_estimators': 500, 'min_samples_split': 20, 'min_samples_leaf': 8, 'min_impurity_decrease': 0.01, 'max_samples': 1.0, 'max_leaf_nodes': 64, 'max_features': 0.7, 'max_depth': 5, 'criterion': 'entropy', 'class_weight': 'balanced', 'ccp_alpha': 0.005, 'bootstrap': True}",0.908974358974359,0.9066666666666667,0.8901098901098901,0.9240945564953372,0.8470279720279721,0.895374688854845,0.02646663454734048,123,0.9222222222222223,0.9270478923276628,0.9496561513760835,0.9267395749001743,0.9163690476190476,0.9284069776890382,0.011307676047856412,0.9333333333333333,0.9333333333333333,0.9230769230769231,0.9425287356321839,0.8863636363636364,0.923727192347882,0.019669835205455205,126,0.9444444444444444,0.9467787114845938,0.96398891966759,0.947075208913649,0.9375,0.9479574569020555,0.008727832056824116,0.8846153846153846,0.88,0.8571428571428571,0.9056603773584906,0.8076923076923077,0.8670221853618079,0.03343198984166947,123,0.9,0.9073170731707317,0.9353233830845771,0.9064039408866995,0.8952380952380953,0.9088564984760208,0.013948328372164412,0.8846153846153846,0.88,0.84,0.96,0.84,0.8809230769230769,0.043856678898699895,27,0.9,0.9207920792079208,0.9306930693069307,0.9108910891089109,0.9306930693069307,0.9186138613861387,0.011854756076907547,0.9154929577464789,0.9142857142857143,0.9,0.9285714285714286,0.8571428571428571,0.9030985915492957,0.024694810179186257,123,0.9285714285714286,0.9323843416370107,0.9537366548042705,0.9323843416370107,0.9217081850533808,0.9337569903406202,0.010723983221909681,0.9905982905982906,0.9608888888888889,0.9608888888888889,0.9751111111111112,0.9351111111111111,0.9645196581196581,0.018349395390550968,85,0.991111111111111,0.9934543454345435,0.9920792079207921,0.9911441144114411,0.9929042904290429,0.9921386138613861,0.0009344228488648416
0.6350615978240967,0.03877259251194905,0.03784046173095703,0.0053842146605721985,200,20,8,0.005,16,,16,entropy,balanced,0.001,True,0.6,"{'n_estimators': 200, 'min_samples_split': 20, 'min_samples_leaf': 8, 'min_impurity_decrease': 0.005, 'max_samples': 0.6, 'max_leaf_nodes': 16, 'max_features': None, 'max_depth': 16, 'criterion': 'entropy', 'class_weight': 'balanced', 'ccp_alpha': 0.001, 'bootstrap': True}",0.9235078646843353,0.9066666666666667,0.8612029081295439,0.9240945564953372,0.8612029081295439,0.8953349808210854,0.02856301263760347,124,0.9070745063333149,0.9113163275107372,0.9193687230989958,0.9068508287292818,0.9120500782472614,0.9113320927839184,0.004545590135557129,0.945054945054945,0.9333333333333333,0.898876404494382,0.9425287356321839,0.898876404494382,0.9237339646018452,0.020667714409676203,125,0.9329608938547486,0.935933147632312,0.9411764705882353,0.9337016574585635,0.9352112676056338,0.9357966874278985,0.0028890926039108742,0.9019607843137255,0.88,0.8235294117647058,0.9056603773584906,0.8235294117647058,0.8669359970403254,0.0365109430677502,124,0.8811881188118812,0.8866995073891626,0.8975609756097561,0.88,0.8888888888888888,0.8868674981399376,0.006290986919455622,0.8846153846153846,0.88,0.84,0.96,0.84,0.8809230769230769,0.043856678898699895,27,0.89,0.8910891089108911,0.9108910891089109,0.8712871287128713,0.9108910891089109,0.8948316831683168,0.014882923819910925,0.9295774647887324,0.9142857142857143,0.8714285714285714,0.9285714285714286,0.8714285714285714,0.9030583501006035,0.02638605738313016,126,0.9142857142857143,0.9181494661921709,0.9252669039145908,0.9145907473309609,0.9181494661921709,0.9180884595831215,0.003955562398156952,0.9897435897435898,0.9591111111111111,0.9528888888888889,0.9795555555555555,0.9253333333333333,0.9613264957264958,0.022411776956896903,112,0.989,0.9892739273927392,0.9892739273927392,0.9872937293729374,0.9905940594059406,0.9890871287128713,0.0010549407767640032
0.8464266300201416,0.019513107797766348,0.052785491943359374,0.005278312389497711,300,8,12,0.005,8,,16,gini,,0.0,True,0.8,"{'n_estimators': 300, 'min_samples_split': 8, 'min_samples_leaf': 12, 'min_impurity_decrease': 0.005, 'max_samples': 0.8, 'max_leaf_nodes': 8, 'max_features': None, 'max_depth': 16, 'criterion': 'gini', 'class_weight': None, 'ccp_alpha': 0.0, 'bootstrap': True}",0.908974358974359,0.9066666666666667,0.8755555555555555,0.9240945564953372,0.8612029081295439,0.8952988091642924,0.02322830360394637,125,0.9034096397179562,0.9113163275107372,0.9157030653430784,0.9027506679402522,0.9080397076469946,0.9082438816318037,0.004871679871999886,0.9333333333333333,0.9333333333333333,0.9111111111111111,0.9425287356321839,0.898876404494382,0.9238365835808686,0.01621555580076987,123,0.9299719887955182,0.935933147632312,0.9382022471910112,0.931129476584022,0.9325842696629213,0.9335642259731569,0.0030631851900514684,0.8846153846153846,0.88,0.84,0.9056603773584906,0.8235294117647058,0.8667610347477162,0.030306214122560148,125,0.8768472906403941,0.8866995073891626,0.8932038834951457,0.8743718592964824,0.883495145631068,0.8829235372904506,0.0067870785207578225,0.8846153846153846,0.88,0.84,0.96,0.84,0.8809230769230769,0.043856678898699895,27,0.89,0.8910891089108911,0.9108910891089109,0.8613861386138614,0.900990099009901,0.8908712871287129,0.016573251918350348,0.9154929577464789,0.9142857142857143,0.8857142857142857,0.9285714285714286,0.8714285714285714,0.903098591549296,0.02113216372413368,122,0.9107142857142857,0.9181494661921709,0.9217081850533808,0.9110320284697508,0.9145907473309609,0.9152389425521099,0.004216943182940559,0.988034188034188,0.9546666666666667,0.9431111111111111,0.9742222222222222,0.9128888888888889,0.9545846153846153,0.025979573335529953,137,0.9838333333333332,0.9847084708470847,0.97997799779978,0.9825632563256326,0.9878987898789879,0.9837963696369638,0.002598602651430312
0.44387011528015136,0.011705575669008407,0.04125981330871582,0.0031437275650996474,200,12,8,0.0,8,0.3,8,gini,balanced_subsample,0.0,False,,"{'n_estimators': 200, 'min_samples_split': 12, 'min_samples_leaf': 8, 'min_impurity_decrease': 0.0, 'max_leaf_nodes': 8, 'max_features': 0.3, 'max_depth': 8, 'criterion': 'gini', 'class_weight': 'balanced_subsample', 'ccp_alpha': 0.0, 'bootstrap': False}",0.9247403010387958,0.9066666666666667,0.8731884057971014,0.9240945564953372,0.8470279720279721,0.8951435804051746,0.030476377302451403,126,0.9460233531614893,0.9347270615563299,0.9649902404584908,0.9389395914819644,0.9652976933737668,0.9499955880064082,0.012885151451193223,0.9438202247191011,0.9333333333333333,0.9130434782608695,0.9425287356321839,0.8863636363636364,0.9238178816618248,0.021723912465747387,124,0.9606741573033708,0.9523809523809523,0.9752066115702479,0.9548022598870056,0.9749303621169917,0.9635988686517137,0.009745956571878373,0.9056603773584906,0.88,0.8333333333333334,0.9056603773584906,0.8076923076923077,0.8664692791485245,0.039516295482241684,126,0.9313725490196079,0.9170731707317074,0.9547738693467337,0.9230769230769231,0.9556650246305419,0.9363923073611028,0.016031506008650366,0.9230769230769231,0.88,0.8,0.96,0.84,0.8806153846153846,0.05701530989243307,47,0.95,0.9306930693069307,0.9405940594059405,0.9504950495049505,0.9603960396039604,0.9464356435643564,0.010060107561093469,0.9295774647887324,0.9142857142857143,0.8857142857142857,0.9285714285714286,0.8571428571428571,0.9030583501006035,0.027890082059525454,126,0.95,0.9395017793594306,0.9679715302491103,0.9430604982206405,0.9679715302491103,0.9537010676156583,0.01213121274296029,0.9897435897435898,0.9626666666666667,0.9617777777777777,0.9742222222222222,0.9271111111111111,0.9631042735042735,0.020643259350744632,101,0.9919444444444444,0.9925192519251925,0.9915841584158416,0.9928492849284928,0.995049504950495,0.9927893289328932,0.0012125343472274327
2.9452240467071533,0.306343243306305,0.06540031433105468,0.006475620196222224,500,4,1,0.001,,,10,gini,,0.01,False,,"{'n_estimators': 500, 'min_samples_split': 4, 'min_samples_leaf': 1, 'min_impurity_decrease': 0.001, 'max_leaf_nodes': None, 'max_features': None, 'max_depth': 10, 'criterion': 'gini', 'class_weight': None, 'ccp_alpha': 0.01, 'bootstrap': False}",0.9073913043478261,0.9215070643642072,0.8558682223747426,0.9388111888111889,0.8470279720279721,0.8941211503851874,0.03634374431544625,127,0.945054945054945,0.95299431247909,0.95299431247909,0.984475138121547,0.9767127071823205,0.9624462830633986,0.015296662681064882,0.9347826086956522,0.945054945054945,0.9032258064516129,0.9545454545454546,0.8863636363636364,0.9247944902222602,0.02583604871773875,122,0.9615384615384616,0.9672131147540983,0.9672131147540983,0.988950276243094,0.9834254143646409,0.9736680763308787,0.010575555707288969,0.88,0.8979591836734694,0.8085106382978723,0.9230769230769231,0.8076923076923077,0.8634478105481145,0.047217390663141394,132,0.9285714285714286,0.9387755102040817,0.9387755102040817,0.98,0.97,0.9512244897959183,0.02001831730953025,0.8461538461538461,0.88,0.76,0.96,0.84,0.8572307692307692,0.06473541964190097,131,0.91,0.9108910891089109,0.9108910891089109,0.9702970297029703,0.9603960396039604,0.9324950495049504,0.027007200585080972,0.9154929577464789,0.9285714285714286,0.8714285714285714,0.9428571428571428,0.8571428571428571,0.9030985915492957,0.03316066296311622,123,0.95,0.9572953736654805,0.9572953736654805,0.9857651245551602,0.9786476868327402,0.9658007117437724,0.01384172381679347,0.9273504273504274,0.9306666666666668,0.8786666666666667,0.9511111111111112,0.8564444444444446,0.9088478632478634,0.035388162174115646,158,0.9499722222222222,0.9572057205720572,0.9462321232123212,0.9918316831683168,0.9784378437843784,0.9647359185918593,0.017544140150627392
0.5562975883483887,0.022038061548145624,0.0372584342956543,0.003393355278107827,200,2,12,0.0,64,0.5,6,gini,balanced,0.0,False,,"{'n_estimators': 200, 'min_samples_split': 2, 'min_samples_leaf': 12, 'min_impurity_decrease': 0.0, 'max_leaf_nodes': 64, 'max_features': 0.5, 'max_depth': 6, 'criterion': 'gini', 'class_weight': 'balanced', 'ccp_alpha': 0.0, 'bootstrap': False}",0.908974358974359,0.9066666666666667,0.8920467063229787,0.9240945564953372,0.833008024289742,0.8929580625498167,0.031650486538969284,128,0.9314285714285715,0.9200157230573214,0.9276332732423385,0.9389395914819644,0.9284364318745393,0.929290718216947,0.0061183925315164015,0.9333333333333333,0.9333333333333333,0.9213483146067416,0.9425287356321839,0.8735632183908046,0.9208213870592793,0.024567941467422486,135,0.9485714285714286,0.9405099150141643,0.9461756373937678,0.9548022598870056,0.9452449567723343,0.94706083952774,0.004673480360923766,0.8846153846153846,0.88,0.8627450980392157,0.9056603773584906,0.7924528301886793,0.865094738040354,0.038810207818428956,127,0.9142857142857143,0.8995215311004785,0.9090909090909091,0.9230769230769231,0.9116279069767442,0.911520596906154,0.0076300331221781795,0.8846153846153846,0.88,0.88,0.96,0.84,0.8889230769230769,0.03904662665652998,9,0.96,0.9306930693069307,0.9405940594059405,0.9504950495049505,0.9702970297029703,0.9504158415841584,0.013946893266286847,0.9154929577464789,0.9142857142857143,0.9,0.9285714285714286,0.8428571428571429,0.9002414486921528,0.03008472881078955,128,0.9357142857142857,0.9252669039145908,0.9323843416370107,0.9430604982206405,0.9323843416370107,0.9337620742247077,0.00576603904378867,0.9829059829059829,0.9564444444444444,0.9493333333333334,0.9751111111111112,0.9066666666666666,0.9540923076923077,0.02664353500352594,141,0.9917222222222222,0.9914741474147415,0.9917491749174917,0.9925742574257426,0.9932893289328932,0.9921618261826183,0.0006749513728525449
0.8500813961029052,0.015593091691788437,0.05572347640991211,0.003572728316054342,300,4,12,0.001,8,0.7,10,gini,balanced_subsample,0.01,True,0.6,"{'n_estimators': 300, 'min_samples_split': 4, 'min_samples_leaf': 12, 'min_impurity_decrease': 0.001, 'max_samples': 0.6, 'max_leaf_nodes': 8, 'max_features': 0.7, 'max_depth': 10, 'criterion': 'gini', 'class_weight': 'balanced_subsample', 'ccp_alpha': 0.01, 'bootstrap': True}",0.908974358974359,0.9066666666666667,0.8755555555555555,0.9240945564953372,0.8470279720279721,0.8924638219439782,0.02765909589758353,129,0.8997576558713374,0.9040103846416616,0.9157030653430784,0.9003763499509109,0.9120500782472614,0.9063795068108499,0.006396618890039212,0.9333333333333333,0.9333333333333333,0.9111111111111111,0.9425287356321839,0.8863636363636364,0.9213340299547197,0.020320524646261672,131,0.9269662921348315,0.9299719887955182,0.9382022471910112,0.9269662921348315,0.9352112676056338,0.9314636175723653,0.0045195318009555886,0.8846153846153846,0.88,0.84,0.9056603773584906,0.8076923076923077,0.8635936139332365,0.035106442683170064,129,0.8725490196078431,0.8780487804878049,0.8932038834951457,0.8737864077669902,0.8888888888888888,0.8812953960493346,0.008281276776396623,0.8846153846153846,0.88,0.84,0.96,0.84,0.8809230769230769,0.043856678898699895,27,0.89,0.8910891089108911,0.9108910891089109,0.8910891089108911,0.9108910891089109,0.8987920792079208,0.009886801715020998,0.9154929577464789,0.9142857142857143,0.8857142857142857,0.9285714285714286,0.8571428571428571,0.9002414486921528,0.02569422013673656,128,0.9071428571428571,0.9110320284697508,0.9217081850533808,0.9074733096085409,0.9181494661921709,0.9131011692933402,0.005848446869632283,0.988034188034188,0.9555555555555556,0.9466666666666667,0.968,0.9048888888888889,0.9526290598290597,0.02761531218660067,147,0.9802222222222221,0.9805280528052805,0.9798129812981299,0.9791529152915291,0.9847634763476348,0.9808959295929593,0.0019878636128348305
0.7719255924224854,0.022378314189823514,0.05093274116516113,0.006566538783013513,300,8,12,0.01,64,0.7,8,gini,balanced_subsample,0.0,True,0.6,"{'n_estimators': 300, 'min_samples_split': 8, 'min_samples_leaf': 12, 'min_impurity_decrease': 0.01, 'max_samples': 0.6, 'max_leaf_nodes': 64, 'max_features': 0.7, 'max_depth': 8, 'criterion': 'gini', 'class_weight': 'balanced_subsample', 'ccp_alpha': 0.0, 'bootstrap': True}",0.908974358974359,0.9066666666666667,0.8755555555555555,0.9240945564953372,0.8470279720279721,0.8924638219439782,0.02765909589758353,129,0.8997576558713374,0.9040103846416616,0.9157030653430784,0.9003763499509109,0.9080397076469946,0.9055774326907965,0.005864604642303279,0.9333333333333333,0.9333333333333333,0.9111111111111111,0.9425287356321839,0.8863636363636364,0.9213340299547197,0.020320524646261672,131,0.9269662921348315,0.9299719887955182,0.9382022471910112,0.9269662921348315,0.9325842696629213,0.9309382179838227,0.004194319854213582,0.8846153846153846,0.88,0.84,0.9056603773584906,0.8076923076923077,0.8635936139332365,0.035106442683170064,129,0.8725490196078431,0.8780487804878049,0.8932038834951457,0.8737864077669902,0.883495145631068,0.8802166473977703,0.007539986693465009,0.8846153846153846,0.88,0.84,0.96,0.84,0.8809230769230769,0.043856678898699895,27,0.89,0.8910891089108911,0.9108910891089109,0.8910891089108911,0.900990099009901,0.8968118811881188,0.008094239559565957,0.9154929577464789,0.9142857142857143,0.8857142857142857,0.9285714285714286,0.8571428571428571,0.9002414486921528,0.02569422013673656,128,0.9071428571428571,0.9110320284697508,0.9217081850533808,0.9074733096085409,0.9145907473309609,0.9123894255210981,0.005389291216836403,0.988034188034188,0.9555555555555556,0.9466666666666667,0.968,0.904,0.952451282051282,0.02792321918972543,148,0.9799444444444444,0.9804730473047305,0.9793729372937293,0.979042904290429,0.9846534653465346,0.9806973597359736,0.002037610695483997
0.4680919170379639,0.03463747074766278,0.02506256103515625,0.0041658444782495,100,8,8,0.005,8,,10,entropy,balanced_subsample,0.0,True,1.0,"{'n_estimators': 100, 'min_samples_split': 8, 'min_samples_leaf': 8, 'min_impurity_decrease': 0.005, 'max_samples': 1.0, 'max_leaf_nodes': 8, 'max_features': None, 'max_depth': 10, 'criterion': 'entropy', 'class_weight': 'balanced_subsample', 'ccp_alpha': 0.0, 'bootstrap': True}",0.908974358974359,0.9066666666666667,0.8755555555555555,0.9240945564953372,0.8470279720279721,0.8924638219439782,0.02765909589758353,129,0.9115080728272071,0.9349935360958018,0.957210293893711,0.9267395749001743,0.9279107762520085,0.9316724507937805,0.014888227809237322,0.9333333333333333,0.9333333333333333,0.9111111111111111,0.9425287356321839,0.8863636363636364,0.9213340299547197,0.020320524646261672,131,0.9352112676056338,0.952112676056338,0.9696969696969697,0.947075208913649,0.9458689458689459,0.9499930136283072,0.011285037778227367,0.8846153846153846,0.88,0.84,0.9056603773584906,0.8076923076923077,0.8635936139332365,0.035106442683170064,129,0.8878048780487805,0.9178743961352657,0.9447236180904522,0.9064039408866995,0.909952606635071,0.9133518879592538,0.018531688153196474,0.8846153846153846,0.88,0.84,0.96,0.84,0.8809230769230769,0.043856678898699895,27,0.91,0.9405940594059405,0.9306930693069307,0.9108910891089109,0.9504950495049505,0.9285346534653465,0.01604478586383535,0.9154929577464789,0.9142857142857143,0.8857142857142857,0.9285714285714286,0.8571428571428571,0.9002414486921528,0.02569422013673656,128,0.9178571428571428,0.9395017793594306,0.9608540925266904,0.9323843416370107,0.9323843416370107,0.9365963396034569,0.014025116794494075,0.9863247863247864,0.9662222222222222,0.9626666666666667,0.9733333333333333,0.9271111111111111,0.963131623931624,0.01974458398355024,100,0.9913333333333333,0.9931793179317931,0.9927942794279427,0.9914741474147415,0.9932893289328933,0.9924140814081408,0.0008423405503863645
0.6894787788391114,0.02155574614991827,0.049951791763305664,0.0058546094440789604,300,12,12,0.01,,0.5,8,entropy,balanced,0.001,True,0.6,"{'n_estimators': 300, 'min_samples_split': 12, 'min_samples_leaf': 12, 'min_impurity_decrease': 0.01, 'max_samples': 0.6, 'max_leaf_nodes': None, 'max_features': 0.5, 'max_depth': 8, 'criterion': 'entropy', 'class_weight': 'balanced', 'ccp_alpha': 0.001, 'bootstrap': True}",0.9235078646843353,0.8920467063229787,0.8755555555555555,0.9240945564953372,0.8470279720279721,0.8924465310172358,0.02937588935959522,132,0.9107526434678972,0.9230474312630079,0.9157030653430784,0.9113163275107372,0.9123981728723043,0.9146435280914049,0.004538701898621448,0.945054945054945,0.9213483146067416,0.9111111111111111,0.9425287356321839,0.8863636363636364,0.9212813485537236,0.021630164987562855,134,0.935933147632312,0.9441340782122905,0.9382022471910112,0.935933147632312,0.9348441926345609,0.9378093626604974,0.0033463109243493877,0.9019607843137255,0.8627450980392157,0.84,0.9056603773584906,0.8076923076923077,0.8636117134807477,0.03721286161318097,128,0.8855721393034826,0.9019607843137255,0.8932038834951457,0.8866995073891626,0.8899521531100478,0.8914776935223128,0.00588062634873764,0.8846153846153846,0.88,0.84,0.96,0.84,0.8809230769230769,0.043856678898699895,27,0.89,0.9108910891089109,0.9108910891089109,0.8910891089108911,0.9207920792079208,0.9047326732673268,0.012140471164419802,0.9295774647887324,0.9,0.8857142857142857,0.9285714285714286,0.8571428571428571,0.9002012072434606,0.027319468730915918,135,0.9178571428571428,0.9288256227758007,0.9217081850533808,0.9181494661921709,0.9181494661921709,0.9209379766141332,0.004191689406350458,0.9905982905982906,0.9591111111111111,0.9555555555555555,0.9742222222222222,0.92,0.9598974358974358,0.023490498527602936,121,0.9870555555555556,0.9877887788778879,0.985918591859186,0.9847634763476348,0.9887238723872387,0.9868500550055005,0.0013896804419124326
1.0288587093353272,0.03900629641401239,0.04936761856079101,0.006498163130393261,300,8,12,0.001,8,,3,log_loss,balanced,0.001,True,,"{'n_estimators': 300, 'min_samples_split': 8, 'min_samples_leaf': 12, 'min_impurity_decrease': 0.001, 'max_samples': None, 'max_leaf_nodes': 8, 'max_features': None, 'max_depth': 3, 'criterion': 'log_loss', 'class_weight': 'balanced', 'ccp_alpha': 0.001, 'bootstrap': True}",0.908974358974359,0.9066666666666667,0.8755555555555555,0.9082167832167831,0.8612029081295439,0.8921232545085817,0.01992500285568841,133,0.9034096397179562,0.91498899889989,0.9157030653430784,0.9064269064269064,0.9116895538703287,0.9104436328516321,0.004805943245716856,0.9333333333333333,0.9333333333333333,0.9111111111111111,0.9318181818181818,0.898876404494382,0.9216944728180682,0.014185114868419462,130,0.9299719887955182,0.9388888888888889,0.9382022471910112,0.9340659340659341,0.9355742296918768,0.9353406577266459,0.003202521538083842,0.8846153846153846,0.88,0.84,0.8846153846153846,0.8235294117647058,0.8625520361990949,0.02572692629113531,133,0.8768472906403941,0.8910891089108911,0.8932038834951457,0.8787878787878788,0.8878048780487805,0.8855466079766181,0.006569802296187109,0.8846153846153846,0.88,0.84,0.92,0.84,0.8729230769230769,0.0302353686068634,61,0.89,0.8910891089108911,0.9108910891089109,0.8613861386138614,0.900990099009901,0.8908712871287129,0.016573251918350348,0.9154929577464789,0.9142857142857143,0.8857142857142857,0.9142857142857143,0.8714285714285714,0.9002414486921528,0.018266426475645945,128,0.9107142857142857,0.9217081850533808,0.9217081850533808,0.9145907473309609,0.9181494661921709,0.9173741738688358,0.00424899888456111,0.9726495726495727,0.9706666666666667,0.9457777777777777,0.9662222222222223,0.912,0.953463247863248,0.02282600042858546,144,0.9791666666666666,0.9804730473047305,0.9801430143014301,0.9778877887788778,0.988008800880088,0.9811358635863586,0.0035521843598784832
0.8650147914886475,0.02940524374904719,0.05575399398803711,0.001494967272776808,300,4,4,0.005,64,,3,gini,balanced_subsample,0.0,True,0.6,"{'n_estimators': 300, 'min_samples_split': 4, 'min_samples_leaf': 4, 'min_impurity_decrease': 0.005, 'max_samples': 0.6, 'max_leaf_nodes': 64, 'max_features': None, 'max_depth': 3, 'criterion': 'gini', 'class_weight': 'balanced_subsample', 'ccp_alpha': 0.0, 'bootstrap': True}",0.908974358974359,0.9066666666666667,0.8731884057971014,0.9240945564953372,0.8470279720279721,0.8919903919922874,0.027963045059993856,134,0.9070745063333149,0.91498899889989,0.9491968569640499,0.9068508287292818,0.9080397076469946,0.9172301797147064,0.01626176344277535,0.9333333333333333,0.9333333333333333,0.9130434782608695,0.9425287356321839,0.8863636363636364,0.9217205033846714,0.02013999492870712,128,0.9329608938547486,0.9388888888888889,0.9643835616438357,0.9337016574585635,0.9325842696629213,0.9405038543017916,0.012155118190116073,0.8846153846153846,0.88,0.8333333333333334,0.9056603773584906,0.8076923076923077,0.8622602805999031,0.03609002262121457,134,0.8811881188118812,0.8910891089108911,0.934010152284264,0.88,0.883495145631068,0.8939565051276208,0.020394962018174846,0.8846153846153846,0.88,0.8,0.96,0.84,0.8729230769230769,0.05323699385570994,61,0.89,0.8910891089108911,0.9108910891089109,0.8712871287128713,0.900990099009901,0.8928514851485149,0.01317514897579005,0.9154929577464789,0.9142857142857143,0.8857142857142857,0.9285714285714286,0.8571428571428571,0.9002414486921528,0.02569422013673656,128,0.9142857142857143,0.9217081850533808,0.9537366548042705,0.9145907473309609,0.9145907473309609,0.9237824097610575,0.015236270840700426,0.9854700854700855,0.9582222222222222,0.9626666666666667,0.968,0.9137777777777778,0.9576273504273505,0.023796400383164065,129,0.9842222222222222,0.9865236523652365,0.9830033003300329,0.983003300330033,0.9863036303630364,0.9846112211221122,0.0015390764106931545
0.9623571395874023,0.03891460837617057,0.05065054893493652,0.005253128991319553,300,4,2,0.01,8,0.7,16,gini,balanced_subsample,0.001,True,0.8,"{'n_estimators': 300, 'min_samples_split': 4, 'min_samples_leaf': 2, 'min_impurity_decrease': 0.01, 'max_samples': 0.8, 'max_leaf_nodes': 8, 'max_features': 0.7, 'max_depth': 16, 'criterion': 'gini', 'class_weight': 'balanced_subsample', 'ccp_alpha': 0.001, 'bootstrap': True}",0.908974358974359,0.9066666666666667,0.8731884057971014,0.9240945564953372,0.8470279720279721,0.8919903919922874,0.027963045059993856,134,0.9225620886110957,0.9421628222896112,0.9570127251234268,0.9307426881367071,0.9575860696790482,0.9420132787679778,0.013949140351230597,0.9333333333333333,0.9333333333333333,0.9130434782608695,0.9425287356321839,0.8863636363636364,0.9217205033846714,0.02013999492870712,128,0.9441340782122905,0.958217270194986,0.9698630136986301,0.9497206703910615,0.9693593314763231,0.9582588727946583,0.010298434076283206,0.8846153846153846,0.88,0.8333333333333334,0.9056603773584906,0.8076923076923077,0.8622602805999031,0.03609002262121457,134,0.900990099009901,0.9261083743842364,0.9441624365482234,0.9117647058823529,0.9458128078817734,0.9257676847412973,0.017608532572527456,0.8846153846153846,0.88,0.8,0.96,0.84,0.8729230769230769,0.05323699385570994,61,0.91,0.9306930693069307,0.9207920792079208,0.9207920792079208,0.9504950495049505,0.9265544554455445,0.013643607466629187,0.9154929577464789,0.9142857142857143,0.8857142857142857,0.9285714285714286,0.8571428571428571,0.9002414486921528,0.02569422013673656,128,0.9285714285714286,0.9466192170818505,0.9608540925266904,0.9359430604982206,0.9608540925266904,0.9465683782409762,0.012999641721498367,0.9880341880341881,0.9475555555555556,0.9742222222222223,0.9751111111111112,0.9422222222222222,0.9654290598290599,0.017550345351566115,79,0.991388888888889,0.9937293729372937,0.9923542354235425,0.9923542354235423,0.9948844884488449,0.9929422442244225,0.001224443198860922
0.416522216796875,0.039658505646078174,0.03105950355529785,0.0016037419985470305,100,8,12,0.005,,0.7,5,entropy,balanced,0.0,False,,"{'n_estimators': 100, 'min_samples_split': 8, 'min_samples_leaf': 12, 'min_impurity_decrease': 0.005, 'max_leaf_nodes': None, 'max_features': 0.7, 'max_depth': 5, 'criterion': 'entropy', 'class_weight': 'balanced', 'ccp_alpha': 0.0, 'bootstrap': False}",0.9235078646843353,0.9066666666666667,0.8776223776223776,0.9082167832167831,0.833008024289742,0.889804343295981,0.032042176541556285,136,0.9495558419601158,0.9532134532134533,0.9196978975301082,0.9384379450104063,0.9239718614718615,0.9369753998371891,0.013354287969278974,0.945054945054945,0.9333333333333333,0.9090909090909091,0.9318181818181818,0.8735632183908046,0.9185721175376347,0.025339243003779564,147,0.9637883008356546,0.967032967032967,0.9408450704225352,0.9553072625698324,0.9431818181818182,0.9540310838085615,0.010558962045406649,0.9019607843137255,0.88,0.8461538461538461,0.8846153846153846,0.7924528301886793,0.861036569054327,0.0387700614619454,136,0.9353233830845771,0.9393939393939394,0.8985507246376812,0.9215686274509803,0.9047619047619048,0.9199197158658166,0.01615939527826026,0.8846153846153846,0.88,0.88,0.92,0.84,0.8809230769230769,0.025365493963723035,27,0.94,0.9207920792079208,0.9207920792079208,0.9306930693069307,0.9405940594059405,0.9305742574257426,0.008725103924104409,0.9295774647887324,0.9142857142857143,0.8857142857142857,0.9142857142857143,0.8428571428571429,0.8973440643863178,0.030715167177851208,144,0.9535714285714286,0.9572953736654805,0.9252669039145908,0.9430604982206405,0.9288256227758007,0.9416039654295881,0.012819887473535498,0.9811965811965812,0.9617777777777778,0.9484444444444444,0.9724444444444444,0.9368888888888889,0.9601504273504272,0.015967848476423834,120,0.9918888888888888,0.9931793179317933,0.9907040704070407,0.992959295929593,0.9935093509350935,0.9924481848184818,0.0010272887365665518
0.3295254707336426,0.00871995039837076,0.03140997886657715,0.0025999212743869366,100,12,12,0.005,8,,12,gini,balanced,0.01,True,1.0,"{'n_estimators': 100, 'min_samples_split': 12, 'min_samples_leaf': 12, 'min_impurity_decrease': 0.005, 'max_samples': 1.0, 'max_leaf_nodes': 8, 'max_features': None, 'max_depth': 12, 'criterion': 'gini', 'class_weight': 'balanced', 'ccp_alpha': 0.01, 'bootstrap': True}",0.908974358974359,0.9066666666666667,0.8612029081295439,0.9240945564953372,0.8470279720279721,0.8895932924587757,0.029917498197486875,137,0.9034096397179562,0.9040103846416616,0.9157030653430784,0.9036047038160189,0.9080397076469946,0.9069535002331419,0.004694039845126372,0.9333333333333333,0.9333333333333333,0.898876404494382,0.9425287356321839,0.8863636363636364,0.9188870886313738,0.022065891651736856,142,0.9299719887955182,0.9299719887955182,0.9382022471910112,0.9303621169916435,0.9325842696629213,0.9322185222873225,0.0031457527222336864,0.8846153846153846,0.88,0.8235294117647058,0.9056603773584906,0.8076923076923077,0.8602994962861776,0.0378326240457637,137,0.8768472906403941,0.8780487804878049,0.8932038834951457,0.8768472906403941,0.883495145631068,0.8816884781789615,0.006260833805950685,0.8846153846153846,0.88,0.84,0.96,0.84,0.8809230769230769,0.043856678898699895,27,0.89,0.8910891089108911,0.9108910891089109,0.8811881188118812,0.900990099009901,0.8948316831683168,0.010191461892213566,0.9154929577464789,0.9142857142857143,0.8714285714285714,0.9285714285714286,0.8571428571428571,0.89738430583501,0.027854234319634328,136,0.9107142857142857,0.9110320284697508,0.9217081850533808,0.9110320284697508,0.9145907473309609,0.9138154550076258,0.004195436647864796,0.9854700854700855,0.96,0.9537777777777777,0.9715555555555555,0.9017777777777778,0.9545162393162393,0.02849716186480238,139,0.9852777777777779,0.9847634763476347,0.9788228822882288,0.9846534653465346,0.9896589658965896,0.9846353135313531,0.003448215641360042
0.49401149749755857,0.03202822553905861,0.0415135383605957,0.0038163844210204467,200,20,8,0.0,16,0.5,6,gini,balanced,0.01,True,,"{'n_estimators': 200, 'min_samples_split': 20, 'min_samples_leaf': 8, 'min_impurity_decrease': 0.0, 'max_samples': None, 'max_leaf_nodes': 16, 'max_features': 0.5, 'max_depth': 6, 'criterion': 'gini', 'class_weight': 'balanced', 'ccp_alpha': 0.01, 'bootstrap': True}",0.908974358974359,0.9066666666666667,0.8612029081295439,0.9240945564953372,0.8470279720279721,0.8895932924587757,0.029917498197486875,137,0.9074686054196959,0.9120500782472614,0.9157030653430784,0.9190279512054558,0.9239718614718615,0.9156443123374706,0.0056667669934606325,0.9333333333333333,0.9333333333333333,0.898876404494382,0.9425287356321839,0.8863636363636364,0.9188870886313738,0.022065891651736856,142,0.9325842696629213,0.9352112676056338,0.9382022471910112,0.9415041782729805,0.9431818181818182,0.9381367561828731,0.003903461570147571,0.8846153846153846,0.88,0.8235294117647058,0.9056603773584906,0.8076923076923077,0.8602994962861776,0.0378326240457637,137,0.8823529411764706,0.8888888888888888,0.8932038834951457,0.896551724137931,0.9047619047619048,0.8931518684920683,0.0074985931003736335,0.8846153846153846,0.88,0.84,0.96,0.84,0.8809230769230769,0.043856678898699895,27,0.9,0.9108910891089109,0.9108910891089109,0.900990099009901,0.9405940594059405,0.9126732673267327,0.014717547862227334,0.9154929577464789,0.9142857142857143,0.8714285714285714,0.9285714285714286,0.8571428571428571,0.89738430583501,0.027854234319634328,136,0.9142857142857143,0.9181494661921709,0.9217081850533808,0.9252669039145908,0.9288256227758007,0.9216471784443314,0.005119791848579683,0.9923076923076923,0.9546666666666667,0.96,0.9706666666666667,0.9271111111111111,0.9609504273504275,0.021275204610410787,115,0.9888888888888889,0.9886688668866886,0.9861386138613862,0.9878437843784378,0.9911991199119912,0.9885478547854787,0.0016407505555557126
1.053041696548462,0.06715839868413691,0.044608354568481445,0.00812282640297394,300,20,2,0.005,,,4,gini,balanced_subsample,0.0,True,,"{'n_estimators': 300, 'min_samples_split': 20, 'min_samples_leaf': 2, 'min_impurity_decrease': 0.005, 'max_samples': None, 'max_leaf_nodes': None, 'max_features': None, 'max_depth': 4, 'criterion': 'gini', 'class_weight': 'balanced_subsample', 'ccp_alpha': 0.0, 'bootstrap': True}",0.908974358974359,0.9066666666666667,0.8612029081295439,0.9240945564953372,0.8470279720279721,0.8895932924587757,0.029917498197486875,137,0.9115080728272071,0.9196978975301082,0.9270478923276628,0.9190279512054558,0.9200157230573214,0.919459507389551,0.004926689436861591,0.9333333333333333,0.9333333333333333,0.898876404494382,0.9425287356321839,0.8863636363636364,0.9188870886313738,0.022065891651736856,142,0.9352112676056338,0.9408450704225352,0.9467787114845938,0.9415041782729805,0.9405099150141643,0.9409698285599815,0.003671968403324242,0.8846153846153846,0.88,0.8235294117647058,0.9056603773584906,0.8076923076923077,0.8602994962861776,0.0378326240457637,137,0.8878048780487805,0.8985507246376812,0.9073170731707317,0.896551724137931,0.8995215311004785,0.8979491862191205,0.006252220587220103,0.8846153846153846,0.88,0.84,0.96,0.84,0.8809230769230769,0.043856678898699895,27,0.91,0.9207920792079208,0.9207920792079208,0.900990099009901,0.9306930693069307,0.9166534653465346,0.010207608680442352,0.9154929577464789,0.9142857142857143,0.8714285714285714,0.9285714285714286,0.8571428571428571,0.89738430583501,0.027854234319634328,136,0.9178571428571428,0.9252669039145908,0.9323843416370107,0.9252669039145908,0.9252669039145908,0.9252084392475851,0.0045944616240547196,0.9811965811965812,0.9546666666666667,0.9662222222222223,0.9662222222222222,0.9288888888888889,0.9594393162393162,0.01744420247992762,123,0.9871666666666666,0.9898789878987899,0.986853685368537,0.9870737073707372,0.9905940594059406,0.9883134213421343,0.001589658752726432
0.7316089630126953,0.018266793811352787,0.05307159423828125,0.004216849096743324,300,2,12,0.0,,,4,gini,balanced,0.01,True,0.6,"{'n_estimators': 300, 'min_samples_split': 2, 'min_samples_leaf': 12, 'min_impurity_decrease': 0.0, 'max_samples': 0.6, 'max_leaf_nodes': None, 'max_features': None, 'max_depth': 4, 'criterion': 'gini', 'class_weight': 'balanced', 'ccp_alpha': 0.01, 'bootstrap': True}",0.908974358974359,0.9066666666666667,0.8612029081295439,0.9240945564953372,0.8470279720279721,0.8895932924587757,0.029917498197486875,137,0.9034096397179562,0.9040103846416616,0.9157030653430784,0.8995324532453246,0.9080397076469946,0.9061390501190031,0.005490189547695464,0.9333333333333333,0.9333333333333333,0.898876404494382,0.9425287356321839,0.8863636363636364,0.9188870886313738,0.022065891651736856,142,0.9299719887955182,0.9299719887955182,0.9382022471910112,0.9277777777777778,0.9325842696629213,0.9317016544445493,0.0035893456308905307,0.8846153846153846,0.88,0.8235294117647058,0.9056603773584906,0.8076923076923077,0.8602994962861776,0.0378326240457637,137,0.8768472906403941,0.8780487804878049,0.8932038834951457,0.8712871287128713,0.883495145631068,0.8805764457934568,0.007410237425734395,0.8846153846153846,0.88,0.84,0.96,0.84,0.8809230769230769,0.043856678898699895,27,0.89,0.8910891089108911,0.9108910891089109,0.8712871287128713,0.900990099009901,0.8928514851485149,0.01317514897579005,0.9154929577464789,0.9142857142857143,0.8714285714285714,0.9285714285714286,0.8571428571428571,0.89738430583501,0.027854234319634328,136,0.9107142857142857,0.9110320284697508,0.9217081850533808,0.9074733096085409,0.9145907473309609,0.9131037112353839,0.0048569721497244795,0.9863247863247864,0.9591111111111111,0.9351111111111111,0.9697777777777777,0.9093333333333333,0.951931623931624,0.027020229000158026,150,0.9817222222222223,0.9783828382838284,0.9765676567656766,0.980913091309131,0.985038503850385,0.9805248624862488,0.002905343185201113
1.568486261367798,0.013803242209662005,0.06567015647888183,0.007549921057416657,500,20,12,0.0,64,0.7,4,gini,balanced_subsample,0.005,True,1.0,"{'n_estimators': 500, 'min_samples_split': 20, 'min_samples_leaf': 12, 'min_impurity_decrease': 0.0, 'max_samples': 1.0, 'max_leaf_nodes': 64, 'max_features': 0.7, 'max_depth': 4, 'criterion': 'gini', 'class_weight': 'balanced_subsample', 'ccp_alpha': 0.005, 'bootstrap': True}",0.908974358974359,0.9066666666666667,0.8612029081295439,0.9240945564953372,0.8470279720279721,0.8895932924587757,0.029917498197486875,137,0.9034096397179562,0.9120500782472614,0.9157030653430784,0.9076569175156095,0.9200157230573214,0.9117670847762455,0.005836992798211817,0.9333333333333333,0.9333333333333333,0.898876404494382,0.9425287356321839,0.8863636363636364,0.9188870886313738,0.022065891651736856,142,0.9299719887955182,0.9352112676056338,0.9382022471910112,0.9329608938547486,0.9405099150141643,0.9353712624922151,0.0037257980592138684,0.8846153846153846,0.88,0.8235294117647058,0.9056603773584906,0.8076923076923077,0.8602994962861776,0.0378326240457637,137,0.8768472906403941,0.8888888888888888,0.8932038834951457,0.8823529411764706,0.8995215311004785,0.8881629070602756,0.007959343084098548,0.8846153846153846,0.88,0.84,0.96,0.84,0.8809230769230769,0.043856678898699895,27,0.89,0.9108910891089109,0.9108910891089109,0.8910891089108911,0.9306930693069307,0.9067128712871287,0.015055808997531171,0.9154929577464789,0.9142857142857143,0.8714285714285714,0.9285714285714286,0.8571428571428571,0.89738430583501,0.027854234319634328,136,0.9107142857142857,0.9181494661921709,0.9217081850533808,0.9145907473309609,0.9252669039145908,0.9180859176410779,0.00512344798442969,0.9897435897435897,0.9555555555555555,0.9484444444444444,0.9697777777777777,0.9111111111111111,0.9549264957264958,0.026057594856193668,136,0.9861666666666667,0.9867436743674367,0.9826732673267327,0.9844334433443345,0.9900990099009901,0.9860232123212322,0.00248601156419211
0.8372399806976318,0.02030986104493918,0.052690744400024414,0.005388530977569614,300,8,12,0.0,8,0.5,8,gini,balanced_subsample,0.005,True,0.8,"{'n_estimators': 300, 'min_samples_split': 8, 'min_samples_leaf': 12, 'min_impurity_decrease': 0.0, 'max_samples': 0.8, 'max_leaf_nodes': 8, 'max_features': 0.5, 'max_depth': 8, 'criterion': 'gini', 'class_weight': 'balanced_subsample', 'ccp_alpha': 0.005, 'bootstrap': True}",0.908974358974359,0.8920467063229787,0.8755555555555555,0.9240945564953372,0.8470279720279721,0.8895398298752404,0.026761287220508977,142,0.9034096397179562,0.9120500782472614,0.9157030653430784,0.9084093872229465,0.9200157230573214,0.9119175787177127,0.005737941101977562,0.9333333333333333,0.9213483146067416,0.9111111111111111,0.9425287356321839,0.8863636363636364,0.9189370262094012,0.01945203021383918,140,0.9299719887955182,0.9352112676056338,0.9382022471910112,0.9322033898305084,0.9405099150141643,0.9352197616873672,0.0038345438751738775,0.8846153846153846,0.8627450980392157,0.84,0.9056603773584906,0.8076923076923077,0.8601426335410796,0.034159378613929696,142,0.8768472906403941,0.8888888888888888,0.8932038834951457,0.8846153846153846,0.8995215311004785,0.8886153957480584,0.00767543084803853,0.8846153846153846,0.88,0.84,0.96,0.84,0.8809230769230769,0.043856678898699895,27,0.89,0.9108910891089109,0.9108910891089109,0.9108910891089109,0.9306930693069307,0.9106732673267327,0.012871043409726102,0.9154929577464789,0.9,0.8857142857142857,0.9285714285714286,0.8571428571428571,0.89738430583501,0.024750617434937786,136,0.9107142857142857,0.9181494661921709,0.9217081850533808,0.9145907473309609,0.9252669039145908,0.9180859176410779,0.00512344798442969,0.9914529914529915,0.9555555555555556,0.9377777777777778,0.9697777777777777,0.9182222222222222,0.954557264957265,0.02528138346234021,138,0.9861666666666666,0.9863586358635863,0.9838283828382839,0.9836633663366336,0.987953795379538,0.9855941694169419,0.0016325439968736875
0.45320906639099123,0.028493984460292568,0.04193634986877441,0.0035613411204021626,200,8,12,0.01,16,0.7,10,gini,balanced,0.001,True,0.6,"{'n_estimators': 200, 'min_samples_split': 8, 'min_samples_leaf': 12, 'min_impurity_decrease': 0.01, 'max_samples': 0.6, 'max_leaf_nodes': 16, 'max_features': 0.7, 'max_depth': 10, 'criterion': 'gini', 'class_weight': 'balanced', 'ccp_alpha': 0.001, 'bootstrap': True}",0.908974358974359,0.8920467063229787,0.8755555555555555,0.9240945564953372,0.8470279720279721,0.8895398298752404,0.026761287220508977,142,0.8961181724493301,0.9040103846416616,0.9157030653430784,0.8963312154129945,0.9120500782472614,0.9048425832188652,0.007989359626766111,0.9333333333333333,0.9213483146067416,0.9111111111111111,0.9425287356321839,0.8863636363636364,0.9189370262094012,0.01945203021383918,140,0.923943661971831,0.9299719887955182,0.9382022471910112,0.9243697478991597,0.9352112676056338,0.9303397826926307,0.005696255986294176,0.8846153846153846,0.8627450980392157,0.84,0.9056603773584906,0.8076923076923077,0.8601426335410796,0.034159378613929696,142,0.8682926829268293,0.8780487804878049,0.8932038834951457,0.8682926829268293,0.8888888888888888,0.8793453837450997,0.01028729387657195,0.8846153846153846,0.88,0.84,0.96,0.84,0.8809230769230769,0.043856678898699895,27,0.89,0.8910891089108911,0.9108910891089109,0.8811881188118812,0.9108910891089109,0.8968118811881188,0.011997516326315056,0.9154929577464789,0.9,0.8857142857142857,0.9285714285714286,0.8571428571428571,0.89738430583501,0.024750617434937786,136,0.9035714285714286,0.9110320284697508,0.9217081850533808,0.9039145907473309,0.9181494661921709,0.9116751398068125,0.0073333314223045926,0.988034188034188,0.9564444444444444,0.9484444444444444,0.9688888888888889,0.9022222222222221,0.9528068376068376,0.028603022787067955,145,0.9807777777777777,0.9806380638063806,0.9793729372937293,0.978932893289329,0.9843784378437844,0.9808200220022003,0.0019158562364433196
1.2259340763092041,0.021185146847413672,0.051506996154785156,0.004709812610747677,300,2,8,0.0,64,,,entropy,balanced_subsample,0.0,True,0.8,"{'n_estimators': 300, 'min_samples_split': 2, 'min_samples_leaf': 8, 'min_impurity_decrease': 0.0, 'max_samples': 0.8, 'max_leaf_nodes': 64, 'max_features': None, 'max_depth': None, 'criterion': 'entropy', 'class_weight': 'balanced_subsample', 'ccp_alpha': 0.0, 'bootstrap': True}",0.9235078646843353,0.9066666666666667,0.8612029081295439,0.9082167832167831,0.8470279720279721,0.8893244389450601,0.02968498522411038,144,0.9111368685405197,0.9230474312630079,0.9307426881367071,0.9186753214536735,0.9200157230573214,0.9207236064902459,0.006362142307043049,0.945054945054945,0.9333333333333333,0.898876404494382,0.9318181818181818,0.8863636363636364,0.9190893002128957,0.022443982918471432,138,0.9355742296918768,0.9441340782122905,0.9497206703910615,0.9418282548476454,0.9405099150141643,0.9423534296314078,0.004627717629608135,0.9019607843137255,0.88,0.8235294117647058,0.8846153846153846,0.8076923076923077,0.8595595776772248,0.03696445103517405,144,0.8866995073891626,0.9019607843137255,0.9117647058823529,0.8955223880597015,0.8995215311004785,0.8990937833490842,0.008189357501023993,0.8846153846153846,0.88,0.84,0.92,0.84,0.8729230769230769,0.0302353686068634,61,0.9,0.9108910891089109,0.9207920792079208,0.8910891089108911,0.9306930693069307,0.9106930693069307,0.014146987009498428,0.9295774647887324,0.9142857142857143,0.8714285714285714,0.9142857142857143,0.8571428571428571,0.8973440643863178,0.027931276172794176,144,0.9178571428571428,0.9288256227758007,0.9359430604982206,0.9252669039145908,0.9252669039145908,0.9266319267920691,0.005869121245631072,0.9871794871794871,0.9688888888888889,0.9635555555555555,0.976,0.9342222222222223,0.9659692307692307,0.017735355037925754,77,0.991,0.9926292629262926,0.9915841584158417,0.9905940594059406,0.992024202420242,0.9915663366336634,0.0007219184425098611
0.3464987277984619,0.030484696761526913,0.02757411003112793,0.0049837222420006325,100,8,8,0.0,,,16,log_loss,balanced,0.005,True,0.8,"{'n_estimators': 100, 'min_samples_split': 8, 'min_samples_leaf': 8, 'min_impurity_decrease': 0.0, 'max_samples': 0.8, 'max_leaf_nodes': None, 'max_features': None, 'max_depth': 16, 'criterion': 'log_loss', 'class_weight': 'balanced', 'ccp_alpha': 0.005, 'bootstrap': True}",0.9235078646843353,0.9066666666666667,0.8612029081295439,0.9082167832167831,0.8470279720279721,0.8893244389450601,0.02968498522411038,144,0.9148182974722053,0.9230474312630079,0.9270478923276628,0.9190279512054558,0.9203224369101146,0.9208528018356894,0.004079758674648397,0.945054945054945,0.9333333333333333,0.898876404494382,0.9318181818181818,0.8863636363636364,0.9190893002128957,0.022443982918471432,138,0.9385474860335196,0.9441340782122905,0.9467787114845938,0.9415041782729805,0.9401709401709402,0.942227078834865,0.00292040069219794,0.9019607843137255,0.88,0.8235294117647058,0.8846153846153846,0.8076923076923077,0.8595595776772248,0.03696445103517405,144,0.8910891089108911,0.9019607843137255,0.9073170731707317,0.896551724137931,0.9004739336492891,0.8994785248365137,0.005432195738501053,0.8846153846153846,0.88,0.84,0.92,0.84,0.8729230769230769,0.0302353686068634,61,0.9,0.9108910891089109,0.9207920792079208,0.900990099009901,0.9405940594059405,0.9146534653465347,0.015007758670492186,0.9295774647887324,0.9142857142857143,0.8714285714285714,0.9142857142857143,0.8571428571428571,0.8973440643863178,0.027931276172794176,144,0.9214285714285714,0.9288256227758007,0.9323843416370107,0.9252669039145908,0.9252669039145908,0.9266344687341128,0.0037068592706202552,0.9880341880341881,0.9644444444444444,0.9626666666666667,0.9742222222222222,0.9342222222222223,0.9647179487179487,0.017710167293619048,84,0.9912777777777777,0.9924642464246425,0.9918041804180417,0.9908690869086909,0.9924092409240924,0.991764906490649,0.0006237904701251777
1.3669456005096436,0.03363319881149946,0.05056123733520508,0.004239771702692791,300,4,8,0.01,,,5,log_loss,balanced_subsample,0.005,True,,"{'n_estimators': 300, 'min_samples_split': 4, 'min_samples_leaf': 8, 'min_impurity_decrease': 0.01, 'max_samples': None, 'max_leaf_nodes': None, 'max_features': None, 'max_depth': 5, 'criterion': 'log_loss', 'class_weight': 'balanced_subsample', 'ccp_alpha': 0.005, 'bootstrap': True}",0.908974358974359,0.9066666666666667,0.8755555555555555,0.9082167832167831,0.8470279720279721,0.8892882672882674,0.02458601070977367,146,0.9188640973630832,0.9270478923276628,0.957210293893711,0.9307426881367071,0.9239718614718615,0.9315673666386051,0.013399479168339813,0.9333333333333333,0.9333333333333333,0.9111111111111111,0.9318181818181818,0.8863636363636364,0.9191919191919192,0.018451977175565307,137,0.9411764705882353,0.9467787114845938,0.9696969696969697,0.9497206703910615,0.9431818181818182,0.9501109280685357,0.010224539983562854,0.8846153846153846,0.88,0.84,0.8846153846153846,0.8076923076923077,0.8593846153846153,0.030809204802975935,146,0.896551724137931,0.9073170731707317,0.9447236180904522,0.9117647058823529,0.9047619047619048,0.9130238052086745,0.016604931268750418,0.8846153846153846,0.88,0.84,0.92,0.84,0.8729230769230769,0.0302353686068634,61,0.91,0.9207920792079208,0.9306930693069307,0.9207920792079208,0.9405940594059405,0.9245742574257425,0.010344975959147186,0.9154929577464789,0.9142857142857143,0.8857142857142857,0.9142857142857143,0.8571428571428571,0.89738430583501,0.02304257820534458,136,0.925,0.9323843416370107,0.9608540925266904,0.9359430604982206,0.9288256227758007,0.9366014234875445,0.012660689399304153,0.9837606837606837,0.9653333333333334,0.9653333333333334,0.9742222222222222,0.9315555555555555,0.9640410256410256,0.017613446938054673,92,0.9915,0.9933443344334433,0.9922992299229922,0.9914741474147415,0.9933993399339934,0.9924034103410341,0.0008447185675455124
0.40171380043029786,0.02198407497769431,0.044306182861328126,0.0026055157286525125,200,8,12,0.0,8,0.3,3,log_loss,balanced,0.0,True,0.8,"{'n_estimators': 200, 'min_samples_split': 8, 'min_samples_leaf': 12, 'min_impurity_decrease': 0.0, 'max_samples': 0.8, 'max_leaf_nodes': 8, 'max_features': 0.3, 'max_depth': 3, 'criterion': 'log_loss', 'class_weight': 'balanced', 'ccp_alpha': 0.0, 'bootstrap': True}",0.9235078646843353,0.9066666666666667,0.8414855072463767,0.9240945564953372,0.8470279720279721,0.8885565134241376,0.03675003805111469,147,0.9181503083283453,0.9230474312630079,0.926420528934276,0.91498899889989,0.9196978975301082,0.9204610329911255,0.00395145616733651,0.945054945054945,0.9333333333333333,0.8913043478260869,0.9425287356321839,0.8863636363636364,0.9197169996420371,0.02556371234785659,136,0.9418282548476454,0.9441340782122905,0.9473684210526315,0.9388888888888889,0.9408450704225352,0.9426129426847982,0.002916782878865374,0.9019607843137255,0.88,0.7916666666666666,0.9056603773584906,0.8076923076923077,0.8573960272062381,0.04820210208733671,147,0.8944723618090452,0.9019607843137255,0.9054726368159204,0.8910891089108911,0.8985507246376812,0.8983091232974527,0.005129488703091552,0.8846153846153846,0.88,0.76,0.96,0.84,0.8649230769230769,0.0652452814045746,112,0.89,0.9108910891089109,0.900990099009901,0.8910891089108911,0.9207920792079208,0.9027524752475248,0.011776502501820106,0.9295774647887324,0.9142857142857143,0.8571428571428571,0.9285714285714286,0.8571428571428571,0.8973440643863178,0.03326690248408768,144,0.925,0.9288256227758007,0.9323843416370107,0.9217081850533808,0.9252669039145908,0.9266370106761566,0.0036516340070705472,0.9905982905982906,0.9466666666666667,0.9502222222222223,0.9751111111111112,0.9253333333333333,0.9575863247863248,0.02285008717791421,130,0.9791666666666666,0.9834983498349836,0.9784378437843784,0.9797029702970297,0.9863586358635864,0.9814328932893289,0.0030208538147846243
0.3601923942565918,0.023277143351011238,0.027711105346679688,0.0052272729814283915,100,8,8,0.0,32,,5,gini,balanced_subsample,0.01,True,0.8,"{'n_estimators': 100, 'min_samples_split': 8, 'min_samples_leaf': 8, 'min_impurity_decrease': 0.0, 'max_samples': 0.8, 'max_leaf_nodes': 32, 'max_features': None, 'max_depth': 5, 'criterion': 'gini', 'class_weight': 'balanced_subsample', 'ccp_alpha': 0.01, 'bootstrap': True}",0.908974358974359,0.9066666666666667,0.8612029081295439,0.9240945564953372,0.833008024289742,0.8867893029111297,0.03413519525490103,148,0.9034096397179562,0.9040103846416616,0.9084093872229465,0.8995324532453246,0.9200157230573214,0.9070755175770421,0.00705633964610313,0.9333333333333333,0.9333333333333333,0.898876404494382,0.9425287356321839,0.8735632183908046,0.9163270050368075,0.026070005746248952,150,0.9299719887955182,0.9299719887955182,0.9322033898305084,0.9277777777777778,0.9405099150141643,0.9320870120426974,0.004437904570366844,0.8846153846153846,0.88,0.8235294117647058,0.9056603773584906,0.7924528301886793,0.857251600785452,0.042298327827038754,148,0.8768472906403941,0.8780487804878049,0.8846153846153846,0.8712871287128713,0.8995215311004785,0.8820640231113867,0.009703112434576605,0.8846153846153846,0.88,0.84,0.96,0.84,0.8809230769230769,0.043856678898699895,27,0.89,0.8910891089108911,0.9108910891089109,0.8712871287128713,0.9306930693069307,0.8987920792079208,0.020284072174057095,0.9154929577464789,0.9142857142857143,0.8714285714285714,0.9285714285714286,0.8428571428571429,0.8945271629778672,0.032225185277067296,148,0.9107142857142857,0.9110320284697508,0.9145907473309609,0.9074733096085409,0.9252669039145908,0.9138154550076258,0.0061534426591346,0.9888888888888889,0.9475555555555556,0.9591111111111111,0.9733333333333333,0.9262222222222223,0.9590222222222222,0.02146698872544239,124,0.9878333333333332,0.9875687568756876,0.9853135313531354,0.9867436743674368,0.9903740374037403,0.9875666666666666,0.001655679981224365
1.0964180469512939,0.04037315049163037,0.0764862060546875,0.006814859813225645,500,12,12,0.01,32,0.3,3,gini,balanced_subsample,0.0,True,0.8,"{'n_estimators': 500, 'min_samples_split': 12, 'min_samples_leaf': 12, 'min_impurity_decrease': 0.01, 'max_samples': 0.8, 'max_leaf_nodes': 32, 'max_features': 0.3, 'max_depth': 3, 'criterion': 'gini', 'class_weight': 'balanced_subsample', 'ccp_alpha': 0.0, 'bootstrap': True}",0.908974358974359,0.8920467063229787,0.858712715855573,0.9240945564953372,0.8470279720279721,0.8861712619352439,0.029253537390183795,149,0.8997576558713374,0.9193687230989958,0.9267395749001743,0.9076569175156095,0.9200157230573214,0.9147077188886875,0.00967350620829114,0.9333333333333333,0.9213483146067416,0.9010989010989011,0.9425287356321839,0.8863636363636364,0.9169345842069593,0.020634012153078963,149,0.9269662921348315,0.9411764705882353,0.947075208913649,0.9329608938547486,0.9405099150141643,0.9377377561011256,0.007007717121675704,0.8846153846153846,0.8627450980392157,0.8163265306122449,0.9056603773584906,0.8076923076923077,0.8554079396635286,0.038043013276496396,149,0.8725490196078431,0.8975609756097561,0.9064039408866995,0.8823529411764706,0.8995215311004785,0.8916776816762496,0.012376254114609013,0.8846153846153846,0.88,0.8,0.96,0.84,0.8729230769230769,0.05323699385570994,61,0.89,0.9108910891089109,0.9108910891089109,0.8910891089108911,0.9306930693069307,0.9067128712871287,0.015055808997531171,0.9154929577464789,0.9,0.8714285714285714,0.9285714285714286,0.8571428571428571,0.8945271629778672,0.02668205303001285,148,0.9071428571428571,0.9252669039145908,0.9323843416370107,0.9145907473309609,0.9252669039145908,0.9209303507880021,0.008934101470389345,0.9888888888888889,0.9431111111111111,0.952,0.9724444444444444,0.9191111111111111,0.9551111111111112,0.024046046362739406,135,0.9749444444444445,0.9799229922992299,0.9775027502750276,0.9777777777777777,0.9849834983498349,0.979026292629263,0.0033714633481254845
0.9728456974029541,0.015458988889931163,0.048413753509521484,0.007314773290740964,300,4,8,0.005,32,,3,gini,balanced_subsample,0.005,False,,"{'n_estimators': 300, 'min_samples_split': 4, 'min_samples_leaf': 8, 'min_impurity_decrease': 0.005, 'max_leaf_nodes': 32, 'max_features': None, 'max_depth': 3, 'criterion': 'gini', 'class_weight': 'balanced_subsample', 'ccp_alpha': 0.005, 'bootstrap': False}",0.908974358974359,0.9066666666666667,0.8612029081295439,0.8920467063229787,0.8612029081295439,0.8860187096446184,0.02107740363023796,150,0.9034096397179562,0.9054979350794355,0.9084093872229465,0.9018374903933487,0.9116895538703287,0.906168801256803,0.003530502018486726,0.9333333333333333,0.9333333333333333,0.898876404494382,0.9213483146067416,0.898876404494382,0.9171535580524346,0.015551687517436399,148,0.9299719887955182,0.9283667621776505,0.9322033898305084,0.9318801089918256,0.9355742296918768,0.931599295897476,0.0024224486288730797,0.8846153846153846,0.88,0.8235294117647058,0.8627450980392157,0.8235294117647058,0.8548838612368025,0.026618737596826435,150,0.8768472906403941,0.8826291079812206,0.8846153846153846,0.8717948717948718,0.8878048780487805,0.8807383066161304,0.005721334235172946,0.8846153846153846,0.88,0.84,0.88,0.84,0.8649230769230769,0.02041927387450716,112,0.89,0.9306930693069307,0.9108910891089109,0.8415841584158416,0.900990099009901,0.8948316831683168,0.02980105258251761,0.9154929577464789,0.9142857142857143,0.8714285714285714,0.9,0.8714285714285714,0.8945271629778672,0.019631641338704167,148,0.9107142857142857,0.9110320284697508,0.9145907473309609,0.9110320284697508,0.9181494661921709,0.9131037112353837,0.0028970334039222457,0.9435897435897436,0.9253333333333333,0.8684444444444446,0.948,0.868,0.9106735042735042,0.035485146591312085,156,0.9512500000000002,0.9514301430143015,0.9374862486248625,0.9513201320132012,0.9677942794279427,0.9518561606160617,0.009605771705063616
1.0388001441955566,0.0772336856757521,0.04953060150146484,0.00657792193599133,300,12,8,0.01,64,,5,gini,,0.0,False,,"{'n_estimators': 300, 'min_samples_split': 12, 'min_samples_leaf': 8, 'min_impurity_decrease': 0.01, 'max_leaf_nodes': 64, 'max_features': None, 'max_depth': 5, 'criterion': 'gini', 'class_weight': None, 'ccp_alpha': 0.0, 'bootstrap': False}",0.908974358974359,0.9066666666666667,0.858712715855573,0.8776223776223776,0.8612029081295439,0.8826358054497039,0.021577856494310065,151,0.9034096397179562,0.9054979350794355,0.9413809888046728,0.9349935360958018,0.9527678171223666,0.9276099833640465,0.01975688919404809,0.9333333333333333,0.9333333333333333,0.9010989010989011,0.9090909090909091,0.898876404494382,0.9151465762701718,0.015233141745983688,151,0.9299719887955182,0.9283667621776505,0.958904109589041,0.952112676056338,0.967391304347826,0.9473493681932748,0.015621734866668645,0.8846153846153846,0.88,0.8163265306122449,0.8461538461538461,0.8235294117647058,0.8501250346292363,0.02809816422942011,152,0.8768472906403941,0.8826291079812206,0.9238578680203046,0.9178743961352657,0.9381443298969072,0.9078705985348184,0.023965583826378208,0.8846153846153846,0.88,0.8,0.88,0.84,0.8569230769230769,0.032737073423434786,135,0.89,0.9306930693069307,0.900990099009901,0.9405940594059405,0.900990099009901,0.9126534653465347,0.019449173906632276,0.9154929577464789,0.9142857142857143,0.8714285714285714,0.8857142857142857,0.8714285714285714,0.8916700201207244,0.01966674981952587,151,0.9107142857142857,0.9110320284697508,0.9466192170818505,0.9395017793594306,0.9572953736654805,0.9330325368581596,0.01895922430612202,0.9243589743589744,0.9253333333333333,0.8697777777777778,0.9488888888888889,0.8702222222222222,0.9077162393162392,0.032023921951859005,159,0.9285000000000001,0.9413091309130913,0.9446919691969197,0.9633113311331133,0.942079207920792,0.9439783278327833,0.011176620256074755
0.3161938667297363,0.013708344949131776,0.02650456428527832,0.0029802491546150785,100,8,12,0.005,8,0.7,6,gini,balanced_subsample,0.005,False,,"{'n_estimators': 100, 'min_samples_split': 8, 'min_samples_leaf': 12, 'min_impurity_decrease': 0.005, 'max_leaf_nodes': 8, 'max_features': 0.7, 'max_depth': 6, 'criterion': 'gini', 'class_weight': 'balanced_subsample', 'ccp_alpha': 0.005, 'bootstrap': False}",0.8946364214543142,0.9066666666666667,0.8612029081295439,0.9240945564953372,0.8191214470284238,0.8811443999548573,0.03720926356442948,152,0.9198462356357093,0.9163690476190476,0.9166846361185984,0.9386931384313297,0.9169889354388226,0.9217163986487016,0.00857868182108049,0.9213483146067416,0.9333333333333333,0.898876404494382,0.9425287356321839,0.8604651162790697,0.9113103808691421,0.029326441730268462,153,0.9401709401709402,0.9375,0.9371428571428572,0.9550561797752809,0.9367816091954023,0.9413303172568961,0.006966209222021428,0.8679245283018868,0.88,0.8235294117647058,0.9056603773584906,0.7777777777777778,0.8509784190405721,0.045235652372168755,151,0.8995215311004785,0.8952380952380953,0.8962264150943396,0.9223300970873787,0.897196261682243,0.9021024800405071,0.010213096350980465,0.8846153846153846,0.88,0.84,0.96,0.84,0.8809230769230769,0.043856678898699895,27,0.94,0.9306930693069307,0.9405940594059405,0.9405940594059405,0.9504950495049505,0.9404752475247523,0.006266442932694936,0.9014084507042254,0.9142857142857143,0.8714285714285714,0.9285714285714286,0.8285714285714286,0.8888531187122736,0.03555135561797043,153,0.925,0.9217081850533808,0.9217081850533808,0.9430604982206405,0.9217081850533808,0.9266370106761567,0.00831012290085848,0.9786324786324786,0.959111111111111,0.9466666666666667,0.9715555555555556,0.9022222222222221,0.9516376068376069,0.02701070725970703,151,0.9839444444444445,0.9857535753575357,0.986908690869087,0.9891089108910891,0.9907590759075907,0.9872949394939494,0.002410043227825753
1.273083543777466,0.12192544117474496,0.05151939392089844,0.00826554398931122,300,4,1,0.001,16,0.7,16,gini,balanced,0.01,False,,"{'n_estimators': 300, 'min_samples_split': 4, 'min_samples_leaf': 1, 'min_impurity_decrease': 0.001, 'max_leaf_nodes': 16, 'max_features': 0.7, 'max_depth': 16, 'criterion': 'gini', 'class_weight': 'balanced', 'ccp_alpha': 0.01, 'bootstrap': False}",0.8804713804713804,0.8920467063229787,0.8731884057971014,0.9095607235142118,0.8470279720279721,0.8804590376267288,0.02074454421733076,153,0.9319323645400033,0.9542046936114732,0.9611878453038674,0.95455525606469,0.9806369812984936,0.9565034281637054,0.015602492579852209,0.9090909090909091,0.9213483146067416,0.9130434782608695,0.9302325581395349,0.8863636363636364,0.9120157792923382,0.014741714382404342,152,0.9479768786127167,0.9661016949152542,0.9723756906077348,0.9657142857142857,0.9861495844875346,0.9676636268675052,0.012310497902392293,0.8518518518518519,0.8627450980392157,0.8333333333333334,0.8888888888888888,0.8076923076923077,0.8489022959611194,0.0273492464017495,153,0.9158878504672897,0.9423076923076923,0.95,0.9433962264150944,0.9751243781094527,0.9453432294599058,0.018916801976058866,0.8846153846153846,0.88,0.8,0.96,0.84,0.8729230769230769,0.05323699385570994,61,0.98,0.9702970297029703,0.9405940594059405,0.9900990099009901,0.9702970297029703,0.9702574257425741,0.016544030067946837,0.8873239436619719,0.9,0.8857142857142857,0.9142857142857143,0.8571428571428571,0.8888933601609658,0.018914508298649643,152,0.9357142857142857,0.9572953736654805,0.9644128113879004,0.9572953736654805,0.9822064056939501,0.9593848500254193,0.014934063320606693,0.9786324786324786,0.9386666666666666,0.9706666666666666,0.9737777777777777,0.9079999999999999,0.9539487179487178,0.026932490553425052,142,0.9944444444444445,0.996039603960396,0.9891089108910891,0.9982398239823983,0.9986798679867986,0.9953025302530254,0.0034546957702848236
1.1626187324523927,0.09809133585538717,0.0522953987121582,0.003616849646352443,300,12,2,0.005,16,0.7,12,gini,balanced,0.01,False,,"{'n_estimators': 300, 'min_samples_split': 12, 'min_samples_leaf': 2, 'min_impurity_decrease': 0.005, 'max_leaf_nodes': 16, 'max_features': 0.7, 'max_depth': 12, 'criterion': 'gini', 'class_weight': 'balanced', 'ccp_alpha': 0.01, 'bootstrap': False}",0.8804713804713804,0.8920467063229787,0.8731884057971014,0.9095607235142118,0.833008024289742,0.877655048079083,0.025480703705533504,154,0.9282777216043141,0.9175645402176232,0.9651465663372887,0.95455525606469,0.9846094862526016,0.9500307140953034,0.02437989779104667,0.9090909090909091,0.9213483146067416,0.9130434782608695,0.9302325581395349,0.8735632183908046,0.909455695697772,0.01936175393737715,156,0.9449275362318841,0.936046511627907,0.9750692520775623,0.9657142857142857,0.9888268156424581,0.9621168802588194,0.01933527128626925,0.8518518518518519,0.8627450980392157,0.8333333333333334,0.8888888888888888,0.7924528301886793,0.8458544004603938,0.03219235036986151,154,0.9116279069767442,0.8990825688073395,0.9552238805970149,0.9433962264150944,0.9803921568627451,0.9379445479317876,0.02943778066438483,0.8846153846153846,0.88,0.8,0.96,0.84,0.8729230769230769,0.05323699385570994,61,0.98,0.9702970297029703,0.9504950495049505,0.9900990099009901,0.9900990099009901,0.9761980198019803,0.014808068551504502,0.8873239436619719,0.9,0.8857142857142857,0.9142857142857143,0.8428571428571429,0.886036217303823,0.02391324175476715,154,0.9321428571428572,0.9217081850533808,0.9679715302491103,0.9572953736654805,0.9857651245551602,0.9529766141331978,0.02336812228812655,0.9803418803418803,0.9671111111111111,0.9697777777777777,0.9706666666666667,0.9111111111111111,0.9598017094017095,0.0247534626834736,122,0.9947777777777778,0.9936193619361936,0.9917491749174917,0.9968096809680969,0.9977997799779978,0.9949511551155116,0.0021737153407993277
0.9742010116577149,0.15763895752194113,0.040068769454956056,0.004213353840624642,200,12,1,0.0,,,,gini,balanced,0.005,False,,"{'n_estimators': 200, 'min_samples_split': 12, 'min_samples_leaf': 1, 'min_impurity_decrease': 0.0, 'max_leaf_nodes': None, 'max_features': None, 'max_depth': None, 'criterion': 'gini', 'class_weight': 'balanced', 'ccp_alpha': 0.005, 'bootstrap': False}",0.8645325418698325,0.8920467063229787,0.9082167832167831,0.8612029081295439,0.8470279720279721,0.874605382313422,0.022250968701593068,155,0.9541083916083917,0.9469811320754717,0.95455525606469,0.9846732846078324,0.9657210241674234,0.9612078177047618,0.013176146483863465,0.898876404494382,0.9213483146067416,0.9318181818181818,0.898876404494382,0.8863636363636364,0.9074565883554648,0.016604933171757475,157,0.9659090909090909,0.96,0.9657142857142857,0.9887640449438202,0.9745042492917847,0.9709783341717964,0.010026912183784036,0.8301886792452831,0.8627450980392157,0.8846153846153846,0.8235294117647058,0.8076923076923077,0.8417541762713793,0.02794213889899607,155,0.9423076923076923,0.9339622641509434,0.9433962264150944,0.9805825242718447,0.9569377990430622,0.9514373012377273,0.016328411230232834,0.8461538461538461,0.88,0.92,0.84,0.84,0.8652307692307692,0.03116058806442381,101,0.98,0.9801980198019802,0.9900990099009901,1.0,0.9900990099009901,0.9880792079207922,0.007451861655527719,0.8732394366197183,0.9,0.9142857142857143,0.8714285714285714,0.8571428571428571,0.8832193158953722,0.020810160088170385,155,0.9571428571428572,0.9501779359430605,0.9572953736654805,0.9857651245551602,0.9679715302491103,0.9636705643111337,0.012425561856903505,0.8713675213675214,0.9311111111111112,0.9435555555555556,0.9564444444444444,0.8444444444444443,0.9093846153846152,0.04362762088196639,157,0.9791111111111113,0.9858360836083608,0.9856985698569858,0.9979922992299229,0.9882838283828383,0.9873843784378439,0.006115931874121129
0.5537355422973633,0.03535417810945307,0.028724479675292968,0.004011680816283192,100,2,1,0.0,64,,4,entropy,balanced_subsample,0.005,False,,"{'n_estimators': 100, 'min_samples_split': 2, 'min_samples_leaf': 1, 'min_impurity_decrease': 0.0, 'max_leaf_nodes': 64, 'max_features': None, 'max_depth': 4, 'criterion': 'entropy', 'class_weight': 'balanced_subsample', 'ccp_alpha': 0.005, 'bootstrap': False}",0.8786324786324786,0.9066666666666667,0.8558682223747426,0.863370201691607,0.8558682223747426,0.8720811583480476,0.019186852450289144,156,0.9232077231089901,0.9236744893524554,0.9604448198198199,0.9233664230391623,0.9606398476019722,0.93826666058448,0.01818873487876552,0.9111111111111111,0.9333333333333333,0.9032258064516129,0.896551724137931,0.9032258064516129,0.9094895562971204,0.012782893010590034,155,0.943502824858757,0.943502824858757,0.972972972972973,0.9438202247191011,0.9728260869565217,0.955324986873222,0.01435009755449829,0.8461538461538461,0.88,0.8085106382978723,0.8301886792452831,0.8085106382978723,0.8346727603989749,0.026740958208031157,156,0.9029126213592233,0.9038461538461539,0.9479166666666666,0.9029126213592233,0.9484536082474226,0.921208334295738,0.02202975943769228,0.8461538461538461,0.88,0.76,0.88,0.76,0.8252307692307692,0.05467580623074751,158,0.93,0.9306930693069307,0.900990099009901,0.9207920792079208,0.9108910891089109,0.9186732673267327,0.011406284373257039,0.8873239436619719,0.9142857142857143,0.8714285714285714,0.8714285714285714,0.8714285714285714,0.8831790744466801,0.016727378434309437,156,0.9285714285714286,0.9288256227758007,0.9644128113879004,0.9288256227758007,0.9644128113879004,0.9430096593797661,0.017475846928871223,0.9423076923076923,0.9262222222222223,0.8866666666666667,0.9480000000000001,0.884888888888889,0.9176170940170941,0.02696612399077199,154,0.9810277777777777,0.9598734873487349,0.970984598459846,0.9786578657865787,0.988971397139714,0.9759030253025303,0.009856688958458704
0.4610739231109619,0.027208895284778933,0.030340099334716798,0.0018291022190241209,100,20,4,0.0,16,,10,gini,,0.01,False,,"{'n_estimators': 100, 'min_samples_split': 20, 'min_samples_leaf': 4, 'min_impurity_decrease': 0.0, 'max_leaf_nodes': 16, 'max_features': None, 'max_depth': 10, 'criterion': 'gini', 'class_weight': None, 'ccp_alpha': 0.01, 'bootstrap': False}",0.8929110105580694,0.9066666666666667,0.7619047619047619,0.9228905045164133,0.863370201691607,0.8695486290675036,0.05726129646300341,157,0.9533333333333334,0.9123981728723043,0.9200705427238594,0.961523715631504,0.9491968569640499,0.9393045243050102,0.01940235030236247,0.9230769230769231,0.9333333333333333,0.8571428571428571,0.9438202247191011,0.896551724137931,0.9107850124820291,0.031083469604768123,154,0.9666666666666667,0.9348441926345609,0.946524064171123,0.9720670391061452,0.9643835616438357,0.9568971048444663,0.013968172313219144,0.8627450980392157,0.88,0.6666666666666666,0.9019607843137255,0.8301886792452831,0.8283122456529781,0.08415957073155769,158,0.94,0.8899521531100478,0.8936170212765957,0.9509803921568627,0.934010152284264,0.9217119437655541,0.02506132469356231,0.8461538461538461,0.88,0.56,0.92,0.88,0.8172307692307692,0.13072542252628044,160,0.94,0.9207920792079208,0.8316831683168316,0.9603960396039604,0.9108910891089109,0.9127524752475248,0.04393784097140536,0.9014084507042254,0.9142857142857143,0.8,0.9285714285714286,0.8714285714285714,0.883138832997988,0.04564476676228081,157,0.9571428571428572,0.9181494661921709,0.9288256227758007,0.9644128113879004,0.9537366548042705,0.9444534824605999,0.017785969751434566,0.9508547008547008,0.9253333333333333,0.8675555555555555,0.9688888888888889,0.8853333333333334,0.9195931623931625,0.03826735008526238,153,0.9823333333333335,0.9385313531353136,0.9432068206820682,0.9874312431243124,0.9566006600660065,0.9616206820682068,0.019962900626329598
1.558060884475708,0.04677251940621942,0.046698904037475585,0.003614696938517756,300,4,4,0.005,32,,4,entropy,balanced,0.0,False,,"{'n_estimators': 300, 'min_samples_split': 4, 'min_samples_leaf': 4, 'min_impurity_decrease': 0.005, 'max_leaf_nodes': 32, 'max_features': None, 'max_depth': 4, 'criterion': 'entropy', 'class_weight': 'balanced', 'ccp_alpha': 0.0, 'bootstrap': False}",0.8786324786324786,0.9066666666666667,0.8558682223747426,0.8492678725236864,0.8558682223747426,0.8692606925144635,0.0211918222028563,158,0.9195303198259227,0.9236744893524554,0.9527678171223666,0.9196978975301082,0.9606398476019722,0.9352620742865649,0.017745344357339377,0.9111111111111111,0.9333333333333333,0.9032258064516129,0.8837209302325582,0.9032258064516129,0.9069233975160458,0.01600450250665984,158,0.9405099150141643,0.943502824858757,0.967391304347826,0.9408450704225352,0.9728260869565217,0.953015040319961,0.014100518468717153,0.8461538461538461,0.88,0.8085106382978723,0.8148148148148148,0.8085106382978723,0.831597987512881,0.027936907870928115,157,0.8985507246376812,0.9038461538461539,0.9381443298969072,0.8985507246376812,0.9484536082474226,0.9175091082531692,0.021395753755980348,0.8461538461538461,0.88,0.76,0.88,0.76,0.8252307692307692,0.05467580623074751,158,0.93,0.9306930693069307,0.900990099009901,0.9207920792079208,0.9108910891089109,0.9186732673267327,0.011406284373257039,0.8873239436619719,0.9142857142857143,0.8714285714285714,0.8571428571428571,0.8714285714285714,0.8803219315895372,0.019483428395463163,158,0.925,0.9288256227758007,0.9572953736654805,0.9252669039145908,0.9644128113879004,0.9401601423487544,0.017099227519634167,0.9431623931623931,0.9262222222222223,0.8866666666666667,0.9457777777777777,0.8840000000000001,0.917165811965812,0.026857603525251135,155,0.9810555555555556,0.9598734873487349,0.9687293729372938,0.9812981298129813,0.988971397139714,0.9759855885588559,0.01034225657170505
0.46159987449645995,0.05738637481161784,0.028462553024291994,0.0022030785498514116,100,20,2,0.0,8,,12,gini,balanced,0.0,False,,"{'n_estimators': 100, 'min_samples_split': 20, 'min_samples_leaf': 2, 'min_impurity_decrease': 0.0, 'max_leaf_nodes': 8, 'max_features': None, 'max_depth': 12, 'criterion': 'gini', 'class_weight': 'balanced', 'ccp_alpha': 0.0, 'bootstrap': False}",0.8525747508305648,0.8776223776223776,0.863370201691607,0.863370201691607,0.8470279720279721,0.8607931007728258,0.010521668144414045,159,0.9358274351196495,0.9139608876818829,0.909762363519589,0.9394070080862533,0.939841575679726,0.92775985401742,0.013122737498086531,0.8837209302325582,0.9090909090909091,0.896551724137931,0.896551724137931,0.8863636363636364,0.8944557847925931,0.008985463319464388,159,0.9507246376811594,0.9329446064139941,0.930635838150289,0.9542857142857143,0.953757225433526,0.9444696043929366,0.010449306449026237,0.8214285714285714,0.8461538461538461,0.8301886792452831,0.8301886792452831,0.8076923076923077,0.8271304167530582,0.012577344147883243,159,0.9209302325581395,0.8949771689497716,0.8888888888888888,0.9245283018867925,0.9259259259259259,0.9110501036419036,0.0158115624332484,0.8846153846153846,0.88,0.88,0.88,0.84,0.8729230769230769,0.016558306519475343,61,0.99,0.9702970297029703,0.9504950495049505,0.9702970297029703,0.9900990099009901,0.9742376237623762,0.014797313745042014,0.8591549295774648,0.8857142857142857,0.8714285714285714,0.8714285714285714,0.8571428571428571,0.8689738430583501,0.010282772901678927,159,0.9392857142857143,0.9181494661921709,0.9145907473309609,0.9430604982206405,0.9430604982206405,0.9316293848500254,0.012585574772253789,0.8726495726495727,0.92,0.9182222222222223,0.9475555555555555,0.8595555555555556,0.9035965811965813,0.0325966324274957,160,0.9709444444444445,0.9702420242024203,0.9689768976897691,0.9813531353135313,0.9801705170517051,0.9743374037403741,0.005296508885515433
1.102705192565918,0.08925581930541905,0.039772319793701175,0.005382714011403524,200,12,8,0.01,8,,16,entropy,balanced_subsample,0.005,False,,"{'n_estimators': 200, 'min_samples_split': 12, 'min_samples_leaf': 8, 'min_impurity_decrease': 0.01, 'max_leaf_nodes': 8, 'max_features': None, 'max_depth': 16, 'criterion': 'entropy', 'class_weight': 'balanced_subsample', 'ccp_alpha': 0.005, 'bootstrap': False}",0.8645325418698325,0.8511904761904762,0.8612029081295439,0.8652406417112299,0.7916666666666667,0.8467666469135497,0.028003211365688382,160,0.9168062233266706,0.9094424750241701,0.9157030653430784,0.9100704075101345,0.9394070080862533,0.9182858358580613,0.010960494211917493,0.898876404494382,0.8809523809523809,0.898876404494382,0.8941176470588236,0.8333333333333334,0.8812312340666603,0.02483163455099268,160,0.9364161849710982,0.9310344827586207,0.9382022471910112,0.9302325581395349,0.9542857142857143,0.9380342374691958,0.008678935260066637,0.8301886792452831,0.8214285714285714,0.8235294117647058,0.8363636363636363,0.75,0.8123020597604395,0.03159045401344121,160,0.897196261682243,0.8878504672897196,0.8932038834951457,0.8899082568807339,0.9245283018867925,0.8985374342469269,0.01337493680661524,0.8461538461538461,0.92,0.84,0.92,0.84,0.8732307692307693,0.038252972967187854,56,0.96,0.9405940594059405,0.9108910891089109,0.9603960396039604,0.9702970297029703,0.9484356435643564,0.021098765975610008,0.8732394366197183,0.8571428571428571,0.8714285714285714,0.8714285714285714,0.8,0.8546478873239437,0.027933653132462134,160,0.9214285714285714,0.9145907473309609,0.9217081850533808,0.9145907473309609,0.9430604982206405,0.923075749872903,0.010468659256647824,0.9427350427350427,0.9595555555555555,0.8835555555555556,0.9448888888888889,0.8897777777777778,0.924102564102564,0.031171801421899403,152,0.9778055555555556,0.9788778877887789,0.9791254125412541,0.9796479647964796,0.9921067106710671,0.981512706270627,0.00533093980849149
