rank_test_macro_f1,param_n_estimators,param_learning_rate,param_estimator__max_depth,param_estimator__min_samples_leaf,param_estimator__criterion,param_estimator__class_weight,mean_test_macro_f1,std_test_macro_f1,mean_test_f1_g,std_test_f1_g,mean_test_f1_b,std_test_f1_b,mean_test_recall_b,std_test_recall_b,mean_test_accuracy,std_test_accuracy,mean_test_roc_auc,std_test_roc_auc,mean_train_macro_f1,std_train_macro_f1
1,50,0.5,2,2,entropy,,0.9398901443265654,0.015682478044733,0.9587616684390878,0.010718744345390786,0.9210186202140431,0.02072711115097441,0.8806153846153846,0.026282038774230947,0.9458350100603623,0.014097378424461961,0.9611623931623932,0.025276737593383065,0.9984459583788763,0.0019033209249629806
2,50,0.5,2,5,entropy,,0.9397465347655258,0.023929441198753607,0.9588521859805915,0.01566834764367833,0.92064088355046,0.03227003053737376,0.8806153846153846,0.04439308011537584,0.9458350100603623,0.021062621812731656,0.9609846153846153,0.025124408341567827,0.9992204791269366,0.001559041746126777
3,25,0.1,3,5,entropy,,0.9391449690674663,0.018769490522743702,0.9594109187504285,0.012224317702996014,0.9188790193845037,0.025403658206069248,0.8572307692307692,0.04038161160990257,0.9459154929577466,0.016456440191181556,0.9645435897435897,0.01842463675053844,0.9563069098351955,0.005124525817846169
4,50,1.5,2,5,gini,balanced,0.9381878418621795,0.04740914981025514,0.9597504056071745,0.028400421243326483,0.9166252781171845,0.06646190120549857,0.8646153846153848,0.09702802620801106,0.94579476861167,0.03984769127329398,0.9755282051282052,0.015772069232412558,1.0,0.0
5,50,1.0,3,2,entropy,,0.9366614879115038,0.022407298444222856,0.9568444695268724,0.014849407276653294,0.9164785062961356,0.029973762912810765,0.8735384615384616,0.04431623849203406,0.9430985915492958,0.019864525845508314,0.9720136752136753,0.014001736010000328,1.0,0.0
6,50,1.0,3,2,entropy,balanced,0.9365692310326098,0.014633498116942045,0.9567025089605735,0.009634579278228776,0.9164359531046461,0.019710943892151427,0.8729230769230769,0.030235368606863402,0.9429778672032194,0.012914057093885982,0.9705504273504273,0.015465898852676067,1.0,0.0
7,100,0.5,3,2,entropy,,0.9365228183780451,0.02071377346701312,0.9567992599444958,0.013314573432245751,0.9162463768115943,0.028159849176621572,0.8729230769230769,0.03942305816134637,0.9430181086519115,0.018073025540656994,0.9739350427350427,0.015519915591565486,1.0,0.0
7,200,0.5,3,2,entropy,,0.9365228183780451,0.02071377346701312,0.9567992599444958,0.013314573432245751,0.9162463768115943,0.028159849176621572,0.8729230769230769,0.03942305816134637,0.9430181086519115,0.018073025540656994,0.9707555555555555,0.01730116673436705,1.0,0.0
9,100,0.5,3,1,entropy,,0.9364233827622496,0.018329950017138177,0.956797718708733,0.011403354944528063,0.9160490468157662,0.02528935764767188,0.8726153846153846,0.03995737373722567,0.9429778672032192,0.015760885878825848,0.9680615384615384,0.02006916697869255,1.0,0.0
10,100,0.5,3,5,entropy,balanced,0.9363901981246862,0.027180236194809033,0.9568922478355202,0.017747306990653276,0.915888148413852,0.03665375932233686,0.8729230769230769,0.05323699385570994,0.9430181086519115,0.023906739873452307,0.9620649572649572,0.020332398565867812,1.0,0.0
10,200,0.5,3,5,entropy,balanced,0.9363901981246862,0.027180236194809033,0.9568922478355202,0.017747306990653276,0.915888148413852,0.03665375932233686,0.8729230769230769,0.05323699385570994,0.9430181086519115,0.023906739873452307,0.9620649572649572,0.020332398565867812,1.0,0.0
12,200,1.5,3,2,gini,balanced,0.936281991982732,0.020699160935866507,0.9569842738205365,0.013315858808841133,0.9155797101449276,0.028102491927051203,0.8652307692307692,0.040137043345526965,0.9430181086519115,0.018073025540656994,0.977668376068376,0.013819924930278409,1.0,0.0
13,200,1.0,3,1,entropy,,0.9361889064957248,0.023226008275708084,0.9569862632170529,0.014949068452174473,0.9153915497743963,0.03151702757138051,0.8649230769230769,0.04119401346751892,0.9429778672032192,0.0202896729842504,0.9712341880341882,0.02019859150630271,1.0,0.0
14,100,1.5,3,2,entropy,,0.936041562943197,0.022962001237641118,0.9572126355996226,0.014792320749712878,0.9148704902867715,0.031145467888819264,0.8575384615384616,0.04627266756211067,0.9430583501006036,0.02006430722304695,0.9780239316239318,0.01141315997500658,1.0,0.0
15,25,0.5,3,5,gini,balanced,0.9336448888127483,0.011828220512582279,0.954407160748959,0.008277646470113902,0.9128826168765378,0.015499421473307885,0.8732307692307693,0.028693029481537912,0.9401609657947686,0.010738210222173483,0.9685948717948717,0.020009174314821247,1.0,0.0
16,50,1.0,3,1,gini,balanced,0.9336002909928128,0.01858138419219221,0.9544952700736269,0.012442234077632916,0.9127053119119989,0.02482459582719277,0.8735384615384616,0.04431623849203406,0.9402012072434609,0.01652615911577075,0.9606632478632479,0.025709488997851478,1.0,0.0
17,25,0.5,3,2,gini,balanced,0.9334573012265348,0.027834650941644123,0.9545566635328205,0.018331352885533853,0.912357938920249,0.03735830796505066,0.8729230769230769,0.04684204857596324,0.9401609657947686,0.024598883656437292,0.9697094017094017,0.012119588200345633,1.0,0.0
18,50,1.0,1,1,gini,,0.9333936705429137,0.0463084362167736,0.9544565815849871,0.03199557837722983,0.9123307595008401,0.06068019790478793,0.8726153846153846,0.06447163497210481,0.9400804828973843,0.041857181110004686,0.9608341880341881,0.025223028020505283,0.9812428529056163,0.003830454814979494
18,50,1.0,1,2,gini,,0.9333936705429137,0.0463084362167736,0.9544565815849871,0.03199557837722983,0.9123307595008401,0.06068019790478793,0.8726153846153846,0.06447163497210481,0.9400804828973843,0.041857181110004686,0.9608341880341881,0.025223028020505283,0.9812428529056163,0.003830454814979494
18,50,1.0,1,5,gini,,0.9333936705429137,0.0463084362167736,0.9544565815849871,0.03199557837722983,0.9123307595008401,0.06068019790478793,0.8726153846153846,0.06447163497210481,0.9400804828973843,0.041857181110004686,0.9608341880341881,0.025223028020505283,0.9812428529056163,0.003830454814979494
21,50,0.5,3,1,gini,balanced,0.9333510085169768,0.026083136898099837,0.9545536794380457,0.017032227257407873,0.9121483375959081,0.035183583519525635,0.8726153846153846,0.0472926179860698,0.9401207243460764,0.022948777690754825,0.9665025641025642,0.02027514039030179,1.0,0.0
22,100,0.5,2,5,entropy,,0.9333406779821809,0.02409010252252564,0.9545511107117743,0.015589199732064952,0.9121302452525877,0.032661134700259865,0.8726153846153846,0.0472926179860698,0.9401207243460765,0.021095348881648324,0.9656136752136751,0.02114930929506711,1.0,0.0
23,200,0.5,3,5,entropy,,0.933290218746327,0.0214388051323657,0.9547422239463659,0.013976594530950032,0.911838213546288,0.02894151950818389,0.8652307692307692,0.040137043345526965,0.9402012072434607,0.018834717629446895,0.9730393162393163,0.016847252736191292,1.0,0.0
24,100,0.5,3,5,gini,,0.9332583659549858,0.019035109562874363,0.9546893737696758,0.012378357316251466,0.9118273581402958,0.025770569189376986,0.8652307692307692,0.040137043345526965,0.9401609657947686,0.016690550167626016,0.9722119658119658,0.018865134461982583,1.0,0.0
25,100,1.5,3,2,gini,balanced,0.933189335839973,0.021749319908081582,0.9547422239463659,0.013976594530950032,0.91163644773358,0.02956531544257852,0.8649230769230769,0.04119401346751892,0.9401609657947686,0.018979123213659386,0.9742700854700855,0.017189852381870905,1.0,0.0
26,100,1.0,3,1,gini,balanced,0.9331127982589639,0.011936888673953431,0.9548780787874314,0.007771137225237455,0.9113475177304965,0.016133777540535233,0.8575384615384616,0.029345523735547975,0.9402012072434609,0.010480869667986725,0.9684102564102564,0.021297230024600038,1.0,0.0
27,25,0.5,2,1,entropy,,0.9330802452925357,0.028399308087902135,0.9547790557416305,0.01803987046704006,0.911381434843441,0.03886891163436407,0.8649230769230769,0.054561403442013205,0.9401609657947686,0.024598883656437292,0.963497435897436,0.020150804378156,0.9756589807678161,0.008068881537891974
27,25,0.5,2,2,entropy,,0.9330802452925357,0.028399308087902135,0.9547790557416305,0.01803987046704006,0.911381434843441,0.03886891163436407,0.8649230769230769,0.054561403442013205,0.9401609657947686,0.024598883656437292,0.963497435897436,0.020150804378156,0.9756589807678161,0.008068881537891974
27,25,0.5,2,5,entropy,,0.9330802452925357,0.028399308087902135,0.9547790557416305,0.01803987046704006,0.911381434843441,0.03886891163436407,0.8649230769230769,0.054561403442013205,0.9401609657947686,0.024598883656437292,0.9618974358974359,0.019027992267611517,0.9756244446340178,0.008116109993343171
30,200,0.1,2,1,entropy,,0.9330385954267264,0.018748815787943143,0.9548313279692922,0.012600564962291791,0.9112458628841609,0.025030694010138837,0.8569230769230769,0.032737073423434786,0.9401609657947686,0.016690550167626016,0.9574700854700854,0.02365029266307636,0.9780413290554334,0.0032427017675631395
30,200,0.1,2,2,entropy,,0.9330385954267264,0.018748815787943143,0.9548313279692922,0.012600564962291791,0.9112458628841609,0.025030694010138837,0.8569230769230769,0.032737073423434786,0.9401609657947686,0.016690550167626016,0.9580034188034189,0.023348616265438566,0.9780413290554334,0.0032427017675631395
32,50,0.5,2,1,entropy,,0.9329808096767402,0.026697616513656673,0.9547775145058678,0.016679008890035433,0.9111841048476128,0.0368163930643026,0.8646153846153846,0.05490389667248114,0.9401207243460765,0.022948777690754815,0.962051282051282,0.024729800565599334,0.9984459583788763,0.0019033209249629806
33,100,0.1,3,2,entropy,,0.9328223071031403,0.023555213206611404,0.9550217341569436,0.01582963370773456,0.9106228800493371,0.03128897421894366,0.8492307692307692,0.02970466064282379,0.9401609657947686,0.02101998503854104,0.960417094017094,0.024588479122829424,0.9914084882085842,0.0063088820451880166
34,100,1.0,3,2,entropy,,0.9327844723588188,0.026666833631113235,0.9550133891620819,0.016579923654526773,0.9105555555555556,0.03678432301610412,0.8572307692307692,0.05395066780136293,0.9401609657947686,0.022879519751990273,0.9742905982905983,0.016229143012287745,1.0,0.0
35,50,1.0,3,1,gini,,0.9326393771802447,0.032052460323976746,0.9549213631770656,0.020302362739083826,0.9103573911834237,0.043838884224937334,0.8643076923076922,0.06544811396290788,0.9400402414486922,0.027767474397907006,0.9696752136752137,0.020984458312902736,1.0,0.0
36,200,0.1,3,1,entropy,,0.9326338775728873,0.019363798751504374,0.9551088487833532,0.012163652197858994,0.9101589063624216,0.026646892776566036,0.8489230769230769,0.039981060604998835,0.9401609657947686,0.016690550167626016,0.9599042735042737,0.02791059183677558,1.0,0.0
37,25,1.0,2,5,entropy,balanced,0.9304794290804684,0.013231642536062934,0.9521651108747884,0.008660051840149187,0.9087937472861485,0.01790273722629655,0.8729230769230769,0.0302353686068634,0.9372635814889337,0.011640425946328557,0.9642324786324787,0.022682356792553426,0.9992254792519397,0.0015490414961204734
38,100,0.1,3,5,entropy,balanced,0.9304332360168652,0.02103135087325652,0.9522618290664605,0.015195855432685151,0.9086046429672701,0.026917390978179082,0.8649230769230769,0.02041927387450716,0.9373038229376258,0.019428161341543473,0.9636205128205129,0.020315053487572638,0.9795607789065475,0.01241832634831665
39,200,1.0,2,5,entropy,,0.9302727910394584,0.02181977952959919,0.9524488651312678,0.014429866237556124,0.9080967169476486,0.029282681857711358,0.8652307692307692,0.040137043345526965,0.9373440643863178,0.019293078408334968,0.9707965811965812,0.018393294569473886,1.0,0.0
40,50,1.5,3,2,entropy,,0.9302371852063042,0.016743979368579912,0.9524021143131286,0.010832435134968883,0.9080722560994795,0.022762672955308583,0.8649230769230769,0.032510717395377926,0.9373038229376258,0.014635168157236726,0.9646905982905982,0.014648292437255064,1.0,0.0
40,100,1.5,3,5,entropy,,0.9302371852063042,0.016743979368579912,0.9524021143131286,0.010832435134968883,0.9080722560994795,0.022762672955308583,0.8649230769230769,0.032510717395377926,0.9373038229376258,0.014635168157236724,0.9753299145299146,0.018461963907728345,1.0,0.0
42,50,1.0,2,5,entropy,,0.9301592131894711,0.03508372181078245,0.9523439032363518,0.02296625858875745,0.9079745231425903,0.047343445268957465,0.8726153846153846,0.06447163497210485,0.9372635814889337,0.03085167818489302,0.961531623931624,0.02695906665198458,1.0,0.0
43,100,1.0,3,5,entropy,balanced,0.9300953705520951,0.01256578757748406,0.9525847199723335,0.008595902891454383,0.907606021131857,0.01662801279808644,0.8575384615384616,0.029345523735547975,0.937344064386318,0.011283834245791085,0.9731076923076923,0.014875489864192246,1.0,0.0
44,100,0.5,2,2,entropy,,0.9300724725173086,0.019863739803299557,0.9524473238955051,0.0126872482427772,0.9076976211391126,0.027124536887226353,0.8646153846153846,0.041646582930925866,0.9372635814889337,0.01728481479028366,0.9664615384615385,0.02141773791525792,1.0,0.0
45,200,0.5,3,5,gini,balanced,0.9300220132814548,0.016538671731133627,0.9526384371300965,0.010681406151669258,0.9074055894328129,0.022450242745103825,0.8572307692307692,0.03147498302164779,0.9373440643863178,0.014455364690927468,0.973408547008547,0.015529985935138232,1.0,0.0
46,50,0.5,3,5,entropy,balanced,0.9299843413413414,0.03337408741341429,0.9525911725667029,0.021923178089307657,0.9073775101159798,0.04485872205614954,0.8649230769230769,0.06014105707054147,0.9373038229376258,0.02944909797396844,0.9588786324786325,0.02356111132427085,1.0,0.0
47,200,0.5,3,1,entropy,balanced,0.9299689486196139,0.024137772705575208,0.9526792490991207,0.01585545820170676,0.9072586481401071,0.032439647252293244,0.8575384615384616,0.04627266756211067,0.937344064386318,0.021303885268452463,0.9714188034188034,0.01863249745157053,1.0,0.0
48,100,1.5,2,5,entropy,balanced,0.9299505378873775,0.019528108879461274,0.9526836467124731,0.01255769430611131,0.9072174290622816,0.026542612580063636,0.8572307692307692,0.040381611609902564,0.937344064386318,0.017046707054705238,0.9638837606837607,0.0188276158219683,1.0,0.0
49,50,0.5,3,1,entropy,,0.9299211303751008,0.01691977545533644,0.9526384371300967,0.010681406151669258,0.9072038236201049,0.023210364518406454,0.8569230769230769,0.032737073423434786,0.9373038229376258,0.014635168157236726,0.9638017094017094,0.023486222998974175,1.0,0.0
49,200,0.5,2,5,entropy,,0.9299211303751008,0.01691977545533644,0.9526384371300965,0.010681406151669258,0.9072038236201049,0.023210364518406454,0.8569230769230769,0.032737073423434786,0.9373038229376258,0.014635168157236724,0.9670153846153846,0.022871344137216705,1.0,0.0
51,100,1.0,2,5,entropy,,0.929855853301901,0.02224367797874596,0.9526851879482358,0.014316065433187123,0.9070265186555659,0.030211516952639565,0.8569230769230769,0.04137288938823781,0.9373038229376258,0.019428161341543473,0.9694837606837607,0.020296587945070853,1.0,0.0
52,100,0.5,3,5,entropy,,0.9298128843873685,0.02240884621540526,0.9527148225780764,0.01413665856723898,0.9069109461966605,0.03089463895576034,0.8572307692307692,0.05395066780136293,0.9373440643863178,0.019293078408334968,0.9656341880341881,0.016118001564462855,1.0,0.0
53,200,0.1,2,5,entropy,,0.9298059957950084,0.018961905285401228,0.952774291971162,0.012990202174682395,0.9068376996188547,0.025041643812189856,0.8492307692307692,0.029704660642823795,0.937344064386318,0.017046707054705238,0.9599042735042735,0.024881321287760494,0.9804174513516484,0.004350009310074728
54,100,0.5,2,5,gini,,0.9297775208140611,0.024700071831574556,0.9527289546716003,0.015678220390290758,0.9068260869565219,0.03376427172246636,0.8569230769230769,0.04849449428885056,0.9373038229376258,0.0214262947374078,0.9650393162393162,0.022212769587206197,1.0,0.0
55,50,0.5,3,5,gini,,0.92976704465195,0.026917435293905792,0.9527200303469838,0.017000396219404322,0.9068140589569161,0.03692359955463917,0.8572307692307692,0.05395066780136293,0.9373038229376258,0.023253360170854723,0.9676991452991454,0.024018931340738577,1.0,0.0
56,200,0.5,1,1,entropy,,0.9297570932892596,0.030456738755021095,0.9527245884697718,0.01955187980373209,0.906789598108747,0.04145356102919827,0.8569230769230769,0.0546965810296344,0.9373038229376258,0.026532698041434506,0.9590769230769232,0.02707165622608427,0.9700417451908401,0.005543995371568553
56,200,0.5,1,2,entropy,,0.9297570932892596,0.030456738755021095,0.9527245884697718,0.01955187980373209,0.906789598108747,0.04145356102919827,0.8569230769230769,0.0546965810296344,0.9373038229376258,0.026532698041434506,0.9590769230769232,0.02707165622608427,0.9700417451908401,0.005543995371568553
56,200,0.5,1,5,entropy,,0.9297570932892596,0.030456738755021095,0.9527245884697718,0.01955187980373209,0.906789598108747,0.04145356102919827,0.8569230769230769,0.0546965810296344,0.9373038229376258,0.026532698041434506,0.9590769230769232,0.02707165622608427,0.9700417451908401,0.005543995371568553
59,50,0.5,3,5,entropy,,0.9297223320158103,0.024797929262544306,0.9527173913043478,0.015713948146522782,0.9067272727272726,0.034063436742075216,0.8569230769230769,0.0546965810296344,0.9373038229376258,0.0214262947374078,0.9613811965811966,0.012917859028901359,1.0,0.0
60,200,1.0,3,2,entropy,balanced,0.9297009832330521,0.01670412162004815,0.952864809512666,0.010554572395512222,0.9065371569534382,0.022878750629100178,0.8495384615384616,0.037386831210053005,0.9373440643863178,0.014455364690927468,0.9728547008547009,0.01854002940886045,1.0,0.0
61,200,0.1,3,5,gini,,0.9296780851982656,0.022708561364361966,0.9527274134358376,0.01409087244689457,0.9066287569606937,0.031350960719166564,0.8566153846153846,0.048829130892005836,0.9372635814889335,0.019503781053827326,0.9613059829059829,0.024308306819020253,1.0,0.0
62,200,1.5,3,5,entropy,,0.9296716003700277,0.013415645729790697,0.9528214616096207,0.008335896633538443,0.9065217391304348,0.018531466452962924,0.8492307692307692,0.02970466064282379,0.9373038229376258,0.011513274683137332,0.9737162393162393,0.018717796041995288,1.0,0.0
63,100,1.0,3,1,entropy,,0.9296357061598522,0.022079432658886185,0.9529115603308054,0.014220939644563134,0.9063598519888991,0.029953556704196135,0.8495384615384616,0.04514172291715275,0.9373440643863178,0.019293078408334968,0.9719794871794871,0.017116287714791182,1.0,0.0
64,100,0.1,3,5,gini,,0.9295872184927804,0.028330321173464713,0.9528254404026539,0.018623583944236126,0.906348996582907,0.038051503870776646,0.8489230769230769,0.039981060604998835,0.9372635814889337,0.025005907993498395,0.9588786324786325,0.021440127174399824,0.9968761903313542,0.00456475818219169
65,50,1.0,3,2,gini,,0.929525149549393,0.02723759920901577,0.9527713392879112,0.016854949535805217,0.9062789598108747,0.03764463054538457,0.8566153846153846,0.054993490739074204,0.9372233400402414,0.02333067181716756,0.9705299145299146,0.022499238548490695,1.0,0.0
66,200,1.5,3,5,gini,,0.9294360878901091,0.022955351059577172,0.9529528225316726,0.013862979369218585,0.9059193532485459,0.03206385538566828,0.8492307692307692,0.052937386258723865,0.9373038229376258,0.019428161341543473,0.9769230769230768,0.012394225713299532,1.0,0.0
67,200,1.0,3,1,entropy,balanced,0.9294231814069394,0.025128711908209637,0.9529115917423292,0.015522912830434317,0.9059347710715493,0.03475818433983748,0.8489230769230769,0.04731263263760104,0.9372635814889335,0.02149488610011361,0.9721367521367522,0.020434379937009053,1.0,0.0
68,25,1.0,3,2,gini,,0.9293626636208071,0.03775375052451378,0.9527993636408784,0.023155248517403297,0.9059259636007356,0.05244672921738283,0.8643076923076922,0.08272518130111157,0.9372233400402414,0.03215767662328429,0.9636581196581198,0.023451396621661295,1.0,0.0
69,200,0.1,3,2,entropy,,0.9293530844974555,0.022738532096676443,0.9529008639446257,0.014185183380115962,0.9058053050502852,0.03147292348267843,0.8486153846153845,0.053908535293725,0.9372635814889335,0.019503781053827326,0.9625435897435898,0.023811347081499495,1.0,0.0
70,100,1.0,3,5,gini,balanced,0.9293346882313719,0.03182321769112605,0.9528970094888749,0.018756930422906787,0.9057723669738689,0.04491537676747682,0.8566153846153846,0.07031560298872962,0.9372635814889335,0.02658811929491313,0.9629948717948718,0.018530212253576935,1.0,0.0
71,25,0.5,2,5,gini,,0.9291674764795783,0.029249178867769305,0.9530429212528571,0.018025162350960088,0.9052920317062995,0.04051881160787542,0.8486153846153845,0.06470031049009575,0.9372635814889337,0.02500590799349837,0.955876923076923,0.03105146607138323,0.9929897201740747,0.0045540809759120286
72,25,1.0,3,2,entropy,balanced,0.9277598885896433,0.016232525624925533,0.949635908738293,0.011387599117400081,0.9058838684409934,0.021190032172646915,0.8806153846153846,0.026282038774230944,0.9344064386317908,0.01475879475700286,0.9646974358974358,0.021264007453985257,1.0,0.0
73,100,0.1,3,2,gini,balanced,0.9275310727157583,0.028522164800837396,0.9498706560698146,0.020969077936678234,0.905191489361702,0.0361180098883905,0.8649230769230769,0.02041927387450716,0.9344466800804829,0.026550025798471055,0.9599247863247863,0.023165448689873046,0.9976628920539934,0.0031218155215387866
74,200,0.1,3,5,entropy,balanced,0.9273695653813526,0.02122210715249305,0.9500197791922897,0.01509209090428985,0.9047193515704153,0.027394078865139768,0.8649230769230769,0.02041927387450716,0.9344466800804829,0.019451818877795957,0.9637982905982906,0.02044939024875233,0.9826762606575699,0.015147306642350056
75,25,0.5,3,1,gini,balanced,0.9271648109610314,0.024221708854157087,0.9501580750424413,0.01605223020474476,0.9041715468796214,0.032469092025033855,0.8649230769230769,0.04119401346751892,0.9344466800804829,0.02144774838335726,0.9626940170940171,0.02734937946710561,1.0,0.0
76,50,0.5,3,2,entropy,,0.9270806998696945,0.018834747954810625,0.95034764704127,0.012822403503296378,0.903813752698119,0.024969550621974358,0.8572307692307692,0.03147498302164779,0.9345271629778672,0.0168657283631055,0.9634940170940173,0.019639368537505888,1.0,0.0
77,25,1.0,2,1,entropy,balanced,0.9270676140545566,0.017136090424050156,0.9501518416000229,0.010727583729284545,0.9039833865090902,0.02364481631260207,0.8649230769230769,0.04119401346751892,0.9344064386317907,0.014758794757002857,0.9644102564102564,0.022554071844529715,0.9992254792519397,0.0015490414961204734
77,50,1.0,2,1,entropy,balanced,0.9270676140545566,0.017136090424050156,0.9501518416000229,0.010727583729284545,0.9039833865090902,0.02364481631260207,0.8649230769230769,0.04119401346751892,0.9344064386317907,0.014758794757002857,0.9640547008547008,0.022815461907823693,0.9992254792519397,0.0015490414961204734
77,100,1.0,2,1,entropy,balanced,0.9270676140545566,0.017136090424050156,0.9501518416000229,0.010727583729284545,0.9039833865090902,0.02364481631260207,0.8649230769230769,0.04119401346751892,0.9344064386317907,0.014758794757002857,0.9640547008547008,0.022815461907823693,0.9992254792519397,0.0015490414961204734
77,200,1.0,2,1,entropy,balanced,0.9270676140545566,0.017136090424050156,0.9501518416000229,0.010727583729284545,0.9039833865090902,0.02364481631260207,0.8649230769230769,0.04119401346751892,0.9344064386317907,0.014758794757002857,0.9640547008547008,0.022815461907823693,0.9992254792519397,0.0015490414961204734
77,25,1.0,2,2,entropy,balanced,0.9270676140545566,0.017136090424050156,0.9501518416000229,0.010727583729284545,0.9039833865090902,0.02364481631260207,0.8649230769230769,0.04119401346751892,0.9344064386317907,0.014758794757002857,0.9644102564102564,0.022554071844529715,0.9992254792519397,0.0015490414961204734
77,50,1.0,2,2,entropy,balanced,0.9270676140545566,0.017136090424050156,0.9501518416000229,0.010727583729284545,0.9039833865090902,0.02364481631260207,0.8649230769230769,0.04119401346751892,0.9344064386317907,0.014758794757002857,0.9638769230769231,0.02295330333473127,0.9992254792519397,0.0015490414961204734
77,100,1.0,2,2,entropy,balanced,0.9270676140545566,0.017136090424050156,0.9501518416000229,0.010727583729284545,0.9039833865090902,0.02364481631260207,0.8649230769230769,0.04119401346751892,0.9344064386317907,0.014758794757002857,0.9638769230769231,0.02295330333473127,0.9992254792519397,0.0015490414961204734
77,200,1.0,2,2,entropy,balanced,0.9270676140545566,0.017136090424050156,0.9501518416000229,0.010727583729284545,0.9039833865090902,0.02364481631260207,0.8649230769230769,0.04119401346751892,0.9344064386317907,0.014758794757002857,0.9638769230769231,0.02295330333473127,0.9992254792519397,0.0015490414961204734
85,25,0.1,3,5,gini,balanced,0.9270565976731783,0.0401139852015718,0.9500242290054682,0.028976191537910666,0.9040889663408885,0.051577260390318035,0.8569230769230769,0.0546965810296344,0.9344064386317907,0.036887384910514846,0.9592854700854702,0.023838138284612825,0.9701706294165756,0.007405592058230194
86,50,0.1,3,5,entropy,balanced,0.9270455441670208,0.025538601297223483,0.9502929023929984,0.017814160865328676,0.9037981859410431,0.033384969338375974,0.8572307692307692,0.04038161160990257,0.9344869215291751,0.023165447033664775,0.9623111111111113,0.021564305211605104,0.9684591672677436,0.007202198711883947
87,50,1.0,2,1,entropy,,0.9269904433403944,0.03345558777029295,0.9502416576558452,0.02198560302998959,0.9037392290249434,0.04507674178070928,0.8649230769230769,0.06014105707054152,0.9344466800804829,0.02946471068960165,0.9617025641025642,0.027117972854724632,1.0,0.0
87,50,1.0,2,2,entropy,,0.9269904433403944,0.03345558777029295,0.9502416576558452,0.02198560302998959,0.9037392290249434,0.04507674178070928,0.8649230769230769,0.06014105707054152,0.9344466800804829,0.02946471068960165,0.9617025641025642,0.027117972854724632,1.0,0.0
89,25,1.5,3,5,gini,,0.9269791074973899,0.012481837418136623,0.9502384082314945,0.009218892695706934,0.903719806763285,0.01613804251613006,0.8569230769230769,0.032737073423434786,0.9344466800804829,0.011553151019133515,0.9744820512820512,0.009988842632403737,1.0,0.0
90,200,0.1,3,2,gini,balanced,0.9269140332030279,0.019559070508934205,0.95034764704127,0.012822403503296378,0.9034804193647858,0.02636957135403266,0.8569230769230769,0.032737073423434786,0.9344466800804829,0.017226160471601196,0.9627692307692308,0.01963386389108724,0.9976628920539934,0.0031218155215387866
90,25,0.5,3,5,entropy,balanced,0.9269140332030279,0.019559070508934205,0.95034764704127,0.012822403503296378,0.9034804193647858,0.02636957135403266,0.8569230769230769,0.032737073423434786,0.9344466800804829,0.017226160471601196,0.9565948717948718,0.026076185239178453,0.9992254792519397,0.0015490414961204734
92,100,0.5,3,1,gini,balanced,0.9269037026682321,0.016805572096162527,0.9503450783149987,0.010831380625190016,0.9034623270214655,0.022888989014884068,0.8569230769230769,0.032737073423434786,0.9344466800804829,0.014666558953351354,0.9676991452991451,0.020757992386940975,1.0,0.0
93,100,1.0,3,2,entropy,balanced,0.926797792764565,0.015958121370027892,0.9505814011319667,0.010725755999215929,0.9030141843971631,0.0211996243654399,0.8495384615384616,0.02752771599550159,0.9345271629778672,0.014241493606951363,0.9710769230769232,0.019492480910311655,1.0,0.0
94,200,0.5,3,1,gini,,0.9266885307433828,0.016557763354564176,0.9505814011319667,0.010725755999215929,0.9027956603547986,0.022441777230496132,0.8492307692307692,0.029704660642823795,0.934486921529175,0.014495079303840709,0.966694017094017,0.01947652910340288,1.0,0.0
95,200,1.5,2,5,gini,balanced,0.9266847190439869,0.028791729986614705,0.9504805491990845,0.018303546650056124,0.902888888888889,0.03937066652618483,0.8569230769230769,0.0546965810296344,0.9344466800804829,0.024965400394110493,0.9740991452991452,0.02067090764033214,1.0,0.0
96,200,1.0,3,1,gini,balanced,0.9266798271336227,0.013099353685728506,0.9505794117354501,0.00829781937398423,0.9027802425317952,0.017985994894564546,0.8492307692307692,0.02970466064282379,0.934486921529175,0.011334666777784263,0.9714529914529914,0.020132427379390364,1.0,0.0
97,100,0.5,2,1,entropy,,0.9266606574913968,0.02259115908398897,0.9504340546207397,0.014219253298808908,0.9028872603620541,0.031044553711731,0.8566153846153846,0.048829130892005836,0.9344064386317907,0.019521458162795748,0.9664615384615385,0.02141773791525792,1.0,0.0
98,200,0.5,3,1,gini,balanced,0.9266541832035253,0.024032879611066645,0.9506719186734702,0.015720317893318774,0.90263644773358,0.03236609238730576,0.8495384615384616,0.04514172291715275,0.9345271629778672,0.02115935016347406,0.9702358974358974,0.017331864601709542,1.0,0.0
99,100,0.5,3,5,gini,balanced,0.9266086063910933,0.028067133674531133,0.9507580700131457,0.0180724896105805,0.902459142769041,0.03807655752578499,0.8498461538461539,0.056077714461019154,0.9345674044265593,0.024523655217664222,0.9703931623931623,0.017195459683739676,1.0,0.0
100,200,0.5,2,5,gini,,0.9265876478370287,0.01691857214191295,0.9505814011319667,0.010725755999215929,0.9025938945420906,0.02316205377017601,0.8489230769230769,0.03095941225379756,0.9344466800804829,0.014666558953351354,0.9712615384615384,0.01943191564050898,1.0,0.0
101,200,0.5,2,2,gini,,0.9265876478370286,0.01691857214191295,0.9505814011319667,0.010725755999215929,0.9025938945420906,0.02316205377017601,0.8489230769230769,0.03095941225379756,0.9344466800804829,0.014666558953351354,0.9668581196581197,0.021174640974773316,1.0,0.0
102,100,0.5,3,1,gini,,0.9264592165843416,0.0268414340514926,0.9507143032897811,0.016899275051849023,0.902204129878902,0.03684451577830466,0.8492307692307692,0.052937386258723865,0.934486921529175,0.023165447033664775,0.9672478632478633,0.017556971954945755,1.0,0.0
103,50,0.5,3,5,gini,balanced,0.926453018263464,0.02489423666184295,0.9507127620540186,0.015437790608783756,0.9021932744729098,0.03440668342140048,0.8492307692307692,0.052937386258723865,0.9344869215291751,0.02133085284765484,0.9734017094017094,0.01566817875674657,1.0,0.0
104,200,1.0,3,2,entropy,,0.9264458331828198,0.012757003563064627,0.9507640067911716,0.008500275429776384,0.902127659574468,0.017021276595744705,0.8415384615384616,0.02294320231668584,0.9344869215291751,0.011334666777784266,0.9718222222222224,0.01639897618002681,1.0,0.0
105,100,1.0,2,1,gini,,0.926444038275989,0.02467985799025186,0.9506719186734702,0.015720317893318774,0.9022161578785075,0.033679416269662366,0.8489230769230769,0.047312632637601035,0.9344466800804829,0.02144774838335726,0.9728410256410257,0.021022161896851726,1.0,0.0
106,50,1.5,3,2,gini,balanced,0.9264100324079564,0.03329940559788881,0.9507191504446137,0.0219939353402309,0.9021009143712989,0.044614652775780035,0.8492307692307692,0.05867168707226103,0.9344466800804829,0.029464710689601672,0.9678700854700855,0.02331052791165826,1.0,0.0
107,50,0.1,3,5,entropy,,0.9264072361837364,0.023981622415286074,0.9507640067911713,0.016038926618149072,0.9020504655763014,0.03199349000708167,0.8412307692307692,0.035861667161436205,0.9344869215291751,0.02133085284765484,0.9644307692307692,0.017914877011056454,0.9636125319373164,0.004752675446970523
107,100,0.1,3,5,entropy,,0.9264072361837364,0.023981622415286074,0.9507640067911713,0.016038926618149072,0.9020504655763014,0.03199349000708167,0.8412307692307692,0.035861667161436205,0.9344869215291751,0.02133085284765484,0.962748717948718,0.019651734079938105,0.9929772571090141,0.005762502892366512
109,200,1.5,2,1,entropy,,0.9263985325739765,0.007886497670323612,0.9507620173946549,0.005105621758487042,0.9020350477532981,0.010913909885224997,0.8412307692307692,0.025417694065308766,0.9344869215291751,0.0068441228731066376,0.9678358974358974,0.012559594981867617,1.0,0.0
110,200,1.5,3,5,gini,balanced,0.92636750069498,0.016658908957426232,0.9508077735145359,0.010643294372973164,0.901927227875424,0.022694721236881415,0.8415384615384616,0.03415246012433625,0.934486921529175,0.014495079303840709,0.9733675213675215,0.014861440545175955,1.0,0.0
111,50,1.0,3,1,entropy,,0.9263022236217802,0.02203537417711461,0.9508545243326753,0.014293641147855581,0.901749922910885,0.029785801555091453,0.8415384615384616,0.042501653291894176,0.934486921529175,0.019322852536493663,0.9606290598290599,0.019693133885802364,1.0,0.0
112,200,0.1,2,2,gini,,0.9262976496676224,0.02201288034515913,0.9507620173946549,0.014527899305166146,0.9018332819405901,0.029596680721068035,0.8409230769230769,0.03684093426977416,0.9344466800804829,0.019451818877795957,0.9567521367521369,0.025555458365307,0.9898616863317145,0.004716915352179528
113,200,0.5,3,2,entropy,balanced,0.9262750576539057,0.023129339963884995,0.9507006881392354,0.013810038162140647,0.9018494271685761,0.032592579176742596,0.8486153846153845,0.0595493927552145,0.9344466800804829,0.019451818877795957,0.9572581196581197,0.03096441341432711,1.0,0.0
114,25,1.0,3,1,entropy,balanced,0.9262623139860992,0.03624226678910252,0.9506529702181876,0.022234567927015676,0.9018716577540108,0.05035425830642662,0.8566153846153846,0.0747280671747145,0.9344064386317907,0.030862856320022555,0.9629196581196581,0.02511958082131288,1.0,0.0
115,100,1.0,3,1,entropy,balanced,0.9261827843558745,0.02278112416000972,0.9508525663476826,0.014030219395794066,0.9015130023640662,0.03155806121038392,0.8412307692307692,0.0438868906576626,0.9344466800804829,0.019451818877795957,0.9701811965811965,0.02239428874312202,1.0,0.0
116,200,1.5,3,2,entropy,,0.9261740807461145,0.020405988190564325,0.9508505769511661,0.01227436759319757,0.9014975845410629,0.02856106305540245,0.8412307692307692,0.0438868906576626,0.9344466800804829,0.017226160471601158,0.9760136752136752,0.01585041626627381,1.0,0.0
117,200,1.5,2,5,gini,,0.9261659183822951,0.029931597710816053,0.9507947639083684,0.01760868184351721,0.9015370728562218,0.042299507699964,0.8489230769230769,0.06448631798374437,0.9344466800804829,0.024965400394110517,0.9740307692307691,0.012121856273601874,1.0,0.0
117,200,1.0,3,5,gini,balanced,0.9261659183822951,0.029931597710816053,0.9507947639083684,0.01760868184351721,0.9015370728562218,0.042299507699964,0.8489230769230769,0.06448631798374437,0.9344466800804829,0.024965400394110517,0.9720136752136753,0.017147125704785462,1.0,0.0
119,100,1.5,3,5,gini,,0.9261232846053014,0.022811299348707778,0.9509371450400712,0.013795548819138245,0.9013094241705316,0.03184349072160395,0.8415384615384616,0.05555529257005474,0.9344869215291751,0.019322852536493663,0.9764717948717948,0.011576704462004673,1.0,0.0
120,200,1.5,2,1,entropy,balanced,0.9261006413090953,0.033225181588503024,0.9508415147265076,0.020027365149704157,0.9013597678916827,0.04648928479849047,0.8489230769230769,0.06927109936402477,0.9344466800804829,0.028045258475555224,0.970017094017094,0.023437237738080256,1.0,0.0
120,200,1.5,2,2,entropy,balanced,0.9261006413090953,0.033225181588503024,0.9508415147265076,0.020027365149704157,0.9013597678916827,0.04648928479849047,0.8489230769230769,0.06927109936402477,0.9344466800804829,0.028045258475555224,0.970017094017094,0.023437237738080256,1.0,0.0
122,50,0.1,3,2,entropy,,0.9259175655161498,0.030374131665344906,0.9510385435104578,0.019590803847271108,0.9007965875218419,0.04117710137634753,0.8332307692307692,0.046922824715589534,0.9344466800804829,0.026550025798471055,0.9639623931623932,0.02619693763090428,0.9700359572422057,0.0070070708597728066
123,50,0.1,2,1,gini,,0.9258988904331302,0.0244832631805923,0.9510717415648278,0.015767896254943594,0.9007260393014324,0.03334165834074137,0.8335384615384616,0.05222074221188133,0.934486921529175,0.02133085284765484,0.9602324786324786,0.019202179241752874,0.9530705566601817,0.00414389445518125
123,50,0.1,2,2,gini,,0.9258988904331302,0.0244832631805923,0.9510717415648278,0.015767896254943594,0.9007260393014324,0.03334165834074137,0.8335384615384616,0.05222074221188133,0.934486921529175,0.02133085284765484,0.9602324786324786,0.019202179241752874,0.9530705566601817,0.00414389445518125
123,50,0.1,2,5,gini,,0.9258988904331302,0.0244832631805923,0.9510717415648278,0.015767896254943594,0.9007260393014324,0.03334165834074137,0.8335384615384616,0.05222074221188133,0.934486921529175,0.02133085284765484,0.9612102564102564,0.01991052643078817,0.9530705566601817,0.00414389445518125
126,100,0.5,1,1,entropy,,0.9258423169696902,0.030303616214276095,0.9511204817794837,0.019539006918806872,0.9005641521598969,0.041151612248070776,0.8335384615384616,0.058025907292861556,0.9344869215291751,0.026455684500537455,0.9606085470085471,0.02288471930515003,0.9538452959054707,0.0066032835101654565
126,100,0.5,1,2,entropy,,0.9258423169696902,0.030303616214276095,0.9511204817794837,0.019539006918806872,0.9005641521598969,0.041151612248070776,0.8335384615384616,0.058025907292861556,0.9344869215291751,0.026455684500537455,0.9606085470085471,0.02288471930515003,0.9538452959054707,0.0066032835101654565
126,100,0.5,1,5,entropy,,0.9258423169696902,0.030303616214276095,0.9511204817794837,0.019539006918806872,0.9005641521598969,0.041151612248070776,0.8335384615384616,0.058025907292861556,0.9344869215291751,0.026455684500537455,0.9606085470085471,0.02288471930515003,0.9538452959054707,0.0066032835101654565
129,200,1.5,3,1,entropy,balanced,0.9258233028902149,0.029946446145244283,0.9509797777844092,0.017672626759233336,0.9006668279960206,0.042240311671283476,0.8409230769230769,0.0625879735881409,0.9344064386317907,0.025019697999485488,0.9822427350427351,0.01314794811761181,1.0,0.0
130,100,0.1,2,5,gini,,0.925812934106666,0.028618774774393865,0.9510771338764386,0.018431216446756785,0.9005487343368935,0.03890050163819094,0.8332307692307692,0.05330808080666515,0.9344466800804829,0.024965400394110493,0.9602940170940173,0.02386959090875284,0.9668249057370009,0.007030613161688379
131,50,0.1,3,5,gini,balanced,0.9241648115882481,0.045552984998128564,0.9477607684375611,0.032646560076774585,0.9005688547389354,0.058547861232956695,0.8569230769230769,0.04849449428885056,0.9315492957746478,0.041871299879947706,0.9569811965811965,0.025174745203092295,0.9844098335323442,0.006051060069673152
132,100,0.1,3,5,gini,balanced,0.924016387049399,0.03718157622495426,0.9479180473570376,0.024955788040994957,0.9001147267417606,0.04942708705572326,0.8646153846153846,0.05490389667248114,0.9315492957746478,0.03316842669085634,0.9605948717948719,0.0272522477142501,0.9968761903313542,0.00456475818219169
133,50,0.1,3,2,entropy,balanced,0.9239933561885948,0.027274816334133183,0.9480532607356634,0.018721855859418778,0.8999334516415262,0.03591019083694832,0.8572307692307692,0.04038161160990257,0.9316297786720321,0.02455796845008615,0.9626427350427351,0.02249830240103643,0.9732279672807176,0.006995478595282069
134,50,0.1,3,2,gini,balanced,0.923919991445595,0.03696572420124375,0.9480598410472183,0.025065764072656677,0.8997801418439716,0.048887654025951785,0.8569230769230769,0.04849449428885056,0.93158953722334,0.033130958469909835,0.9607863247863249,0.024764883151441784,0.9898632838759749,0.0053201567476157206
135,100,0.1,3,2,entropy,balanced,0.9236458277381556,0.03096520932657877,0.9482438602250006,0.021041449618123577,0.8990477952513105,0.04094570930032874,0.8489230769230769,0.039981060604998835,0.93158953722334,0.02776922391587481,0.9616615384615385,0.02483986530987546,0.9858600947911231,0.011598829681144422
136,50,0.1,3,5,gini,,0.9236178159881515,0.02812824819526886,0.9482663648368233,0.02069164657323085,0.8989692671394799,0.035708418445591736,0.8415384615384616,0.03415246012433625,0.9316297786720323,0.026167278564204054,0.9561641025641027,0.02705008944050152,0.9843442888737165,0.00792728944347684
137,200,0.5,2,2,entropy,,0.9235936060795957,0.021543726832338128,0.9482935951379149,0.014209787931940459,0.8988936170212767,0.028908121574797125,0.8489230769230769,0.030959412253797565,0.93158953722334,0.019051680544872395,0.9638017094017094,0.02542474160286307,1.0,0.0
138,50,1.0,2,5,entropy,balanced,0.9235700944306432,0.022624221803852124,0.9481809569415681,0.013628314406230559,0.8989592319197183,0.031715773054903335,0.8569230769230769,0.0546965810296344,0.9315492957746478,0.01911676362765648,0.9629880341880342,0.02371056486279772,0.9992254792519397,0.0015490414961204734
138,100,1.0,2,5,entropy,balanced,0.9235700944306432,0.022624221803852124,0.9481809569415681,0.013628314406230559,0.8989592319197183,0.031715773054903335,0.8569230769230769,0.0546965810296344,0.9315492957746478,0.01911676362765648,0.9629880341880342,0.02371056486279772,0.9992254792519397,0.0015490414961204734
138,200,1.0,2,5,entropy,balanced,0.9235700944306432,0.022624221803852124,0.9481809569415681,0.013628314406230559,0.8989592319197183,0.031715773054903335,0.8569230769230769,0.0546965810296344,0.9315492957746478,0.01911676362765648,0.9629880341880342,0.02371056486279772,0.9992254792519397,0.0015490414961204734
141,100,1.0,2,2,gini,,0.9234499965185561,0.028038001477980783,0.9483841126794186,0.018287121127477695,0.8985158803576935,0.037824679475520165,0.8489230769230769,0.047312632637601035,0.93158953722334,0.024654908046219566,0.9772854700854701,0.015520156585166315,1.0,0.0
142,200,0.1,3,1,gini,balanced,0.9234456447136761,0.028361496176224184,0.9483831179811604,0.018074249710168515,0.8985081714461918,0.038675094623660165,0.8489230769230769,0.04731263263760104,0.93158953722334,0.024654908046219594,0.9630837606837606,0.024375223490230788,1.0,0.0
143,100,0.5,3,2,gini,,0.9234417888774729,0.026376483555979983,0.9484209444746833,0.016732794373344805,0.8984626332802625,0.03612880382368096,0.8492307692307692,0.052937386258723865,0.9316297786720321,0.022835524109032442,0.9702222222222222,0.017373173587281878,1.0,0.0
144,25,0.5,3,1,entropy,,0.9234116216687506,0.01855585187293488,0.9484756249191808,0.01261434211467015,0.8983476184183201,0.024577248486908506,0.8412307692307692,0.025417694065308766,0.9316297786720321,0.016630189480295456,0.9559794871794873,0.030378107468991836,1.0,0.0
145,200,0.5,3,1,entropy,,0.923385977738653,0.018657672531013327,0.9485681318572011,0.012196291576488173,0.8982038236201048,0.025147362610007197,0.8415384615384616,0.03415246012433625,0.9316700201207244,0.01641663697040654,0.9705641025641025,0.018328051756509086,1.0,0.0
146,200,0.5,3,5,gini,,0.923377274128893,0.015667954419370144,0.9485661424606846,0.010126869330918794,0.8981884057971014,0.021262899639306086,0.8415384615384616,0.03415246012433625,0.9316700201207244,0.013706688745167223,0.9711247863247863,0.018838464311071973,1.0,0.0
146,200,1.0,3,5,entropy,balanced,0.923377274128893,0.015667954419370144,0.9485661424606846,0.010126869330918794,0.8981884057971014,0.021262899639306086,0.8415384615384616,0.03415246012433625,0.9316700201207244,0.013706688745167223,0.9725401709401709,0.017109851128076906,1.0,0.0
148,50,1.0,3,5,gini,,0.9233756688009921,0.022370208351935823,0.9484587723489326,0.01351368741898528,0.8982925652530517,0.03129878081982642,0.8495384615384616,0.057600131492289104,0.9316297786720321,0.018926062855537426,0.9744752136752135,0.015599960664605353,1.0,0.0
149,200,0.5,3,2,gini,,0.9233463445955508,0.012245108955570362,0.9485223757373202,0.007831489770494714,0.8981703134537812,0.01674726652163338,0.8412307692307692,0.025417694065308766,0.9316297786720321,0.010644148440719904,0.9713025641025641,0.01659888174851964,1.0,0.0
150,200,0.1,2,1,gini,,0.9232454616891965,0.023910184477164916,0.94852237573732,0.015694735318114602,0.8979685476410731,0.0321832483468491,0.8409230769230769,0.03684093426977416,0.93158953722334,0.021085520734501532,0.9569299145299146,0.02575290373048324,0.9898616863317145,0.004716915352179528
150,200,0.1,2,5,gini,,0.9232454616891965,0.023910184477164916,0.94852237573732,0.015694735318114602,0.8979685476410731,0.0321832483468491,0.8409230769230769,0.03684093426977416,0.93158953722334,0.021085520734501532,0.9577982905982905,0.025430287038641627,0.9922239357088689,0.0024657999360006492
152,100,0.5,3,1,entropy,balanced,0.9232254975716275,0.02818283562150647,0.9486094903637298,0.018053022936045708,0.8978415047795252,0.038326034891725584,0.8415384615384616,0.049461000116701834,0.9316297786720321,0.024557968450086173,0.9667965811965813,0.020905846209307733,1.0,0.0
153,100,1.5,3,1,entropy,balanced,0.9232117893525166,0.02975398863398458,0.9483513885641546,0.01731136159670779,0.8980721901408785,0.04229759238607473,0.8566153846153846,0.0747280671747145,0.9315492957746478,0.024705234481367792,0.9794393162393163,0.011443743683185556,1.0,0.0
154,200,0.1,3,2,gini,,0.9232091701232431,0.027914652388225054,0.9485691265554594,0.018372992877898234,0.8978492136910269,0.03746783503683133,0.8412307692307692,0.0438868906576626,0.93158953722334,0.024654908046219566,0.9664615384615385,0.020412861864653926,1.0,0.0
155,100,0.5,3,2,gini,balanced,0.9231910111194693,0.0221295648821789,0.948610516473512,0.01368886289009352,0.8977715057654267,0.03063513746759842,0.8412307692307692,0.0438868906576626,0.9316297786720321,0.018926062855537426,0.9732239316239315,0.01501384015845384,1.0,0.0
156,100,1.0,3,1,gini,,0.9231865238169193,0.02274324851873527,0.9484687227833313,0.01349221849905835,0.8979043248505075,0.03199757748353417,0.8486153846153845,0.053908535293725,0.9315492957746478,0.019116763627656484,0.9751384615384614,0.01658869369677043,1.0,0.0
157,200,0.5,2,1,gini,,0.9231758328111168,0.019448682183950836,0.9485681318572011,0.012196291576488173,0.8977835337650324,0.02674701882805423,0.8409230769230769,0.03684093426977416,0.93158953722334,0.016773010419201602,0.9688136752136753,0.019165293588679366,1.0,0.0
158,25,0.1,3,5,gini,,0.9230165882685029,0.025566146851983093,0.9486858430194592,0.01737207405776472,0.8973473335175463,0.03400346025504275,0.8335384615384616,0.045683759884227605,0.9316297786720323,0.02283552410903247,0.9579384615384615,0.02152703970654778,0.966030754061183,0.004896811396952786
159,200,0.5,1,1,gini,,0.9230161475301555,0.03188135642342675,0.9486552778951346,0.020430753046936166,0.8973770171651763,0.04340432793245365,0.8409230769230769,0.057247309437822684,0.93158953722334,0.027769223915874764,0.9653948717948719,0.020902558510801132,0.9804174513516484,0.004350009310074728
159,200,0.5,1,2,gini,,0.9230161475301555,0.03188135642342675,0.9486552778951346,0.020430753046936166,0.8973770171651763,0.04340432793245365,0.8409230769230769,0.057247309437822684,0.93158953722334,0.027769223915874764,0.9653948717948719,0.020902558510801132,0.9804174513516484,0.004350009310074728
159,200,0.5,1,5,gini,,0.9230161475301555,0.03188135642342675,0.9486552778951346,0.020430753046936166,0.8973770171651763,0.04340432793245365,0.8409230769230769,0.057247309437822684,0.93158953722334,0.027769223915874764,0.9653948717948719,0.020902558510801132,0.9804174513516484,0.004350009310074728
159,200,1.0,1,1,entropy,,0.9230161475301555,0.03188135642342675,0.9486552778951346,0.020430753046936166,0.8973770171651763,0.04340432793245365,0.8409230769230769,0.057247309437822684,0.93158953722334,0.027769223915874764,0.957251282051282,0.024310299306026673,1.0,0.0
159,200,1.0,1,2,entropy,,0.9230161475301555,0.03188135642342675,0.9486552778951346,0.020430753046936166,0.8973770171651763,0.04340432793245365,0.8409230769230769,0.057247309437822684,0.93158953722334,0.027769223915874764,0.957251282051282,0.024310299306026673,1.0,0.0
159,200,1.0,1,5,entropy,,0.9230161475301555,0.03188135642342675,0.9486552778951346,0.020430753046936166,0.8973770171651763,0.04340432793245365,0.8409230769230769,0.057247309437822684,0.93158953722334,0.027769223915874764,0.957251282051282,0.024310299306026673,1.0,0.0
165,100,0.5,3,2,entropy,balanced,0.9229415751158336,0.02259684512337477,0.9486436521411055,0.013553395130316856,0.8972394980905619,0.03179102318852325,0.8406153846153845,0.0574454204559506,0.93158953722334,0.019051680544872395,0.9563692307692306,0.031241701313186574,1.0,0.0
166,25,0.1,2,1,gini,balanced,0.9228493018178023,0.030072670130708454,0.9487955303495527,0.01937631916482997,0.8969030732860521,0.040810685104929176,0.8332307692307692,0.046922824715589534,0.93158953722334,0.02625827762494653,0.959425641025641,0.019186273613860393,0.9476648190279834,0.007989289943435148
166,25,0.1,2,2,gini,balanced,0.9228493018178023,0.030072670130708454,0.9487955303495527,0.01937631916482997,0.8969030732860521,0.040810685104929176,0.8332307692307692,0.046922824715589534,0.93158953722334,0.02625827762494653,0.959425641025641,0.019186273613860393,0.9476648190279834,0.007989289943435148
166,25,0.1,2,5,gini,balanced,0.9228493018178023,0.030072670130708454,0.9487955303495527,0.01937631916482997,0.8969030732860521,0.040810685104929176,0.8332307692307692,0.046922824715589534,0.93158953722334,0.02625827762494653,0.9596923076923076,0.019306307105355875,0.9476648190279834,0.007989289943435148
169,200,1.5,3,1,gini,,0.9228405982080424,0.019783381583554603,0.9487935409530361,0.012010583611772202,0.8968876554630485,0.0275841135749682,0.8332307692307692,0.039519001496621096,0.93158953722334,0.016773010419201564,0.9797675213675212,0.011669020644771133,1.0,0.0
170,100,1.0,1,1,entropy,,0.9227616196962334,0.033734900246218634,0.9487418459840397,0.021388146791175972,0.8967813934084272,0.046154323013619616,0.8406153846153845,0.06767552239444441,0.9315492957746478,0.029244598987899228,0.9567042735042735,0.026076247991777077,0.996896916882756,0.0015515717717266627
170,100,1.0,1,2,entropy,,0.9227616196962334,0.033734900246218634,0.9487418459840397,0.021388146791175972,0.8967813934084272,0.046154323013619616,0.8406153846153845,0.06767552239444441,0.9315492957746478,0.029244598987899228,0.9567042735042735,0.026076247991777077,0.996896916882756,0.0015515717717266627
170,100,1.0,1,5,entropy,,0.9227616196962334,0.033734900246218634,0.9487418459840397,0.021388146791175972,0.8967813934084272,0.046154323013619616,0.8406153846153845,0.06767552239444441,0.9315492957746478,0.029244598987899228,0.9567042735042735,0.026076247991777077,0.996896916882756,0.0015515717717266627
173,100,0.5,1,1,gini,,0.9227507830631158,0.02834085103367461,0.9488348994595647,0.018148170394562946,0.8966666666666667,0.03862609621281934,0.8332307692307692,0.05330808080666515,0.93158953722334,0.024654908046219566,0.9575794871794872,0.025410394346467986,0.9628139146073437,0.004106941633003601
173,100,0.5,1,2,gini,,0.9227507830631158,0.02834085103367461,0.9488348994595647,0.018148170394562946,0.8966666666666667,0.03862609621281934,0.8332307692307692,0.05330808080666515,0.93158953722334,0.024654908046219566,0.9575794871794872,0.025410394346467986,0.9628139146073437,0.004106941633003601
173,100,0.5,1,5,gini,,0.9227507830631158,0.02834085103367461,0.9488348994595647,0.018148170394562946,0.8966666666666667,0.03862609621281934,0.8332307692307692,0.05330808080666515,0.93158953722334,0.024654908046219566,0.9575794871794872,0.025410394346467986,0.9628139146073437,0.004106941633003601
176,50,0.5,2,2,gini,,0.9227034734752404,0.032387542927542805,0.9487900103207567,0.02012434444915718,0.8966169366297244,0.04467667323561286,0.8406153846153845,0.06767552239444441,0.9315492957746478,0.027813915885790207,0.9579555555555557,0.024192805787089967,1.0,0.0
177,200,1.0,3,1,gini,,0.9226691802331952,0.024780449893864104,0.9488392970729173,0.015219940865604187,0.8964990633934734,0.03435946231947405,0.8329230769230769,0.0476237720958667,0.9315492957746478,0.02114434450761987,0.9765538461538462,0.01725731776483691,1.0,0.0
178,100,0.1,2,1,entropy,,0.922574111504818,0.026144443123010182,0.9490166949632144,0.016890271970051045,0.8961315280464216,0.03549520651821641,0.8255384615384616,0.047324637365490155,0.9316297786720323,0.02283552410903247,0.9562256410256411,0.025219719165507304,0.9563157896435321,0.0035859359834086333
178,100,0.1,2,2,entropy,,0.922574111504818,0.026144443123010182,0.9490166949632144,0.016890271970051045,0.8961315280464216,0.03549520651821641,0.8255384615384616,0.047324637365490155,0.9316297786720323,0.02283552410903247,0.9560478632478633,0.025320735532216868,0.9579463495327932,0.0032205349767249762
178,100,0.1,2,5,entropy,,0.922574111504818,0.026144443123010182,0.9490166949632144,0.016890271970051045,0.8961315280464216,0.03549520651821641,0.8255384615384616,0.047324637365490155,0.9316297786720323,0.02283552410903247,0.9570803418803419,0.026416619486280126,0.9571271447413938,0.0030678721079267085
178,25,0.1,3,1,entropy,,0.922574111504818,0.026144443123010182,0.9490166949632144,0.016890271970051045,0.8961315280464216,0.03549520651821641,0.8255384615384616,0.047324637365490155,0.9316297786720323,0.02283552410903247,0.9606358974358974,0.018989335430884723,0.9546718583541345,0.005490200580315111
178,25,0.1,3,2,entropy,,0.922574111504818,0.026144443123010182,0.9490166949632144,0.016890271970051045,0.8961315280464216,0.03549520651821641,0.8255384615384616,0.047324637365490155,0.9316297786720323,0.02283552410903247,0.9631829059829059,0.018913370529234017,0.9546718583541345,0.005490200580315111
183,25,0.5,3,5,gini,,0.9225470116289746,0.03268026822268666,0.9490108511109471,0.019841963401940773,0.8960831721470021,0.045562150002398626,0.8335384615384616,0.06816895126932616,0.9316297786720321,0.027683192021836577,0.9658324786324787,0.01922201479748083,1.0,0.0
184,100,0.1,2,1,gini,,0.9225447286417937,0.02416743597634306,0.9489733470601693,0.015589606988709764,0.8961161102234183,0.03285676247030611,0.8252307692307692,0.04134542038705433,0.93158953722334,0.021085520734501532,0.9594051282051282,0.02320937588423354,0.9676214375228822,0.007812250254975066
184,100,0.1,2,2,gini,,0.9225447286417937,0.02416743597634306,0.9489733470601693,0.015589606988709764,0.8961161102234183,0.03285676247030611,0.8252307692307692,0.04134542038705433,0.93158953722334,0.021085520734501532,0.9594051282051282,0.02320937588423354,0.9676214375228822,0.007812250254975066
186,50,0.5,3,2,entropy,balanced,0.9224931511208307,0.025186405137352364,0.9489120178047499,0.01491555383623258,0.8960742844369116,0.0356163967426141,0.8326153846153845,0.06485231287477033,0.93158953722334,0.021085520734501532,0.954591452991453,0.03169443118859786,1.0,0.0
187,50,0.1,3,1,entropy,,0.9224054708856342,0.032041190536660075,0.9490648592999313,0.020343761656222648,0.8957460824713369,0.04379342264530088,0.8252307692307692,0.05467580623074751,0.93158953722334,0.02776922391587481,0.961302564102564,0.02642777589467437,0.9684123637092679,0.008453619409363278
187,100,0.1,3,1,entropy,,0.9224054708856342,0.032041190536660075,0.9490648592999313,0.020343761656222648,0.8957460824713369,0.04379342264530088,0.8252307692307692,0.05467580623074751,0.93158953722334,0.02776922391587481,0.9614974358974357,0.0224054969617894,0.993742472178018,0.00687182706646366
189,200,1.5,3,2,entropy,balanced,0.9221298713317629,0.03718522891224179,0.9490897434201481,0.021361567697105302,0.8951699992433779,0.05302750590635143,0.8329230769230769,0.07815384615384613,0.9315492957746478,0.03060848286054474,0.9715076923076923,0.016574951330702786,1.0,0.0
190,50,1.5,2,1,gini,balanced,0.9218600594292037,0.03708405513786625,0.9492747572961887,0.02142903496850661,0.8944453615622183,0.05275284059892344,0.8249230769230769,0.07490522611546059,0.9315492957746478,0.03060848286054474,0.9749401709401709,0.013474631537954737,1.0,0.0
190,50,1.5,2,2,gini,balanced,0.9218600594292037,0.03708405513786625,0.9492747572961887,0.02142903496850661,0.8944453615622183,0.05275284059892344,0.8249230769230769,0.07490522611546059,0.9315492957746478,0.03060848286054474,0.9749401709401709,0.013474631537954737,1.0,0.0
192,200,0.1,3,5,gini,balanced,0.9210745669505259,0.04036827134363798,0.9455805064500715,0.027441724354472247,0.8965686274509805,0.053303047917914445,0.8646153846153846,0.05490389667248114,0.928692152917505,0.036236435814136665,0.9597059829059829,0.027375745546473967,0.9976507110794144,0.004698577841171314
193,50,0.1,3,1,entropy,balanced,0.9206908031838651,0.028285383316849502,0.9460399914608979,0.019340008234758125,0.8953416149068323,0.03730968636558191,0.8495384615384616,0.04514172291715275,0.9288128772635815,0.02542431671278607,0.9634529914529916,0.021104315318529538,0.9740427616030963,0.005505842403124648
194,50,1.0,3,5,entropy,balanced,0.920489638243804,0.021106737301774408,0.946080834841446,0.013130037693747371,0.8948984416461621,0.029247459206805927,0.8492307692307692,0.046501256584154,0.9287726358148893,0.01807463829967788,0.9682871794871794,0.02181483356010695,1.0,0.0
195,50,0.1,3,1,gini,balanced,0.9204385475416033,0.04081381010199769,0.9460923278923339,0.027121501518094396,0.8947847671908727,0.0545575865369962,0.8489230769230769,0.0593168206084968,0.928732394366197,0.03620531883074101,0.9560273504273503,0.025590655026046853,0.989067438179345,0.005796989286910396
196,50,1.0,2,2,gini,,0.9203479510332377,0.017588516815915476,0.9462335750450102,0.01178987258006791,0.8944623270214652,0.023456932973214127,0.8412307692307692,0.025417694065308766,0.9287726358148893,0.0156543890523699,0.9682461538461539,0.01641325328760532,1.0,0.0
197,50,0.1,3,2,gini,,0.9201977211462904,0.040711360985780584,0.9462773417683745,0.027195071919913615,0.8941181005242059,0.05426497688295312,0.8412307692307692,0.05662207318350003,0.928732394366197,0.03620531883074101,0.958242735042735,0.0217361229989906,0.9859193556150991,0.007299802230840239
198,200,0.5,2,1,entropy,,0.9201817910536839,0.02314551982317929,0.9462803258631494,0.015047053548978392,0.8940832562442184,0.03128901459966908,0.8409230769230769,0.03684093426977416,0.9287323943661973,0.020319102538304667,0.9623794871794873,0.026231234368830736,1.0,0.0
199,25,1.0,2,1,gini,,0.9201735834126007,0.021100966737804486,0.9463171576584142,0.013120076272873428,0.8940300091667872,0.029208123431054358,0.8412307692307692,0.0438868906576626,0.9287726358148893,0.01807463829967788,0.9694085470085471,0.01765749446605904,1.0,0.0
199,25,1.0,2,2,gini,,0.9201735834126007,0.021100966737804486,0.9463171576584142,0.013120076272873428,0.8940300091667872,0.029208123431054358,0.8412307692307692,0.0438868906576626,0.9287726358148893,0.01807463829967788,0.9694085470085471,0.01765749446605904,1.0,0.0
199,100,1.0,2,1,entropy,,0.9201735834126007,0.021100966737804486,0.9463171576584142,0.013120076272873428,0.8940300091667872,0.029208123431054358,0.8412307692307692,0.0438868906576626,0.9287726358148893,0.01807463829967788,0.9672136752136753,0.018610076707886423,1.0,0.0
199,100,1.0,2,2,entropy,,0.9201735834126007,0.021100966737804486,0.9463171576584142,0.013120076272873428,0.8940300091667872,0.029208123431054358,0.8412307692307692,0.0438868906576626,0.9287726358148893,0.01807463829967788,0.9672136752136753,0.018610076707886423,1.0,0.0
203,200,1.0,1,1,gini,,0.9201635508448472,0.031415617546302343,0.9462199913059882,0.019858081759055384,0.8941071103837063,0.043089679371955285,0.8486153846153845,0.06470031049009575,0.9287323943661973,0.027191846943652728,0.9596991452991454,0.020474978199421467,1.0,0.0
203,200,1.0,1,2,gini,,0.9201635508448472,0.031415617546302343,0.9462199913059882,0.019858081759055384,0.8941071103837063,0.043089679371955285,0.8486153846153845,0.06470031049009575,0.9287323943661973,0.027191846943652728,0.9596991452991454,0.020474978199421467,1.0,0.0
203,200,1.0,1,5,gini,,0.9201635508448472,0.031415617546302343,0.9462199913059882,0.019858081759055384,0.8941071103837063,0.043089679371955285,0.8486153846153845,0.06470031049009575,0.9287323943661973,0.027191846943652728,0.9596991452991454,0.020474978199421467,1.0,0.0
206,25,0.5,3,5,entropy,,0.9201628630801337,0.029815650813171994,0.9464131966094401,0.02063588853606728,0.8939125295508275,0.03904915705950492,0.8335384615384616,0.038039530979755286,0.9288128772635815,0.026982003879869255,0.9575931623931624,0.020755043939481275,0.9992204791269366,0.001559041746126777
207,200,0.1,3,2,entropy,balanced,0.9201483081142424,0.03395759821110167,0.946272975566546,0.022491591328249703,0.8940236406619386,0.0455386614338014,0.8409230769230769,0.05135420564929245,0.9287323943661973,0.030044331351013406,0.9605948717948719,0.024465618466744977,0.9889685995086174,0.013510779203776135
208,100,1.0,3,5,gini,,0.9201186368741967,0.018727559862498782,0.9463664772028247,0.011030163420860528,0.8938707965455686,0.026453910797365924,0.8412307692307692,0.0438868906576626,0.9287726358148893,0.01565438905236986,0.9741128205128206,0.013848920690104675,1.0,0.0
209,200,1.0,3,5,gini,,0.9200437915908211,0.014206210490232537,0.9465091064625547,0.009313923628812707,0.8935784767190873,0.019150711247914662,0.8335384615384616,0.028407849569437007,0.9288128772635815,0.012513990648258708,0.9773059829059829,0.014599377849381513,1.0,0.0
210,50,1.0,2,5,gini,,0.9199432331793986,0.017958905080676348,0.9465110958590712,0.011530542210020594,0.8933753704997262,0.024438964973968687,0.8332307692307692,0.030360360328723694,0.9287726358148893,0.0156543890523699,0.9700581196581197,0.01738571494728396,1.0,0.0
211,50,0.5,3,1,entropy,balanced,0.9198920150335553,0.02737867702186356,0.9465524543655996,0.01761492731864821,0.8932315757015109,0.037152730889873135,0.8335384615384616,0.0456837598842276,0.9287726358148893,0.02390795911088725,0.9639521367521369,0.023108416370485607,1.0,0.0
212,200,1.0,2,1,entropy,,0.9198884581147396,0.023250061740933824,0.9465972471987465,0.014599890774722681,0.8931796690307328,0.03195509244903084,0.8335384615384616,0.045683759884227605,0.9288128772635815,0.020037413034830122,0.9654358974358974,0.021177051935353425,1.0,0.0
212,200,1.0,2,2,entropy,,0.9198884581147396,0.023250061740933824,0.9465972471987465,0.014599890774722681,0.8931796690307328,0.03195509244903084,0.8335384615384616,0.045683759884227605,0.9288128772635815,0.020037413034830122,0.9679247863247864,0.019826517962632993,1.0,0.0
214,25,0.5,3,2,entropy,,0.9198575285813974,0.029243075504952216,0.9465534804753821,0.018887977676434207,0.8931615766874126,0.03966883375022871,0.8332307692307692,0.046922824715589534,0.9287726358148894,0.02555823080553661,0.9624136752136752,0.018801971661484482,1.0,0.0
215,100,1.5,3,1,gini,,0.9198422046457295,0.023404327888353123,0.9465047402607262,0.014938683623103051,0.8931796690307328,0.03195509244903084,0.8332307692307692,0.039519001496621096,0.9287323943661973,0.020319102538304667,0.971111111111111,0.0142055457784697,1.0,0.0
216,200,0.5,3,2,gini,balanced,0.9198082791109023,0.023329167798496933,0.9466404673846064,0.014529369953806399,0.8929760908371984,0.032184338388607646,0.8335384615384616,0.05222074221188133,0.9288128772635815,0.020037413034830122,0.9756991452991454,0.014601683386441284,1.0,0.0
217,25,0.1,3,5,entropy,balanced,0.9197884197680907,0.029064440697921263,0.9466368008514616,0.01881850379359264,0.8929400386847195,0.03942943847271694,0.8335384615384616,0.058025907292861556,0.9288128772635815,0.02542431671278607,0.9573333333333333,0.02454202744499956,0.9588213039365219,0.007488302532164566
218,50,0.1,2,1,gini,balanced,0.9197769275725296,0.027627334790089515,0.9465514910788654,0.017622475395113538,0.8930023640661938,0.03768334860905791,0.8332307692307692,0.046922824715589534,0.9287323943661973,0.024002733887717613,0.9593367521367522,0.01915145932641204,0.9484814829527448,0.00784396672112131
218,100,0.1,2,1,gini,balanced,0.9197769275725296,0.027627334790089515,0.9465514910788654,0.017622475395113538,0.8930023640661938,0.03768334860905791,0.8332307692307692,0.046922824715589534,0.9287323943661973,0.024002733887717613,0.9593367521367522,0.01915145932641204,0.9484814829527448,0.00784396672112131
218,200,0.1,2,1,gini,balanced,0.9197769275725296,0.027627334790089515,0.9465514910788654,0.017622475395113538,0.8930023640661938,0.03768334860905791,0.8332307692307692,0.046922824715589534,0.9287323943661973,0.024002733887717613,0.9593367521367522,0.01915145932641204,0.9484814829527448,0.00784396672112131
218,50,0.1,2,2,gini,balanced,0.9197769275725296,0.027627334790089515,0.9465514910788654,0.017622475395113538,0.8930023640661938,0.03768334860905791,0.8332307692307692,0.046922824715589534,0.9287323943661973,0.024002733887717613,0.9593367521367522,0.01915145932641204,0.9484814829527448,0.00784396672112131
218,100,0.1,2,2,gini,balanced,0.9197769275725296,0.027627334790089515,0.9465514910788654,0.017622475395113538,0.8930023640661938,0.03768334860905791,0.8332307692307692,0.046922824715589534,0.9287323943661973,0.024002733887717613,0.9593367521367522,0.01915145932641204,0.9484814829527448,0.00784396672112131
218,200,0.1,2,2,gini,balanced,0.9197769275725296,0.027627334790089515,0.9465514910788654,0.017622475395113538,0.8930023640661938,0.03768334860905791,0.8332307692307692,0.046922824715589534,0.9287323943661973,0.024002733887717613,0.9593367521367522,0.01915145932641204,0.9484814829527448,0.00784396672112131
218,50,0.1,2,5,gini,balanced,0.9197769275725296,0.027627334790089515,0.9465514910788654,0.017622475395113538,0.8930023640661938,0.03768334860905791,0.8332307692307692,0.046922824715589534,0.9287323943661973,0.024002733887717613,0.9604034188034187,0.019719608331195966,0.9501383342040806,0.005597814125280126
218,100,0.1,2,5,gini,balanced,0.9197769275725296,0.027627334790089515,0.9465514910788654,0.017622475395113538,0.8930023640661938,0.03768334860905791,0.8332307692307692,0.046922824715589534,0.9287323943661973,0.024002733887717613,0.9604034188034187,0.019719608331195966,0.9501383342040806,0.005597814125280126
218,200,0.1,2,5,gini,balanced,0.9197769275725296,0.027627334790089515,0.9465514910788654,0.017622475395113538,0.8930023640661938,0.03768334860905791,0.8332307692307692,0.046922824715589534,0.9287323943661973,0.024002733887717613,0.9604034188034187,0.019719608331195966,0.9501383342040806,0.005597814125280126
227,200,1.0,2,1,gini,balanced,0.9197714059082305,0.029265980245556156,0.9467286081207982,0.018370821212681156,0.8928142036956628,0.040188448753458964,0.8338461538461539,0.061998282091107325,0.9288531187122737,0.025244445772381944,0.9711111111111113,0.01801179311889918,1.0,0.0
227,200,1.0,2,2,gini,balanced,0.9197714059082305,0.029265980245556156,0.9467286081207982,0.018370821212681156,0.8928142036956628,0.040188448753458964,0.8338461538461539,0.061998282091107325,0.9288531187122737,0.025244445772381944,0.9714666666666666,0.017751981283963002,1.0,0.0
229,200,1.5,2,5,entropy,balanced,0.9197386502328225,0.027580350688208688,0.9466862235044875,0.017282711161629386,0.8927910769611577,0.037920119651041966,0.8335384615384616,0.058025907292861556,0.9288128772635815,0.023764747573892506,0.9695247863247862,0.017317831872160825,1.0,0.0
230,25,0.1,3,2,entropy,balanced,0.9197323297525941,0.031102953299176273,0.9466396004035333,0.019955593509306986,0.892825059101655,0.04229673178070495,0.8335384615384616,0.058025907292861556,0.9287726358148893,0.027108224120556183,0.9602290598290599,0.025372712625689575,0.9604115699240714,0.0044871376399267604
231,25,0.5,3,1,entropy,balanced,0.919699917805444,0.031214148466168736,0.9465568519789521,0.02004076263942806,0.8928429836319356,0.04239308073895798,0.8329230769230769,0.0476237720958667,0.928692152917505,0.027233264752568234,0.954591452991453,0.0300986637736853,1.0,0.0
232,25,1.0,2,1,entropy,,0.9196106717051663,0.034986652480030536,0.9465416048482409,0.021828645784927467,0.8926797385620915,0.04822486469956712,0.8406153846153845,0.07224940367477747,0.928692152917505,0.03008182200608737,0.9587076923076923,0.02427811103510379,1.0,0.0
232,25,1.0,2,2,entropy,,0.9196106717051663,0.034986652480030536,0.9465416048482409,0.021828645784927467,0.8926797385620915,0.04822486469956712,0.8406153846153845,0.07224940367477747,0.928692152917505,0.03008182200608737,0.9587076923076923,0.02427811103510379,1.0,0.0
232,25,1.0,2,5,entropy,,0.9196106717051663,0.034986652480030536,0.9465416048482409,0.021828645784927467,0.8926797385620915,0.04822486469956712,0.8406153846153845,0.07224940367477747,0.928692152917505,0.03008182200608737,0.9587076923076923,0.02427811103510379,1.0,0.0
235,50,1.0,3,1,entropy,balanced,0.9193478172287902,0.03070008646354426,0.9467244586354729,0.01815803242193983,0.8919711758221075,0.043260320218917604,0.8329230769230769,0.06471494161813834,0.928692152917505,0.02569081656978326,0.9657504273504273,0.02466498706011079,1.0,0.0
236,50,0.5,2,1,gini,,0.9192059538513272,0.03516582743881841,0.9468191256623021,0.021685735303262507,0.8915927820403524,0.04867029574060113,0.8326153846153845,0.07406633840826143,0.928692152917505,0.03008182200608737,0.9604444444444444,0.020736084133345583,1.0,0.0
237,100,1.5,3,2,entropy,balanced,0.9191303006760112,0.035099637699620656,0.9468457041494608,0.01981784348814896,0.8914148972025615,0.050406678739995874,0.8329230769230769,0.07815384615384613,0.9287323943661973,0.028653606985303972,0.9667008547008548,0.01979937654483168,1.0,0.0
238,25,0.5,2,1,gini,,0.9189899363648808,0.03026481756643126,0.9469549805033676,0.018370336884507885,0.8910248922263941,0.042183692394562926,0.8246153846153845,0.06590651439010604,0.928692152917505,0.025690816569783247,0.9553435897435898,0.0311464092046075,0.9914300802763453,0.004565761726048954
238,25,0.5,2,2,gini,,0.9189899363648808,0.03026481756643126,0.9469549805033676,0.018370336884507885,0.8910248922263941,0.042183692394562926,0.8246153846153845,0.06590651439010604,0.928692152917505,0.025690816569783247,0.9553435897435898,0.0311464092046075,0.9914300802763453,0.004565761726048954
240,25,0.1,2,1,gini,,0.9187284474905055,0.023756664223634455,0.9472745909041651,0.014541038436237882,0.8901823040768461,0.03300290008631204,0.8095384615384615,0.04648496607512924,0.9287726358148893,0.02020705824026365,0.9613538461538461,0.01529605813287416,0.9399905336686765,0.005163656585775095
240,25,0.1,2,2,gini,,0.9187284474905055,0.023756664223634455,0.9472745909041651,0.014541038436237882,0.8901823040768461,0.03300290008631204,0.8095384615384615,0.04648496607512924,0.9287726358148893,0.02020705824026365,0.9613538461538461,0.01529605813287416,0.9399905336686765,0.005163656585775095
240,25,0.1,2,5,gini,,0.9187284474905055,0.023756664223634455,0.9472745909041651,0.014541038436237882,0.8901823040768461,0.03300290008631204,0.8095384615384615,0.04648496607512924,0.9287726358148893,0.02020705824026365,0.9627760683760684,0.01619348855303503,0.9399905336686765,0.005163656585775095
240,50,0.1,2,1,entropy,,0.9187284474905055,0.023756664223634455,0.9472745909041651,0.014541038436237882,0.8901823040768461,0.03300290008631204,0.8095384615384615,0.04648496607512924,0.9287726358148893,0.02020705824026365,0.9615282051282051,0.018779551597027145,0.9389641502065054,0.005407844769391496
240,50,0.1,2,2,entropy,,0.9187284474905055,0.023756664223634455,0.9472745909041651,0.014541038436237882,0.8901823040768461,0.03300290008631204,0.8095384615384615,0.04648496607512924,0.9287726358148893,0.02020705824026365,0.9615282051282051,0.018779551597027145,0.9389641502065054,0.005407844769391496
245,25,0.1,3,2,gini,balanced,0.917946280891139,0.03795510884989097,0.9434253451083746,0.026310193780605246,0.8924672166739036,0.0496469708933149,0.8569230769230769,0.04849449428885056,0.9258752515090544,0.03436761078805427,0.9572136752136752,0.027138551121472048,0.9725351384422533,0.002428140787199414
246,100,0.1,3,1,gini,balanced,0.9177266216637398,0.03857499815627962,0.9435198742351618,0.02588493162213383,0.8919333690923178,0.05130935417046808,0.8566153846153846,0.054993490739074204,0.9258350100603622,0.03439704767883775,0.959357264957265,0.026501583251234643,1.0,0.0
247,25,1.5,3,2,entropy,,0.9176122306177149,0.012269532895233791,0.943794410954448,0.007502260605591679,0.891430050280982,0.017147381385162697,0.8495384615384616,0.037386831210053005,0.9259557344064386,0.010440310192722926,0.957374358974359,0.019095299790872485,1.0,0.0
248,100,1.0,1,1,gini,,0.9175074053751986,0.03877097890129322,0.9436854081208856,0.025696561433612274,0.8913294026295115,0.05208187912844805,0.8566153846153846,0.07472806717471447,0.9259154929577464,0.03430483781010832,0.9600068376068375,0.021010380397493183,0.9992254792519397,0.0015490414961204734
248,100,1.0,1,2,gini,,0.9175074053751986,0.03877097890129322,0.9436854081208856,0.025696561433612274,0.8913294026295115,0.05208187912844805,0.8566153846153846,0.07472806717471447,0.9259154929577464,0.03430483781010832,0.9600068376068375,0.021010380397493183,0.9992254792519397,0.0015490414961204734
248,100,1.0,1,5,gini,,0.9175074053751986,0.03877097890129322,0.9436854081208856,0.025696561433612274,0.8913294026295115,0.05208187912844805,0.8566153846153846,0.07472806717471447,0.9259154929577464,0.03430483781010832,0.9600068376068375,0.021010380397493183,0.9992254792519397,0.0015490414961204734
251,200,0.1,3,5,entropy,,0.9172652462531692,0.021515361393980827,0.9439869670480515,0.014159001671508943,0.890543525458287,0.02895000638284188,0.8412307692307692,0.035861667161436205,0.9259154929577464,0.018986715528642416,0.9613470085470086,0.02219185933603616,1.0,0.0
252,100,0.1,3,1,entropy,balanced,0.917110675101708,0.03063746089854194,0.9441735549521052,0.021014879342406863,0.8900477952513105,0.04029158007115899,0.8335384615384616,0.038039530979755286,0.9259557344064386,0.02760545781924422,0.958488888888889,0.02477689086603994,0.9882237819974673,0.010865551947887145
253,25,1.0,3,2,entropy,,0.917101209167328,0.01696211423884798,0.9440731183877269,0.009804242183229324,0.8901292999469291,0.02419138777795283,0.8412307692307692,0.0438868906576626,0.9259154929577464,0.014043862020225827,0.9656,0.01933123871156366,1.0,0.0
254,50,0.5,3,2,gini,balanced,0.91702186931197,0.01717353287064236,0.944116204489719,0.009604178664276332,0.8899275341342211,0.02475801557494263,0.8412307692307692,0.050656284620939525,0.9259154929577464,0.014043862020225827,0.9714529914529914,0.016586207719289415,1.0,0.0
255,25,1.0,3,1,entropy,,0.9168583102065988,0.025778998043143028,0.9443108233117485,0.016983528105536855,0.8894057971014494,0.03469991377457637,0.8332307692307692,0.046922824715589534,0.9259557344064386,0.02274122560959274,0.9599521367521369,0.021706075254941663,1.0,0.0
256,50,1.0,2,1,gini,,0.9168504314093244,0.02192171148487549,0.9442626903865555,0.01393578463734558,0.8894381724320933,0.03002282593431924,0.8332307692307692,0.039519001496621096,0.9259154929577464,0.01898671552864242,0.9650461538461539,0.019204664979826147,1.0,0.0
257,50,1.0,3,5,entropy,,0.9168454561921251,0.02191236155013882,0.9442527399521567,0.013953572208982907,0.8894381724320933,0.03002282593431924,0.8335384615384616,0.045683759884227605,0.9259154929577464,0.01898671552864242,0.9742837606837605,0.01356213763308556,1.0,0.0
258,200,1.5,3,5,entropy,balanced,0.9168417277995644,0.01943768813798122,0.9442607009900389,0.012165233956843428,0.8894227546090899,0.026848106774917935,0.8332307692307692,0.039519001496621096,0.9259154929577464,0.0166991830190691,0.9760410256410257,0.015819899511123368,1.0,0.0
259,25,0.1,3,1,entropy,balanced,0.9167543637150828,0.03474861546649028,0.9443551659130518,0.0226264691325502,0.8891535615171138,0.0468848772749506,0.8335384615384616,0.058025907292861556,0.9259154929577464,0.030527429272609284,0.9583042735042737,0.025073846431206425,0.9620249815764229,0.005536613078218776
260,100,1.0,3,5,entropy,,0.9167508067962672,0.03159774314070071,0.9443999587461984,0.020372164763443296,0.8891016548463357,0.042878559743286124,0.8335384615384616,0.058025907292861556,0.9259557344064386,0.027605457819244172,0.9728957264957264,0.014537118777085935,1.0,0.0
261,200,0.1,3,1,gini,,0.916705876048011,0.03333125926688548,0.9442690459849004,0.02168164253774735,0.8891427061111216,0.044991220252110546,0.8329230769230769,0.047623772095866705,0.9258350100603622,0.029268178569486356,0.9700239316239315,0.01889480079197365,1.0,0.0
262,50,0.5,1,1,gini,,0.9166631727346795,0.036450848698097275,0.9443350000454777,0.025487892281018235,0.8889913454238816,0.047605175498871694,0.8255384615384616,0.053662103031610196,0.9259154929577464,0.03309364356060859,0.9588717948717947,0.01904998250888992,0.9457520463237538,0.007314763699033999
262,50,0.5,1,2,gini,,0.9166631727346795,0.036450848698097275,0.9443350000454777,0.025487892281018235,0.8889913454238816,0.047605175498871694,0.8255384615384616,0.053662103031610196,0.9259154929577464,0.03309364356060859,0.9588717948717947,0.01904998250888992,0.9457520463237538,0.007314763699033999
262,50,0.5,1,5,gini,,0.9166631727346795,0.036450848698097275,0.9443350000454777,0.025487892281018235,0.8889913454238816,0.047605175498871694,0.8255384615384616,0.053662103031610196,0.9259154929577464,0.03309364356060859,0.9588717948717947,0.01904998250888992,0.9457520463237538,0.007314763699033999
265,50,0.5,3,1,gini,,0.9166413035171302,0.034009012370935114,0.9443999901577225,0.02111975767190134,0.8888826168765378,0.04693184074891003,0.8332307692307692,0.05900636812488922,0.9259154929577464,0.029159754541712754,0.9642324786324787,0.017414330888695456,1.0,0.0
266,100,0.1,3,2,gini,,0.9166259795814623,0.045426077129914526,0.9443512499430666,0.02958558985339901,0.8889007092198582,0.06134706677979627,0.8332307692307692,0.06900544528723761,0.9258752515090543,0.039865974672461064,0.9593709401709403,0.02220504372183448,0.9992254792519397,0.0015490414961204734
267,50,1.0,3,5,gini,balanced,0.9165824085056362,0.027326466903499727,0.9443873330970106,0.016255200888525934,0.888777483914262,0.038527515131487895,0.8332307692307692,0.05900636812488922,0.9259154929577464,0.02288581815640509,0.9642666666666667,0.017949393882266386,1.0,0.0
268,100,1.5,3,5,gini,balanced,0.9165585324954832,0.02612828879974581,0.9444954183674698,0.016917354922029646,0.8886216466234969,0.03534491451991727,0.8255384615384616,0.03999526599205395,0.9259154929577464,0.02288581815640509,0.965374358974359,0.017907409036898286,1.0,0.0
269,200,1.0,3,5,entropy,,0.9165462719669076,0.019258616770107626,0.9445382218041001,0.011959943672740142,0.8885543221297153,0.026627258829394266,0.8255384615384616,0.03999526599205395,0.9259557344064386,0.016500466146225162,0.9734358974358972,0.016882216059540694,1.0,0.0
270,100,1.5,2,1,entropy,balanced,0.9163964640849904,0.024289983972198295,0.9446271981098409,0.015130828003241538,0.88816573006014,0.03349960757145143,0.8255384615384616,0.053662103031610196,0.9259557344064386,0.020869372035717138,0.9744478632478633,0.015673692103355147,1.0,0.0
270,100,1.5,2,2,entropy,balanced,0.9163964640849904,0.024289983972198295,0.9446271981098409,0.015130828003241538,0.88816573006014,0.03349960757145143,0.8255384615384616,0.053662103031610196,0.9259557344064386,0.020869372035717138,0.9744478632478633,0.015673692103355147,1.0,0.0
272,25,1.0,3,1,gini,,0.9163112246453414,0.03859931916381701,0.9442681443745627,0.022364404892426346,0.8883543049161201,0.05496351851188069,0.8483076923076924,0.09298011494479842,0.9257947686116701,0.03193163391182088,0.9588786324786325,0.02549393617410818,1.0,0.0
273,100,0.5,2,1,gini,,0.9162664981612915,0.02478112800450664,0.944583977923981,0.015192832115785909,0.8879490183986022,0.034412571080092325,0.8249230769230769,0.049099825859246,0.9258752515090544,0.02112909827058798,0.9657504273504275,0.021582940371286184,1.0,0.0
273,100,0.5,2,2,gini,,0.9162664981612915,0.02478112800450664,0.944583977923981,0.015192832115785909,0.8879490183986022,0.034412571080092325,0.8249230769230769,0.049099825859246,0.9258752515090544,0.02112909827058798,0.9641504273504274,0.023541410661326055,1.0,0.0
275,50,1.0,2,1,gini,balanced,0.9162663536744329,0.02727677461689969,0.9446236559139785,0.016271769839162988,0.8879090514348873,0.03835933718820536,0.8252307692307692,0.05467580623074752,0.9259154929577464,0.02288581815640509,0.961859829059829,0.026975356431895463,1.0,0.0
275,50,1.0,2,2,gini,balanced,0.9162663536744329,0.02727677461689969,0.9446236559139785,0.016271769839162988,0.8879090514348873,0.03835933718820536,0.8252307692307692,0.05467580623074752,0.9259154929577464,0.02288581815640509,0.961859829059829,0.026975356431895463,1.0,0.0
275,50,1.0,2,5,gini,balanced,0.9162663536744329,0.02727677461689969,0.9446236559139785,0.016271769839162988,0.8879090514348873,0.03835933718820536,0.8252307692307692,0.05467580623074752,0.9259154929577464,0.02288581815640509,0.9668376068376068,0.027318887797753516,1.0,0.0
278,200,1.0,3,2,gini,,0.9162517063953434,0.03239202245634479,0.9447535739770183,0.019668606694820012,0.8877498388136686,0.04517183023248125,0.8258461538461539,0.06812727386140578,0.9259959758551307,0.02744407795113789,0.9721777777777778,0.017794658652056497,1.0,0.0
279,50,1.5,3,1,entropy,,0.9162064319188297,0.03241414912430603,0.9446630250239906,0.020099895737017138,0.8877498388136686,0.04484003845476093,0.8255384615384616,0.06449512618620999,0.9259154929577464,0.027724693539725804,0.9693538461538462,0.012357763296103295,1.0,0.0
280,25,0.5,3,1,gini,,0.9161880211865931,0.02927807666728303,0.944667422637343,0.017502371625091325,0.8877086197358433,0.04112256734463971,0.8252307692307692,0.06024486523333129,0.9259154929577464,0.024604741936246056,0.9590700854700854,0.02961902909211756,1.0,0.0
281,100,1.0,2,1,gini,balanced,0.9161802310012662,0.03398667409982534,0.9447987835593947,0.02076464015977243,0.8875616784431374,0.04726091686768508,0.8258461538461539,0.07267272833592381,0.9259959758551309,0.028893079926677227,0.9689641025641025,0.021607317965016335,1.0,0.0
281,100,1.0,2,2,gini,balanced,0.9161802310012662,0.03398667409982534,0.9447987835593947,0.02076464015977243,0.8875616784431374,0.04726091686768508,0.8258461538461539,0.07267272833592381,0.9259959758551309,0.028893079926677227,0.9689641025641025,0.021607317965016335,1.0,0.0
283,200,1.5,2,2,entropy,,0.9161411403794769,0.012911061750206664,0.944718027911233,0.007639355999259541,0.8875642528477206,0.018386901205216966,0.8172307692307692,0.03300206197610318,0.9259154929577464,0.010751623476569359,0.9676581196581197,0.012612521390037646,1.0,0.0
284,100,1.5,2,5,gini,balanced,0.9159696156202937,0.045630880479722136,0.9447433929844538,0.02796188720974054,0.8871958382561338,0.06346466343822725,0.8332307692307692,0.09274562781764936,0.9259154929577464,0.0387730900164371,0.9803076923076922,0.015253289441155287,1.0,0.0
285,100,1.0,2,5,gini,balanced,0.9159453236260303,0.02721562951374445,0.9448500282965477,0.016300481741752717,0.8870406189555127,0.038170665790465005,0.8175384615384615,0.05389097036044659,0.9259154929577464,0.02288581815640509,0.9680820512820514,0.020565148071837416,1.0,0.0
286,50,0.5,2,5,gini,,0.9159377483864549,0.030959330961542263,0.9447153388460328,0.018859515871555738,0.8871601579268772,0.04307805426881806,0.8246153846153845,0.06590651439010604,0.9258350100603622,0.026331748340224025,0.9629333333333333,0.019425018868065275,1.0,0.0
287,200,1.5,2,5,entropy,,0.9159238826692112,0.024661914177998706,0.9447689918000218,0.015341980679816899,0.8870787735384009,0.03399368702665987,0.8169230769230769,0.04225591236948402,0.9258350100603622,0.021176945281820438,0.974434188034188,0.018449459803057063,1.0,0.0
288,50,0.5,1,1,entropy,,0.915889739209154,0.018914364959809214,0.9448986441739213,0.012509828842374457,0.8868808342443865,0.025446050073558563,0.8095384615384615,0.02967915212747689,0.9259154929577464,0.016699183019069103,0.956591452991453,0.023432054645143245,0.9431903688325743,0.0053979127154229894
288,50,0.5,1,2,entropy,,0.915889739209154,0.018914364959809214,0.9448986441739213,0.012509828842374457,0.8868808342443865,0.025446050073558563,0.8095384615384615,0.02967915212747689,0.9259154929577464,0.016699183019069103,0.956591452991453,0.023432054645143245,0.9431903688325743,0.0053979127154229894
288,50,0.5,1,5,entropy,,0.915889739209154,0.018914364959809214,0.9448986441739213,0.012509828842374457,0.8868808342443865,0.025446050073558563,0.8095384615384615,0.02967915212747689,0.9259154929577464,0.016699183019069103,0.956591452991453,0.023432054645143245,0.9431903688325743,0.0053979127154229894
291,100,1.0,3,2,gini,balanced,0.91587808006055,0.027326118193508213,0.944931390687635,0.015996426031268038,0.886824769433465,0.038673622139029494,0.8178461538461539,0.06348908493060397,0.9259557344064386,0.02274122560959274,0.9728615384615384,0.017428795604117222,1.0,0.0
292,100,1.5,3,1,gini,balanced,0.915837608275166,0.02745837653902937,0.9448504471168672,0.016267929473923623,0.886824769433465,0.038673622139029494,0.8172307692307692,0.05485559310293305,0.9258752515090544,0.02297980519476587,0.9749606837606837,0.014896595491444889,1.0,0.0
293,200,0.1,1,1,gini,,0.915690834518682,0.02667611633009759,0.9450377487989019,0.016588673310785798,0.8863439202384622,0.036768344993935435,0.8095384615384615,0.04648496607512924,0.9259154929577464,0.02288581815640506,0.9558837606837607,0.020626891942215956,0.9297622942489294,0.009244229966054798
293,200,0.1,1,2,gini,,0.915690834518682,0.02667611633009759,0.9450377487989019,0.016588673310785798,0.8863439202384622,0.036768344993935435,0.8095384615384615,0.04648496607512924,0.9259154929577464,0.02288581815640506,0.9558837606837607,0.020626891942215956,0.9297622942489294,0.009244229966054798
293,200,0.1,1,5,gini,,0.915690834518682,0.02667611633009759,0.9450377487989019,0.016588673310785798,0.8863439202384622,0.036768344993935435,0.8095384615384615,0.04648496607512924,0.9259154929577464,0.02288581815640506,0.9558837606837607,0.020626891942215956,0.9297622942489294,0.009244229966054798
296,50,1.5,3,1,entropy,balanced,0.9154952455199927,0.03982039552146251,0.9448811750893512,0.023435241850267033,0.8861093159506342,0.05626195703724606,0.8246153846153847,0.08308831830680684,0.9257947686116701,0.033185266268929856,0.9727179487179487,0.01105317703757635,1.0,0.0
297,50,0.1,2,5,entropy,,0.9153862613426735,0.019671148952103513,0.9452155655095185,0.012004773075995788,0.8855569571758286,0.027374197486815677,0.8015384615384615,0.035909155596049604,0.9259154929577464,0.016699183019069103,0.9601948717948717,0.017888712394129376,0.9389641502065054,0.005407844769391496
298,25,0.1,3,1,gini,balanced,0.9145928085771212,0.04342179200095549,0.9414100536448423,0.02964033164243308,0.8877755635094001,0.057327323297842334,0.8489230769230769,0.0593168206084968,0.9230583501006038,0.03899780501146056,0.9508205128205128,0.02665989394599096,0.9748889889652739,0.0031893026020790465
299,50,0.1,3,1,gini,,0.9144489288757589,0.04827113983570518,0.9414464238939784,0.03397091604995676,0.8874514338575393,0.06271306926335357,0.8412307692307692,0.05662207318350003,0.9230181086519114,0.043966724735690584,0.9576136752136751,0.022686396384273447,0.9859193556150991,0.007299802230840239
300,25,1.0,3,5,entropy,balanced,0.9143039700047101,0.01907502355778386,0.9415996584359212,0.013362959480355017,0.8870082815734989,0.024898363414105097,0.8412307692307692,0.025417694065308766,0.9230181086519116,0.017332623077869494,0.968157264957265,0.01889647339703659,1.0,0.0
301,25,0.1,3,1,gini,,0.9140343776931124,0.040896731650212015,0.9417846395197117,0.028182698121011162,0.886284115866513,0.053699360235730416,0.8332307692307692,0.046922824715589534,0.9230181086519114,0.03690046493684618,0.9588581196581197,0.024200633123586633,0.9660283739511192,0.006046392564200131
301,25,0.1,3,2,gini,,0.9140343776931124,0.040896731650212015,0.9417846395197117,0.028182698121011162,0.886284115866513,0.053699360235730416,0.8332307692307692,0.046922824715589534,0.9230181086519114,0.03690046493684618,0.9562017094017093,0.0250543070605935,0.9652195747405603,0.006454910875405337
303,25,1.5,3,2,gini,balanced,0.9138977848069789,0.04339047408643351,0.9418837595615368,0.02805927942957483,0.8859118100524206,0.05874836687372638,0.8409230769230769,0.06750743987050482,0.9230181086519116,0.037990485198489354,0.9601025641025641,0.025654514970259484,1.0,0.0
304,50,0.5,3,2,gini,,0.9138788246260695,0.026248834969095403,0.9418728130481538,0.017648446335737665,0.8858848362039851,0.035037201005031035,0.8332307692307692,0.039519001496621096,0.9230181086519116,0.023352040209437118,0.9639726495726496,0.02571078737855182,1.0,0.0
305,25,1.5,3,5,entropy,,0.9138486121603432,0.023192337708703173,0.9418721652190317,0.01383262249864636,0.8858250591016548,0.032610630715166386,0.8409230769230769,0.05724730943782269,0.9230181086519116,0.019546162687870943,0.9625367521367523,0.02300080285214162,1.0,0.0
306,200,0.1,3,1,entropy,balanced,0.9136131554777945,0.0329729381274246,0.9422026702936506,0.022106786916821032,0.8850236406619386,0.0439339870384795,0.8255384615384616,0.047324637365490155,0.9230985915492959,0.029349619961693597,0.9597333333333333,0.022800649763320965,0.9929132138587444,0.010722448828366704
307,100,0.1,3,1,gini,,0.9135873295335861,0.03458746221025082,0.9421145295574588,0.02329388586348246,0.8850601295097131,0.045929899159012307,0.8252307692307692,0.04134542038705433,0.9230181086519114,0.030878488422351438,0.9615042735042735,0.021282736404720563,0.9992254792519397,0.0015490414961204734
308,100,1.0,2,5,gini,,0.9135551820236077,0.03214695590390115,0.9422857391618003,0.020214309831935666,0.8848246248854151,0.04411697541106803,0.8338461538461539,0.07158063273154633,0.923138832997988,0.0277689323372013,0.9705777777777778,0.020706341844772908,1.0,0.0
309,100,1.5,3,5,entropy,balanced,0.9134837477211377,0.019712753758914184,0.9422235340896181,0.012574502248880707,0.884743961352657,0.02719144083125577,0.8258461538461539,0.05216632480620981,0.9230985915492959,0.017028553093767832,0.9753162393162393,0.017246011437781483,1.0,0.0
310,25,1.0,2,5,gini,,0.9134516717980524,0.0246588746315065,0.9422524052065648,0.0157634518724385,0.8846509383895402,0.03363448137482565,0.8252307692307692,0.04134542038705433,0.9230583501006036,0.021438383939000133,0.9740307692307691,0.015525954365740422,1.0,0.0
311,200,1.0,2,5,gini,,0.9134184980474791,0.02846414771162611,0.9423427636193594,0.018261405935588854,0.8844942324755991,0.038693519800562494,0.8255384615384616,0.053662103031610196,0.9230985915492959,0.024829462996854554,0.974468376068376,0.019945129200627364,1.0,0.0
312,25,1.0,3,5,entropy,,0.9133189885959695,0.02125851298201207,0.9423714984758765,0.01485325816713027,0.8842664787160623,0.02786865371865742,0.8178461538461539,0.038351843571404,0.9230985915492959,0.019277040061391568,0.964765811965812,0.00971853669225329,1.0,0.0
313,100,1.0,3,2,gini,,0.9132249089625027,0.025664101968208987,0.9424233833666558,0.014930359524712592,0.8840264345583495,0.036441017780458794,0.8255384615384616,0.05932639633228323,0.9230985915492959,0.021289361817342475,0.9689641025641027,0.02003631621379278,1.0,0.0
314,100,1.5,2,5,entropy,,0.9129991372561242,0.024883447900783555,0.9425197447604269,0.01562746658285275,0.8834785297518216,0.03427165646477285,0.8172307692307692,0.048673772143471225,0.9230583501006036,0.02143838393900014,0.968957264957265,0.018455307590498637,1.0,0.0
315,200,1.5,1,1,gini,,0.9129849960238247,0.03884727143604632,0.9424772384244606,0.024257622277068486,0.8834927536231885,0.05346565972272503,0.8249230769230769,0.07050385024527586,0.9230181086519114,0.03341775506181914,0.9635487179487179,0.017566268421373255,1.0,0.0
315,200,1.5,1,2,gini,,0.9129849960238247,0.03884727143604632,0.9424772384244606,0.024257622277068486,0.8834927536231885,0.05346565972272503,0.8249230769230769,0.07050385024527586,0.9230181086519114,0.03341775506181914,0.9635487179487179,0.017566268421373255,1.0,0.0
315,200,1.5,1,5,gini,,0.9129849960238247,0.03884727143604632,0.9424772384244606,0.024257622277068486,0.8834927536231885,0.05346565972272503,0.8249230769230769,0.07050385024527586,0.9230181086519114,0.03341775506181914,0.9635487179487179,0.017566268421373255,1.0,0.0
318,200,1.5,3,1,gini,balanced,0.9129550970599434,0.02542295609029309,0.9426083972426966,0.015108584942535211,0.88330179687719,0.03581540857978009,0.8175384615384615,0.05389097036044659,0.9230985915492959,0.021289361817342475,0.9749880341880341,0.012889235298797645,1.0,0.0
319,200,1.0,2,2,gini,,0.912948193931572,0.025195356147480544,0.942569326542162,0.015420196919981978,0.8833270613209823,0.035031690582665614,0.8172307692307692,0.048673772143471225,0.9230583501006036,0.021438383939000133,0.9727589743589743,0.01452939808031388,1.0,0.0
320,50,1.0,1,1,entropy,,0.9128024554014924,0.025350076145942813,0.9425463071867076,0.015480086763067894,0.8830586036162774,0.03560323487876921,0.8169230769230769,0.06087332856167399,0.9230583501006036,0.021438383939000133,0.9525264957264957,0.026531444136008598,0.9668200838568144,0.00976890476641587
320,50,1.0,1,2,entropy,,0.9128024554014924,0.025350076145942813,0.9425463071867076,0.015480086763067894,0.8830586036162774,0.03560323487876921,0.8169230769230769,0.06087332856167399,0.9230583501006036,0.021438383939000133,0.9525264957264957,0.026531444136008598,0.9668200838568144,0.00976890476641587
320,50,1.0,1,5,entropy,,0.9128024554014924,0.025350076145942813,0.9425463071867076,0.015480086763067894,0.8830586036162774,0.03560323487876921,0.8169230769230769,0.06087332856167399,0.9230583501006036,0.021438383939000133,0.9525264957264957,0.026531444136008598,0.9668200838568144,0.00976890476641587
323,100,1.5,3,2,gini,,0.912544597522478,0.02555487216516731,0.9428743546895049,0.015004256269766321,0.882214840355451,0.03613193565494134,0.8098461538461539,0.05737945945078173,0.9230985915492959,0.021289361817342475,0.9741333333333333,0.01190713034641092,1.0,0.0
323,200,1.5,3,2,gini,,0.912544597522478,0.02555487216516731,0.9428743546895049,0.015004256269766321,0.882214840355451,0.03613193565494134,0.8098461538461539,0.05737945945078173,0.9230985915492959,0.021289361817342475,0.9751658119658119,0.013576353775569963,1.0,0.0
323,200,1.0,3,2,gini,balanced,0.912544597522478,0.02555487216516731,0.9428743546895049,0.015004256269766321,0.882214840355451,0.03613193565494134,0.8098461538461539,0.05737945945078173,0.9230985915492959,0.021289361817342475,0.9746256410256411,0.01604383505101355,1.0,0.0
326,50,1.5,3,2,gini,,0.912474968644398,0.0294697411134324,0.942920110809386,0.017693554347798065,0.8820298264794102,0.04127515777903714,0.8098461538461539,0.06270886992175752,0.9230985915492959,0.024829462996854554,0.9718837606837607,0.004867953501299854,1.0,0.0
327,200,1.5,2,1,gini,balanced,0.9124096915711982,0.03278247063757042,0.9429668616275253,0.020120333918246417,0.8818525215148713,0.04548325445530548,0.8098461538461539,0.06761954130918005,0.9230985915492959,0.02792431805496095,0.9759179487179488,0.020507139954190026,1.0,0.0
327,200,1.5,2,2,gini,balanced,0.9124096915711982,0.03278247063757042,0.9429668616275253,0.020120333918246417,0.8818525215148713,0.04548325445530548,0.8098461538461539,0.06761954130918005,0.9230985915492959,0.02792431805496095,0.9723623931623931,0.021981109841417722,1.0,0.0
329,25,1.0,1,1,entropy,,0.9103485069317381,0.04172903153799614,0.9400540906442346,0.027472942256005946,0.8806429232192414,0.05600224489489705,0.8255384615384616,0.06449512618620998,0.9202012072434608,0.036860727682268654,0.952868376068376,0.03219902749482107,0.9507908484769437,0.0050929994909521955
329,25,1.0,1,2,entropy,,0.9103485069317381,0.04172903153799614,0.9400540906442346,0.027472942256005946,0.8806429232192414,0.05600224489489705,0.8255384615384616,0.06449512618620998,0.9202012072434608,0.036860727682268654,0.952868376068376,0.03219902749482107,0.9507908484769437,0.0050929994909521955
329,25,1.0,1,5,entropy,,0.9103485069317381,0.04172903153799614,0.9400540906442346,0.027472942256005946,0.8806429232192414,0.05600224489489705,0.8255384615384616,0.06449512618620998,0.9202012072434608,0.036860727682268654,0.952868376068376,0.03219902749482107,0.9507908484769437,0.0050929994909521955
332,50,1.5,2,1,entropy,balanced,0.9103387516920449,0.024709881612274547,0.9400973422416186,0.015522179394366186,0.8805801611424711,0.03395526589761171,0.8255384615384616,0.053662103031610196,0.920241448692153,0.021321740862369144,0.9627145299145299,0.01706778979429585,1.0,0.0
332,50,1.5,2,2,entropy,balanced,0.9103387516920449,0.024709881612274547,0.9400973422416186,0.015522179394366186,0.8805801611424711,0.03395526589761171,0.8255384615384616,0.053662103031610196,0.920241448692153,0.021321740862369144,0.9627145299145299,0.01706778979429585,1.0,0.0
334,50,1.5,1,1,gini,,0.9102000821585859,0.02302718640791927,0.940052132659242,0.014007025419570085,0.8803480316579299,0.03210676869386559,0.8249230769230769,0.049099825859246,0.9201609657947687,0.019569677574304927,0.9593777777777778,0.0172856323696807,1.0,0.0
334,50,1.5,1,2,gini,,0.9102000821585859,0.02302718640791927,0.940052132659242,0.014007025419570085,0.8803480316579299,0.03210676869386559,0.8249230769230769,0.049099825859246,0.9201609657947687,0.019569677574304927,0.9593777777777778,0.0172856323696807,1.0,0.0
334,50,1.5,1,5,gini,,0.9102000821585859,0.02302718640791927,0.940052132659242,0.014007025419570085,0.8803480316579299,0.03210676869386559,0.8249230769230769,0.049099825859246,0.9201609657947687,0.019569677574304927,0.9593777777777778,0.0172856323696807,1.0,0.0
337,25,1.0,2,1,gini,balanced,0.9100207222775335,0.027948820205691897,0.940135577372604,0.01650648184705217,0.879905867182463,0.03946799452174625,0.8249230769230769,0.06075189626183106,0.9201609657947687,0.023371726219616362,0.9595555555555556,0.022007854938915435,1.0,0.0
337,25,1.0,2,2,gini,balanced,0.9100207222775335,0.027948820205691897,0.940135577372604,0.01650648184705217,0.879905867182463,0.03946799452174625,0.8249230769230769,0.06075189626183106,0.9201609657947687,0.023371726219616362,0.9593777777777778,0.022278329170233646,1.0,0.0
339,200,1.5,2,1,gini,,0.9099509875521367,0.034050164336589375,0.9404138468279859,0.021181956123949023,0.8794881282762874,0.04693985987993555,0.8178461538461539,0.06348908493060397,0.920281690140845,0.02922936732392566,0.9762666666666666,0.012500192591108945,1.0,0.0
340,100,1.5,2,1,gini,,0.9099358698138372,0.02708849335320677,0.9402315937142365,0.017039099915680842,0.8796401459134378,0.03722637369224505,0.8172307692307692,0.048673772143471225,0.9201609657947687,0.023371726219616362,0.9700512820512822,0.018924588610006912,1.0,0.0
340,100,1.5,2,2,gini,,0.9099358698138372,0.02708849335320677,0.9402315937142365,0.017039099915680842,0.8796401459134378,0.03722637369224505,0.8172307692307692,0.048673772143471225,0.9201609657947687,0.023371726219616362,0.9700512820512822,0.018924588610006912,1.0,0.0
342,100,1.5,3,1,entropy,,0.9098850338223585,0.0342234592565262,0.9402819393684295,0.021545939977336316,0.8794881282762874,0.04693985987993554,0.8172307692307692,0.05485559310293305,0.9201609657947687,0.029542650502783256,0.9755008547008547,0.013433236943265231,1.0,0.0
343,200,1.0,2,1,gini,,0.9098758196862994,0.02080553514027051,0.9403252872714747,0.012039463278023313,0.8794263521011241,0.02959442411427559,0.8172307692307692,0.048673772143471225,0.9202012072434608,0.01724786234495301,0.9724034188034189,0.016257212271371686,1.0,0.0
344,200,1.0,2,5,gini,balanced,0.9097313455248438,0.022303901823843914,0.9405136726510855,0.014138989461284225,0.8789490183986022,0.03051732916749505,0.8095384615384615,0.03899810342831965,0.920241448692153,0.019312793178118952,0.9704273504273505,0.018742652394317036,1.0,0.0
345,25,0.5,2,5,entropy,balanced,0.909666691794105,0.03883341498507854,0.9404625870426416,0.024226098996780576,0.8788707965455685,0.05348249935527037,0.8172307692307692,0.07020780650806974,0.9202012072434608,0.03337387130799621,0.9612820512820515,0.020970160976943732,0.949429255874343,0.016626425155826692
345,50,0.5,2,5,entropy,balanced,0.909666691794105,0.03883341498507854,0.9404625870426416,0.024226098996780576,0.8788707965455685,0.05348249935527037,0.8172307692307692,0.07020780650806974,0.9202012072434608,0.03337387130799621,0.9612820512820515,0.020970160976943732,0.949429255874343,0.016626425155826692
345,100,0.5,2,5,entropy,balanced,0.909666691794105,0.03883341498507854,0.9404625870426416,0.024226098996780576,0.8788707965455685,0.05348249935527037,0.8172307692307692,0.07020780650806974,0.9202012072434608,0.03337387130799621,0.9612820512820515,0.020970160976943732,0.949429255874343,0.016626425155826692
345,200,0.5,2,5,entropy,balanced,0.909666691794105,0.03883341498507854,0.9404625870426416,0.024226098996780576,0.8788707965455685,0.05348249935527037,0.8172307692307692,0.07020780650806974,0.9202012072434608,0.03337387130799621,0.9612820512820515,0.020970160976943732,0.949429255874343,0.016626425155826692
349,25,1.5,3,1,entropy,,0.9096084779073733,0.031400277488077104,0.9403663473685258,0.019152860307714438,0.878850608446221,0.0437265909429348,0.8169230769230769,0.06087332856167399,0.9201207243460765,0.02666584347207937,0.9621880341880342,0.01954168416043354,1.0,0.0
350,200,1.5,3,1,entropy,,0.9095547896378967,0.02923049672331316,0.9405516596540441,0.018030953102886074,0.8785579196217495,0.04045715103150811,0.8095384615384615,0.05292307692307693,0.9202012072434608,0.024980379655148283,0.9761846153846154,0.017129448408397516,1.0,0.0
351,50,1.5,2,1,gini,,0.9093226609443841,0.027994058930095156,0.9405862036433146,0.01651858718255336,0.8780591182454536,0.03956184576705877,0.8092307692307692,0.05950486032558067,0.9201609657947687,0.023371726219616362,0.9596923076923076,0.026737490870927024,1.0,0.0
351,50,1.5,2,2,gini,,0.9093226609443841,0.027994058930095156,0.9405862036433146,0.01651858718255336,0.8780591182454536,0.03956184576705877,0.8092307692307692,0.05950486032558067,0.9201609657947687,0.023371726219616362,0.9596923076923076,0.026737490870927024,1.0,0.0
353,25,1.5,3,2,entropy,balanced,0.9090388256303218,0.03753055526619108,0.940613400983519,0.021544648650840204,0.8774642502771247,0.053598352659856276,0.8166153846153847,0.0869109589919442,0.9201207243460765,0.030918686376706084,0.9505914529914529,0.025767368729766614,1.0,0.0
354,100,1.5,1,1,gini,,0.9090043873316584,0.031771970430872806,0.9407264888899828,0.018862146408651574,0.8772822857733343,0.04470362843971702,0.8086153846153845,0.06982378496433407,0.9201207243460765,0.02666584347207937,0.960382905982906,0.02301525054427183,1.0,0.0
354,100,1.5,1,2,gini,,0.9090043873316584,0.031771970430872806,0.9407264888899828,0.018862146408651574,0.8772822857733343,0.04470362843971702,0.8086153846153845,0.06982378496433407,0.9201207243460765,0.02666584347207937,0.960382905982906,0.02301525054427183,1.0,0.0
354,100,1.5,1,5,gini,,0.9090043873316584,0.031771970430872806,0.9407264888899828,0.018862146408651574,0.8772822857733343,0.04470362843971702,0.8086153846153845,0.06982378496433407,0.9201207243460765,0.02666584347207937,0.960382905982906,0.02301525054427183,1.0,0.0
357,100,1.5,2,1,gini,balanced,0.9087162600127463,0.0382303215120151,0.9410768272632641,0.022771326292064586,0.8763556927622285,0.05375463558386202,0.8018461538461539,0.07915769595183,0.920241448692153,0.03203194038503745,0.9820717948717949,0.015939656828170404,1.0,0.0
357,100,1.5,2,2,gini,balanced,0.9087162600127463,0.0382303215120151,0.9410768272632641,0.022771326292064586,0.8763556927622285,0.05375463558386202,0.8018461538461539,0.07915769595183,0.920241448692153,0.03203194038503745,0.9817162393162391,0.015971958772089078,1.0,0.0
359,50,1.5,3,1,gini,,0.9075013046323115,0.01731491000136832,0.9375852922820886,0.009277565875735746,0.8774173169825344,0.025476861120972343,0.8338461538461539,0.0715806327315463,0.9173843058350102,0.01395606858747855,0.9594666666666667,0.019234536838910552,1.0,0.0
360,25,1.5,3,5,entropy,balanced,0.90714202162125,0.012711969347613643,0.9379483458429728,0.007561600041222587,0.8763356973995272,0.017988376802922257,0.8175384615384615,0.03137254669915293,0.9173843058350102,0.01063669109061561,0.9532239316239316,0.015188915221020545,1.0,0.0
361,25,1.0,3,5,gini,balanced,0.9070265995219412,0.02341124930984582,0.9379119551945638,0.01283466975866599,0.8761412438493184,0.034068914201840404,0.8258461538461539,0.07267272833592381,0.9173843058350102,0.018921869795050783,0.9652581196581197,0.017853126319104864,1.0,0.0
362,25,0.5,3,2,gini,,0.9069033528565473,0.03358071011588744,0.9379362995235395,0.021684240793971885,0.8758704061895551,0.04569143224392207,0.8172307692307692,0.05485559310293305,0.9173038229376257,0.02928073552113902,0.9585743589743589,0.031411551296060554,1.0,0.0
363,50,1.5,2,5,entropy,balanced,0.9067475767850806,0.029007344650495055,0.9381675176802151,0.01757916103099769,0.8753276358899459,0.04053299516739592,0.8175384615384615,0.06468567605266666,0.9173843058350102,0.024554737134095516,0.9615794871794872,0.020906539467471202,1.0,0.0
364,25,1.5,2,1,entropy,,0.9067167037669723,0.012345943034479504,0.9381237543367537,0.00827278381936442,0.8753096531971911,0.016861900247995845,0.8092307692307692,0.031318180061537144,0.9173440643863179,0.01091085122310231,0.961476923076923,0.015560842907178362,1.0,0.0
364,25,1.5,2,2,entropy,,0.9067167037669723,0.012345943034479504,0.9381237543367537,0.00827278381936442,0.8753096531971911,0.016861900247995845,0.8092307692307692,0.031318180061537144,0.9173440643863179,0.01091085122310231,0.961476923076923,0.015560842907178362,1.0,0.0
366,25,1.0,2,5,gini,balanced,0.9066872397394613,0.025464102320024978,0.9380785413744739,0.014898848349567026,0.8752959381044487,0.03610815723682553,0.8169230769230769,0.05536751872874126,0.9173038229376258,0.02119429657603122,0.963111111111111,0.02333227510827852,1.0,0.0
367,200,1.5,2,2,gini,,0.9066175050140647,0.03203486738609256,0.9383568108298558,0.019983288642939512,0.8748781991982731,0.04410867691914498,0.8098461538461539,0.05737945945078173,0.9174245472837022,0.027531915814762876,0.9727111111111111,0.01742222222222223,1.0,0.0
368,25,0.5,2,1,entropy,balanced,0.9063984863292329,0.03416908451744582,0.9383588002263725,0.021108493351677513,0.8744381724320933,0.04727065950508024,0.8092307692307692,0.05950486032558067,0.9173440643863179,0.02921883899068705,0.9611042735042735,0.020817704609012663,0.949429255874343,0.016626425155826692
368,50,0.5,2,1,entropy,balanced,0.9063984863292329,0.03416908451744582,0.9383588002263725,0.021108493351677513,0.8744381724320933,0.04727065950508024,0.8092307692307692,0.05950486032558067,0.9173440643863179,0.02921883899068705,0.9611042735042735,0.020817704609012663,0.949429255874343,0.016626425155826692
368,100,0.5,2,1,entropy,balanced,0.9063984863292329,0.03416908451744582,0.9383588002263725,0.021108493351677513,0.8744381724320933,0.04727065950508024,0.8092307692307692,0.05950486032558067,0.9173440643863179,0.02921883899068705,0.9611042735042735,0.020817704609012663,0.949429255874343,0.016626425155826692
368,200,0.5,2,1,entropy,balanced,0.9063984863292329,0.03416908451744582,0.9383588002263725,0.021108493351677513,0.8744381724320933,0.04727065950508024,0.8092307692307692,0.05950486032558067,0.9173440643863179,0.02921883899068705,0.9611042735042735,0.020817704609012663,0.949429255874343,0.016626425155826692
368,25,0.5,2,2,entropy,balanced,0.9063984863292329,0.03416908451744582,0.9383588002263725,0.021108493351677513,0.8744381724320933,0.04727065950508024,0.8092307692307692,0.05950486032558067,0.9173440643863179,0.02921883899068705,0.9611042735042735,0.020817704609012663,0.949429255874343,0.016626425155826692
368,50,0.5,2,2,entropy,balanced,0.9063984863292329,0.03416908451744582,0.9383588002263725,0.021108493351677513,0.8744381724320933,0.04727065950508024,0.8092307692307692,0.05950486032558067,0.9173440643863179,0.02921883899068705,0.9611042735042735,0.020817704609012663,0.949429255874343,0.016626425155826692
368,100,0.5,2,2,entropy,balanced,0.9063984863292329,0.03416908451744582,0.9383588002263725,0.021108493351677513,0.8744381724320933,0.04727065950508024,0.8092307692307692,0.05950486032558067,0.9173440643863179,0.02921883899068705,0.9611042735042735,0.020817704609012663,0.949429255874343,0.016626425155826692
368,200,0.5,2,2,entropy,balanced,0.9063984863292329,0.03416908451744582,0.9383588002263725,0.021108493351677513,0.8744381724320933,0.04727065950508024,0.8092307692307692,0.05950486032558067,0.9173440643863179,0.02921883899068705,0.9611042735042735,0.020817704609012663,0.949429255874343,0.016626425155826692
376,50,1.5,3,5,entropy,,0.9063521025041791,0.01259161108665126,0.9384010906081113,0.008061646995616095,0.8743031144002467,0.017321924289165,0.8015384615384615,0.025484651373352183,0.9173440643863179,0.01091085122310231,0.9700102564102563,0.015307237892151443,1.0,0.0
377,25,1.5,2,5,entropy,,0.9062132259004919,0.013129598929382395,0.9384406756723507,0.007768650161644797,0.8739857761286333,0.01885553661886796,0.8012307692307692,0.037209148203891616,0.9173440643863179,0.01091085122310231,0.9585025641025642,0.018072719723061233,1.0,0.0
378,100,1.5,2,1,entropy,,0.905929252724922,0.016247590324063026,0.9387206047032475,0.010188709671246137,0.8731379007465965,0.02246009901471942,0.7935384615384615,0.030497259552895662,0.9173843058350102,0.01395606858747855,0.9598769230769232,0.017228782954299048,1.0,0.0
379,50,1.5,3,2,entropy,balanced,0.905648263530488,0.03675912426121958,0.9387007274018414,0.021701624663383996,0.8725957996591346,0.0519413692893993,0.8012307692307692,0.0722808460801281,0.9173038229376258,0.030643011041999697,0.9590700854700854,0.030688124061822003,1.0,0.0
380,25,1.5,1,1,gini,,0.9055921576217683,0.03345637255863073,0.9387096774193548,0.019636540180376028,0.8724746378241818,0.04729741422925786,0.8009230769230768,0.06805219020513577,0.9172635814889336,0.02787585306197049,0.9522940170940171,0.030759319201334148,0.9805300725945706,0.010801537501626756
380,25,1.5,1,2,gini,,0.9055921576217683,0.03345637255863073,0.9387096774193548,0.019636540180376028,0.8724746378241818,0.04729741422925786,0.8009230769230768,0.06805219020513577,0.9172635814889336,0.02787585306197049,0.9522940170940171,0.030759319201334148,0.9805300725945706,0.010801537501626756
380,25,1.5,1,5,gini,,0.9055921576217683,0.03345637255863073,0.9387096774193548,0.019636540180376028,0.8724746378241818,0.04729741422925786,0.8009230769230768,0.06805219020513577,0.9172635814889336,0.02787585306197049,0.9522940170940171,0.030759319201334148,0.9805300725945706,0.010801537501626756
383,25,0.5,2,5,gini,balanced,0.9048263572037023,0.04555173872128072,0.9349142258574983,0.03200505934362019,0.8747384885499067,0.059159120841849454,0.8326153846153845,0.05409087247592797,0.9143661971830985,0.04151517396914229,0.9519863247863249,0.027881188498205516,0.9813353954003178,0.012847317835181268
384,25,1.0,3,5,gini,,0.9045562817697114,0.02394446311728048,0.9352807931501076,0.014134838491726275,0.8738317703893153,0.03408019658810908,0.834153846153846,0.07451237933763903,0.9145674044265594,0.02001080640327844,0.9635965811965811,0.02128386111138895,1.0,0.0
385,200,0.1,1,1,entropy,,0.9044924539008182,0.03380631504131726,0.9394627168931322,0.01941327740821317,0.8695221909085042,0.04822072775170495,0.7775384615384616,0.06563012730040567,0.9173440643863178,0.027786829594296437,0.9446700854700856,0.029825909073672947,0.9186013554322763,0.0069812963641322535
385,200,0.1,1,2,entropy,,0.9044924539008182,0.03380631504131726,0.9394627168931322,0.01941327740821317,0.8695221909085042,0.04822072775170495,0.7775384615384616,0.06563012730040567,0.9173440643863178,0.027786829594296437,0.9446700854700856,0.029825909073672947,0.9186013554322763,0.0069812963641322535
385,200,0.1,1,5,entropy,,0.9044924539008182,0.03380631504131726,0.9394627168931322,0.01941327740821317,0.8695221909085042,0.04822072775170495,0.7775384615384616,0.06563012730040567,0.9173440643863178,0.027786829594296437,0.9446700854700856,0.029825909073672947,0.9186013554322763,0.0069812963641322535
388,25,1.5,1,1,entropy,,0.9044658706706518,0.02699271872090548,0.93528094769051,0.018255486474743052,0.8736507936507936,0.035921445045539804,0.8252307692307692,0.04134542038705433,0.9144466800804828,0.024098345519812398,0.941965811965812,0.03013277555198346,0.9740464131400353,0.007102694009265075
388,25,1.5,1,2,entropy,,0.9044658706706518,0.02699271872090548,0.93528094769051,0.018255486474743052,0.8736507936507936,0.035921445045539804,0.8252307692307692,0.04134542038705433,0.9144466800804828,0.024098345519812398,0.941965811965812,0.03013277555198346,0.9740464131400353,0.007102694009265075
388,25,1.5,1,5,entropy,,0.9044658706706518,0.02699271872090548,0.93528094769051,0.018255486474743052,0.8736507936507936,0.035921445045539804,0.8252307692307692,0.04134542038705433,0.9144466800804828,0.024098345519812398,0.941965811965812,0.03013277555198346,0.9740464131400353,0.007102694009265075
391,25,1.0,3,2,gini,balanced,0.9044253729271337,0.0398157587665426,0.935333059408736,0.026191971514221854,0.873517686445531,0.053519997092092285,0.8252307692307692,0.05467580623074752,0.914446680080483,0.035125368059026225,0.9697914529914529,0.007657680085064452,1.0,0.0
392,25,0.1,2,5,entropy,,0.9042840334203281,0.02362975681402469,0.939636515300409,0.01294987126460234,0.8689315515402471,0.034356593986869195,0.769846153846154,0.05291592080419853,0.9173843058350102,0.018921869795050783,0.9612957264957267,0.01579314157837515,0.9202649047431295,0.011010246360864992
393,25,0.5,1,1,entropy,,0.904029617680077,0.04357847871261866,0.9396702800534005,0.024670518326419925,0.8683889553067532,0.06250733524969425,0.7775384615384616,0.08664475523346728,0.9173440643863179,0.0355232855641172,0.944957264957265,0.022048700571085864,0.9133327374747836,0.010521398201002244
393,25,0.5,1,2,entropy,,0.904029617680077,0.04357847871261866,0.9396702800534005,0.024670518326419925,0.8683889553067532,0.06250733524969425,0.7775384615384616,0.08664475523346728,0.9173440643863179,0.0355232855641172,0.944957264957265,0.022048700571085864,0.9133327374747836,0.010521398201002244
393,25,0.5,1,5,entropy,,0.904029617680077,0.04357847871261866,0.9396702800534005,0.024670518326419925,0.8683889553067532,0.06250733524969425,0.7775384615384616,0.08664475523346728,0.9173440643863179,0.0355232855641172,0.944957264957265,0.022048700571085864,0.9133327374747836,0.010521398201002244
396,25,1.0,3,1,gini,balanced,0.903888461997553,0.02649478441722564,0.9358373618612793,0.01824108174626831,0.8719395621338266,0.034822661040598675,0.8098461538461539,0.037045949398873616,0.9145271629778673,0.02390944920554093,0.955671794871795,0.02399935324328834,1.0,0.0
397,50,1.5,3,5,entropy,balanced,0.9036357618890761,0.011444028550456913,0.9359647111980479,0.005992174078612193,0.8713068125801045,0.017039023725999886,0.8098461538461539,0.04485980792272637,0.9145271629778671,0.009047974521681301,0.964225641025641,0.018325163920079535,1.0,0.0
398,50,1.0,3,2,gini,balanced,0.9034514498250641,0.03774861771227031,0.9361181324592553,0.023743985791119044,0.8707847671908727,0.05178136909173825,0.8095384615384615,0.0638815471870079,0.9145271629778673,0.03258001963903166,0.9707350427350427,0.017189422648956443,1.0,0.0
399,25,1.5,2,5,gini,,0.9033164626739264,0.04400121696786149,0.9360286096160099,0.028404320240803253,0.8706043157318432,0.05964540638181111,0.8089230769230769,0.06505637064075082,0.9144064386317907,0.03846808877063235,0.9494974358974361,0.02843105700737838,1.0,0.0
400,50,1.5,2,1,entropy,,0.9032050228700484,0.01832758797974284,0.9362477848331551,0.011347986053988297,0.8701622609069417,0.0255139450678122,0.8015384615384615,0.043925703814751804,0.9145271629778673,0.015656664685284743,0.9516923076923076,0.01917141076505531,1.0,0.0
400,50,1.5,2,2,entropy,,0.9032050228700484,0.01832758797974284,0.9362477848331551,0.011347986053988297,0.8701622609069417,0.0255139450678122,0.8015384615384615,0.043925703814751804,0.9145271629778673,0.015656664685284743,0.9518700854700854,0.019028660575460297,1.0,0.0
402,25,1.5,3,2,gini,,0.9028199039676048,0.031102462416593996,0.9363635704518549,0.018033380799360732,0.8692762374833547,0.04435547066710463,0.8015384615384615,0.0670034883839737,0.9144869215291751,0.025670448774683958,0.9628034188034189,0.01303886983311614,1.0,0.0
403,25,1.5,3,1,entropy,balanced,0.9026520029915328,0.03502078529633573,0.9363168838374898,0.019955381495487732,0.8689871221455758,0.0501710460604678,0.8086153846153847,0.08243397932130633,0.9144064386317907,0.028752958616035565,0.9616888888888889,0.02466310284565406,1.0,0.0
404,50,1.5,3,1,gini,balanced,0.9025163679375072,0.02916310331445192,0.9366480576055398,0.016680533317447288,0.8683846782694749,0.041740882290248846,0.7935384615384615,0.05907692307692305,0.9145271629778673,0.023909449205540903,0.9749743589743589,0.014316844992928351,1.0,0.0
405,25,0.1,2,1,entropy,balanced,0.9024811402156331,0.018218808537685878,0.9367497200447928,0.011375429960980595,0.8682125603864733,0.025073161867916652,0.7858461538461539,0.03080613171885248,0.9145271629778671,0.015656664685284743,0.9564307692307693,0.0181972934467359,0.9349855585770623,0.0064441862327732045
405,50,0.1,2,1,entropy,balanced,0.9024811402156331,0.018218808537685878,0.9367497200447928,0.011375429960980595,0.8682125603864733,0.025073161867916652,0.7858461538461539,0.03080613171885248,0.9145271629778671,0.015656664685284743,0.957319658119658,0.01843521516832085,0.9332896414660576,0.008821700531247043
405,100,0.1,2,1,entropy,balanced,0.9024811402156331,0.018218808537685878,0.9367497200447928,0.011375429960980595,0.8682125603864733,0.025073161867916652,0.7858461538461539,0.03080613171885248,0.9145271629778671,0.015656664685284743,0.957319658119658,0.01843521516832085,0.9332896414660576,0.008821700531247043
405,200,0.1,2,1,entropy,balanced,0.9024811402156331,0.018218808537685878,0.9367497200447928,0.011375429960980595,0.8682125603864733,0.025073161867916652,0.7858461538461539,0.03080613171885248,0.9145271629778671,0.015656664685284743,0.957319658119658,0.01843521516832085,0.9332896414660576,0.008821700531247043
405,25,0.1,2,2,entropy,balanced,0.9024811402156331,0.018218808537685878,0.9367497200447928,0.011375429960980595,0.8682125603864733,0.025073161867916652,0.7858461538461539,0.03080613171885248,0.9145271629778671,0.015656664685284743,0.9564307692307693,0.0181972934467359,0.9349855585770623,0.0064441862327732045
405,50,0.1,2,2,entropy,balanced,0.9024811402156331,0.018218808537685878,0.9367497200447928,0.011375429960980595,0.8682125603864733,0.025073161867916652,0.7858461538461539,0.03080613171885248,0.9145271629778671,0.015656664685284743,0.957319658119658,0.01843521516832085,0.9332896414660576,0.008821700531247043
405,100,0.1,2,2,entropy,balanced,0.9024811402156331,0.018218808537685878,0.9367497200447928,0.011375429960980595,0.8682125603864733,0.025073161867916652,0.7858461538461539,0.03080613171885248,0.9145271629778671,0.015656664685284743,0.957319658119658,0.01843521516832085,0.9332896414660576,0.008821700531247043
405,200,0.1,2,2,entropy,balanced,0.9024811402156331,0.018218808537685878,0.9367497200447928,0.011375429960980595,0.8682125603864733,0.025073161867916652,0.7858461538461539,0.03080613171885248,0.9145271629778671,0.015656664685284743,0.957319658119658,0.01843521516832085,0.9332896414660576,0.008821700531247043
405,25,0.1,2,5,entropy,balanced,0.9024811402156331,0.018218808537685878,0.9367497200447928,0.011375429960980595,0.8682125603864733,0.025073161867916652,0.7858461538461539,0.03080613171885248,0.9145271629778671,0.015656664685284743,0.9564307692307693,0.0181972934467359,0.9349855585770623,0.0064441862327732045
405,50,0.1,2,5,entropy,balanced,0.9024811402156331,0.018218808537685878,0.9367497200447928,0.011375429960980595,0.8682125603864733,0.025073161867916652,0.7858461538461539,0.03080613171885248,0.9145271629778671,0.015656664685284743,0.9578529914529913,0.018696065262722678,0.9332896414660576,0.008821700531247043
405,100,0.1,2,5,entropy,balanced,0.9024811402156331,0.018218808537685878,0.9367497200447928,0.011375429960980595,0.8682125603864733,0.025073161867916652,0.7858461538461539,0.03080613171885248,0.9145271629778671,0.015656664685284743,0.9578529914529913,0.018696065262722678,0.9332896414660576,0.008821700531247043
405,200,0.1,2,5,entropy,balanced,0.9024811402156331,0.018218808537685878,0.9367497200447928,0.011375429960980595,0.8682125603864733,0.025073161867916652,0.7858461538461539,0.03080613171885248,0.9145271629778671,0.015656664685284743,0.9578529914529913,0.018696065262722678,0.9332896414660576,0.008821700531247043
417,100,1.5,2,5,gini,,0.9023214013183237,0.03136810064374654,0.9366904422218507,0.017829360232679108,0.8679523604147967,0.04497377411220051,0.7932307692307692,0.06496316662349116,0.9144869215291751,0.025670448774683958,0.9730871794871796,0.01547394993522986,1.0,0.0
418,50,1.5,1,1,entropy,,0.9017740150434415,0.019883580330449836,0.932783490278865,0.015481800090637585,0.8707645398080182,0.02472092395288373,0.8252307692307692,0.032702351398366566,0.9116700201207244,0.018994645828902933,0.9531692307692307,0.0150687638057264,1.0,0.0
418,50,1.5,1,2,entropy,,0.9017740150434415,0.019883580330449836,0.932783490278865,0.015481800090637585,0.8707645398080182,0.02472092395288373,0.8252307692307692,0.032702351398366566,0.9116700201207244,0.018994645828902933,0.9531692307692307,0.0150687638057264,1.0,0.0
418,50,1.5,1,5,entropy,,0.9017740150434415,0.019883580330449836,0.932783490278865,0.015481800090637585,0.8707645398080182,0.02472092395288373,0.8252307692307692,0.032702351398366566,0.9116700201207244,0.018994645828902933,0.9531692307692307,0.0150687638057264,1.0,0.0
421,50,0.5,2,5,gini,balanced,0.901652014815976,0.04131610316311484,0.9328104390412288,0.029319674355937873,0.8704935905907227,0.05336689406001853,0.8249230769230769,0.04208079014714769,0.9115492957746479,0.03783522320846894,0.9523076923076923,0.02901126560550265,0.982892982473261,0.014443041577742122
421,100,0.5,2,5,gini,balanced,0.901652014815976,0.04131610316311484,0.9328104390412288,0.029319674355937873,0.8704935905907227,0.05336689406001853,0.8249230769230769,0.04208079014714769,0.9115492957746479,0.03783522320846894,0.9523076923076923,0.02901126560550265,0.982892982473261,0.014443041577742122
421,200,0.5,2,5,gini,balanced,0.901652014815976,0.04131610316311484,0.9328104390412288,0.029319674355937873,0.8704935905907227,0.05336689406001853,0.8249230769230769,0.04208079014714769,0.9115492957746479,0.03783522320846894,0.9523076923076923,0.02901126560550265,0.982892982473261,0.014443041577742122
424,25,0.5,2,1,gini,balanced,0.9014145421777904,0.04492753119381257,0.9329009565827328,0.03154278086738301,0.8699281277728481,0.05840149617337415,0.8246153846153845,0.05535041679204643,0.9115090543259556,0.04092664144688863,0.9509196581196582,0.028159267351787875,0.9805574299605327,0.01201911667105481
424,25,0.5,2,2,gini,balanced,0.9014145421777904,0.04492753119381257,0.9329009565827328,0.03154278086738301,0.8699281277728481,0.05840149617337415,0.8246153846153845,0.05535041679204643,0.9115090543259556,0.04092664144688863,0.9510974358974359,0.028067169258960165,0.9805574299605327,0.01201911667105481
426,50,1.5,3,5,gini,,0.9011740870178719,0.011907550889615499,0.933252935940506,0.008478668842096254,0.8690952380952381,0.01610024655176009,0.8175384615384615,0.04030181988931185,0.9116700201207244,0.010765621718311769,0.9739897435897437,0.012066436976490576,1.0,0.0
427,25,0.1,2,1,entropy,,0.9007719387898124,0.02259330431448987,0.9376628310898829,0.012359619841258019,0.8638810464897422,0.0328757766340415,0.761846153846154,0.050730987927446,0.9145271629778671,0.018076609254190003,0.9613846153846154,0.015846793706366956,0.9211436668672572,0.009541664751069798
427,25,0.1,2,2,entropy,,0.9007719387898124,0.02259330431448987,0.9376628310898829,0.012359619841258019,0.8638810464897422,0.0328757766340415,0.761846153846154,0.050730987927446,0.9145271629778671,0.018076609254190003,0.9613846153846154,0.015846793706366956,0.9211436668672572,0.009541664751069798
429,25,1.5,2,1,entropy,balanced,0.9006053058661584,0.025859600678821298,0.9335813465875237,0.01455183123522514,0.867629265144793,0.037230431882420326,0.8172307692307692,0.06549149635391267,0.911629778672032,0.0211630999149796,0.9498051282051282,0.022362700230611852,1.0,0.0
429,25,1.5,2,2,entropy,balanced,0.9006053058661584,0.025859600678821298,0.9335813465875237,0.01455183123522514,0.867629265144793,0.037230431882420326,0.8172307692307692,0.06549149635391267,0.911629778672032,0.0211630999149796,0.9498051282051282,0.022362700230611852,1.0,0.0
431,25,0.5,3,2,entropy,balanced,0.9002749133085566,0.021859833349498026,0.9339218072934419,0.013993895244714233,0.8666280193236714,0.029924974839019736,0.8012307692307692,0.037209148203891616,0.9116700201207244,0.018994645828902933,0.952868376068376,0.030093469022116473,1.0,0.0
432,25,1.5,2,1,gini,,0.9000760656228618,0.04067483597618974,0.9339695842213633,0.026328058493251053,0.8661825470243603,0.05507184532520343,0.8012307692307692,0.05748496072938706,0.9115895372233401,0.035600061053993756,0.9488136752136753,0.027458856862961668,1.0,0.0
432,25,1.5,2,2,gini,,0.9000760656228618,0.04067483597618974,0.9339695842213633,0.026328058493251053,0.8661825470243603,0.05507184532520343,0.8012307692307692,0.05748496072938706,0.9115895372233401,0.035600061053993756,0.9488136752136753,0.027458856862961668,1.0,0.0
434,25,1.5,2,1,gini,balanced,0.899768752133198,0.02647323108362804,0.9341696849144011,0.014132070054780125,0.8653678193519948,0.038849046414092744,0.8015384615384615,0.06700348838397371,0.9116700201207244,0.021034001598047962,0.9637470085470085,0.018893553664627683,1.0,0.0
434,25,1.5,2,2,gini,balanced,0.899768752133198,0.02647323108362804,0.9341696849144011,0.014132070054780125,0.8653678193519948,0.038849046414092744,0.8015384615384615,0.06700348838397371,0.9116700201207244,0.021034001598047962,0.9637470085470085,0.018893553664627683,1.0,0.0
434,25,1.5,2,5,gini,balanced,0.899768752133198,0.02647323108362804,0.9341696849144011,0.014132070054780125,0.8653678193519948,0.038849046414092744,0.8015384615384615,0.06700348838397371,0.9116700201207244,0.021034001598047962,0.9627213675213675,0.018327561978840678,1.0,0.0
437,200,1.5,1,1,entropy,,0.8994697183372711,0.032656049064641285,0.9343709135570567,0.0200604541914283,0.8645685231174858,0.04534153521391022,0.7932307692307692,0.05983488127966395,0.9116297786720322,0.02782817655284492,0.957565811965812,0.022932587178051682,1.0,0.0
437,200,1.5,1,2,entropy,,0.8994697183372711,0.032656049064641285,0.9343709135570567,0.0200604541914283,0.8645685231174858,0.04534153521391022,0.7932307692307692,0.05983488127966395,0.9116297786720322,0.02782817655284492,0.957565811965812,0.022932587178051682,1.0,0.0
437,200,1.5,1,5,entropy,,0.8994697183372711,0.032656049064641285,0.9343709135570567,0.0200604541914283,0.8645685231174858,0.04534153521391022,0.7932307692307692,0.05983488127966395,0.9116297786720322,0.02782817655284492,0.957565811965812,0.022932587178051682,1.0,0.0
440,100,1.5,1,1,entropy,,0.8993909168676408,0.02788516135527695,0.9344523688739022,0.015884191118145444,0.8643294648613796,0.039924966028412855,0.7935384615384615,0.06426572056887472,0.9116700201207244,0.022892397783716528,0.9551247863247865,0.020408459311855764,1.0,0.0
440,100,1.5,1,2,entropy,,0.8993909168676408,0.02788516135527695,0.9344523688739022,0.015884191118145444,0.8643294648613796,0.039924966028412855,0.7935384615384615,0.06426572056887472,0.9116700201207244,0.022892397783716528,0.9551247863247865,0.020408459311855764,1.0,0.0
440,100,1.5,1,5,entropy,,0.8993909168676408,0.02788516135527695,0.9344523688739022,0.015884191118145444,0.8643294648613796,0.039924966028412855,0.7935384615384615,0.06426572056887472,0.9116700201207244,0.022892397783716528,0.9551247863247865,0.020408459311855764,1.0,0.0
443,25,1.5,3,1,gini,balanced,0.898718888241131,0.030369985226902273,0.9347185314536137,0.01711417564991951,0.8627192450286485,0.04366664048671489,0.7849230769230768,0.0663674547745688,0.9115895372233401,0.024785139147446535,0.9549470085470085,0.03314107271291163,1.0,0.0
444,100,1.5,2,2,entropy,,0.8986047320075441,0.02360324461050376,0.9348940740910028,0.013104217389664557,0.8623153899240856,0.03433109357676245,0.7775384615384615,0.05502102879324825,0.9116700201207244,0.018994645828902933,0.9612991452991452,0.016195344877605388,1.0,0.0
445,50,0.5,2,1,gini,balanced,0.898240199790064,0.040359410316711225,0.9307971697664634,0.02866697624238788,0.8656832298136645,0.05213558839056472,0.8169230769230769,0.04225591236948402,0.9086921529175049,0.03697144636326577,0.951774358974359,0.029063718995554988,0.9813404962854158,0.01285011621033871
445,100,0.5,2,1,gini,balanced,0.898240199790064,0.040359410316711225,0.9307971697664634,0.02866697624238788,0.8656832298136645,0.05213558839056472,0.8169230769230769,0.04225591236948402,0.9086921529175049,0.03697144636326577,0.951774358974359,0.029063718995554988,0.9813404962854158,0.01285011621033871
445,200,0.5,2,1,gini,balanced,0.898240199790064,0.040359410316711225,0.9307971697664634,0.02866697624238788,0.8656832298136645,0.05213558839056472,0.8169230769230769,0.04225591236948402,0.9086921529175049,0.03697144636326577,0.951774358974359,0.029063718995554988,0.9813404962854158,0.01285011621033871
445,50,0.5,2,2,gini,balanced,0.898240199790064,0.040359410316711225,0.9307971697664634,0.02866697624238788,0.8656832298136645,0.05213558839056472,0.8169230769230769,0.04225591236948402,0.9086921529175049,0.03697144636326577,0.9519521367521367,0.02896925129576201,0.9813404962854158,0.01285011621033871
445,100,0.5,2,2,gini,balanced,0.898240199790064,0.040359410316711225,0.9307971697664634,0.02866697624238788,0.8656832298136645,0.05213558839056472,0.8169230769230769,0.04225591236948402,0.9086921529175049,0.03697144636326577,0.9519521367521367,0.02896925129576201,0.9813404962854158,0.01285011621033871
445,200,0.5,2,2,gini,balanced,0.898240199790064,0.040359410316711225,0.9307971697664634,0.02866697624238788,0.8656832298136645,0.05213558839056472,0.8169230769230769,0.04225591236948402,0.9086921529175049,0.03697144636326577,0.9519521367521367,0.02896925129576201,0.9813404962854158,0.01285011621033871
451,25,1.0,1,1,gini,,0.8977627495891525,0.04374167935510459,0.9308460239037121,0.030273688333501178,0.864679475274593,0.05820241414939023,0.8172307692307692,0.07879807164312179,0.9087323943661971,0.039108933012619224,0.9507794871794871,0.02669723341279284,0.9593432549750351,0.005136849379514887
451,25,1.0,1,2,gini,,0.8977627495891525,0.04374167935510459,0.9308460239037121,0.030273688333501178,0.864679475274593,0.05820241414939023,0.8172307692307692,0.07879807164312179,0.9087323943661971,0.039108933012619224,0.9507794871794871,0.02669723341279284,0.9593432549750351,0.005136849379514887
451,25,1.0,1,5,gini,,0.8977627495891525,0.04374167935510459,0.9308460239037121,0.030273688333501178,0.864679475274593,0.05820241414939023,0.8172307692307692,0.07879807164312179,0.9087323943661971,0.039108933012619224,0.9507794871794871,0.02669723341279284,0.9593432549750351,0.005136849379514887
454,25,1.5,3,1,gini,,0.8972859325930225,0.01644001713272216,0.9316937495128984,0.010318291825520324,0.8628781156731467,0.023075771638319847,0.802153846153846,0.053609148737900764,0.9088933601609659,0.014069206981489484,0.9431179487179489,0.018029336569461655,1.0,0.0
455,50,1.5,3,5,gini,balanced,0.8963569371072861,0.024694997402247204,0.9321564156396356,0.012936022668626637,0.8605574585749365,0.03646956244135069,0.7935384615384615,0.0642657205688747,0.9088128772635814,0.019455148613927543,0.9542769230769231,0.021426288826452717,1.0,0.0
456,50,1.5,2,5,gini,,0.8961607727304693,0.03426384412420458,0.9322732362821948,0.021607888143493625,0.8600483091787439,0.04693991873627194,0.7852307692307692,0.04947631075013361,0.9087323943661971,0.02960485461703435,0.9596717948717949,0.029641365547790302,1.0,0.0
457,50,1.5,2,5,entropy,,0.8960747077129934,0.02180819995470712,0.9324944008958568,0.014379267988167502,0.8596550145301303,0.02931949391209545,0.7778461538461539,0.03128188314372635,0.9088531187122737,0.019261324657986828,0.9569230769230769,0.016588378037740846,1.0,0.0
458,25,0.5,1,1,gini,,0.894777044676997,0.04392318058474696,0.9329939936882827,0.026549605937210185,0.8565600956657116,0.06165997687991385,0.7695384615384615,0.07825553650753944,0.9087726358148892,0.036923058757015806,0.9533025641025642,0.03227400477664929,0.925651690628213,0.012493539137721218
458,25,0.5,1,2,gini,,0.894777044676997,0.04392318058474696,0.9329939936882827,0.026549605937210185,0.8565600956657116,0.06165997687991385,0.7695384615384615,0.07825553650753944,0.9087726358148892,0.036923058757015806,0.9533025641025642,0.03227400477664929,0.925651690628213,0.012493539137721218
458,25,0.5,1,5,gini,,0.894777044676997,0.04392318058474696,0.9329939936882827,0.026549605937210185,0.8565600956657116,0.06165997687991385,0.7695384615384615,0.07825553650753944,0.9087726358148892,0.036923058757015806,0.9533025641025642,0.03227400477664929,0.925651690628213,0.012493539137721218
461,50,1.5,1,1,gini,balanced,0.8920882954761638,0.027685446963288476,0.9263522786186987,0.01890158794480405,0.8578243123336291,0.03669728875887874,0.8169230769230769,0.04225591236948402,0.9030181086519115,0.024840743470816076,0.9475111111111112,0.020235844007998525,0.9782466048858881,0.02661891787330345
461,50,1.5,1,2,gini,balanced,0.8920882954761638,0.027685446963288476,0.9263522786186987,0.01890158794480405,0.8578243123336291,0.03669728875887874,0.8169230769230769,0.04225591236948402,0.9030181086519115,0.024840743470816076,0.9475111111111112,0.020235844007998525,0.9782466048858881,0.02661891787330345
461,50,1.5,1,5,gini,balanced,0.8920882954761638,0.027685446963288476,0.9263522786186987,0.01890158794480405,0.8578243123336291,0.03669728875887874,0.8169230769230769,0.04225591236948402,0.9030181086519115,0.024840743470816076,0.9475111111111112,0.020235844007998525,0.9782466048858881,0.02661891787330345
464,100,1.5,1,1,gini,balanced,0.8915903465080023,0.03277162937759958,0.9266254332309313,0.022327086309459114,0.8565552597850734,0.04348299633751429,0.8089230769230769,0.0480867066968278,0.9029778672032194,0.029362307539165727,0.9521846153846154,0.02242538661404188,0.9782466048858881,0.02661891787330345
464,200,1.5,1,1,gini,balanced,0.8915903465080023,0.03277162937759958,0.9266254332309313,0.022327086309459114,0.8565552597850734,0.04348299633751429,0.8089230769230769,0.0480867066968278,0.9029778672032194,0.029362307539165727,0.952540170940171,0.02260215801501037,0.9782466048858881,0.02661891787330345
464,100,1.5,1,2,gini,balanced,0.8915903465080023,0.03277162937759958,0.9266254332309313,0.022327086309459114,0.8565552597850734,0.04348299633751429,0.8089230769230769,0.0480867066968278,0.9029778672032194,0.029362307539165727,0.9521846153846154,0.02242538661404188,0.9782466048858881,0.02661891787330345
464,200,1.5,1,2,gini,balanced,0.8915903465080023,0.03277162937759958,0.9266254332309313,0.022327086309459114,0.8565552597850734,0.04348299633751429,0.8089230769230769,0.0480867066968278,0.9029778672032194,0.029362307539165727,0.952540170940171,0.02260215801501037,0.9782466048858881,0.02661891787330345
464,100,1.5,1,5,gini,balanced,0.8915903465080023,0.03277162937759958,0.9266254332309313,0.022327086309459114,0.8565552597850734,0.04348299633751429,0.8089230769230769,0.0480867066968278,0.9029778672032194,0.029362307539165727,0.9521846153846154,0.02242538661404188,0.9782466048858881,0.02661891787330345
464,200,1.5,1,5,gini,balanced,0.8915903465080023,0.03277162937759958,0.9266254332309313,0.022327086309459114,0.8565552597850734,0.04348299633751429,0.8089230769230769,0.0480867066968278,0.9029778672032194,0.029362307539165727,0.952540170940171,0.02260215801501037,0.9782466048858881,0.02661891787330345
470,25,1.5,2,5,entropy,balanced,0.8902302619524729,0.02846749556190523,0.9277071582900425,0.015413509961807986,0.8527533656149033,0.04159805930034647,0.7938461538461539,0.07688614498035927,0.9031388329979879,0.022828857154617896,0.9492444444444444,0.02422674779333734,1.0,0.0
471,50,1.5,1,1,entropy,balanced,0.8872153919608486,0.03612398757680765,0.9254175245939145,0.023203812187095073,0.8490132593277829,0.04904543995562505,0.7852307692307692,0.04947631075013361,0.9001609657947686,0.03151971676278295,0.9368923076923078,0.012490879834565977,0.9560398160946217,0.025001188975894616
471,50,1.5,1,2,entropy,balanced,0.8872153919608486,0.03612398757680765,0.9254175245939145,0.023203812187095073,0.8490132593277829,0.04904543995562505,0.7852307692307692,0.04947631075013361,0.9001609657947686,0.03151971676278295,0.9368923076923078,0.012490879834565977,0.9560398160946217,0.025001188975894616
471,50,1.5,1,5,entropy,balanced,0.8872153919608486,0.03612398757680765,0.9254175245939145,0.023203812187095073,0.8490132593277829,0.04904543995562505,0.7852307692307692,0.04947631075013361,0.9001609657947686,0.03151971676278295,0.9368923076923078,0.012490879834565977,0.9560398160946217,0.025001188975894616
474,25,1.5,3,5,gini,balanced,0.8872062567841127,0.038347810291768154,0.9252713528981186,0.022059394130300433,0.8491411606701066,0.054954225741573416,0.7935384615384615,0.07778227844590749,0.9002012072434609,0.03148414411927319,0.9612786324786325,0.01097668266263907,1.0,0.0
475,25,1.5,1,1,gini,balanced,0.8855802627107818,0.0362268697071733,0.9220448791630602,0.024044423282837887,0.8491156462585036,0.04866185678916009,0.8089230769230769,0.054335360134508584,0.8972635814889337,0.032043565921403,0.9418256410256409,0.02334015466491831,0.972759149621092,0.023529533830202416
475,25,1.5,1,2,gini,balanced,0.8855802627107818,0.0362268697071733,0.9220448791630602,0.024044423282837887,0.8491156462585036,0.04866185678916009,0.8089230769230769,0.054335360134508584,0.8972635814889337,0.032043565921403,0.9418256410256409,0.02334015466491831,0.972759149621092,0.023529533830202416
475,25,1.5,1,5,gini,balanced,0.8855802627107818,0.0362268697071733,0.9220448791630602,0.024044423282837887,0.8491156462585036,0.04866185678916009,0.8089230769230769,0.054335360134508584,0.8972635814889337,0.032043565921403,0.9418256410256409,0.02334015466491831,0.972759149621092,0.023529533830202416
478,25,1.5,1,1,entropy,balanced,0.8842082947887759,0.033828690570730756,0.923126734505088,0.021541209365887742,0.8452898550724639,0.046138427187627826,0.7852307692307692,0.04947631075013361,0.8973038229376258,0.029390476424339156,0.9379589743589744,0.01189970309471717,0.9513392473425306,0.017325273532540323
478,100,1.5,1,1,entropy,balanced,0.8842082947887759,0.033828690570730756,0.923126734505088,0.021541209365887742,0.8452898550724639,0.046138427187627826,0.7852307692307692,0.04947631075013361,0.8973038229376258,0.029390476424339156,0.9400923076923078,0.011835172572075042,0.9560398160946217,0.025001188975894616
478,200,1.5,1,1,entropy,balanced,0.8842082947887759,0.033828690570730756,0.923126734505088,0.021541209365887742,0.8452898550724639,0.046138427187627826,0.7852307692307692,0.04947631075013361,0.8973038229376258,0.029390476424339156,0.9400923076923078,0.011835172572075042,0.9560398160946217,0.025001188975894616
478,25,1.5,1,2,entropy,balanced,0.8842082947887759,0.033828690570730756,0.923126734505088,0.021541209365887742,0.8452898550724639,0.046138427187627826,0.7852307692307692,0.04947631075013361,0.8973038229376258,0.029390476424339156,0.9379589743589744,0.01189970309471717,0.9513392473425306,0.017325273532540323
478,100,1.5,1,2,entropy,balanced,0.8842082947887759,0.033828690570730756,0.923126734505088,0.021541209365887742,0.8452898550724639,0.046138427187627826,0.7852307692307692,0.04947631075013361,0.8973038229376258,0.029390476424339156,0.9400923076923078,0.011835172572075042,0.9560398160946217,0.025001188975894616
478,200,1.5,1,2,entropy,balanced,0.8842082947887759,0.033828690570730756,0.923126734505088,0.021541209365887742,0.8452898550724639,0.046138427187627826,0.7852307692307692,0.04947631075013361,0.8973038229376258,0.029390476424339156,0.9400923076923078,0.011835172572075042,0.9560398160946217,0.025001188975894616
478,25,1.5,1,5,entropy,balanced,0.8842082947887759,0.033828690570730756,0.923126734505088,0.021541209365887742,0.8452898550724639,0.046138427187627826,0.7852307692307692,0.04947631075013361,0.8973038229376258,0.029390476424339156,0.9379589743589744,0.01189970309471717,0.9513392473425306,0.017325273532540323
478,100,1.5,1,5,entropy,balanced,0.8842082947887759,0.033828690570730756,0.923126734505088,0.021541209365887742,0.8452898550724639,0.046138427187627826,0.7852307692307692,0.04947631075013361,0.8973038229376258,0.029390476424339156,0.9400923076923078,0.011835172572075042,0.9560398160946217,0.025001188975894616
478,200,1.5,1,5,entropy,balanced,0.8842082947887759,0.033828690570730756,0.923126734505088,0.021541209365887742,0.8452898550724639,0.046138427187627826,0.7852307692307692,0.04947631075013361,0.8973038229376258,0.029390476424339156,0.9400923076923078,0.011835172572075042,0.9560398160946217,0.025001188975894616
487,100,0.1,1,1,gini,,0.8830751052834878,0.03046943152576498,0.9277351649977803,0.016399956412754244,0.8384150455691953,0.0446139005595884,0.7295384615384616,0.06072072065744743,0.9002012072434606,0.02414721651903261,0.9509811965811966,0.03080889674960152,0.9012141187577974,0.012531471485759706
487,100,0.1,1,2,gini,,0.8830751052834878,0.03046943152576498,0.9277351649977803,0.016399956412754244,0.8384150455691953,0.0446139005595884,0.7295384615384616,0.06072072065744743,0.9002012072434606,0.02414721651903261,0.9509811965811966,0.03080889674960152,0.9012141187577974,0.012531471485759706
487,100,0.1,1,5,gini,,0.8830751052834878,0.03046943152576498,0.9277351649977803,0.016399956412754244,0.8384150455691953,0.0446139005595884,0.7295384615384616,0.06072072065744743,0.9002012072434606,0.02414721651903261,0.9509811965811966,0.03080889674960152,0.9012141187577974,0.012531471485759706
490,25,1.0,1,1,entropy,balanced,0.8663539286578192,0.043141622869212866,0.9134504384060456,0.02656806212844438,0.8192574189095929,0.06009583242075254,0.7458461538461538,0.0828052538138227,0.8830985915492958,0.03679925916405352,0.898868376068376,0.06495892611461199,0.8749495998623098,0.025231093307588374
490,50,1.0,1,1,entropy,balanced,0.8663539286578192,0.043141622869212866,0.9134504384060456,0.02656806212844438,0.8192574189095929,0.06009583242075254,0.7458461538461538,0.0828052538138227,0.8830985915492958,0.03679925916405352,0.898868376068376,0.06495892611461199,0.8749495998623098,0.025231093307588374
490,100,1.0,1,1,entropy,balanced,0.8663539286578192,0.043141622869212866,0.9134504384060456,0.02656806212844438,0.8192574189095929,0.06009583242075254,0.7458461538461538,0.0828052538138227,0.8830985915492958,0.03679925916405352,0.898868376068376,0.06495892611461199,0.8749495998623098,0.025231093307588374
490,200,1.0,1,1,entropy,balanced,0.8663539286578192,0.043141622869212866,0.9134504384060456,0.02656806212844438,0.8192574189095929,0.06009583242075254,0.7458461538461538,0.0828052538138227,0.8830985915492958,0.03679925916405352,0.898868376068376,0.06495892611461199,0.8749495998623098,0.025231093307588374
490,25,1.0,1,2,entropy,balanced,0.8663539286578192,0.043141622869212866,0.9134504384060456,0.02656806212844438,0.8192574189095929,0.06009583242075254,0.7458461538461538,0.0828052538138227,0.8830985915492958,0.03679925916405352,0.898868376068376,0.06495892611461199,0.8749495998623098,0.025231093307588374
490,50,1.0,1,2,entropy,balanced,0.8663539286578192,0.043141622869212866,0.9134504384060456,0.02656806212844438,0.8192574189095929,0.06009583242075254,0.7458461538461538,0.0828052538138227,0.8830985915492958,0.03679925916405352,0.898868376068376,0.06495892611461199,0.8749495998623098,0.025231093307588374
490,100,1.0,1,2,entropy,balanced,0.8663539286578192,0.043141622869212866,0.9134504384060456,0.02656806212844438,0.8192574189095929,0.06009583242075254,0.7458461538461538,0.0828052538138227,0.8830985915492958,0.03679925916405352,0.898868376068376,0.06495892611461199,0.8749495998623098,0.025231093307588374
490,200,1.0,1,2,entropy,balanced,0.8663539286578192,0.043141622869212866,0.9134504384060456,0.02656806212844438,0.8192574189095929,0.06009583242075254,0.7458461538461538,0.0828052538138227,0.8830985915492958,0.03679925916405352,0.898868376068376,0.06495892611461199,0.8749495998623098,0.025231093307588374
490,25,1.0,1,5,entropy,balanced,0.8663539286578192,0.043141622869212866,0.9134504384060456,0.02656806212844438,0.8192574189095929,0.06009583242075254,0.7458461538461538,0.0828052538138227,0.8830985915492958,0.03679925916405352,0.898868376068376,0.06495892611461199,0.8749495998623098,0.025231093307588374
490,50,1.0,1,5,entropy,balanced,0.8663539286578192,0.043141622869212866,0.9134504384060456,0.02656806212844438,0.8192574189095929,0.06009583242075254,0.7458461538461538,0.0828052538138227,0.8830985915492958,0.03679925916405352,0.898868376068376,0.06495892611461199,0.8749495998623098,0.025231093307588374
490,100,1.0,1,5,entropy,balanced,0.8663539286578192,0.043141622869212866,0.9134504384060456,0.02656806212844438,0.8192574189095929,0.06009583242075254,0.7458461538461538,0.0828052538138227,0.8830985915492958,0.03679925916405352,0.898868376068376,0.06495892611461199,0.8749495998623098,0.025231093307588374
490,200,1.0,1,5,entropy,balanced,0.8663539286578192,0.043141622869212866,0.9134504384060456,0.02656806212844438,0.8192574189095929,0.06009583242075254,0.7458461538461538,0.0828052538138227,0.8830985915492958,0.03679925916405352,0.898868376068376,0.06495892611461199,0.8749495998623098,0.025231093307588374
502,25,1.0,1,1,gini,balanced,0.8609722706941124,0.03802414775162395,0.9124342819999166,0.019922258209582017,0.8095102593883082,0.056545307707906584,0.7215384615384615,0.08541440921633275,0.8802414486921529,0.029700097543280502,0.9300957264957266,0.019359001452783808,0.8900851255779214,0.02874649960045335
502,50,1.0,1,1,gini,balanced,0.8609722706941124,0.03802414775162395,0.9124342819999166,0.019922258209582017,0.8095102593883082,0.056545307707906584,0.7215384615384615,0.08541440921633275,0.8802414486921529,0.029700097543280502,0.9300957264957266,0.019359001452783808,0.8900851255779214,0.02874649960045335
502,100,1.0,1,1,gini,balanced,0.8609722706941124,0.03802414775162395,0.9124342819999166,0.019922258209582017,0.8095102593883082,0.056545307707906584,0.7215384615384615,0.08541440921633275,0.8802414486921529,0.029700097543280502,0.9300957264957266,0.019359001452783808,0.8900851255779214,0.02874649960045335
502,200,1.0,1,1,gini,balanced,0.8609722706941124,0.03802414775162395,0.9124342819999166,0.019922258209582017,0.8095102593883082,0.056545307707906584,0.7215384615384615,0.08541440921633275,0.8802414486921529,0.029700097543280502,0.9300957264957266,0.019359001452783808,0.8900851255779214,0.02874649960045335
502,25,1.0,1,2,gini,balanced,0.8609722706941124,0.03802414775162395,0.9124342819999166,0.019922258209582017,0.8095102593883082,0.056545307707906584,0.7215384615384615,0.08541440921633275,0.8802414486921529,0.029700097543280502,0.9300957264957266,0.019359001452783808,0.8900851255779214,0.02874649960045335
502,50,1.0,1,2,gini,balanced,0.8609722706941124,0.03802414775162395,0.9124342819999166,0.019922258209582017,0.8095102593883082,0.056545307707906584,0.7215384615384615,0.08541440921633275,0.8802414486921529,0.029700097543280502,0.9300957264957266,0.019359001452783808,0.8900851255779214,0.02874649960045335
502,100,1.0,1,2,gini,balanced,0.8609722706941124,0.03802414775162395,0.9124342819999166,0.019922258209582017,0.8095102593883082,0.056545307707906584,0.7215384615384615,0.08541440921633275,0.8802414486921529,0.029700097543280502,0.9300957264957266,0.019359001452783808,0.8900851255779214,0.02874649960045335
502,200,1.0,1,2,gini,balanced,0.8609722706941124,0.03802414775162395,0.9124342819999166,0.019922258209582017,0.8095102593883082,0.056545307707906584,0.7215384615384615,0.08541440921633275,0.8802414486921529,0.029700097543280502,0.9300957264957266,0.019359001452783808,0.8900851255779214,0.02874649960045335
502,25,1.0,1,5,gini,balanced,0.8609722706941124,0.03802414775162395,0.9124342819999166,0.019922258209582017,0.8095102593883082,0.056545307707906584,0.7215384615384615,0.08541440921633275,0.8802414486921529,0.029700097543280502,0.9300957264957266,0.019359001452783808,0.8900851255779214,0.02874649960045335
502,50,1.0,1,5,gini,balanced,0.8609722706941124,0.03802414775162395,0.9124342819999166,0.019922258209582017,0.8095102593883082,0.056545307707906584,0.7215384615384615,0.08541440921633275,0.8802414486921529,0.029700097543280502,0.9300957264957266,0.019359001452783808,0.8900851255779214,0.02874649960045335
502,100,1.0,1,5,gini,balanced,0.8609722706941124,0.03802414775162395,0.9124342819999166,0.019922258209582017,0.8095102593883082,0.056545307707906584,0.7215384615384615,0.08541440921633275,0.8802414486921529,0.029700097543280502,0.9300957264957266,0.019359001452783808,0.8900851255779214,0.02874649960045335
502,200,1.0,1,5,gini,balanced,0.8609722706941124,0.03802414775162395,0.9124342819999166,0.019922258209582017,0.8095102593883082,0.056545307707906584,0.7215384615384615,0.08541440921633275,0.8802414486921529,0.029700097543280502,0.9300957264957266,0.019359001452783808,0.8900851255779214,0.02874649960045335
514,100,0.1,1,1,entropy,,0.857302245024749,0.030303385994653324,0.9144428983714696,0.015773926071326067,0.8001615916780285,0.044866939068451135,0.673846153846154,0.0561654361063613,0.8802414486921529,0.02357043024290137,0.9389606837606838,0.019380395386237714,0.8656250671042709,0.012087920776206903
514,100,0.1,1,2,entropy,,0.857302245024749,0.030303385994653324,0.9144428983714696,0.015773926071326067,0.8001615916780285,0.044866939068451135,0.673846153846154,0.0561654361063613,0.8802414486921529,0.02357043024290137,0.9389606837606838,0.019380395386237714,0.8656250671042709,0.012087920776206903
514,100,0.1,1,5,entropy,,0.857302245024749,0.030303385994653324,0.9144428983714696,0.015773926071326067,0.8001615916780285,0.044866939068451135,0.673846153846154,0.0561654361063613,0.8802414486921529,0.02357043024290137,0.9389606837606838,0.019380395386237714,0.8656250671042709,0.012087920776206903
517,50,0.1,1,1,gini,,0.8478804538440375,0.05109169459019766,0.9111659159389335,0.023578011775902123,0.7845949917491415,0.07879437644918938,0.6575384615384616,0.10524516320809346,0.8744869215291751,0.03688878969937642,0.9381846153846155,0.03130900972795804,0.8574307024017184,0.008526851320995597
517,50,0.1,1,2,gini,,0.8478804538440375,0.05109169459019766,0.9111659159389335,0.023578011775902123,0.7845949917491415,0.07879437644918938,0.6575384615384616,0.10524516320809346,0.8744869215291751,0.03688878969937642,0.9381846153846155,0.03130900972795804,0.8574307024017184,0.008526851320995597
517,50,0.1,1,5,gini,,0.8478804538440375,0.05109169459019766,0.9111659159389335,0.023578011775902123,0.7845949917491415,0.07879437644918938,0.6575384615384616,0.10524516320809346,0.8744869215291751,0.03688878969937642,0.9381846153846155,0.03130900972795804,0.8574307024017184,0.008526851320995597
520,50,0.1,1,1,entropy,,0.8231092758160496,0.05489834451858166,0.9006509267431598,0.024264070407046562,0.7455676248889399,0.08555795322266448,0.6018461538461539,0.11011086398200638,0.8573843058350101,0.0386938636121008,0.9289504273504274,0.02165126234713208,0.8427101687263858,0.015777265464328855
520,50,0.1,1,2,entropy,,0.8231092758160496,0.05489834451858166,0.9006509267431598,0.024264070407046562,0.7455676248889399,0.08555795322266448,0.6018461538461539,0.11011086398200638,0.8573843058350101,0.0386938636121008,0.9289504273504274,0.02165126234713208,0.8427101687263858,0.015777265464328855
520,50,0.1,1,5,entropy,,0.8231092758160496,0.05489834451858166,0.9006509267431598,0.024264070407046562,0.7455676248889399,0.08555795322266448,0.6018461538461539,0.11011086398200638,0.8573843058350101,0.0386938636121008,0.9289504273504274,0.02165126234713208,0.8427101687263858,0.015777265464328855
523,25,0.5,1,1,entropy,balanced,0.8065727376345695,0.09797194558142615,0.8921590254046403,0.03876252307806097,0.7209864498644987,0.15728514909785576,0.6252307692307693,0.21973108901402627,0.8459557344064386,0.06503279573204557,0.9065504273504275,0.019366434742942255,0.8582907208160663,0.034932423187156184
523,50,0.5,1,1,entropy,balanced,0.8065727376345695,0.09797194558142615,0.8921590254046403,0.03876252307806097,0.7209864498644987,0.15728514909785576,0.6252307692307693,0.21973108901402627,0.8459557344064386,0.06503279573204557,0.9065504273504275,0.019366434742942255,0.8582907208160663,0.034932423187156184
523,100,0.5,1,1,entropy,balanced,0.8065727376345695,0.09797194558142615,0.8921590254046403,0.03876252307806097,0.7209864498644987,0.15728514909785576,0.6252307692307693,0.21973108901402627,0.8459557344064386,0.06503279573204557,0.9065504273504275,0.019366434742942255,0.8582907208160663,0.034932423187156184
523,200,0.5,1,1,entropy,balanced,0.8065727376345695,0.09797194558142615,0.8921590254046403,0.03876252307806097,0.7209864498644987,0.15728514909785576,0.6252307692307693,0.21973108901402627,0.8459557344064386,0.06503279573204557,0.9065504273504275,0.019366434742942255,0.8582907208160663,0.034932423187156184
523,25,0.5,1,2,entropy,balanced,0.8065727376345695,0.09797194558142615,0.8921590254046403,0.03876252307806097,0.7209864498644987,0.15728514909785576,0.6252307692307693,0.21973108901402627,0.8459557344064386,0.06503279573204557,0.9065504273504275,0.019366434742942255,0.8582907208160663,0.034932423187156184
523,50,0.5,1,2,entropy,balanced,0.8065727376345695,0.09797194558142615,0.8921590254046403,0.03876252307806097,0.7209864498644987,0.15728514909785576,0.6252307692307693,0.21973108901402627,0.8459557344064386,0.06503279573204557,0.9065504273504275,0.019366434742942255,0.8582907208160663,0.034932423187156184
523,100,0.5,1,2,entropy,balanced,0.8065727376345695,0.09797194558142615,0.8921590254046403,0.03876252307806097,0.7209864498644987,0.15728514909785576,0.6252307692307693,0.21973108901402627,0.8459557344064386,0.06503279573204557,0.9065504273504275,0.019366434742942255,0.8582907208160663,0.034932423187156184
523,200,0.5,1,2,entropy,balanced,0.8065727376345695,0.09797194558142615,0.8921590254046403,0.03876252307806097,0.7209864498644987,0.15728514909785576,0.6252307692307693,0.21973108901402627,0.8459557344064386,0.06503279573204557,0.9065504273504275,0.019366434742942255,0.8582907208160663,0.034932423187156184
523,25,0.5,1,5,entropy,balanced,0.8065727376345695,0.09797194558142615,0.8921590254046403,0.03876252307806097,0.7209864498644987,0.15728514909785576,0.6252307692307693,0.21973108901402627,0.8459557344064386,0.06503279573204557,0.9065504273504275,0.019366434742942255,0.8582907208160663,0.034932423187156184
523,50,0.5,1,5,entropy,balanced,0.8065727376345695,0.09797194558142615,0.8921590254046403,0.03876252307806097,0.7209864498644987,0.15728514909785576,0.6252307692307693,0.21973108901402627,0.8459557344064386,0.06503279573204557,0.9065504273504275,0.019366434742942255,0.8582907208160663,0.034932423187156184
523,100,0.5,1,5,entropy,balanced,0.8065727376345695,0.09797194558142615,0.8921590254046403,0.03876252307806097,0.7209864498644987,0.15728514909785576,0.6252307692307693,0.21973108901402627,0.8459557344064386,0.06503279573204557,0.9065504273504275,0.019366434742942255,0.8582907208160663,0.034932423187156184
523,200,0.5,1,5,entropy,balanced,0.8065727376345695,0.09797194558142615,0.8921590254046403,0.03876252307806097,0.7209864498644987,0.15728514909785576,0.6252307692307693,0.21973108901402627,0.8459557344064386,0.06503279573204557,0.9065504273504275,0.019366434742942255,0.8582907208160663,0.034932423187156184
535,25,0.1,1,1,gini,,0.7883683728411157,0.07970523010084236,0.8865580740014704,0.032916354805198264,0.6901786716807614,0.12679062701866803,0.5458461538461539,0.15150964192959185,0.8345271629778672,0.053510324018329426,0.9302837606837608,0.02767984018175318,0.8272777334226076,0.015812274618633153
535,25,0.1,1,2,gini,,0.7883683728411157,0.07970523010084236,0.8865580740014704,0.032916354805198264,0.6901786716807614,0.12679062701866803,0.5458461538461539,0.15150964192959185,0.8345271629778672,0.053510324018329426,0.9302837606837608,0.02767984018175318,0.8272777334226076,0.015812274618633153
535,25,0.1,1,5,gini,,0.7883683728411157,0.07970523010084236,0.8865580740014704,0.032916354805198264,0.6901786716807614,0.12679062701866803,0.5458461538461539,0.15150964192959185,0.8345271629778672,0.053510324018329426,0.9302837606837608,0.02767984018175318,0.8272777334226076,0.015812274618633153
538,25,0.5,1,1,gini,balanced,0.7763440400083479,0.05680786449427483,0.8751100440176071,0.024029017094901153,0.6775780359990886,0.09069261089941025,0.5387692307692308,0.09975306790376433,0.8204024144869215,0.038305040022881744,0.9097572649572649,0.032136960173903814,0.815865763130325,0.01744236769668641
538,50,0.5,1,1,gini,balanced,0.7763440400083479,0.05680786449427483,0.8751100440176071,0.024029017094901153,0.6775780359990886,0.09069261089941025,0.5387692307692308,0.09975306790376433,0.8204024144869215,0.038305040022881744,0.9097572649572649,0.032136960173903814,0.815865763130325,0.01744236769668641
538,100,0.5,1,1,gini,balanced,0.7763440400083479,0.05680786449427483,0.8751100440176071,0.024029017094901153,0.6775780359990886,0.09069261089941025,0.5387692307692308,0.09975306790376433,0.8204024144869215,0.038305040022881744,0.9097572649572649,0.032136960173903814,0.815865763130325,0.01744236769668641
538,200,0.5,1,1,gini,balanced,0.7763440400083479,0.05680786449427483,0.8751100440176071,0.024029017094901153,0.6775780359990886,0.09069261089941025,0.5387692307692308,0.09975306790376433,0.8204024144869215,0.038305040022881744,0.9097572649572649,0.032136960173903814,0.815865763130325,0.01744236769668641
538,25,0.5,1,2,gini,balanced,0.7763440400083479,0.05680786449427483,0.8751100440176071,0.024029017094901153,0.6775780359990886,0.09069261089941025,0.5387692307692308,0.09975306790376433,0.8204024144869215,0.038305040022881744,0.9097572649572649,0.032136960173903814,0.815865763130325,0.01744236769668641
538,50,0.5,1,2,gini,balanced,0.7763440400083479,0.05680786449427483,0.8751100440176071,0.024029017094901153,0.6775780359990886,0.09069261089941025,0.5387692307692308,0.09975306790376433,0.8204024144869215,0.038305040022881744,0.9097572649572649,0.032136960173903814,0.815865763130325,0.01744236769668641
538,100,0.5,1,2,gini,balanced,0.7763440400083479,0.05680786449427483,0.8751100440176071,0.024029017094901153,0.6775780359990886,0.09069261089941025,0.5387692307692308,0.09975306790376433,0.8204024144869215,0.038305040022881744,0.9097572649572649,0.032136960173903814,0.815865763130325,0.01744236769668641
538,200,0.5,1,2,gini,balanced,0.7763440400083479,0.05680786449427483,0.8751100440176071,0.024029017094901153,0.6775780359990886,0.09069261089941025,0.5387692307692308,0.09975306790376433,0.8204024144869215,0.038305040022881744,0.9097572649572649,0.032136960173903814,0.815865763130325,0.01744236769668641
538,25,0.5,1,5,gini,balanced,0.7763440400083479,0.05680786449427483,0.8751100440176071,0.024029017094901153,0.6775780359990886,0.09069261089941025,0.5387692307692308,0.09975306790376433,0.8204024144869215,0.038305040022881744,0.9097572649572649,0.032136960173903814,0.815865763130325,0.01744236769668641
538,50,0.5,1,5,gini,balanced,0.7763440400083479,0.05680786449427483,0.8751100440176071,0.024029017094901153,0.6775780359990886,0.09069261089941025,0.5387692307692308,0.09975306790376433,0.8204024144869215,0.038305040022881744,0.9097572649572649,0.032136960173903814,0.815865763130325,0.01744236769668641
538,100,0.5,1,5,gini,balanced,0.7763440400083479,0.05680786449427483,0.8751100440176071,0.024029017094901153,0.6775780359990886,0.09069261089941025,0.5387692307692308,0.09975306790376433,0.8204024144869215,0.038305040022881744,0.9097572649572649,0.032136960173903814,0.815865763130325,0.01744236769668641
538,200,0.5,1,5,gini,balanced,0.7763440400083479,0.05680786449427483,0.8751100440176071,0.024029017094901153,0.6775780359990886,0.09069261089941025,0.5387692307692308,0.09975306790376433,0.8204024144869215,0.038305040022881744,0.9097572649572649,0.032136960173903814,0.815865763130325,0.01744236769668641
550,25,0.1,1,1,entropy,,0.7739877351435813,0.04778527269142349,0.8792987796592525,0.01866257192257985,0.6686766906279101,0.07700220807012784,0.5073846153846154,0.08859401451725743,0.8232997987927566,0.03107134998747379,0.9285196581196582,0.02156015079427544,0.8106243816361042,0.021696669534478005
550,25,0.1,1,2,entropy,,0.7739877351435813,0.04778527269142349,0.8792987796592525,0.01866257192257985,0.6686766906279101,0.07700220807012784,0.5073846153846154,0.08859401451725743,0.8232997987927566,0.03107134998747379,0.9285196581196582,0.02156015079427544,0.8106243816361042,0.021696669534478005
550,25,0.1,1,5,entropy,,0.7739877351435813,0.04778527269142349,0.8792987796592525,0.01866257192257985,0.6686766906279101,0.07700220807012784,0.5073846153846154,0.08859401451725743,0.8232997987927566,0.03107134998747379,0.9285196581196582,0.02156015079427544,0.8106243816361042,0.021696669534478005
553,25,0.1,1,1,gini,balanced,0.7628139516066053,0.06895176322098576,0.8728996237407453,0.026648228314110338,0.6527282794724655,0.11268086631258947,0.5067692307692309,0.1260472345013717,0.8146478873239437,0.04381172105744893,0.9177641025641027,0.03113397187697063,0.8173512388570444,0.019481939463387284
553,50,0.1,1,1,gini,balanced,0.7628139516066053,0.06895176322098576,0.8728996237407453,0.026648228314110338,0.6527282794724655,0.11268086631258947,0.5067692307692309,0.1260472345013717,0.8146478873239437,0.04381172105744893,0.9177641025641027,0.03113397187697063,0.8173512388570444,0.019481939463387284
553,100,0.1,1,1,gini,balanced,0.7628139516066053,0.06895176322098576,0.8728996237407453,0.026648228314110338,0.6527282794724655,0.11268086631258947,0.5067692307692309,0.1260472345013717,0.8146478873239437,0.04381172105744893,0.9177641025641027,0.03113397187697063,0.8173512388570444,0.019481939463387284
553,200,0.1,1,1,gini,balanced,0.7628139516066053,0.06895176322098576,0.8728996237407453,0.026648228314110338,0.6527282794724655,0.11268086631258947,0.5067692307692309,0.1260472345013717,0.8146478873239437,0.04381172105744893,0.9177641025641027,0.03113397187697063,0.8173512388570444,0.019481939463387284
553,25,0.1,1,2,gini,balanced,0.7628139516066053,0.06895176322098576,0.8728996237407453,0.026648228314110338,0.6527282794724655,0.11268086631258947,0.5067692307692309,0.1260472345013717,0.8146478873239437,0.04381172105744893,0.9177641025641027,0.03113397187697063,0.8173512388570444,0.019481939463387284
553,50,0.1,1,2,gini,balanced,0.7628139516066053,0.06895176322098576,0.8728996237407453,0.026648228314110338,0.6527282794724655,0.11268086631258947,0.5067692307692309,0.1260472345013717,0.8146478873239437,0.04381172105744893,0.9177641025641027,0.03113397187697063,0.8173512388570444,0.019481939463387284
553,100,0.1,1,2,gini,balanced,0.7628139516066053,0.06895176322098576,0.8728996237407453,0.026648228314110338,0.6527282794724655,0.11268086631258947,0.5067692307692309,0.1260472345013717,0.8146478873239437,0.04381172105744893,0.9177641025641027,0.03113397187697063,0.8173512388570444,0.019481939463387284
553,200,0.1,1,2,gini,balanced,0.7628139516066053,0.06895176322098576,0.8728996237407453,0.026648228314110338,0.6527282794724655,0.11268086631258947,0.5067692307692309,0.1260472345013717,0.8146478873239437,0.04381172105744893,0.9177641025641027,0.03113397187697063,0.8173512388570444,0.019481939463387284
553,25,0.1,1,5,gini,balanced,0.7628139516066053,0.06895176322098576,0.8728996237407453,0.026648228314110338,0.6527282794724655,0.11268086631258947,0.5067692307692309,0.1260472345013717,0.8146478873239437,0.04381172105744893,0.9177641025641027,0.03113397187697063,0.8173512388570444,0.019481939463387284
553,50,0.1,1,5,gini,balanced,0.7628139516066053,0.06895176322098576,0.8728996237407453,0.026648228314110338,0.6527282794724655,0.11268086631258947,0.5067692307692309,0.1260472345013717,0.8146478873239437,0.04381172105744893,0.9177641025641027,0.03113397187697063,0.8173512388570444,0.019481939463387284
553,100,0.1,1,5,gini,balanced,0.7628139516066053,0.06895176322098576,0.8728996237407453,0.026648228314110338,0.6527282794724655,0.11268086631258947,0.5067692307692309,0.1260472345013717,0.8146478873239437,0.04381172105744893,0.9177641025641027,0.03113397187697063,0.8173512388570444,0.019481939463387284
553,200,0.1,1,5,gini,balanced,0.7628139516066053,0.06895176322098576,0.8728996237407453,0.026648228314110338,0.6527282794724655,0.11268086631258947,0.5067692307692309,0.1260472345013717,0.8146478873239437,0.04381172105744893,0.9177641025641027,0.03113397187697063,0.8173512388570444,0.019481939463387284
565,25,0.1,1,1,entropy,balanced,0.7503833561226805,0.060628773072485515,0.8709476153530933,0.021729411267256152,0.6298190968922677,0.09959977854963918,0.4673846153846154,0.10639393140143498,0.8090140845070423,0.03723223560030091,0.9265641025641026,0.021904313791368975,0.7983585649950218,0.01802334525490543
565,50,0.1,1,1,entropy,balanced,0.7503833561226805,0.060628773072485515,0.8709476153530933,0.021729411267256152,0.6298190968922677,0.09959977854963918,0.4673846153846154,0.10639393140143498,0.8090140845070423,0.03723223560030091,0.9265641025641026,0.021904313791368975,0.7983585649950218,0.01802334525490543
565,100,0.1,1,1,entropy,balanced,0.7503833561226805,0.060628773072485515,0.8709476153530933,0.021729411267256152,0.6298190968922677,0.09959977854963918,0.4673846153846154,0.10639393140143498,0.8090140845070423,0.03723223560030091,0.9265641025641026,0.021904313791368975,0.7983585649950218,0.01802334525490543
565,200,0.1,1,1,entropy,balanced,0.7503833561226805,0.060628773072485515,0.8709476153530933,0.021729411267256152,0.6298190968922677,0.09959977854963918,0.4673846153846154,0.10639393140143498,0.8090140845070423,0.03723223560030091,0.9265641025641026,0.021904313791368975,0.7983585649950218,0.01802334525490543
565,25,0.1,1,2,entropy,balanced,0.7503833561226805,0.060628773072485515,0.8709476153530933,0.021729411267256152,0.6298190968922677,0.09959977854963918,0.4673846153846154,0.10639393140143498,0.8090140845070423,0.03723223560030091,0.9265641025641026,0.021904313791368975,0.7983585649950218,0.01802334525490543
565,50,0.1,1,2,entropy,balanced,0.7503833561226805,0.060628773072485515,0.8709476153530933,0.021729411267256152,0.6298190968922677,0.09959977854963918,0.4673846153846154,0.10639393140143498,0.8090140845070423,0.03723223560030091,0.9265641025641026,0.021904313791368975,0.7983585649950218,0.01802334525490543
565,100,0.1,1,2,entropy,balanced,0.7503833561226805,0.060628773072485515,0.8709476153530933,0.021729411267256152,0.6298190968922677,0.09959977854963918,0.4673846153846154,0.10639393140143498,0.8090140845070423,0.03723223560030091,0.9265641025641026,0.021904313791368975,0.7983585649950218,0.01802334525490543
565,200,0.1,1,2,entropy,balanced,0.7503833561226805,0.060628773072485515,0.8709476153530933,0.021729411267256152,0.6298190968922677,0.09959977854963918,0.4673846153846154,0.10639393140143498,0.8090140845070423,0.03723223560030091,0.9265641025641026,0.021904313791368975,0.7983585649950218,0.01802334525490543
565,25,0.1,1,5,entropy,balanced,0.7503833561226805,0.060628773072485515,0.8709476153530933,0.021729411267256152,0.6298190968922677,0.09959977854963918,0.4673846153846154,0.10639393140143498,0.8090140845070423,0.03723223560030091,0.9265641025641026,0.021904313791368975,0.7983585649950218,0.01802334525490543
565,50,0.1,1,5,entropy,balanced,0.7503833561226805,0.060628773072485515,0.8709476153530933,0.021729411267256152,0.6298190968922677,0.09959977854963918,0.4673846153846154,0.10639393140143498,0.8090140845070423,0.03723223560030091,0.9265641025641026,0.021904313791368975,0.7983585649950218,0.01802334525490543
565,100,0.1,1,5,entropy,balanced,0.7503833561226805,0.060628773072485515,0.8709476153530933,0.021729411267256152,0.6298190968922677,0.09959977854963918,0.4673846153846154,0.10639393140143498,0.8090140845070423,0.03723223560030091,0.9265641025641026,0.021904313791368975,0.7983585649950218,0.01802334525490543
565,200,0.1,1,5,entropy,balanced,0.7503833561226805,0.060628773072485515,0.8709476153530933,0.021729411267256152,0.6298190968922677,0.09959977854963918,0.4673846153846154,0.10639393140143498,0.8090140845070423,0.03723223560030091,0.9265641025641026,0.021904313791368975,0.7983585649950218,0.01802334525490543
