mean_fit_time,std_fit_time,mean_score_time,std_score_time,param_n_estimators,param_min_samples_split,param_min_samples_leaf,param_max_samples,param_max_leaf_nodes,param_max_features,param_criterion,param_ccp_alpha,params,split0_test_macro_f1,split1_test_macro_f1,split2_test_macro_f1,split3_test_macro_f1,split4_test_macro_f1,mean_test_macro_f1,std_test_macro_f1,rank_test_macro_f1,split0_train_macro_f1,split1_train_macro_f1,split2_train_macro_f1,split3_train_macro_f1,split4_train_macro_f1,mean_train_macro_f1,std_train_macro_f1,split0_test_f1_g,split1_test_f1_g,split2_test_f1_g,split3_test_f1_g,split4_test_f1_g,mean_test_f1_g,std_test_f1_g,rank_test_f1_g,split0_train_f1_g,split1_train_f1_g,split2_train_f1_g,split3_train_f1_g,split4_train_f1_g,mean_train_f1_g,std_train_f1_g,split0_test_f1_b,split1_test_f1_b,split2_test_f1_b,split3_test_f1_b,split4_test_f1_b,mean_test_f1_b,std_test_f1_b,rank_test_f1_b,split0_train_f1_b,split1_train_f1_b,split2_train_f1_b,split3_train_f1_b,split4_train_f1_b,mean_train_f1_b,std_train_f1_b,split0_test_recall_b,split1_test_recall_b,split2_test_recall_b,split3_test_recall_b,split4_test_recall_b,mean_test_recall_b,std_test_recall_b,rank_test_recall_b,split0_train_recall_b,split1_train_recall_b,split2_train_recall_b,split3_train_recall_b,split4_train_recall_b,mean_train_recall_b,std_train_recall_b,split0_test_accuracy,split1_test_accuracy,split2_test_accuracy,split3_test_accuracy,split4_test_accuracy,mean_test_accuracy,std_test_accuracy,rank_test_accuracy,split0_train_accuracy,split1_train_accuracy,split2_train_accuracy,split3_train_accuracy,split4_train_accuracy,mean_train_accuracy,std_train_accuracy,split0_test_roc_auc,split1_test_roc_auc,split2_test_roc_auc,split3_test_roc_auc,split4_test_roc_auc,mean_test_roc_auc,std_test_roc_auc,rank_test_roc_auc,split0_train_roc_auc,split1_train_roc_auc,split2_train_roc_auc,split3_train_roc_auc,split4_train_roc_auc,mean_train_roc_auc,std_train_roc_auc
0.5084226608276368,0.009312718937656743,0.029459333419799803,0.00034174186267023365,200,8,1,1.0,32,0.5,entropy,0.001,"{'n_estimators': 200, 'min_samples_split': 8, 'min_samples_leaf': 1, 'max_samples': 1.0, 'max_leaf_nodes': 32, 'max_features': 0.5, 'criterion': 'entropy', 'ccp_alpha': 0.001}",0.9691304347826086,0.9519560741249142,0.9199267902081903,0.9843014128728415,0.9048913043478262,0.9460412032672763,0.029689118204468293,1,1.0,0.9922375690607734,0.9883821887790962,0.9961273962596988,0.9961273962596988,0.9945749100718535,0.003951328573207338,0.9782608695652174,0.967741935483871,0.946236559139785,0.989010989010989,0.9347826086956522,0.9632065923791029,0.02004481160196153,1,1.0,0.994475138121547,0.9916897506925207,0.997229916897507,0.997229916897507,0.9961249445218163,0.0028231467663892857,0.96,0.9361702127659575,0.8936170212765957,0.9795918367346939,0.875,0.9288758141554494,0.03934418373284662,1,1.0,0.99,0.9850746268656716,0.9950248756218906,0.9950248756218906,0.9930248756218905,0.005079541079738714,0.9230769230769231,0.88,0.84,0.96,0.84,0.8886153846153846,0.04708396126372573,2,1.0,0.9801980198019802,0.9801980198019802,0.9900990099009901,0.9900990099009901,0.9881188118811881,0.007409222548067217,0.971830985915493,0.9571428571428572,0.9285714285714286,0.9857142857142858,0.9142857142857143,0.9515090543259559,0.02655722203486256,1,1.0,0.9928825622775801,0.9893238434163701,0.99644128113879,0.99644128113879,0.995017793594306,0.003629195383340049,0.9948717948717949,0.9626666666666667,0.9760000000000001,0.9884444444444445,0.9528888888888889,0.9749743589743591,0.015605450177514774,112,1.0,1.0,0.9996149614961497,1.0,1.0,0.9999229922992299,0.00015401540154011962
0.5537936210632324,0.014850964134102957,0.03020644187927246,0.000666690158796186,200,8,1,1.0,32,0.5,entropy,0.0,"{'n_estimators': 200, 'min_samples_split': 8, 'min_samples_leaf': 1, 'max_samples': 1.0, 'max_leaf_nodes': 32, 'max_features': 0.5, 'criterion': 'entropy', 'ccp_alpha': 0.0}",0.9691304347826086,0.9519560741249142,0.9199267902081903,0.9843014128728415,0.9048913043478262,0.9460412032672763,0.029689118204468293,1,1.0,0.9922375690607734,0.9883821887790962,0.9961273962596988,0.9961273962596988,0.9945749100718535,0.003951328573207338,0.9782608695652174,0.967741935483871,0.946236559139785,0.989010989010989,0.9347826086956522,0.9632065923791029,0.02004481160196153,1,1.0,0.994475138121547,0.9916897506925207,0.997229916897507,0.997229916897507,0.9961249445218163,0.0028231467663892857,0.96,0.9361702127659575,0.8936170212765957,0.9795918367346939,0.875,0.9288758141554494,0.03934418373284662,1,1.0,0.99,0.9850746268656716,0.9950248756218906,0.9950248756218906,0.9930248756218905,0.005079541079738714,0.9230769230769231,0.88,0.84,0.96,0.84,0.8886153846153846,0.04708396126372573,2,1.0,0.9801980198019802,0.9801980198019802,0.9900990099009901,0.9900990099009901,0.9881188118811881,0.007409222548067217,0.971830985915493,0.9571428571428572,0.9285714285714286,0.9857142857142858,0.9142857142857143,0.9515090543259559,0.02655722203486256,1,1.0,0.9928825622775801,0.9893238434163701,0.99644128113879,0.99644128113879,0.995017793594306,0.003629195383340049,0.9948717948717949,0.9626666666666667,0.9760000000000001,0.9884444444444445,0.9528888888888889,0.9749743589743591,0.015605450177514774,112,1.0,1.0,0.9996149614961497,1.0,1.0,0.9999229922992299,0.00015401540154011962
0.5149795055389405,0.01969147873647302,0.029609107971191408,0.0013134834492834792,200,8,1,1.0,32,0.5,log_loss,0.001,"{'n_estimators': 200, 'min_samples_split': 8, 'min_samples_leaf': 1, 'max_samples': 1.0, 'max_leaf_nodes': 32, 'max_features': 0.5, 'criterion': 'log_loss', 'ccp_alpha': 0.001}",0.9691304347826086,0.9519560741249142,0.9199267902081903,0.9843014128728415,0.9048913043478262,0.9460412032672763,0.029689118204468293,1,1.0,0.9922375690607734,0.9883821887790962,0.9961273962596988,0.9961273962596988,0.9945749100718535,0.003951328573207338,0.9782608695652174,0.967741935483871,0.946236559139785,0.989010989010989,0.9347826086956522,0.9632065923791029,0.02004481160196153,1,1.0,0.994475138121547,0.9916897506925207,0.997229916897507,0.997229916897507,0.9961249445218163,0.0028231467663892857,0.96,0.9361702127659575,0.8936170212765957,0.9795918367346939,0.875,0.9288758141554494,0.03934418373284662,1,1.0,0.99,0.9850746268656716,0.9950248756218906,0.9950248756218906,0.9930248756218905,0.005079541079738714,0.9230769230769231,0.88,0.84,0.96,0.84,0.8886153846153846,0.04708396126372573,2,1.0,0.9801980198019802,0.9801980198019802,0.9900990099009901,0.9900990099009901,0.9881188118811881,0.007409222548067217,0.971830985915493,0.9571428571428572,0.9285714285714286,0.9857142857142858,0.9142857142857143,0.9515090543259559,0.02655722203486256,1,1.0,0.9928825622775801,0.9893238434163701,0.99644128113879,0.99644128113879,0.995017793594306,0.003629195383340049,0.9948717948717949,0.9626666666666667,0.9760000000000001,0.9884444444444445,0.9528888888888889,0.9749743589743591,0.015605450177514774,112,1.0,1.0,0.9996149614961497,1.0,1.0,0.9999229922992299,0.00015401540154011962
0.25840072631835936,0.005131829041685285,0.02196025848388672,0.0006398079734946274,100,2,1,,32,0.5,entropy,0.001,"{'n_estimators': 100, 'min_samples_split': 2, 'min_samples_leaf': 1, 'max_samples': None, 'max_leaf_nodes': 32, 'max_features': 0.5, 'criterion': 'entropy', 'ccp_alpha': 0.001}",0.9691304347826086,0.9519560741249142,0.9199267902081903,0.9843014128728415,0.8901098901098901,0.9430849204196889,0.034054421938562986,4,1.0,1.0,1.0,1.0,1.0,1.0,0.0,0.9782608695652174,0.967741935483871,0.946236559139785,0.989010989010989,0.9230769230769231,0.960865455255357,0.023596759334684046,6,1.0,1.0,1.0,1.0,1.0,1.0,0.0,0.96,0.9361702127659575,0.8936170212765957,0.9795918367346939,0.8571428571428571,0.9253043855840207,0.04454000949410266,4,1.0,1.0,1.0,1.0,1.0,1.0,0.0,0.9230769230769231,0.88,0.84,0.96,0.84,0.8886153846153846,0.04708396126372573,2,1.0,1.0,1.0,1.0,1.0,1.0,0.0,0.971830985915493,0.9571428571428572,0.9285714285714286,0.9857142857142858,0.9,0.948651911468813,0.030832513742207752,5,1.0,1.0,1.0,1.0,1.0,1.0,0.0,0.9935897435897436,0.9773333333333334,0.9777777777777777,0.9888888888888889,0.9515555555555555,0.9778290598290598,0.01456890093901473,31,1.0,1.0,0.9999999999999999,1.0,1.0,1.0,4.965068306494546e-17
0.5300685405731201,0.008445519648363724,0.03037996292114258,0.0004618013499510151,200,2,1,,32,0.5,log_loss,0.001,"{'n_estimators': 200, 'min_samples_split': 2, 'min_samples_leaf': 1, 'max_samples': None, 'max_leaf_nodes': 32, 'max_features': 0.5, 'criterion': 'log_loss', 'ccp_alpha': 0.001}",0.9691304347826086,0.9519560741249142,0.9199267902081903,0.9843014128728415,0.8901098901098901,0.9430849204196889,0.034054421938562986,4,1.0,1.0,1.0,1.0,1.0,1.0,0.0,0.9782608695652174,0.967741935483871,0.946236559139785,0.989010989010989,0.9230769230769231,0.960865455255357,0.023596759334684046,6,1.0,1.0,1.0,1.0,1.0,1.0,0.0,0.96,0.9361702127659575,0.8936170212765957,0.9795918367346939,0.8571428571428571,0.9253043855840207,0.04454000949410266,4,1.0,1.0,1.0,1.0,1.0,1.0,0.0,0.9230769230769231,0.88,0.84,0.96,0.84,0.8886153846153846,0.04708396126372573,2,1.0,1.0,1.0,1.0,1.0,1.0,0.0,0.971830985915493,0.9571428571428572,0.9285714285714286,0.9857142857142858,0.9,0.948651911468813,0.030832513742207752,5,1.0,1.0,1.0,1.0,1.0,1.0,0.0,0.9957264957264957,0.9728888888888889,0.9755555555555556,0.9888888888888889,0.9551111111111111,0.9776341880341881,0.01405793341856749,38,1.0,1.0,1.0,1.0,1.0,1.0,0.0
0.7999343872070312,0.020712003745274172,0.03804864883422852,0.0005956489878122746,300,2,1,1.0,16,0.5,log_loss,0.001,"{'n_estimators': 300, 'min_samples_split': 2, 'min_samples_leaf': 1, 'max_samples': 1.0, 'max_leaf_nodes': 16, 'max_features': 0.5, 'criterion': 'log_loss', 'ccp_alpha': 0.001}",0.9691304347826086,0.9519560741249142,0.9199267902081903,0.9843014128728415,0.8901098901098901,0.9430849204196889,0.034054421938562986,4,1.0,1.0,1.0,1.0,1.0,1.0,0.0,0.9782608695652174,0.967741935483871,0.946236559139785,0.989010989010989,0.9230769230769231,0.960865455255357,0.023596759334684046,6,1.0,1.0,1.0,1.0,1.0,1.0,0.0,0.96,0.9361702127659575,0.8936170212765957,0.9795918367346939,0.8571428571428571,0.9253043855840207,0.04454000949410266,4,1.0,1.0,1.0,1.0,1.0,1.0,0.0,0.9230769230769231,0.88,0.84,0.96,0.84,0.8886153846153846,0.04708396126372573,2,1.0,1.0,1.0,1.0,1.0,1.0,0.0,0.971830985915493,0.9571428571428572,0.9285714285714286,0.9857142857142858,0.9,0.948651911468813,0.030832513742207752,5,1.0,1.0,1.0,1.0,1.0,1.0,0.0,0.9957264957264957,0.9715555555555555,0.9777777777777779,0.9902222222222222,0.9564444444444445,0.9783452991452991,0.013922912278071364,21,1.0,1.0,1.0,1.0,1.0,1.0,0.0
0.8118511199951172,0.006562873095414486,0.03915691375732422,0.0014184279228409578,300,2,1,1.0,32,0.5,entropy,0.001,"{'n_estimators': 300, 'min_samples_split': 2, 'min_samples_leaf': 1, 'max_samples': 1.0, 'max_leaf_nodes': 32, 'max_features': 0.5, 'criterion': 'entropy', 'ccp_alpha': 0.001}",0.9691304347826086,0.9519560741249142,0.9199267902081903,0.9843014128728415,0.8901098901098901,0.9430849204196889,0.034054421938562986,4,1.0,1.0,1.0,1.0,1.0,1.0,0.0,0.9782608695652174,0.967741935483871,0.946236559139785,0.989010989010989,0.9230769230769231,0.960865455255357,0.023596759334684046,6,1.0,1.0,1.0,1.0,1.0,1.0,0.0,0.96,0.9361702127659575,0.8936170212765957,0.9795918367346939,0.8571428571428571,0.9253043855840207,0.04454000949410266,4,1.0,1.0,1.0,1.0,1.0,1.0,0.0,0.9230769230769231,0.88,0.84,0.96,0.84,0.8886153846153846,0.04708396126372573,2,1.0,1.0,1.0,1.0,1.0,1.0,0.0,0.971830985915493,0.9571428571428572,0.9285714285714286,0.9857142857142858,0.9,0.948651911468813,0.030832513742207752,5,1.0,1.0,1.0,1.0,1.0,1.0,0.0,0.9957264957264956,0.9715555555555555,0.9768888888888889,0.9902222222222222,0.9564444444444444,0.9781675213675213,0.01393469380471188,22,0.9999999999999999,1.0,0.9999999999999999,1.0,1.0,1.0,7.021666937153402e-17
0.2669707775115967,0.006168300080041159,0.02196340560913086,0.0005365899707892959,100,2,1,1.0,32,0.5,log_loss,0.001,"{'n_estimators': 100, 'min_samples_split': 2, 'min_samples_leaf': 1, 'max_samples': 1.0, 'max_leaf_nodes': 32, 'max_features': 0.5, 'criterion': 'log_loss', 'ccp_alpha': 0.001}",0.9691304347826086,0.9519560741249142,0.9199267902081903,0.9843014128728415,0.8901098901098901,0.9430849204196889,0.034054421938562986,4,1.0,1.0,1.0,1.0,1.0,1.0,0.0,0.9782608695652174,0.967741935483871,0.946236559139785,0.989010989010989,0.9230769230769231,0.960865455255357,0.023596759334684046,6,1.0,1.0,1.0,1.0,1.0,1.0,0.0,0.96,0.9361702127659575,0.8936170212765957,0.9795918367346939,0.8571428571428571,0.9253043855840207,0.04454000949410266,4,1.0,1.0,1.0,1.0,1.0,1.0,0.0,0.9230769230769231,0.88,0.84,0.96,0.84,0.8886153846153846,0.04708396126372573,2,1.0,1.0,1.0,1.0,1.0,1.0,0.0,0.971830985915493,0.9571428571428572,0.9285714285714286,0.9857142857142858,0.9,0.948651911468813,0.030832513742207752,5,1.0,1.0,1.0,1.0,1.0,1.0,0.0,0.9935897435897436,0.9773333333333334,0.9777777777777777,0.9888888888888889,0.9515555555555555,0.9778290598290598,0.01456890093901473,31,1.0,1.0,0.9999999999999999,1.0,1.0,1.0,4.965068306494546e-17
0.5198849678039551,0.014264955608707372,0.030975723266601564,0.0005298328529259171,200,4,1,1.0,16,0.5,log_loss,0.0,"{'n_estimators': 200, 'min_samples_split': 4, 'min_samples_leaf': 1, 'max_samples': 1.0, 'max_leaf_nodes': 16, 'max_features': 0.5, 'criterion': 'log_loss', 'ccp_alpha': 0.0}",0.9691304347826086,0.9519560741249142,0.9199267902081903,0.9843014128728415,0.8901098901098901,0.9430849204196889,0.034054421938562986,4,1.0,1.0,1.0,1.0,1.0,1.0,0.0,0.9782608695652174,0.967741935483871,0.946236559139785,0.989010989010989,0.9230769230769231,0.960865455255357,0.023596759334684046,6,1.0,1.0,1.0,1.0,1.0,1.0,0.0,0.96,0.9361702127659575,0.8936170212765957,0.9795918367346939,0.8571428571428571,0.9253043855840207,0.04454000949410266,4,1.0,1.0,1.0,1.0,1.0,1.0,0.0,0.9230769230769231,0.88,0.84,0.96,0.84,0.8886153846153846,0.04708396126372573,2,1.0,1.0,1.0,1.0,1.0,1.0,0.0,0.971830985915493,0.9571428571428572,0.9285714285714286,0.9857142857142858,0.9,0.948651911468813,0.030832513742207752,5,1.0,1.0,1.0,1.0,1.0,1.0,0.0,0.9948717948717949,0.9644444444444444,0.976,0.9893333333333333,0.9564444444444445,0.9762188034188034,0.014488848553728671,79,1.0,1.0,1.0,1.0,0.9999999999999999,1.0,4.965068306494546e-17
0.5269692420959473,0.010215294233011823,0.03160758018493652,0.002022011388223351,200,2,1,1.0,32,0.5,entropy,0.0,"{'n_estimators': 200, 'min_samples_split': 2, 'min_samples_leaf': 1, 'max_samples': 1.0, 'max_leaf_nodes': 32, 'max_features': 0.5, 'criterion': 'entropy', 'ccp_alpha': 0.0}",0.9691304347826086,0.9519560741249142,0.9199267902081903,0.9843014128728415,0.8901098901098901,0.9430849204196889,0.034054421938562986,4,1.0,1.0,1.0,1.0,1.0,1.0,0.0,0.9782608695652174,0.967741935483871,0.946236559139785,0.989010989010989,0.9230769230769231,0.960865455255357,0.023596759334684046,6,1.0,1.0,1.0,1.0,1.0,1.0,0.0,0.96,0.9361702127659575,0.8936170212765957,0.9795918367346939,0.8571428571428571,0.9253043855840207,0.04454000949410266,4,1.0,1.0,1.0,1.0,1.0,1.0,0.0,0.9230769230769231,0.88,0.84,0.96,0.84,0.8886153846153846,0.04708396126372573,2,1.0,1.0,1.0,1.0,1.0,1.0,0.0,0.971830985915493,0.9571428571428572,0.9285714285714286,0.9857142857142858,0.9,0.948651911468813,0.030832513742207752,5,1.0,1.0,1.0,1.0,1.0,1.0,0.0,0.9957264957264957,0.9728888888888889,0.9755555555555556,0.9888888888888889,0.9551111111111111,0.9776341880341881,0.01405793341856749,38,1.0,1.0,1.0,1.0,1.0,1.0,0.0
0.26308722496032716,0.007628076519070664,0.02285027503967285,0.0006206129496916149,100,2,1,1.0,16,0.5,entropy,0.0,"{'n_estimators': 100, 'min_samples_split': 2, 'min_samples_leaf': 1, 'max_samples': 1.0, 'max_leaf_nodes': 16, 'max_features': 0.5, 'criterion': 'entropy', 'ccp_alpha': 0.0}",0.9691304347826086,0.9519560741249142,0.9199267902081903,0.9843014128728415,0.8901098901098901,0.9430849204196889,0.034054421938562986,4,1.0,1.0,1.0,1.0,1.0,1.0,0.0,0.9782608695652174,0.967741935483871,0.946236559139785,0.989010989010989,0.9230769230769231,0.960865455255357,0.023596759334684046,6,1.0,1.0,1.0,1.0,1.0,1.0,0.0,0.96,0.9361702127659575,0.8936170212765957,0.9795918367346939,0.8571428571428571,0.9253043855840207,0.04454000949410266,4,1.0,1.0,1.0,1.0,1.0,1.0,0.0,0.9230769230769231,0.88,0.84,0.96,0.84,0.8886153846153846,0.04708396126372573,2,1.0,1.0,1.0,1.0,1.0,1.0,0.0,0.971830985915493,0.9571428571428572,0.9285714285714286,0.9857142857142858,0.9,0.948651911468813,0.030832513742207752,5,1.0,1.0,1.0,1.0,1.0,1.0,0.0,0.9923076923076923,0.9777777777777779,0.9777777777777777,0.9893333333333333,0.9515555555555555,0.9777504273504274,0.014368371365512372,35,1.0,1.0,1.0,0.9999999999999999,1.0,1.0,4.965068306494546e-17
0.3899828433990479,0.0041461382645241966,0.029883384704589844,7.719992118679799e-05,200,2,1,,,0.3,log_loss,0.0,"{'n_estimators': 200, 'min_samples_split': 2, 'min_samples_leaf': 1, 'max_samples': None, 'max_leaf_nodes': None, 'max_features': 0.3, 'criterion': 'log_loss', 'ccp_alpha': 0.0}",0.9532587228439764,0.9519560741249142,0.9199267902081903,0.9843014128728415,0.9048913043478262,0.9428668608795497,0.02784175435454202,12,1.0,1.0,1.0,1.0,1.0,1.0,0.0,0.967741935483871,0.967741935483871,0.946236559139785,0.989010989010989,0.9347826086956522,0.9611028055628337,0.018872100261659887,4,1.0,1.0,1.0,1.0,1.0,1.0,0.0,0.9387755102040817,0.9361702127659575,0.8936170212765957,0.9795918367346939,0.875,0.9246309161962658,0.0368212362963813,12,1.0,1.0,1.0,1.0,1.0,1.0,0.0,0.8846153846153846,0.88,0.84,0.96,0.84,0.8809230769230769,0.043856678898699895,18,1.0,1.0,1.0,1.0,1.0,1.0,0.0,0.9577464788732394,0.9571428571428572,0.9285714285714286,0.9857142857142858,0.9142857142857143,0.9486921529175051,0.024950671753576154,4,1.0,1.0,1.0,1.0,1.0,1.0,0.0,0.994017094017094,0.9635555555555555,0.9813333333333334,0.9906666666666667,0.9577777777777777,0.9774700854700855,0.014451844561691754,46,1.0,1.0,1.0,1.0,1.0,1.0,0.0
0.7868043899536132,0.019220365384056536,0.03821854591369629,0.00018011354557423857,300,8,1,1.0,16,0.5,log_loss,0.001,"{'n_estimators': 300, 'min_samples_split': 8, 'min_samples_leaf': 1, 'max_samples': 1.0, 'max_leaf_nodes': 16, 'max_features': 0.5, 'criterion': 'log_loss', 'ccp_alpha': 0.001}",0.9691304347826086,0.9519560741249142,0.9199267902081903,0.9682971014492754,0.9048913043478262,0.9428403409825631,0.026028724389764783,13,1.0,0.9961273962596988,0.9883821887790962,0.9961273962596988,0.9961273962596988,0.9953528755116385,0.0037943612558926894,0.9782608695652174,0.967741935483871,0.946236559139785,0.9782608695652174,0.9347826086956522,0.9610565684899486,0.017587630444330225,5,1.0,0.997229916897507,0.9916897506925207,0.997229916897507,0.997229916897507,0.9966759002770085,0.0027141160584855306,0.96,0.9361702127659575,0.8936170212765957,0.9583333333333334,0.875,0.9246241134751774,0.03448208133075438,13,1.0,0.9950248756218906,0.9850746268656716,0.9950248756218906,0.9950248756218906,0.9940298507462686,0.004874606453299875,0.9230769230769231,0.88,0.84,0.92,0.84,0.8806153846153846,0.036479385440686636,44,1.0,0.9900990099009901,0.9801980198019802,0.9900990099009901,0.9900990099009901,0.9900990099009901,0.00626193596072947,0.971830985915493,0.9571428571428572,0.9285714285714286,0.9714285714285714,0.9142857142857143,0.948651911468813,0.023291213758782674,5,1.0,0.99644128113879,0.9893238434163701,0.99644128113879,0.99644128113879,0.9957295373665481,0.0034868181391931245,0.9948717948717949,0.9635555555555556,0.9760000000000001,0.9875555555555555,0.9555555555555555,0.9755076923076924,0.014569167290781915,90,1.0,1.0,0.9996149614961496,1.0,1.0,0.9999229922992299,0.00015401540154016404
0.1787708282470703,0.0031460010493049883,0.02222781181335449,0.0004204545921324389,100,8,2,0.8,,0.3,log_loss,0.0,"{'n_estimators': 100, 'min_samples_split': 8, 'min_samples_leaf': 2, 'max_samples': 0.8, 'max_leaf_nodes': None, 'max_features': 0.3, 'criterion': 'log_loss', 'ccp_alpha': 0.0}",0.9532587228439764,0.9519560741249142,0.9199267902081903,0.9843014128728415,0.8901098901098901,0.9399105780319627,0.03216604873842977,14,0.9843014128728415,0.9725144973101376,0.96866287498606,0.9883821887790962,0.9844044844044844,0.9796530916705238,0.007643613693230987,0.967741935483871,0.967741935483871,0.946236559139785,0.989010989010989,0.9230769230769231,0.9587616684390878,0.022390137123183954,24,0.989010989010989,0.9809264305177112,0.9781420765027322,0.9916897506925207,0.989010989010989,0.9857560471469885,0.0052477781317372164,0.9387755102040817,0.9361702127659575,0.8936170212765957,0.9795918367346939,0.8571428571428571,0.9210594876248372,0.04196820695259991,14,0.9795918367346939,0.9641025641025641,0.9591836734693877,0.9850746268656716,0.9797979797979798,0.9735501361940594,0.01003995468122451,0.8846153846153846,0.88,0.84,0.96,0.84,0.8809230769230769,0.043856678898699895,18,0.96,0.9306930693069307,0.9306930693069307,0.9801980198019802,0.9603960396039604,0.9523960396039604,0.01916668023452744,0.9577464788732394,0.9571428571428572,0.9285714285714286,0.9857142857142858,0.9,0.9458350100603623,0.029185566688558266,14,0.9857142857142858,0.9750889679715302,0.9715302491103203,0.9893238434163701,0.9857651245551602,0.9814844941535334,0.006894346664804489,0.9931623931623932,0.9644444444444444,0.9733333333333334,0.984,0.952,0.9733880341880342,0.014429676970430162,159,0.999611111111111,0.9992849284928493,0.9991199119911991,0.9994499449944995,0.9997249724972498,0.9994381738173818,0.00021774942959436122
0.3849493980407715,0.022895044290163445,0.03621177673339844,0.006684188579525424,200,8,2,0.8,,0.3,log_loss,0.0,"{'n_estimators': 200, 'min_samples_split': 8, 'min_samples_leaf': 2, 'max_samples': 0.8, 'max_leaf_nodes': None, 'max_features': 0.3, 'criterion': 'log_loss', 'ccp_alpha': 0.0}",0.9532587228439764,0.9519560741249142,0.9199267902081903,0.9843014128728415,0.8901098901098901,0.9399105780319627,0.03216604873842977,14,0.980422592328453,0.9766067266067266,0.9646614965416056,0.9883821887790962,0.9883300801528303,0.9796806168817425,0.00878753518502868,0.967741935483871,0.967741935483871,0.946236559139785,0.989010989010989,0.9230769230769231,0.9587616684390878,0.022390137123183954,24,0.9862258953168044,0.9835164835164835,0.9754768392370572,0.9916897506925207,0.9917355371900827,0.9857289011905896,0.0060308867049603055,0.9387755102040817,0.9361702127659575,0.8936170212765957,0.9795918367346939,0.8571428571428571,0.9210594876248372,0.04196820695259991,14,0.9746192893401016,0.9696969696969697,0.9538461538461539,0.9850746268656716,0.9849246231155779,0.973632332572895,0.011544660736591284,0.8846153846153846,0.88,0.84,0.96,0.84,0.8809230769230769,0.043856678898699895,18,0.96,0.9504950495049505,0.9207920792079208,0.9801980198019802,0.9702970297029703,0.9563564356435643,0.020372609824364136,0.9577464788732394,0.9571428571428572,0.9285714285714286,0.9857142857142858,0.9,0.9458350100603623,0.029185566688558266,14,0.9821428571428571,0.9786476868327402,0.9679715302491103,0.9893238434163701,0.9893238434163701,0.9814819522114895,0.007924542542070043,0.9923076923076923,0.9635555555555556,0.9751111111111112,0.9848888888888888,0.952,0.9735726495726496,0.014471678165183487,154,0.9995555555555555,0.9993399339933993,0.9993949394939494,0.9995049504950495,0.9997249724972497,0.9995040704070407,0.00013438716233807495
0.3339231491088867,0.007597960032647939,0.029930496215820314,0.00045315763676736343,200,2,4,1.0,32,0.3,gini,0.0,"{'n_estimators': 200, 'min_samples_split': 2, 'min_samples_leaf': 4, 'max_samples': 1.0, 'max_leaf_nodes': 32, 'max_features': 0.3, 'criterion': 'gini', 'ccp_alpha': 0.0}",0.9691304347826086,0.9519560741249142,0.9199267902081903,0.9682971014492754,0.8901098901098901,0.9398840581349758,0.030607664050520955,16,0.9686028257456829,0.9646614965416056,0.96866287498606,0.9688089688089687,0.9844044844044844,0.9710281300973603,0.0068682179223823634,0.9782608695652174,0.967741935483871,0.946236559139785,0.9782608695652174,0.9230769230769231,0.9587154313662027,0.02131361823106343,26,0.978021978021978,0.9754768392370572,0.9781420765027322,0.978021978021978,0.989010989010989,0.9797347721589469,0.00474514907706846,0.96,0.9361702127659575,0.8936170212765957,0.9583333333333334,0.8571428571428571,0.9210526849037487,0.039931094330836345,16,0.9591836734693877,0.9538461538461539,0.9591836734693877,0.9595959595959596,0.9797979797979798,0.9623214880357738,0.008993100908168208,0.9230769230769231,0.88,0.84,0.92,0.84,0.8806153846153846,0.036479385440686636,44,0.94,0.9207920792079208,0.9306930693069307,0.9405940594059405,0.9603960396039604,0.9384950495049506,0.013119376038682167,0.971830985915493,0.9571428571428572,0.9285714285714286,0.9714285714285714,0.9,0.9457947686116702,0.027776104284069476,26,0.9714285714285714,0.9679715302491103,0.9715302491103203,0.9715302491103203,0.9857651245551602,0.9736451448906965,0.006211965492578626,0.9931623931623932,0.9582222222222222,0.9724444444444446,0.9768888888888888,0.9502222222222223,0.9701880341880342,0.014964145914185921,207,0.998611111111111,0.9983498349834984,0.9979097909790979,0.9981298129812981,0.9994499449944995,0.998490099009901,0.00053332648029377
0.5783936023712158,0.010377025967098457,0.037965011596679685,0.0005919128402423935,300,4,4,,16,0.3,log_loss,0.001,"{'n_estimators': 300, 'min_samples_split': 4, 'min_samples_leaf': 4, 'max_samples': None, 'max_leaf_nodes': 16, 'max_features': 0.3, 'criterion': 'log_loss', 'ccp_alpha': 0.001}",0.9532587228439764,0.9519560741249142,0.9199267902081903,0.9682971014492754,0.9048913043478262,0.9396659985948365,0.023471105075876277,17,0.9843014128728415,0.976497156239545,0.96866287498606,0.9805501335880504,0.9883300801528303,0.9796683315678655,0.006759368805848886,0.967741935483871,0.967741935483871,0.946236559139785,0.9782608695652174,0.9347826086956522,0.9589527816736793,0.01595744518865753,14,0.989010989010989,0.9836065573770492,0.9781420765027322,0.9862258953168044,0.9917355371900827,0.9857442110795315,0.004672512381928401,0.9387755102040817,0.9361702127659575,0.8936170212765957,0.9583333333333334,0.875,0.9203792155159938,0.03099607250296756,17,0.9795918367346939,0.9693877551020408,0.9591836734693877,0.9748743718592965,0.9849246231155779,0.9735924520561994,0.008846992852503236,0.8846153846153846,0.88,0.84,0.92,0.84,0.8729230769230769,0.0302353686068634,59,0.96,0.9405940594059405,0.9306930693069307,0.9603960396039604,0.9702970297029703,0.9523960396039604,0.014509109666258584,0.9577464788732394,0.9571428571428572,0.9285714285714286,0.9714285714285714,0.9142857142857143,0.9458350100603623,0.021062621812731656,14,0.9857142857142858,0.9786476868327402,0.9715302491103203,0.9822064056939501,0.9893238434163701,0.9814844941535332,0.006115589259261565,0.9948717948717949,0.968,0.9768888888888889,0.9822222222222222,0.9528888888888889,0.9749743589743589,0.014060686851966684,115,0.9996666666666666,0.9995049504950495,0.9993399339933994,0.9993949394939494,0.9998349834983499,0.999548294829483,0.00018166623955619512
0.6184363842010498,0.01257510704291258,0.038939619064331056,0.0011893189829665983,300,4,1,1.0,16,0.3,log_loss,0.001,"{'n_estimators': 300, 'min_samples_split': 4, 'min_samples_leaf': 1, 'max_samples': 1.0, 'max_leaf_nodes': 16, 'max_features': 0.3, 'criterion': 'log_loss', 'ccp_alpha': 0.001}",0.9532587228439764,0.9519560741249142,0.9199267902081903,0.9682971014492754,0.9048913043478262,0.9396659985948365,0.023471105075876277,17,1.0,1.0,1.0,0.9961273962596988,1.0,0.9992254792519397,0.0015490414961204734,0.967741935483871,0.967741935483871,0.946236559139785,0.9782608695652174,0.9347826086956522,0.9589527816736793,0.01595744518865753,14,1.0,1.0,1.0,0.997229916897507,1.0,0.9994459833795014,0.0011080332409972194,0.9387755102040817,0.9361702127659575,0.8936170212765957,0.9583333333333334,0.875,0.9203792155159938,0.03099607250296756,17,1.0,1.0,1.0,0.9950248756218906,1.0,0.9990049751243781,0.0019900497512437723,0.8846153846153846,0.88,0.84,0.92,0.84,0.8729230769230769,0.0302353686068634,59,1.0,1.0,1.0,0.9900990099009901,1.0,0.998019801980198,0.003960396039603964,0.9577464788732394,0.9571428571428572,0.9285714285714286,0.9714285714285714,0.9142857142857143,0.9458350100603623,0.021062621812731656,14,1.0,1.0,1.0,0.99644128113879,1.0,0.9992882562277579,0.001423487544483981,0.9948717948717949,0.9688888888888889,0.9786666666666667,0.9884444444444445,0.9537777777777777,0.9769299145299145,0.014547792319721543,61,1.0,1.0,1.0,1.0,1.0,1.0,0.0
0.42237343788146975,0.024448800918103853,0.03180093765258789,0.0008071149673373595,200,2,1,1.0,16,0.3,entropy,0.0,"{'n_estimators': 200, 'min_samples_split': 2, 'min_samples_leaf': 1, 'max_samples': 1.0, 'max_leaf_nodes': 16, 'max_features': 0.3, 'criterion': 'entropy', 'ccp_alpha': 0.0}",0.9532587228439764,0.9519560741249142,0.9199267902081903,0.9682971014492754,0.9048913043478262,0.9396659985948365,0.023471105075876277,17,1.0,1.0,1.0,1.0,1.0,1.0,0.0,0.967741935483871,0.967741935483871,0.946236559139785,0.9782608695652174,0.9347826086956522,0.9589527816736793,0.01595744518865753,14,1.0,1.0,1.0,1.0,1.0,1.0,0.0,0.9387755102040817,0.9361702127659575,0.8936170212765957,0.9583333333333334,0.875,0.9203792155159938,0.03099607250296756,17,1.0,1.0,1.0,1.0,1.0,1.0,0.0,0.8846153846153846,0.88,0.84,0.92,0.84,0.8729230769230769,0.0302353686068634,59,1.0,1.0,1.0,1.0,1.0,1.0,0.0,0.9577464788732394,0.9571428571428572,0.9285714285714286,0.9714285714285714,0.9142857142857143,0.9458350100603623,0.021062621812731656,14,1.0,1.0,1.0,1.0,1.0,1.0,0.0,0.9931623931623932,0.9697777777777778,0.9804444444444445,0.9884444444444445,0.9537777777777777,0.9771213675213675,0.014109719396911004,53,1.0,1.0,1.0,1.0,1.0,1.0,0.0
0.5662971019744873,0.009084501211961877,0.038002634048461915,0.00034356630481642927,300,4,4,,32,0.3,log_loss,0.0,"{'n_estimators': 300, 'min_samples_split': 4, 'min_samples_leaf': 4, 'max_samples': None, 'max_leaf_nodes': 32, 'max_features': 0.3, 'criterion': 'log_loss', 'ccp_alpha': 0.0}",0.9532587228439764,0.9519560741249142,0.9199267902081903,0.9682971014492754,0.9048913043478262,0.9396659985948365,0.023471105075876277,17,0.9843014128728415,0.976497156239545,0.96866287498606,0.9805501335880504,0.9883300801528303,0.9796683315678655,0.006759368805848886,0.967741935483871,0.967741935483871,0.946236559139785,0.9782608695652174,0.9347826086956522,0.9589527816736793,0.01595744518865753,14,0.989010989010989,0.9836065573770492,0.9781420765027322,0.9862258953168044,0.9917355371900827,0.9857442110795315,0.004672512381928401,0.9387755102040817,0.9361702127659575,0.8936170212765957,0.9583333333333334,0.875,0.9203792155159938,0.03099607250296756,17,0.9795918367346939,0.9693877551020408,0.9591836734693877,0.9748743718592965,0.9849246231155779,0.9735924520561994,0.008846992852503236,0.8846153846153846,0.88,0.84,0.92,0.84,0.8729230769230769,0.0302353686068634,59,0.96,0.9405940594059405,0.9306930693069307,0.9603960396039604,0.9702970297029703,0.9523960396039604,0.014509109666258584,0.9577464788732394,0.9571428571428572,0.9285714285714286,0.9714285714285714,0.9142857142857143,0.9458350100603623,0.021062621812731656,14,0.9857142857142858,0.9786476868327402,0.9715302491103203,0.9822064056939501,0.9893238434163701,0.9814844941535332,0.006115589259261565,0.9948717948717949,0.968,0.9768888888888889,0.9822222222222222,0.9528888888888889,0.9749743589743589,0.014060686851966684,115,0.9996666666666666,0.9995049504950495,0.9993399339933994,0.9993949394939494,0.9998349834983499,0.999548294829483,0.00018166623955619512
0.3923128604888916,0.0021836412021822432,0.03036632537841797,0.00028770967202902995,200,4,2,,,0.3,log_loss,0.0,"{'n_estimators': 200, 'min_samples_split': 4, 'min_samples_leaf': 2, 'max_samples': None, 'max_leaf_nodes': None, 'max_features': 0.3, 'criterion': 'log_loss', 'ccp_alpha': 0.0}",0.9532587228439764,0.9519560741249142,0.9199267902081903,0.9682971014492754,0.9048913043478262,0.9396659985948365,0.023471105075876277,17,1.0,1.0,0.9922375690607734,1.0,1.0,0.9984475138121546,0.003104972375690629,0.967741935483871,0.967741935483871,0.946236559139785,0.9782608695652174,0.9347826086956522,0.9589527816736793,0.01595744518865753,14,1.0,1.0,0.994475138121547,1.0,1.0,0.9988950276243095,0.0022099447513812096,0.9387755102040817,0.9361702127659575,0.8936170212765957,0.9583333333333334,0.875,0.9203792155159938,0.03099607250296756,17,1.0,1.0,0.99,1.0,1.0,0.998,0.0040000000000000036,0.8846153846153846,0.88,0.84,0.92,0.84,0.8729230769230769,0.0302353686068634,59,1.0,1.0,0.9801980198019802,1.0,1.0,0.996039603960396,0.007920792079207928,0.9577464788732394,0.9571428571428572,0.9285714285714286,0.9714285714285714,0.9142857142857143,0.9458350100603623,0.021062621812731656,14,1.0,1.0,0.9928825622775801,1.0,1.0,0.9985765124555159,0.0028469750889679626,0.9931623931623932,0.968,0.9831111111111112,0.9875555555555555,0.9546666666666666,0.9772991452991452,0.014066404821860624,47,1.0,0.9999999999999999,1.0,1.0,1.0,1.0,4.965068306494546e-17
0.5888648986816406,0.008197874754738195,0.039801740646362306,0.0017037231621789975,300,4,4,1.0,16,0.3,entropy,0.001,"{'n_estimators': 300, 'min_samples_split': 4, 'min_samples_leaf': 4, 'max_samples': 1.0, 'max_leaf_nodes': 16, 'max_features': 0.3, 'criterion': 'entropy', 'ccp_alpha': 0.001}",0.9532587228439764,0.9519560741249142,0.9199267902081903,0.9682971014492754,0.9048913043478262,0.9396659985948365,0.023471105075876277,17,0.9843014128728415,0.976497156239545,0.96866287498606,0.9805501335880504,0.9883300801528303,0.9796683315678655,0.006759368805848886,0.967741935483871,0.967741935483871,0.946236559139785,0.9782608695652174,0.9347826086956522,0.9589527816736793,0.01595744518865753,14,0.989010989010989,0.9836065573770492,0.9781420765027322,0.9862258953168044,0.9917355371900827,0.9857442110795315,0.004672512381928401,0.9387755102040817,0.9361702127659575,0.8936170212765957,0.9583333333333334,0.875,0.9203792155159938,0.03099607250296756,17,0.9795918367346939,0.9693877551020408,0.9591836734693877,0.9748743718592965,0.9849246231155779,0.9735924520561994,0.008846992852503236,0.8846153846153846,0.88,0.84,0.92,0.84,0.8729230769230769,0.0302353686068634,59,0.96,0.9405940594059405,0.9306930693069307,0.9603960396039604,0.9702970297029703,0.9523960396039604,0.014509109666258584,0.9577464788732394,0.9571428571428572,0.9285714285714286,0.9714285714285714,0.9142857142857143,0.9458350100603623,0.021062621812731656,14,0.9857142857142858,0.9786476868327402,0.9715302491103203,0.9822064056939501,0.9893238434163701,0.9814844941535332,0.006115589259261565,0.9948717948717949,0.968,0.9768888888888889,0.9822222222222222,0.9528888888888889,0.9749743589743589,0.014060686851966684,115,0.9996666666666666,0.9995049504950495,0.9993399339933994,0.9993949394939494,0.9998349834983499,0.999548294829483,0.00018166623955619512
0.4132230758666992,0.013639530313310742,0.033418464660644534,0.002706412540751689,200,4,2,,16,0.3,entropy,0.001,"{'n_estimators': 200, 'min_samples_split': 4, 'min_samples_leaf': 2, 'max_samples': None, 'max_leaf_nodes': 16, 'max_features': 0.3, 'criterion': 'entropy', 'ccp_alpha': 0.001}",0.9532587228439764,0.9519560741249142,0.9199267902081903,0.9682971014492754,0.9048913043478262,0.9396659985948365,0.023471105075876277,17,1.0,1.0,0.9922375690607734,0.9961273962596988,1.0,0.9976729930640944,0.0031041129946216177,0.967741935483871,0.967741935483871,0.946236559139785,0.9782608695652174,0.9347826086956522,0.9589527816736793,0.01595744518865753,14,1.0,1.0,0.994475138121547,0.997229916897507,1.0,0.9983410110038108,0.002210711954249875,0.9387755102040817,0.9361702127659575,0.8936170212765957,0.9583333333333334,0.875,0.9203792155159938,0.03099607250296756,17,1.0,1.0,0.99,0.9950248756218906,1.0,0.9970049751243781,0.0039975240474496064,0.8846153846153846,0.88,0.84,0.92,0.84,0.8729230769230769,0.0302353686068634,59,1.0,1.0,0.9801980198019802,0.9900990099009901,1.0,0.994059405940594,0.007920792079207928,0.9577464788732394,0.9571428571428572,0.9285714285714286,0.9714285714285714,0.9142857142857143,0.9458350100603623,0.021062621812731656,14,1.0,1.0,0.9928825622775801,0.99644128113879,1.0,0.997864768683274,0.002846975088967962,0.9931623931623932,0.96,0.9786666666666668,0.9866666666666666,0.951111111111111,0.9739213675213676,0.015932920969908695,142,1.0,1.0,1.0,1.0,1.0,1.0,0.0
0.5865210056304931,0.015692700208551937,0.03972258567810059,0.001092976356788381,300,2,4,,16,0.3,entropy,0.0,"{'n_estimators': 300, 'min_samples_split': 2, 'min_samples_leaf': 4, 'max_samples': None, 'max_leaf_nodes': 16, 'max_features': 0.3, 'criterion': 'entropy', 'ccp_alpha': 0.0}",0.9532587228439764,0.9519560741249142,0.9199267902081903,0.9682971014492754,0.9048913043478262,0.9396659985948365,0.023471105075876277,17,0.9843014128728415,0.976497156239545,0.96866287498606,0.9805501335880504,0.9883300801528303,0.9796683315678655,0.006759368805848886,0.967741935483871,0.967741935483871,0.946236559139785,0.9782608695652174,0.9347826086956522,0.9589527816736793,0.01595744518865753,14,0.989010989010989,0.9836065573770492,0.9781420765027322,0.9862258953168044,0.9917355371900827,0.9857442110795315,0.004672512381928401,0.9387755102040817,0.9361702127659575,0.8936170212765957,0.9583333333333334,0.875,0.9203792155159938,0.03099607250296756,17,0.9795918367346939,0.9693877551020408,0.9591836734693877,0.9748743718592965,0.9849246231155779,0.9735924520561994,0.008846992852503236,0.8846153846153846,0.88,0.84,0.92,0.84,0.8729230769230769,0.0302353686068634,59,0.96,0.9405940594059405,0.9306930693069307,0.9603960396039604,0.9702970297029703,0.9523960396039604,0.014509109666258584,0.9577464788732394,0.9571428571428572,0.9285714285714286,0.9714285714285714,0.9142857142857143,0.9458350100603623,0.021062621812731656,14,0.9857142857142858,0.9786476868327402,0.9715302491103203,0.9822064056939501,0.9893238434163701,0.9814844941535332,0.006115589259261565,0.9948717948717949,0.968,0.9768888888888889,0.9822222222222222,0.9528888888888889,0.9749743589743589,0.014060686851966684,115,0.9996666666666666,0.9995049504950495,0.9993399339933994,0.9993949394939494,0.9998349834983499,0.999548294829483,0.00018166623955619512
0.41218152046203616,0.008790304093727344,0.030475139617919922,0.0009701448798556231,200,2,1,1.0,16,0.3,log_loss,0.001,"{'n_estimators': 200, 'min_samples_split': 2, 'min_samples_leaf': 1, 'max_samples': 1.0, 'max_leaf_nodes': 16, 'max_features': 0.3, 'criterion': 'log_loss', 'ccp_alpha': 0.001}",0.9532587228439764,0.9519560741249142,0.9199267902081903,0.9682971014492754,0.9048913043478262,0.9396659985948365,0.023471105075876277,17,1.0,1.0,1.0,1.0,1.0,1.0,0.0,0.967741935483871,0.967741935483871,0.946236559139785,0.9782608695652174,0.9347826086956522,0.9589527816736793,0.01595744518865753,14,1.0,1.0,1.0,1.0,1.0,1.0,0.0,0.9387755102040817,0.9361702127659575,0.8936170212765957,0.9583333333333334,0.875,0.9203792155159938,0.03099607250296756,17,1.0,1.0,1.0,1.0,1.0,1.0,0.0,0.8846153846153846,0.88,0.84,0.92,0.84,0.8729230769230769,0.0302353686068634,59,1.0,1.0,1.0,1.0,1.0,1.0,0.0,0.9577464788732394,0.9571428571428572,0.9285714285714286,0.9714285714285714,0.9142857142857143,0.9458350100603623,0.021062621812731656,14,1.0,1.0,1.0,1.0,1.0,1.0,0.0,0.9931623931623932,0.9697777777777778,0.9804444444444445,0.9884444444444445,0.9537777777777777,0.9771213675213675,0.014109719396911004,53,1.0,1.0,1.0,1.0,1.0,1.0,0.0
0.6192944049835205,0.011502442917198675,0.03889265060424805,0.0005932882501954791,300,4,1,1.0,16,0.3,entropy,0.001,"{'n_estimators': 300, 'min_samples_split': 4, 'min_samples_leaf': 1, 'max_samples': 1.0, 'max_leaf_nodes': 16, 'max_features': 0.3, 'criterion': 'entropy', 'ccp_alpha': 0.001}",0.9532587228439764,0.9519560741249142,0.9199267902081903,0.9682971014492754,0.9048913043478262,0.9396659985948365,0.023471105075876277,17,1.0,1.0,1.0,0.9961273962596988,1.0,0.9992254792519397,0.0015490414961204734,0.967741935483871,0.967741935483871,0.946236559139785,0.9782608695652174,0.9347826086956522,0.9589527816736793,0.01595744518865753,14,1.0,1.0,1.0,0.997229916897507,1.0,0.9994459833795014,0.0011080332409972194,0.9387755102040817,0.9361702127659575,0.8936170212765957,0.9583333333333334,0.875,0.9203792155159938,0.03099607250296756,17,1.0,1.0,1.0,0.9950248756218906,1.0,0.9990049751243781,0.0019900497512437723,0.8846153846153846,0.88,0.84,0.92,0.84,0.8729230769230769,0.0302353686068634,59,1.0,1.0,1.0,0.9900990099009901,1.0,0.998019801980198,0.003960396039603964,0.9577464788732394,0.9571428571428572,0.9285714285714286,0.9714285714285714,0.9142857142857143,0.9458350100603623,0.021062621812731656,14,1.0,1.0,1.0,0.99644128113879,1.0,0.9992882562277579,0.001423487544483981,0.9948717948717949,0.9688888888888889,0.9786666666666667,0.9884444444444445,0.9537777777777777,0.9769299145299145,0.014547792319721543,61,1.0,1.0,1.0,1.0,1.0,1.0,0.0
0.3463755130767822,0.01020718413580496,0.032166910171508786,0.0010065239690325376,200,4,1,0.8,,0.3,gini,0.0,"{'n_estimators': 200, 'min_samples_split': 4, 'min_samples_leaf': 1, 'max_samples': 0.8, 'max_leaf_nodes': None, 'max_features': 0.3, 'criterion': 'gini', 'ccp_alpha': 0.0}",0.9382608695652175,0.9519560741249142,0.9199267902081903,0.9843014128728415,0.8901098901098901,0.9369110073762108,0.03147327407412111,27,0.9961023956346831,1.0,0.9922375690607734,1.0,0.9961273962596988,0.9968934721910312,0.00290486276662797,0.9565217391304348,0.967741935483871,0.946236559139785,0.989010989010989,0.9230769230769231,0.9565176291684006,0.021935289958626543,42,0.997229916897507,1.0,0.994475138121547,1.0,0.997229916897507,0.9977869943833122,0.002068035312462494,0.92,0.9361702127659575,0.8936170212765957,0.9795918367346939,0.8571428571428571,0.9173043855840207,0.041044885370519535,27,0.9949748743718593,1.0,0.99,1.0,0.9950248756218906,0.99599994999875,0.0037417041597046044,0.8846153846153846,0.88,0.84,0.96,0.84,0.8809230769230769,0.043856678898699895,18,0.99,1.0,0.9801980198019802,1.0,0.9900990099009901,0.992059405940594,0.007414618730886927,0.9436619718309859,0.9571428571428572,0.9285714285714286,0.9857142857142858,0.9,0.9430181086519115,0.02857324221296189,27,0.9964285714285714,1.0,0.9928825622775801,1.0,0.99644128113879,0.9971504829689884,0.002663785470203836,0.9905982905982906,0.9591111111111111,0.9813333333333334,0.9795555555555555,0.9582222222222221,0.9737641025641025,0.012887856858634422,147,1.0,1.0,1.0,1.0,1.0,1.0,0.0
0.6144286632537842,0.00961324117340805,0.038046741485595705,0.0008231954980672378,300,8,1,,16,0.3,entropy,0.001,"{'n_estimators': 300, 'min_samples_split': 8, 'min_samples_leaf': 1, 'max_samples': None, 'max_leaf_nodes': 16, 'max_features': 0.3, 'criterion': 'entropy', 'ccp_alpha': 0.001}",0.9541047188106011,0.9519560741249142,0.9199267902081903,0.9682971014492754,0.8901098901098901,0.9368789149405743,0.028234261839437367,28,0.9921870640102685,0.9961273962596988,0.9883821887790962,0.9961273962596988,0.9961273962596988,0.9937902883136923,0.0031049666470687734,0.967032967032967,0.967741935483871,0.946236559139785,0.9782608695652174,0.9230769230769231,0.9564698508597527,0.019663650203455358,43,0.994475138121547,0.997229916897507,0.9916897506925207,0.997229916897507,0.997229916897507,0.9955709279013177,0.0022145439817698796,0.9411764705882353,0.9361702127659575,0.8936170212765957,0.9583333333333334,0.8571428571428571,0.9172879790213958,0.03685015554229345,28,0.98989898989899,0.9950248756218906,0.9850746268656716,0.9950248756218906,0.9950248756218906,0.9920096487260667,0.0039956022972356476,0.9230769230769231,0.88,0.84,0.92,0.84,0.8806153846153846,0.036479385440686636,44,0.98,0.9900990099009901,0.9801980198019802,0.9900990099009901,0.9900990099009901,0.98609900990099,0.004899379673407407,0.9577464788732394,0.9571428571428572,0.9285714285714286,0.9714285714285714,0.9,0.9429778672032194,0.025623598283447496,33,0.9928571428571429,0.99644128113879,0.9893238434163701,0.99644128113879,0.99644128113879,0.9943009659379767,0.0028495340377096647,0.9948717948717949,0.9688888888888889,0.9760000000000001,0.9884444444444445,0.9546666666666666,0.976574358974359,0.01424807643439997,71,1.0,1.0,0.9997249724972497,0.99994499449945,1.0,0.9999339933993399,0.00010665962282546148
0.3677381992340088,0.0033537793763473212,0.02879481315612793,0.00037376461430022626,200,4,4,,32,0.3,log_loss,0.0,"{'n_estimators': 200, 'min_samples_split': 4, 'min_samples_leaf': 4, 'max_samples': None, 'max_leaf_nodes': 32, 'max_features': 0.3, 'criterion': 'log_loss', 'ccp_alpha': 0.0}",0.9532587228439764,0.9519560741249142,0.9199267902081903,0.9682971014492754,0.8901098901098901,0.9367097157472493,0.028132878822609536,29,0.9843014128728415,0.976497156239545,0.96866287498606,0.9805501335880504,0.9922375690607734,0.9804498293494541,0.007853043766059862,0.967741935483871,0.967741935483871,0.946236559139785,0.9782608695652174,0.9230769230769231,0.9566116445499334,0.01974171035068054,36,0.989010989010989,0.9836065573770492,0.9781420765027322,0.9862258953168044,0.994475138121547,0.9862921312658244,0.005440475633502277,0.9387755102040817,0.9361702127659575,0.8936170212765957,0.9583333333333334,0.8571428571428571,0.9168077869445652,0.03655015967760137,29,0.9795918367346939,0.9693877551020408,0.9591836734693877,0.9748743718592965,0.99,0.9746075274330839,0.010266294863937335,0.8846153846153846,0.88,0.84,0.92,0.84,0.8729230769230769,0.0302353686068634,59,0.96,0.9405940594059405,0.9306930693069307,0.9603960396039604,0.9801980198019802,0.9543762376237623,0.017236415241898114,0.9577464788732394,0.9571428571428572,0.9285714285714286,0.9714285714285714,0.9,0.9429778672032194,0.025623598283447496,33,0.9857142857142858,0.9786476868327402,0.9715302491103203,0.9822064056939501,0.9928825622775801,0.9821962379257754,0.007112381092841158,0.9974358974358974,0.9662222222222222,0.9760000000000001,0.9786666666666667,0.9511111111111111,0.9738871794871795,0.015227281344951318,143,0.9994999999999999,0.9995599559955994,0.9991749174917491,0.9994499449944994,0.9998349834983498,0.9995039603960396,0.0002116196506174966
0.40936646461486814,0.007398428367785469,0.03137679100036621,0.0009269178315154181,200,4,4,,16,0.3,entropy,0.001,"{'n_estimators': 200, 'min_samples_split': 4, 'min_samples_leaf': 4, 'max_samples': None, 'max_leaf_nodes': 16, 'max_features': 0.3, 'criterion': 'entropy', 'ccp_alpha': 0.001}",0.9532587228439764,0.9519560741249142,0.9199267902081903,0.9682971014492754,0.8901098901098901,0.9367097157472493,0.028132878822609536,29,0.9843014128728415,0.976497156239545,0.96866287498606,0.9805501335880504,0.9922375690607734,0.9804498293494541,0.007853043766059862,0.967741935483871,0.967741935483871,0.946236559139785,0.9782608695652174,0.9230769230769231,0.9566116445499334,0.01974171035068054,36,0.989010989010989,0.9836065573770492,0.9781420765027322,0.9862258953168044,0.994475138121547,0.9862921312658244,0.005440475633502277,0.9387755102040817,0.9361702127659575,0.8936170212765957,0.9583333333333334,0.8571428571428571,0.9168077869445652,0.03655015967760137,29,0.9795918367346939,0.9693877551020408,0.9591836734693877,0.9748743718592965,0.99,0.9746075274330839,0.010266294863937335,0.8846153846153846,0.88,0.84,0.92,0.84,0.8729230769230769,0.0302353686068634,59,0.96,0.9405940594059405,0.9306930693069307,0.9603960396039604,0.9801980198019802,0.9543762376237623,0.017236415241898114,0.9577464788732394,0.9571428571428572,0.9285714285714286,0.9714285714285714,0.9,0.9429778672032194,0.025623598283447496,33,0.9857142857142858,0.9786476868327402,0.9715302491103203,0.9822064056939501,0.9928825622775801,0.9821962379257754,0.007112381092841158,0.9974358974358974,0.9662222222222222,0.9760000000000001,0.9786666666666667,0.9511111111111111,0.9738871794871795,0.015227281344951318,143,0.9994999999999999,0.9995599559955994,0.9992299229922992,0.9994499449944994,0.9998349834983498,0.9995149614961495,0.0001950059113996804
0.3879072666168213,0.011411913646418788,0.03022112846374512,0.0008010972056344753,200,2,4,,16,0.3,log_loss,0.001,"{'n_estimators': 200, 'min_samples_split': 2, 'min_samples_leaf': 4, 'max_samples': None, 'max_leaf_nodes': 16, 'max_features': 0.3, 'criterion': 'log_loss', 'ccp_alpha': 0.001}",0.9532587228439764,0.9519560741249142,0.9199267902081903,0.9682971014492754,0.8901098901098901,0.9367097157472493,0.028132878822609536,29,0.9843014128728415,0.976497156239545,0.96866287498606,0.9805501335880504,0.9922375690607734,0.9804498293494541,0.007853043766059862,0.967741935483871,0.967741935483871,0.946236559139785,0.9782608695652174,0.9230769230769231,0.9566116445499334,0.01974171035068054,36,0.989010989010989,0.9836065573770492,0.9781420765027322,0.9862258953168044,0.994475138121547,0.9862921312658244,0.005440475633502277,0.9387755102040817,0.9361702127659575,0.8936170212765957,0.9583333333333334,0.8571428571428571,0.9168077869445652,0.03655015967760137,29,0.9795918367346939,0.9693877551020408,0.9591836734693877,0.9748743718592965,0.99,0.9746075274330839,0.010266294863937335,0.8846153846153846,0.88,0.84,0.92,0.84,0.8729230769230769,0.0302353686068634,59,0.96,0.9405940594059405,0.9306930693069307,0.9603960396039604,0.9801980198019802,0.9543762376237623,0.017236415241898114,0.9577464788732394,0.9571428571428572,0.9285714285714286,0.9714285714285714,0.9,0.9429778672032194,0.025623598283447496,33,0.9857142857142858,0.9786476868327402,0.9715302491103203,0.9822064056939501,0.9928825622775801,0.9821962379257754,0.007112381092841158,0.9974358974358974,0.9662222222222222,0.9760000000000001,0.9786666666666667,0.9511111111111111,0.9738871794871795,0.015227281344951318,143,0.9994999999999999,0.9995599559955994,0.9992299229922992,0.9994499449944994,0.9998349834983498,0.9995149614961495,0.0001950059113996804
0.26366405487060546,0.0050149405271556384,0.021951866149902344,0.0002193840344732513,100,4,2,1.0,32,0.5,entropy,0.001,"{'n_estimators': 100, 'min_samples_split': 4, 'min_samples_leaf': 2, 'max_samples': 1.0, 'max_leaf_nodes': 32, 'max_features': 0.5, 'criterion': 'entropy', 'ccp_alpha': 0.001}",0.9532587228439764,0.9519560741249142,0.9199267902081903,0.9682971014492754,0.8901098901098901,0.9367097157472493,0.028132878822609536,29,1.0,1.0,1.0,0.9961273962596988,0.9961273962596988,0.9984509585038795,0.001897180627946304,0.967741935483871,0.967741935483871,0.946236559139785,0.9782608695652174,0.9230769230769231,0.9566116445499334,0.01974171035068054,36,1.0,1.0,1.0,0.997229916897507,0.997229916897507,0.9988919667590028,0.0013570580292427451,0.9387755102040817,0.9361702127659575,0.8936170212765957,0.9583333333333334,0.8571428571428571,0.9168077869445652,0.03655015967760137,29,1.0,1.0,1.0,0.9950248756218906,0.9950248756218906,0.9980099502487562,0.002437303226649917,0.8846153846153846,0.88,0.84,0.92,0.84,0.8729230769230769,0.0302353686068634,59,1.0,1.0,1.0,0.9900990099009901,0.9900990099009901,0.996039603960396,0.004850474738184516,0.9577464788732394,0.9571428571428572,0.9285714285714286,0.9714285714285714,0.9,0.9429778672032194,0.025623598283447496,33,1.0,1.0,1.0,0.99644128113879,0.99644128113879,0.9985765124555159,0.0017434090695965625,0.9957264957264957,0.9742222222222222,0.9715555555555556,0.9875555555555555,0.9528888888888889,0.9763897435897437,0.01468974495730467,75,1.0,1.0,1.0,1.0,1.0,1.0,0.0
0.39579071998596194,0.004557994974203046,0.03019294738769531,0.0004743552131193727,200,8,4,,16,0.3,log_loss,0.001,"{'n_estimators': 200, 'min_samples_split': 8, 'min_samples_leaf': 4, 'max_samples': None, 'max_leaf_nodes': 16, 'max_features': 0.3, 'criterion': 'log_loss', 'ccp_alpha': 0.001}",0.9532587228439764,0.9519560741249142,0.9199267902081903,0.9682971014492754,0.8901098901098901,0.9367097157472493,0.028132878822609536,29,0.9843014128728415,0.976497156239545,0.96866287498606,0.9805501335880504,0.9922375690607734,0.9804498293494541,0.007853043766059862,0.967741935483871,0.967741935483871,0.946236559139785,0.9782608695652174,0.9230769230769231,0.9566116445499334,0.01974171035068054,36,0.989010989010989,0.9836065573770492,0.9781420765027322,0.9862258953168044,0.994475138121547,0.9862921312658244,0.005440475633502277,0.9387755102040817,0.9361702127659575,0.8936170212765957,0.9583333333333334,0.8571428571428571,0.9168077869445652,0.03655015967760137,29,0.9795918367346939,0.9693877551020408,0.9591836734693877,0.9748743718592965,0.99,0.9746075274330839,0.010266294863937335,0.8846153846153846,0.88,0.84,0.92,0.84,0.8729230769230769,0.0302353686068634,59,0.96,0.9405940594059405,0.9306930693069307,0.9603960396039604,0.9801980198019802,0.9543762376237623,0.017236415241898114,0.9577464788732394,0.9571428571428572,0.9285714285714286,0.9714285714285714,0.9,0.9429778672032194,0.025623598283447496,33,0.9857142857142858,0.9786476868327402,0.9715302491103203,0.9822064056939501,0.9928825622775801,0.9821962379257754,0.007112381092841158,0.9974358974358974,0.9662222222222222,0.9760000000000001,0.9786666666666667,0.9511111111111111,0.9738871794871795,0.015227281344951318,143,0.9994999999999999,0.9995599559955994,0.9992299229922992,0.9994499449944994,0.9998349834983498,0.9995149614961495,0.0001950059113996804
0.5263979434967041,0.00798801540066312,0.03719325065612793,0.0004926131592901524,300,8,1,0.8,,0.3,log_loss,0.0,"{'n_estimators': 300, 'min_samples_split': 8, 'min_samples_leaf': 1, 'max_samples': 0.8, 'max_leaf_nodes': None, 'max_features': 0.3, 'criterion': 'log_loss', 'ccp_alpha': 0.0}",0.9382608695652175,0.9519560741249142,0.9199267902081903,0.9682971014492754,0.9048913043478262,0.9366664279390846,0.02247971966861069,34,0.9921870640102685,0.9883300801528303,0.9805501335880504,0.9961273962596988,0.9922375690607734,0.9898864486143243,0.005279376613272301,0.9565217391304348,0.967741935483871,0.946236559139785,0.9782608695652174,0.9347826086956522,0.956708742402992,0.015340680993039207,34,0.994475138121547,0.9917355371900827,0.9862258953168044,0.997229916897507,0.994475138121547,0.9928283251294975,0.0037305297496694457,0.92,0.9361702127659575,0.8936170212765957,0.9583333333333334,0.875,0.9166241134751771,0.029647929919365323,34,0.98989898989899,0.9849246231155779,0.9748743718592965,0.9950248756218906,0.99,0.9869445720991509,0.006828256833765277,0.8846153846153846,0.88,0.84,0.92,0.84,0.8729230769230769,0.0302353686068634,59,0.98,0.9702970297029703,0.9603960396039604,0.9900990099009901,0.9801980198019802,0.9761980198019803,0.010081833578135772,0.9436619718309859,0.9571428571428572,0.9285714285714286,0.9714285714285714,0.9142857142857143,0.9430181086519115,0.02020561568610233,27,0.9928571428571429,0.9893238434163701,0.9822064056939501,0.99644128113879,0.9928825622775801,0.9907422470767667,0.004825042582552377,0.9923076923076923,0.9653333333333334,0.9760000000000001,0.9875555555555555,0.9546666666666666,0.9751726495726496,0.01389199796890718,102,0.9997777777777778,0.9998349834983498,0.9995049504950495,0.9998899889988999,0.9997799779977997,0.9997575357535753,0.00013285685685116678
0.539702320098877,0.010144987898866599,0.03812785148620605,0.0004607967485815961,300,4,1,,32,0.3,gini,0.0,"{'n_estimators': 300, 'min_samples_split': 4, 'min_samples_leaf': 1, 'max_samples': None, 'max_leaf_nodes': 32, 'max_features': 0.3, 'criterion': 'gini', 'ccp_alpha': 0.0}",0.9382608695652175,0.9519560741249142,0.9199267902081903,0.9682971014492754,0.9048913043478262,0.9366664279390846,0.02247971966861069,34,1.0,1.0,1.0,1.0,1.0,1.0,0.0,0.9565217391304348,0.967741935483871,0.946236559139785,0.9782608695652174,0.9347826086956522,0.956708742402992,0.015340680993039207,34,1.0,1.0,1.0,1.0,1.0,1.0,0.0,0.92,0.9361702127659575,0.8936170212765957,0.9583333333333334,0.875,0.9166241134751771,0.029647929919365323,34,1.0,1.0,1.0,1.0,1.0,1.0,0.0,0.8846153846153846,0.88,0.84,0.92,0.84,0.8729230769230769,0.0302353686068634,59,1.0,1.0,1.0,1.0,1.0,1.0,0.0,0.9436619718309859,0.9571428571428572,0.9285714285714286,0.9714285714285714,0.9142857142857143,0.9430181086519115,0.02020561568610233,27,1.0,1.0,1.0,1.0,1.0,1.0,0.0,0.9914529914529915,0.9564444444444444,0.9831111111111112,0.983111111111111,0.9608888888888889,0.9750017094017094,0.013752914300765143,105,1.0,1.0,1.0,1.0,1.0,1.0,0.0
0.5134987354278564,0.008076400019039871,0.03762493133544922,0.0007660213540280585,300,4,4,,16,0.3,gini,0.001,"{'n_estimators': 300, 'min_samples_split': 4, 'min_samples_leaf': 4, 'max_samples': None, 'max_leaf_nodes': 16, 'max_features': 0.3, 'criterion': 'gini', 'ccp_alpha': 0.001}",0.9691304347826086,0.9519560741249142,0.9199267902081903,0.9519560741249142,0.8901098901098901,0.9366158526701035,0.028175067694774833,36,0.9645943097997893,0.9646614965416056,0.96866287498606,0.9688089688089687,0.9804603296015576,0.9694375959475963,0.00580972577836988,0.9782608695652174,0.967741935483871,0.946236559139785,0.967741935483871,0.9230769230769231,0.9566116445499334,0.019741710350680543,36,0.9753424657534246,0.9754768392370572,0.9781420765027322,0.978021978021978,0.9863013698630136,0.9786569458756411,0.004005105478221399,0.96,0.9361702127659575,0.8936170212765957,0.9361702127659575,0.8571428571428571,0.9166200607902735,0.03664127069567404,36,0.9538461538461539,0.9538461538461539,0.9591836734693877,0.9595959595959596,0.9746192893401016,0.9602182460195513,0.007616491932739752,0.9230769230769231,0.88,0.84,0.88,0.84,0.8726153846153846,0.030928816918471574,112,0.93,0.9207920792079208,0.9306930693069307,0.9405940594059405,0.9504950495049505,0.9345148514851485,0.010155076362289366,0.971830985915493,0.9571428571428572,0.9285714285714286,0.9571428571428572,0.9,0.9429376257545273,0.02564539251375491,43,0.9678571428571429,0.9679715302491103,0.9715302491103203,0.9715302491103203,0.9822064056939501,0.9722191154041688,0.005249072775727972,0.9931623931623932,0.96,0.9733333333333334,0.976,0.9502222222222223,0.9705435897435898,0.014651215737274964,204,0.9984444444444445,0.997964796479648,0.9977997799779978,0.9976897689768978,0.9992299229922992,0.9982257425742574,0.0005644490260019245
0.7381423473358154,0.00952601915318082,0.036602115631103514,0.0002465764827180731,300,8,2,1.0,32,0.5,entropy,0.0,"{'n_estimators': 300, 'min_samples_split': 8, 'min_samples_leaf': 2, 'max_samples': 1.0, 'max_leaf_nodes': 32, 'max_features': 0.5, 'criterion': 'entropy', 'ccp_alpha': 0.0}",0.9370567375886525,0.9519560741249142,0.9199267902081903,0.9682971014492754,0.9048913043478262,0.9364256015437717,0.02246779514174284,37,0.9882535553970717,0.9883300801528303,0.9805501335880504,0.9922375690607734,0.9961273962596988,0.9890997468916849,0.005169876172225174,0.9574468085106383,0.967741935483871,0.946236559139785,0.9782608695652174,0.9347826086956522,0.9568937562790328,0.015342888172274756,27,0.9917355371900827,0.9917355371900827,0.9862258953168044,0.994475138121547,0.997229916897507,0.9922804049432047,0.003648708562295869,0.9166666666666666,0.9361702127659575,0.8936170212765957,0.9583333333333334,0.875,0.9159574468085108,0.029601965209226873,37,0.9847715736040609,0.9849246231155779,0.9748743718592965,0.99,0.9950248756218906,0.9859190888401651,0.006691198925314787,0.8461538461538461,0.88,0.84,0.92,0.84,0.8652307692307692,0.03116058806442381,116,0.97,0.9702970297029703,0.9603960396039604,0.9801980198019802,0.9900990099009901,0.9741980198019802,0.010121039843076734,0.9436619718309859,0.9571428571428572,0.9285714285714286,0.9714285714285714,0.9142857142857143,0.9430181086519115,0.02020561568610233,27,0.9892857142857143,0.9893238434163701,0.9822064056939501,0.9928825622775801,0.99644128113879,0.9900279613624811,0.004722348204412988,0.9948717948717949,0.9662222222222222,0.9760000000000001,0.9866666666666666,0.9537777777777777,0.9755076923076922,0.014547458086599102,91,1.0,1.0,0.9996149614961497,0.99994499449945,1.0,0.9999119911991199,0.00015003500216702762
0.6603656768798828,0.012799977846863451,0.04182934761047363,0.002665620287565677,300,4,2,,32,0.3,log_loss,0.001,"{'n_estimators': 300, 'min_samples_split': 4, 'min_samples_leaf': 2, 'max_samples': None, 'max_leaf_nodes': 32, 'max_features': 0.3, 'criterion': 'log_loss', 'ccp_alpha': 0.001}",0.9370567375886525,0.9519560741249142,0.9199267902081903,0.9682971014492754,0.9048913043478262,0.9364256015437717,0.02246779514174284,37,1.0,1.0,1.0,0.9961273962596988,1.0,0.9992254792519397,0.0015490414961204734,0.9574468085106383,0.967741935483871,0.946236559139785,0.9782608695652174,0.9347826086956522,0.9568937562790328,0.015342888172274756,27,1.0,1.0,1.0,0.997229916897507,1.0,0.9994459833795014,0.0011080332409972194,0.9166666666666666,0.9361702127659575,0.8936170212765957,0.9583333333333334,0.875,0.9159574468085108,0.029601965209226873,37,1.0,1.0,1.0,0.9950248756218906,1.0,0.9990049751243781,0.0019900497512437723,0.8461538461538461,0.88,0.84,0.92,0.84,0.8652307692307692,0.03116058806442381,116,1.0,1.0,1.0,0.9900990099009901,1.0,0.998019801980198,0.003960396039603964,0.9436619718309859,0.9571428571428572,0.9285714285714286,0.9714285714285714,0.9142857142857143,0.9430181086519115,0.02020561568610233,27,1.0,1.0,1.0,0.99644128113879,1.0,0.9992882562277579,0.001423487544483981,0.9957264957264956,0.9662222222222222,0.9777777777777779,0.9875555555555555,0.9511111111111111,0.9756786324786326,0.015750373548892437,86,1.0,1.0,1.0,1.0,1.0,1.0,0.0
0.699594259262085,0.006641736228915424,0.03832712173461914,0.0006957102932932094,300,8,2,0.8,,0.5,log_loss,0.001,"{'n_estimators': 300, 'min_samples_split': 8, 'min_samples_leaf': 2, 'max_samples': 0.8, 'max_leaf_nodes': None, 'max_features': 0.5, 'criterion': 'log_loss', 'ccp_alpha': 0.001}",0.9370567375886525,0.9519560741249142,0.9199267902081903,0.9682971014492754,0.9048913043478262,0.9364256015437717,0.02246779514174284,37,0.9843014128728415,0.9805501335880504,0.96866287498606,0.984475138121547,0.9883300801528303,0.9812639279442659,0.006764092408698632,0.9574468085106383,0.967741935483871,0.946236559139785,0.9782608695652174,0.9347826086956522,0.9568937562790328,0.015342888172274756,27,0.989010989010989,0.9862258953168044,0.9781420765027322,0.988950276243094,0.9917355371900827,0.9868129548527405,0.004672474376896654,0.9166666666666666,0.9361702127659575,0.8936170212765957,0.9583333333333334,0.875,0.9159574468085108,0.029601965209226873,37,0.9795918367346939,0.9748743718592965,0.9591836734693877,0.98,0.9849246231155779,0.9757149010357912,0.00885663207412567,0.8461538461538461,0.88,0.84,0.92,0.84,0.8652307692307692,0.03116058806442381,116,0.96,0.9603960396039604,0.9306930693069307,0.9702970297029703,0.9702970297029703,0.9583366336633663,0.01454150430715298,0.9436619718309859,0.9571428571428572,0.9285714285714286,0.9714285714285714,0.9142857142857143,0.9430181086519115,0.02020561568610233,27,0.9857142857142858,0.9822064056939501,0.9715302491103203,0.9857651245551602,0.9893238434163701,0.9829079816980173,0.006117955489434334,0.9931623931623932,0.9608888888888889,0.9742222222222223,0.9857777777777778,0.9502222222222222,0.9728547008547009,0.01572697137890871,178,0.9997222222222222,0.9996699669966996,0.9993399339933994,0.9996699669966996,0.9997249724972497,0.9996254125412541,0.00014474287509395396
0.589639949798584,0.007615024563089817,0.038261795043945314,0.0006800997952198243,300,8,4,1.0,,0.3,log_loss,0.001,"{'n_estimators': 300, 'min_samples_split': 8, 'min_samples_leaf': 4, 'max_samples': 1.0, 'max_leaf_nodes': None, 'max_features': 0.3, 'criterion': 'log_loss', 'ccp_alpha': 0.001}",0.9532587228439764,0.9519560741249142,0.9199267902081903,0.9519560741249142,0.9048913043478262,0.9363977931299644,0.020161170295816554,40,0.980330172110994,0.976497156239545,0.96866287498606,0.9844044844044844,0.9922375690607734,0.9804264513603712,0.007863302196755172,0.967741935483871,0.967741935483871,0.946236559139785,0.967741935483871,0.9347826086956522,0.95684899485741,0.013824020085165905,30,0.9863013698630136,0.9836065573770492,0.9781420765027322,0.989010989010989,0.994475138121547,0.986307226175066,0.005440375620542581,0.9387755102040817,0.9361702127659575,0.8936170212765957,0.9361702127659575,0.875,0.9159465914025186,0.026511817384876353,40,0.9743589743589743,0.9693877551020408,0.9591836734693877,0.9797979797979798,0.99,0.9745456765456766,0.010286427491856943,0.8846153846153846,0.88,0.84,0.88,0.84,0.8649230769230769,0.02041927387450716,129,0.95,0.9405940594059405,0.9306930693069307,0.9603960396039604,0.9801980198019802,0.9523762376237623,0.01704696339194131,0.9577464788732394,0.9571428571428572,0.9285714285714286,0.9571428571428572,0.9142857142857143,0.9429778672032194,0.018166952874563103,33,0.9821428571428571,0.9786476868327402,0.9715302491103203,0.9857651245551602,0.9928825622775801,0.9821936959837316,0.007117483114097416,0.9948717948717949,0.9724444444444444,0.9786666666666668,0.9857777777777778,0.9475555555555556,0.975863247863248,0.01600309707770977,84,0.9995555555555555,0.9993949394939493,0.9991199119911991,0.9993949394939494,0.9997249724972498,0.9994380638063806,0.00020052974750349426
0.42546858787536623,0.010710537396679227,0.03182549476623535,0.0006218419357639693,200,2,1,1.0,32,0.3,log_loss,0.0,"{'n_estimators': 200, 'min_samples_split': 2, 'min_samples_leaf': 1, 'max_samples': 1.0, 'max_leaf_nodes': 32, 'max_features': 0.3, 'criterion': 'log_loss', 'ccp_alpha': 0.0}",0.9532587228439764,0.9519560741249142,0.9199267902081903,0.9519560741249142,0.9048913043478262,0.9363977931299644,0.020161170295816554,40,1.0,1.0,1.0,1.0,1.0,1.0,0.0,0.967741935483871,0.967741935483871,0.946236559139785,0.967741935483871,0.9347826086956522,0.95684899485741,0.013824020085165905,30,1.0,1.0,1.0,1.0,1.0,1.0,0.0,0.9387755102040817,0.9361702127659575,0.8936170212765957,0.9361702127659575,0.875,0.9159465914025186,0.026511817384876353,40,1.0,1.0,1.0,1.0,1.0,1.0,0.0,0.8846153846153846,0.88,0.84,0.88,0.84,0.8649230769230769,0.02041927387450716,129,1.0,1.0,1.0,1.0,1.0,1.0,0.0,0.9577464788732394,0.9571428571428572,0.9285714285714286,0.9571428571428572,0.9142857142857143,0.9429778672032194,0.018166952874563103,33,1.0,1.0,1.0,1.0,1.0,1.0,0.0,0.9923076923076923,0.972,0.9804444444444445,0.9897777777777779,0.9537777777777778,0.9776615384615386,0.013939474061196978,36,1.0,1.0,1.0,1.0,1.0,1.0,0.0
0.550635814666748,0.012708160458618735,0.03907299041748047,0.0008508841168489356,300,2,1,0.8,,0.3,entropy,0.0,"{'n_estimators': 300, 'min_samples_split': 2, 'min_samples_leaf': 1, 'max_samples': 0.8, 'max_leaf_nodes': None, 'max_features': 0.3, 'criterion': 'entropy', 'ccp_alpha': 0.0}",0.9532587228439764,0.9519560741249142,0.9199267902081903,0.9519560741249142,0.9048913043478262,0.9363977931299644,0.020161170295816554,40,1.0,1.0,1.0,1.0,1.0,1.0,0.0,0.967741935483871,0.967741935483871,0.946236559139785,0.967741935483871,0.9347826086956522,0.95684899485741,0.013824020085165905,30,1.0,1.0,1.0,1.0,1.0,1.0,0.0,0.9387755102040817,0.9361702127659575,0.8936170212765957,0.9361702127659575,0.875,0.9159465914025186,0.026511817384876353,40,1.0,1.0,1.0,1.0,1.0,1.0,0.0,0.8846153846153846,0.88,0.84,0.88,0.84,0.8649230769230769,0.02041927387450716,129,1.0,1.0,1.0,1.0,1.0,1.0,0.0,0.9577464788732394,0.9571428571428572,0.9285714285714286,0.9571428571428572,0.9142857142857143,0.9429778672032194,0.018166952874563103,33,1.0,1.0,1.0,1.0,1.0,1.0,0.0,0.9948717948717948,0.9666666666666667,0.9795555555555555,0.9893333333333333,0.9555555555555556,0.9771965811965811,0.014453316447947468,51,0.9999999999999999,1.0,1.0,1.0,1.0,1.0,4.965068306494546e-17
0.3954771518707275,0.009070484288345263,0.02994389533996582,0.0003005157532670213,200,4,1,1.0,16,0.3,log_loss,0.0,"{'n_estimators': 200, 'min_samples_split': 4, 'min_samples_leaf': 1, 'max_samples': 1.0, 'max_leaf_nodes': 16, 'max_features': 0.3, 'criterion': 'log_loss', 'ccp_alpha': 0.0}",0.9532587228439764,0.9519560741249142,0.9199267902081903,0.9519560741249142,0.9048913043478262,0.9363977931299644,0.020161170295816554,40,1.0,1.0,1.0,0.9961273962596988,1.0,0.9992254792519397,0.0015490414961204734,0.967741935483871,0.967741935483871,0.946236559139785,0.967741935483871,0.9347826086956522,0.95684899485741,0.013824020085165905,30,1.0,1.0,1.0,0.997229916897507,1.0,0.9994459833795014,0.0011080332409972194,0.9387755102040817,0.9361702127659575,0.8936170212765957,0.9361702127659575,0.875,0.9159465914025186,0.026511817384876353,40,1.0,1.0,1.0,0.9950248756218906,1.0,0.9990049751243781,0.0019900497512437723,0.8846153846153846,0.88,0.84,0.88,0.84,0.8649230769230769,0.02041927387450716,129,1.0,1.0,1.0,0.9900990099009901,1.0,0.998019801980198,0.003960396039603964,0.9577464788732394,0.9571428571428572,0.9285714285714286,0.9571428571428572,0.9142857142857143,0.9429778672032194,0.018166952874563103,33,1.0,1.0,1.0,0.99644128113879,1.0,0.9992882562277579,0.001423487544483981,0.9923076923076923,0.9653333333333334,0.9786666666666668,0.9866666666666666,0.9528888888888889,0.9751726495726494,0.014361813313164678,103,1.0,1.0,1.0,1.0,1.0,1.0,0.0
0.4143637180328369,0.004045758648509416,0.03858981132507324,0.0007810583132084785,300,8,2,,32,sqrt,gini,0.0,"{'n_estimators': 300, 'min_samples_split': 8, 'min_samples_leaf': 2, 'max_samples': None, 'max_leaf_nodes': 32, 'max_features': 'sqrt', 'criterion': 'gini', 'ccp_alpha': 0.0}",0.9382608695652175,0.9215070643642072,0.9199267902081903,0.9843014128728415,0.9066666666666667,0.9341325607354246,0.02701680614161649,44,0.9882535553970717,0.9883300801528303,0.9726444614421806,0.9922375690607734,0.9922375690607734,0.9867406470227259,0.007265671904650752,0.9565217391304348,0.945054945054945,0.946236559139785,0.989010989010989,0.9333333333333333,0.9540315131338974,0.018971134322716396,87,0.9917355371900827,0.9917355371900827,0.9808219178082191,0.994475138121547,0.994475138121547,0.9906486536862957,0.0050638194238247876,0.92,0.8979591836734694,0.8936170212765957,0.9795918367346939,0.88,0.9142336083369518,0.03511919643732046,44,0.9847715736040609,0.9849246231155779,0.9644670050761421,0.99,0.99,0.9828326403591563,0.009467570984919483,0.8846153846153846,0.88,0.84,0.96,0.88,0.8889230769230769,0.03904662665652998,1,0.97,0.9702970297029703,0.9405940594059405,0.9801980198019802,0.9801980198019802,0.9682574257425742,0.01454382315222339,0.9436619718309859,0.9285714285714286,0.9285714285714286,0.9857142857142858,0.9142857142857143,0.9401609657947686,0.024598883656437316,47,0.9892857142857143,0.9893238434163701,0.9750889679715302,0.9928825622775801,0.9928825622775801,0.987892730045755,0.00659881300279386,0.9914529914529914,0.9573333333333334,0.9857777777777778,0.9786666666666667,0.9608888888888889,0.9748239316239318,0.013501003174281441,119,0.9992777777777777,0.9995049504950495,0.9994499449944994,0.9993399339933993,0.9994499449944995,0.9994045104510452,8.300371952267284e-05
0.1441676139831543,0.006318599352017179,0.022163581848144532,0.000589160287502219,100,4,1,0.8,16,sqrt,gini,0.001,"{'n_estimators': 100, 'min_samples_split': 4, 'min_samples_leaf': 1, 'max_samples': 0.8, 'max_leaf_nodes': 16, 'max_features': 'sqrt', 'criterion': 'gini', 'ccp_alpha': 0.001}",0.9541047188106011,0.9215070643642072,0.9199267902081903,0.9682971014492754,0.9066666666666667,0.934100468299788,0.023158930038472726,45,0.9882535553970717,0.9883300801528303,0.976497156239545,0.9883300801528303,0.9922375690607734,0.9867296882006101,0.005338279534417169,0.967032967032967,0.945054945054945,0.946236559139785,0.9782608695652174,0.9333333333333333,0.9539837348252496,0.01628399724904526,89,0.9917355371900827,0.9917355371900827,0.9836065573770492,0.9917355371900827,0.994475138121547,0.9906576614137688,0.0036817562417565224,0.9411764705882353,0.8979591836734694,0.8936170212765957,0.9583333333333334,0.88,0.9142172017743269,0.030108280339747252,45,0.9847715736040609,0.9849246231155779,0.9693877551020408,0.9849246231155779,0.99,0.9828017149874515,0.006994904541731058,0.9230769230769231,0.88,0.84,0.92,0.88,0.8886153846153846,0.03060881259186683,2,0.97,0.9702970297029703,0.9405940594059405,0.9702970297029703,0.9801980198019802,0.9662772277227722,0.01341335331862506,0.9577464788732394,0.9285714285714286,0.9285714285714286,0.9714285714285714,0.9142857142857143,0.9401207243460765,0.021095348881648324,76,0.9892857142857143,0.9893238434163701,0.9786476868327402,0.9893238434163701,0.9928825622775801,0.987892730045755,0.00482505597406194,0.994017094017094,0.9573333333333334,0.9875555555555555,0.9822222222222222,0.96,0.9762256410256409,0.01483949099857023,78,0.9996666666666666,0.9996699669966996,0.9995599559955995,0.9994499449944995,0.9996149614961496,0.999592299229923,8.171559105082501e-05
0.18725299835205078,0.004109127230286823,0.022384786605834962,0.0009056799079816009,100,2,1,,32,0.3,gini,0.001,"{'n_estimators': 100, 'min_samples_split': 2, 'min_samples_leaf': 1, 'max_samples': None, 'max_leaf_nodes': 32, 'max_features': 0.3, 'criterion': 'gini', 'ccp_alpha': 0.001}",0.9382608695652175,0.9519560741249142,0.9199267902081903,0.9682971014492754,0.8920467063229787,0.9340975083341153,0.02636267558527273,46,1.0,1.0,1.0,1.0,1.0,1.0,0.0,0.9565217391304348,0.967741935483871,0.946236559139785,0.9782608695652174,0.9213483146067416,0.9540218835852098,0.019545797142604356,88,1.0,1.0,1.0,1.0,1.0,1.0,0.0,0.92,0.9361702127659575,0.8936170212765957,0.9583333333333334,0.8627450980392157,0.9141731330830204,0.03327264251561168,46,1.0,1.0,1.0,1.0,1.0,1.0,0.0,0.8846153846153846,0.88,0.84,0.92,0.88,0.8809230769230769,0.025365493963723035,18,1.0,1.0,1.0,1.0,1.0,1.0,0.0,0.9436619718309859,0.9571428571428572,0.9285714285714286,0.9714285714285714,0.9,0.9401609657947686,0.024598883656437292,47,1.0,1.0,1.0,1.0,1.0,1.0,0.0,0.9901709401709401,0.9546666666666667,0.9822222222222222,0.9875555555555555,0.9617777777777777,0.9752786324786324,0.014337665915019598,99,1.0,1.0,1.0,1.0,1.0,1.0,0.0
0.47535905838012693,0.00870470979317662,0.030588436126708984,0.0008518797910939753,200,2,1,1.0,,0.5,gini,0.001,"{'n_estimators': 200, 'min_samples_split': 2, 'min_samples_leaf': 1, 'max_samples': 1.0, 'max_leaf_nodes': None, 'max_features': 0.5, 'criterion': 'gini', 'ccp_alpha': 0.001}",0.9541047188106011,0.9365942028985508,0.9048913043478262,0.9843014128728415,0.8901098901098901,0.934000305807942,0.03380774956250553,47,1.0,1.0,1.0,1.0,1.0,1.0,0.0,0.967032967032967,0.9565217391304348,0.9347826086956522,0.989010989010989,0.9230769230769231,0.9540850453893933,0.02335592173644891,83,1.0,1.0,1.0,1.0,1.0,1.0,0.0,0.9411764705882353,0.9166666666666666,0.875,0.9795918367346939,0.8571428571428571,0.9139155662264905,0.04427563609829242,47,1.0,1.0,1.0,1.0,1.0,1.0,0.0,0.9230769230769231,0.88,0.84,0.96,0.84,0.8886153846153846,0.04708396126372573,2,1.0,1.0,1.0,1.0,1.0,1.0,0.0,0.9577464788732394,0.9428571428571428,0.9142857142857143,0.9857142857142858,0.9,0.9401207243460764,0.030574657198500346,86,1.0,1.0,1.0,1.0,1.0,1.0,0.0,0.9897435897435898,0.9608888888888889,0.9755555555555556,0.9853333333333334,0.9591111111111111,0.9741264957264958,0.01242759072881628,135,1.0,1.0,1.0,1.0,1.0,1.0,0.0
0.45767531394958494,0.010199326100620859,0.030857610702514648,0.00037010158909577825,200,2,1,,16,0.5,gini,0.0,"{'n_estimators': 200, 'min_samples_split': 2, 'min_samples_leaf': 1, 'max_samples': None, 'max_leaf_nodes': 16, 'max_features': 0.5, 'criterion': 'gini', 'ccp_alpha': 0.0}",0.9541047188106011,0.9365942028985508,0.9048913043478262,0.9843014128728415,0.8901098901098901,0.934000305807942,0.03380774956250553,47,0.9921870640102685,1.0,0.9922375690607734,0.9922375690607734,1.0,0.995332440426363,0.003811091053357741,0.967032967032967,0.9565217391304348,0.9347826086956522,0.989010989010989,0.9230769230769231,0.9540850453893933,0.02335592173644891,83,0.994475138121547,1.0,0.994475138121547,0.994475138121547,1.0,0.9966850828729281,0.002706618500312897,0.9411764705882353,0.9166666666666666,0.875,0.9795918367346939,0.8571428571428571,0.9139155662264905,0.04427563609829242,47,0.98989898989899,1.0,0.99,0.99,1.0,0.993979797979798,0.004915612743910679,0.9230769230769231,0.88,0.84,0.96,0.84,0.8886153846153846,0.04708396126372573,2,0.98,1.0,0.9801980198019802,0.9801980198019802,1.0,0.9880792079207922,0.009733554546485123,0.9577464788732394,0.9428571428571428,0.9142857142857143,0.9857142857142858,0.9,0.9401207243460764,0.030574657198500346,86,0.9928571428571429,1.0,0.9928825622775801,0.9928825622775801,1.0,0.9957244534824605,0.0034909814525459974,0.9914529914529915,0.9551111111111111,0.9751111111111112,0.9795555555555555,0.96,0.9722461538461538,0.013222071833795774,186,1.0,1.0,0.99994499449945,1.0,1.0,0.99998899889989,2.2002200220017087e-05
0.45476469993591306,0.00438145642295846,0.030367565155029298,0.000775175843213185,200,8,2,1.0,32,0.5,gini,0.001,"{'n_estimators': 200, 'min_samples_split': 8, 'min_samples_leaf': 2, 'max_samples': 1.0, 'max_leaf_nodes': 32, 'max_features': 0.5, 'criterion': 'gini', 'ccp_alpha': 0.001}",0.9541047188106011,0.9519560741249142,0.9048913043478262,0.9688888888888889,0.8901098901098901,0.9339901752564241,0.03071648518448316,49,0.980422592328453,0.9767127071823205,0.96866287498606,0.9766067266067266,0.9883300801528303,0.978146996251278,0.0063757620271952765,0.967032967032967,0.967741935483871,0.9347826086956522,0.9777777777777777,0.9230769230769231,0.9540824424134383,0.021211282694603564,85,0.9862258953168044,0.9834254143646409,0.9781420765027322,0.9835164835164835,0.9917355371900827,0.9846090813781487,0.004423063406656549,0.9411764705882353,0.9361702127659575,0.875,0.96,0.8571428571428571,0.91389790809941,0.040248630952661645,49,0.9746192893401016,0.97,0.9591836734693877,0.9696969696969697,0.9849246231155779,0.9716849111244074,0.008330334070674985,0.9230769230769231,0.88,0.84,0.96,0.84,0.8886153846153846,0.04708396126372573,2,0.96,0.9603960396039604,0.9306930693069307,0.9504950495049505,0.9702970297029703,0.9543762376237623,0.013396211571272935,0.9577464788732394,0.9571428571428572,0.9142857142857143,0.9714285714285714,0.9,0.9401207243460765,0.02777668728778433,76,0.9821428571428571,0.9786476868327402,0.9715302491103203,0.9786476868327402,0.9893238434163701,0.9800584646670055,0.005777594380694467,0.994017094017094,0.952,0.9751111111111112,0.9777777777777777,0.9555555555555555,0.9708923076923076,0.015440848417081487,200,0.9993888888888888,0.9991199119911991,0.9986798679867988,0.9992299229922992,0.9997249724972497,0.9992287128712871,0.00034205256207345145
0.4418839454650879,0.006138976672266469,0.030280208587646483,0.0005726613089643161,200,8,2,1.0,32,0.5,gini,0.0,"{'n_estimators': 200, 'min_samples_split': 8, 'min_samples_leaf': 2, 'max_samples': 1.0, 'max_leaf_nodes': 32, 'max_features': 0.5, 'criterion': 'gini', 'ccp_alpha': 0.0}",0.9541047188106011,0.9519560741249142,0.9048913043478262,0.9688888888888889,0.8901098901098901,0.9339901752564241,0.03071648518448316,49,0.980422592328453,0.9767127071823205,0.96866287498606,0.9766067266067266,0.9883300801528303,0.978146996251278,0.0063757620271952765,0.967032967032967,0.967741935483871,0.9347826086956522,0.9777777777777777,0.9230769230769231,0.9540824424134383,0.021211282694603564,85,0.9862258953168044,0.9834254143646409,0.9781420765027322,0.9835164835164835,0.9917355371900827,0.9846090813781487,0.004423063406656549,0.9411764705882353,0.9361702127659575,0.875,0.96,0.8571428571428571,0.91389790809941,0.040248630952661645,49,0.9746192893401016,0.97,0.9591836734693877,0.9696969696969697,0.9849246231155779,0.9716849111244074,0.008330334070674985,0.9230769230769231,0.88,0.84,0.96,0.84,0.8886153846153846,0.04708396126372573,2,0.96,0.9603960396039604,0.9306930693069307,0.9504950495049505,0.9702970297029703,0.9543762376237623,0.013396211571272935,0.9577464788732394,0.9571428571428572,0.9142857142857143,0.9714285714285714,0.9,0.9401207243460765,0.02777668728778433,76,0.9821428571428571,0.9786476868327402,0.9715302491103203,0.9786476868327402,0.9893238434163701,0.9800584646670055,0.005777594380694467,0.994017094017094,0.9511111111111111,0.9751111111111112,0.9777777777777777,0.9555555555555555,0.9707145299145299,0.015660890285984348,202,0.9993888888888889,0.999119911991199,0.9987348734873488,0.9992849284928492,0.9997249724972497,0.9992507150715071,0.0003250798836122601
0.4407641410827637,0.005283862546252635,0.03801031112670898,0.00036856749901143795,300,2,1,1.0,32,sqrt,gini,0.001,"{'n_estimators': 300, 'min_samples_split': 2, 'min_samples_leaf': 1, 'max_samples': 1.0, 'max_leaf_nodes': 32, 'max_features': 'sqrt', 'criterion': 'gini', 'ccp_alpha': 0.001}",0.9382608695652175,0.9365942028985508,0.9199267902081903,0.9682971014492754,0.9066666666666667,0.9339491261575802,0.020718732925392495,51,1.0,1.0,1.0,1.0,1.0,1.0,0.0,0.9565217391304348,0.9565217391304348,0.946236559139785,0.9782608695652174,0.9333333333333333,0.9541748480598411,0.014754913720015037,80,1.0,1.0,1.0,1.0,1.0,1.0,0.0,0.92,0.9166666666666666,0.8936170212765957,0.9583333333333334,0.88,0.9137234042553193,0.026756826609911848,51,1.0,1.0,1.0,1.0,1.0,1.0,0.0,0.8846153846153846,0.88,0.84,0.92,0.88,0.8809230769230769,0.025365493963723035,18,1.0,1.0,1.0,1.0,1.0,1.0,0.0,0.9436619718309859,0.9428571428571428,0.9285714285714286,0.9714285714285714,0.9142857142857143,0.9401609657947686,0.018979123213659386,47,1.0,1.0,1.0,1.0,1.0,1.0,0.0,0.994017094017094,0.9657777777777777,0.9862222222222222,0.9893333333333333,0.9635555555555555,0.9797811965811964,0.01260760142550655,7,1.0,1.0,1.0,1.0,1.0,1.0,0.0
0.14665861129760743,0.002583376362767364,0.022378206253051758,0.0005870422604887629,100,4,1,1.0,,sqrt,gini,0.001,"{'n_estimators': 100, 'min_samples_split': 4, 'min_samples_leaf': 1, 'max_samples': 1.0, 'max_leaf_nodes': None, 'max_features': 'sqrt', 'criterion': 'gini', 'ccp_alpha': 0.001}",0.9382608695652175,0.9365942028985508,0.9199267902081903,0.9682971014492754,0.9066666666666667,0.9339491261575802,0.020718732925392495,51,1.0,1.0,1.0,0.9961273962596988,0.9961273962596988,0.9984509585038795,0.001897180627946304,0.9565217391304348,0.9565217391304348,0.946236559139785,0.9782608695652174,0.9333333333333333,0.9541748480598411,0.014754913720015037,80,1.0,1.0,1.0,0.997229916897507,0.997229916897507,0.9988919667590028,0.0013570580292427451,0.92,0.9166666666666666,0.8936170212765957,0.9583333333333334,0.88,0.9137234042553193,0.026756826609911848,51,1.0,1.0,1.0,0.9950248756218906,0.9950248756218906,0.9980099502487562,0.002437303226649917,0.8846153846153846,0.88,0.84,0.92,0.88,0.8809230769230769,0.025365493963723035,18,1.0,1.0,1.0,0.9900990099009901,0.9900990099009901,0.996039603960396,0.004850474738184516,0.9436619718309859,0.9428571428571428,0.9285714285714286,0.9714285714285714,0.9142857142857143,0.9401609657947686,0.018979123213659386,47,1.0,1.0,1.0,0.99644128113879,0.99644128113879,0.9985765124555159,0.0017434090695965625,0.9888888888888889,0.9688888888888889,0.9866666666666667,0.9857777777777778,0.9626666666666666,0.9785777777777778,0.01068295053338572,18,1.0,1.0,1.0,1.0,1.0,1.0,0.0
0.3074056148529053,0.0033695583816337744,0.030531883239746094,0.0005752771654270484,200,4,1,1.0,,sqrt,entropy,0.0,"{'n_estimators': 200, 'min_samples_split': 4, 'min_samples_leaf': 1, 'max_samples': 1.0, 'max_leaf_nodes': None, 'max_features': 'sqrt', 'criterion': 'entropy', 'ccp_alpha': 0.0}",0.9382608695652175,0.9365942028985508,0.9199267902081903,0.9682971014492754,0.9066666666666667,0.9339491261575802,0.020718732925392495,51,1.0,1.0,1.0,1.0,1.0,1.0,0.0,0.9565217391304348,0.9565217391304348,0.946236559139785,0.9782608695652174,0.9333333333333333,0.9541748480598411,0.014754913720015037,80,1.0,1.0,1.0,1.0,1.0,1.0,0.0,0.92,0.9166666666666666,0.8936170212765957,0.9583333333333334,0.88,0.9137234042553193,0.026756826609911848,51,1.0,1.0,1.0,1.0,1.0,1.0,0.0,0.8846153846153846,0.88,0.84,0.92,0.88,0.8809230769230769,0.025365493963723035,18,1.0,1.0,1.0,1.0,1.0,1.0,0.0,0.9436619718309859,0.9428571428571428,0.9285714285714286,0.9714285714285714,0.9142857142857143,0.9401609657947686,0.018979123213659386,47,1.0,1.0,1.0,1.0,1.0,1.0,0.0,0.994017094017094,0.9724444444444444,0.9848888888888888,0.992,0.9582222222222222,0.9803145299145299,0.013380908329464349,5,1.0,1.0,1.0,1.0,1.0,1.0,0.0
0.6584909915924072,0.009923111985531106,0.038128995895385744,0.0007742327804096629,300,8,2,,16,0.5,gini,0.0,"{'n_estimators': 300, 'min_samples_split': 8, 'min_samples_leaf': 2, 'max_samples': None, 'max_leaf_nodes': 16, 'max_features': 0.5, 'criterion': 'gini', 'ccp_alpha': 0.0}",0.9382608695652175,0.9519560741249142,0.9048913043478262,0.9843014128728415,0.8901098901098901,0.933903910204138,0.03359886750153266,54,0.980330172110994,0.9767127071823205,0.96866287498606,0.9844044844044844,0.9883300801528303,0.9796880637673379,0.006749057836904886,0.9565217391304348,0.967741935483871,0.9347826086956522,0.989010989010989,0.9230769230769231,0.9542268390795741,0.023436112500614413,73,0.9863013698630136,0.9834254143646409,0.9781420765027322,0.989010989010989,0.9917355371900827,0.9857230773862916,0.004691381197264754,0.92,0.9361702127659575,0.875,0.9795918367346939,0.8571428571428571,0.9135809813287017,0.04377822333298059,54,0.9743589743589743,0.97,0.9591836734693877,0.9797979797979798,0.9849246231155779,0.973653050148384,0.008809250631122336,0.8846153846153846,0.88,0.84,0.96,0.84,0.8809230769230769,0.043856678898699895,18,0.95,0.9603960396039604,0.9306930693069307,0.9603960396039604,0.9702970297029703,0.9543564356435643,0.013460977742065193,0.9436619718309859,0.9571428571428572,0.9142857142857143,0.9857142857142858,0.9,0.9401609657947686,0.03052270776631453,47,0.9821428571428571,0.9786476868327402,0.9715302491103203,0.9857651245551602,0.9893238434163701,0.9814819522114895,0.006121226562937762,0.9923076923076923,0.952,0.9751111111111112,0.9804444444444445,0.9573333333333333,0.9714393162393163,0.014879040969757003,194,0.9994999999999999,0.9993399339933993,0.9988448844884489,0.9995049504950495,0.9997249724972497,0.9993829482948294,0.0002956109211268485
0.5901957988739014,0.012924301194238446,0.03795013427734375,0.0011102911387671167,300,8,2,0.8,,0.5,gini,0.0,"{'n_estimators': 300, 'min_samples_split': 8, 'min_samples_leaf': 2, 'max_samples': 0.8, 'max_leaf_nodes': None, 'max_features': 0.5, 'criterion': 'gini', 'ccp_alpha': 0.0}",0.9382608695652175,0.9519560741249142,0.9048913043478262,0.9843014128728415,0.8901098901098901,0.933903910204138,0.03359886750153266,54,0.9724622409553916,0.9726444614421806,0.96866287498606,0.96866287498606,0.976497156239545,0.9717859217218473,0.002929063695641404,0.9565217391304348,0.967741935483871,0.9347826086956522,0.989010989010989,0.9230769230769231,0.9542268390795741,0.023436112500614413,73,0.9808219178082191,0.9808219178082191,0.9781420765027322,0.9781420765027322,0.9836065573770492,0.9803069091997904,0.002039173707152136,0.92,0.9361702127659575,0.875,0.9795918367346939,0.8571428571428571,0.9135809813287017,0.04377822333298059,54,0.9641025641025641,0.9644670050761421,0.9591836734693877,0.9591836734693877,0.9693877551020408,0.9632649342439045,0.0038196573758881073,0.8846153846153846,0.88,0.84,0.96,0.84,0.8809230769230769,0.043856678898699895,18,0.94,0.9405940594059405,0.9306930693069307,0.9306930693069307,0.9405940594059405,0.9365148514851483,0.0047584121333466714,0.9436619718309859,0.9571428571428572,0.9142857142857143,0.9857142857142858,0.9,0.9401609657947686,0.03052270776631453,47,0.975,0.9750889679715302,0.9715302491103203,0.9715302491103203,0.9786476868327402,0.9743594306049822,0.002658579743148712,0.9914529914529915,0.9528888888888889,0.9724444444444446,0.9813333333333333,0.9555555555555555,0.9707350427350427,0.014787706076483147,201,0.9985,0.9984598459845985,0.997964796479648,0.9985698569856986,0.999064906490649,0.9985118811881188,0.0003496708971655513
0.6649223327636719,0.019300584040143898,0.03827404975891113,0.0008680869117795349,300,2,2,,,0.5,gini,0.0,"{'n_estimators': 300, 'min_samples_split': 2, 'min_samples_leaf': 2, 'max_samples': None, 'max_leaf_nodes': None, 'max_features': 0.5, 'criterion': 'gini', 'ccp_alpha': 0.0}",0.9541047188106011,0.9519560741249142,0.9048913043478262,0.9682971014492754,0.8901098901098901,0.9338718177685014,0.030582633109557753,56,0.9961023956346831,0.9922375690607734,0.9844044844044844,0.9961273962596988,0.9961273962596988,0.9929998483238677,0.004553026742273123,0.967032967032967,0.967741935483871,0.9347826086956522,0.9782608695652174,0.9230769230769231,0.9541790607709262,0.021319818543891495,78,0.997229916897507,0.994475138121547,0.989010989010989,0.997229916897507,0.997229916897507,0.9950351755650114,0.0031954697346536984,0.9411764705882353,0.9361702127659575,0.875,0.9583333333333334,0.8571428571428571,0.9135645747660768,0.039870565710487124,56,0.9949748743718593,0.99,0.9797979797979798,0.9950248756218906,0.9950248756218906,0.9909645210827239,0.0059106317201134346,0.9230769230769231,0.88,0.84,0.92,0.84,0.8806153846153846,0.036479385440686636,44,0.99,0.9801980198019802,0.9603960396039604,0.9900990099009901,0.9900990099009901,0.9821584158415841,0.011532915349433999,0.9577464788732394,0.9571428571428572,0.9142857142857143,0.9714285714285714,0.9,0.9401207243460765,0.02777668728778433,76,0.9964285714285714,0.9928825622775801,0.9857651245551602,0.99644128113879,0.99644128113879,0.9935917641077783,0.004148402688214351,0.9923076923076923,0.9564444444444444,0.9751111111111112,0.9822222222222222,0.9573333333333333,0.9726837606837607,0.014009453827754202,182,1.0,1.0,0.9997799779977997,1.0,1.0,0.99995599559956,8.800880088011277e-05
0.6675680160522461,0.012105169373610062,0.03894252777099609,0.0012255041734071906,300,2,2,1.0,,0.5,gini,0.0,"{'n_estimators': 300, 'min_samples_split': 2, 'min_samples_leaf': 2, 'max_samples': 1.0, 'max_leaf_nodes': None, 'max_features': 0.5, 'criterion': 'gini', 'ccp_alpha': 0.0}",0.9541047188106011,0.9519560741249142,0.9048913043478262,0.9682971014492754,0.8901098901098901,0.9338718177685014,0.030582633109557753,56,0.9961023956346831,0.9922375690607734,0.9844044844044844,0.9961273962596988,0.9961273962596988,0.9929998483238677,0.004553026742273123,0.967032967032967,0.967741935483871,0.9347826086956522,0.9782608695652174,0.9230769230769231,0.9541790607709262,0.021319818543891495,78,0.997229916897507,0.994475138121547,0.989010989010989,0.997229916897507,0.997229916897507,0.9950351755650114,0.0031954697346536984,0.9411764705882353,0.9361702127659575,0.875,0.9583333333333334,0.8571428571428571,0.9135645747660768,0.039870565710487124,56,0.9949748743718593,0.99,0.9797979797979798,0.9950248756218906,0.9950248756218906,0.9909645210827239,0.0059106317201134346,0.9230769230769231,0.88,0.84,0.92,0.84,0.8806153846153846,0.036479385440686636,44,0.99,0.9801980198019802,0.9603960396039604,0.9900990099009901,0.9900990099009901,0.9821584158415841,0.011532915349433999,0.9577464788732394,0.9571428571428572,0.9142857142857143,0.9714285714285714,0.9,0.9401207243460765,0.02777668728778433,76,0.9964285714285714,0.9928825622775801,0.9857651245551602,0.99644128113879,0.99644128113879,0.9935917641077783,0.004148402688214351,0.9923076923076923,0.9564444444444444,0.9751111111111112,0.9822222222222222,0.9573333333333333,0.9726837606837607,0.014009453827754202,182,1.0,1.0,0.9997799779977997,1.0,1.0,0.99995599559956,8.800880088011277e-05
0.163925838470459,0.0022204350919261206,0.022546005249023438,0.0004273501071595883,100,8,2,0.8,16,0.3,gini,0.0,"{'n_estimators': 100, 'min_samples_split': 8, 'min_samples_leaf': 2, 'max_samples': 0.8, 'max_leaf_nodes': 16, 'max_features': 0.3, 'criterion': 'gini', 'ccp_alpha': 0.0}",0.9382608695652175,0.9365942028985508,0.9199267902081903,0.9843014128728415,0.8901098901098901,0.933838633130938,0.030592102964042092,58,0.9645943097997893,0.96866287498606,0.96866287498606,0.9726444614421806,0.9883300801528303,0.9725789202733841,0.008276812901020168,0.9565217391304348,0.9565217391304348,0.946236559139785,0.989010989010989,0.9230769230769231,0.9542735898977133,0.021234976483299715,70,0.9753424657534246,0.9781420765027322,0.9781420765027322,0.9808219178082191,0.9917355371900827,0.9808368147514382,0.005718277224542026,0.92,0.9166666666666666,0.8936170212765957,0.9795918367346939,0.8571428571428571,0.9134036763641626,0.039979551431862916,58,0.9538461538461539,0.9591836734693877,0.9591836734693877,0.9644670050761421,0.9849246231155779,0.96432102579533,0.010835471864932509,0.8846153846153846,0.88,0.84,0.96,0.84,0.8809230769230769,0.043856678898699895,18,0.93,0.9306930693069307,0.9306930693069307,0.9405940594059405,0.9702970297029703,0.9404554455445545,0.01543025391904725,0.9436619718309859,0.9428571428571428,0.9285714285714286,0.9857142857142858,0.9,0.9401609657947686,0.02771949464303755,47,0.9678571428571429,0.9715302491103203,0.9715302491103203,0.9750889679715302,0.9893238434163701,0.9750660904931368,0.0074867525187676,0.9897435897435898,0.9573333333333334,0.9724444444444444,0.9777777777777777,0.9502222222222223,0.9695042735042735,0.014189113335543041,213,0.9980555555555556,0.9982398239823983,0.9984048404840483,0.9982398239823983,0.9995049504950495,0.99848899889989,0.0005198633848283445
0.16645078659057616,0.0020862159907448696,0.022016429901123048,0.00028279123452671257,100,8,2,0.8,32,0.3,gini,0.001,"{'n_estimators': 100, 'min_samples_split': 8, 'min_samples_leaf': 2, 'max_samples': 0.8, 'max_leaf_nodes': 32, 'max_features': 0.3, 'criterion': 'gini', 'ccp_alpha': 0.001}",0.9382608695652175,0.9365942028985508,0.9199267902081903,0.9843014128728415,0.8901098901098901,0.933838633130938,0.030592102964042092,58,0.9645943097997893,0.96866287498606,0.96866287498606,0.96866287498606,0.9883300801528303,0.97178260298216,0.008422454130460107,0.9565217391304348,0.9565217391304348,0.946236559139785,0.989010989010989,0.9230769230769231,0.9542735898977133,0.021234976483299715,70,0.9753424657534246,0.9781420765027322,0.9781420765027322,0.9781420765027322,0.9917355371900827,0.9803008464903409,0.005819253466024368,0.92,0.9166666666666666,0.8936170212765957,0.9795918367346939,0.8571428571428571,0.9134036763641626,0.039979551431862916,58,0.9538461538461539,0.9591836734693877,0.9591836734693877,0.9591836734693877,0.9849246231155779,0.9632643594739789,0.011025657468611757,0.8846153846153846,0.88,0.84,0.96,0.84,0.8809230769230769,0.043856678898699895,18,0.93,0.9306930693069307,0.9306930693069307,0.9306930693069307,0.9702970297029703,0.9384752475247524,0.015913155155691652,0.9436619718309859,0.9428571428571428,0.9285714285714286,0.9857142857142858,0.9,0.9401609657947686,0.02771949464303755,47,0.9678571428571429,0.9715302491103203,0.9715302491103203,0.9715302491103203,0.9893238434163701,0.9743543467208948,0.007618740989233834,0.9897435897435898,0.9573333333333334,0.9724444444444444,0.9777777777777777,0.9511111111111111,0.9696820512820514,0.013949964750712878,211,0.9981111111111112,0.9981848184818483,0.9983498349834984,0.9982398239823983,0.9995049504950495,0.9984781078107812,0.0005192964870587715
0.16825428009033203,0.0013910434494785063,0.022569704055786132,0.0007383136190720287,100,2,1,0.8,32,0.3,gini,0.0,"{'n_estimators': 100, 'min_samples_split': 2, 'min_samples_leaf': 1, 'max_samples': 0.8, 'max_leaf_nodes': 32, 'max_features': 0.3, 'criterion': 'gini', 'ccp_alpha': 0.0}",0.9382608695652175,0.9365942028985508,0.9199267902081903,0.9843014128728415,0.8901098901098901,0.933838633130938,0.030592102964042092,58,1.0,1.0,1.0,1.0,1.0,1.0,0.0,0.9565217391304348,0.9565217391304348,0.946236559139785,0.989010989010989,0.9230769230769231,0.9542735898977133,0.021234976483299715,70,1.0,1.0,1.0,1.0,1.0,1.0,0.0,0.92,0.9166666666666666,0.8936170212765957,0.9795918367346939,0.8571428571428571,0.9134036763641626,0.039979551431862916,58,1.0,1.0,1.0,1.0,1.0,1.0,0.0,0.8846153846153846,0.88,0.84,0.96,0.84,0.8809230769230769,0.043856678898699895,18,1.0,1.0,1.0,1.0,1.0,1.0,0.0,0.9436619718309859,0.9428571428571428,0.9285714285714286,0.9857142857142858,0.9,0.9401609657947686,0.02771949464303755,47,1.0,1.0,1.0,1.0,1.0,1.0,0.0,0.9905982905982906,0.9542222222222222,0.9764444444444444,0.9866666666666668,0.956,0.9727863247863248,0.01516389435519413,181,1.0,1.0,1.0,1.0,1.0,1.0,0.0
0.5290213584899902,0.011753241677172135,0.03893675804138184,0.0020677482407582366,300,8,2,,32,0.3,gini,0.001,"{'n_estimators': 300, 'min_samples_split': 8, 'min_samples_leaf': 2, 'max_samples': None, 'max_leaf_nodes': 32, 'max_features': 0.3, 'criterion': 'gini', 'ccp_alpha': 0.001}",0.9541047188106011,0.9365942028985508,0.9199267902081903,0.9682971014492754,0.8901098901098901,0.9338065406953016,0.027244928417786002,61,0.9843014128728415,0.9805501335880504,0.9726444614421806,0.9883300801528303,0.9922375690607734,0.9836127314233352,0.006734952669869645,0.967032967032967,0.9565217391304348,0.946236559139785,0.9782608695652174,0.9230769230769231,0.9542258115890654,0.01887357907762419,75,0.989010989010989,0.9862258953168044,0.9808219178082191,0.9917355371900827,0.994475138121547,0.9884538954895283,0.0047020411817373315,0.9411764705882353,0.9166666666666666,0.8936170212765957,0.9583333333333334,0.8571428571428571,0.9133872698015377,0.03565792880475406,61,0.9795918367346939,0.9748743718592965,0.9644670050761421,0.9849246231155779,0.99,0.9787715673571421,0.00876834387364913,0.9230769230769231,0.88,0.84,0.92,0.84,0.8806153846153846,0.036479385440686636,44,0.96,0.9603960396039604,0.9405940594059405,0.9702970297029703,0.9801980198019802,0.9622970297029703,0.013148037686677562,0.9577464788732394,0.9428571428571428,0.9285714285714286,0.9714285714285714,0.9,0.9401207243460765,0.024663313860081935,76,0.9857142857142858,0.9822064056939501,0.9750889679715302,0.9893238434163701,0.9928825622775801,0.9850432130147432,0.006121503119721184,0.9923076923076923,0.96,0.9777777777777779,0.9795555555555555,0.9546666666666667,0.9728615384615384,0.013737574054448412,177,0.9994999999999999,0.9993949394939494,0.9991749174917492,0.9995599559955995,0.9996699669966996,0.9994599559955996,0.00016803704177086498
0.18993768692016602,0.004269398134280676,0.02222166061401367,0.0009344523735277416,100,4,4,1.0,16,0.3,entropy,0.0,"{'n_estimators': 100, 'min_samples_split': 4, 'min_samples_leaf': 4, 'max_samples': 1.0, 'max_leaf_nodes': 16, 'max_features': 0.3, 'criterion': 'entropy', 'ccp_alpha': 0.0}",0.9532587228439764,0.9519560741249142,0.9199267902081903,0.9682971014492754,0.8755555555555555,0.9337988488363823,0.03311560412462173,62,0.9843014128728415,0.9804603296015576,0.9726444614421806,0.9806369812984936,0.9805501335880504,0.9797186637606249,0.0038244122492661924,0.967741935483871,0.967741935483871,0.946236559139785,0.9782608695652174,0.9111111111111111,0.9542184821567711,0.023940595254068414,76,0.989010989010989,0.9863013698630136,0.9808219178082191,0.9861495844875346,0.9862258953168044,0.9857019512973121,0.0026682823265413037,0.9387755102040817,0.9361702127659575,0.8936170212765957,0.9583333333333334,0.84,0.9133792155159938,0.0423327949447368,62,0.9795918367346939,0.9746192893401016,0.9644670050761421,0.9751243781094527,0.9748743718592965,0.9737353762239372,0.004984150341624792,0.8846153846153846,0.88,0.84,0.92,0.84,0.8729230769230769,0.0302353686068634,59,0.96,0.9504950495049505,0.9405940594059405,0.9702970297029703,0.9603960396039604,0.9563564356435643,0.010067198977151706,0.9577464788732394,0.9571428571428572,0.9285714285714286,0.9714285714285714,0.8857142857142857,0.9401207243460764,0.030574657198500346,86,0.9857142857142858,0.9822064056939501,0.9750889679715302,0.9822064056939501,0.9822064056939501,0.9814844941535332,0.003474402412175673,0.994017094017094,0.9671111111111111,0.9751111111111112,0.9768888888888888,0.9484444444444444,0.9723145299145299,0.014809479819590105,184,0.9995555555555555,0.9995599559955995,0.9988998899889988,0.999064906490649,0.9997249724972497,0.9993610561056105,0.0003194386087882211
0.175775146484375,0.002059506450898493,0.02265505790710449,0.0005613333912390562,100,2,4,,16,0.3,gini,0.001,"{'n_estimators': 100, 'min_samples_split': 2, 'min_samples_leaf': 4, 'max_samples': None, 'max_leaf_nodes': 16, 'max_features': 0.3, 'criterion': 'gini', 'ccp_alpha': 0.001}",0.9532587228439764,0.9519560741249142,0.9199267902081903,0.9682971014492754,0.8755555555555555,0.9337988488363823,0.03311560412462173,62,0.9723285002329489,0.960828593732575,0.96866287498606,0.9727701870232706,0.9805501335880504,0.9710280579125807,0.0064034248503658485,0.967741935483871,0.967741935483871,0.946236559139785,0.9782608695652174,0.9111111111111111,0.9542184821567711,0.023940595254068414,76,0.9809264305177112,0.9726775956284153,0.9781420765027322,0.9807162534435262,0.9862258953168044,0.9797376502818379,0.004401327382163718,0.9387755102040817,0.9361702127659575,0.8936170212765957,0.9583333333333334,0.84,0.9133792155159938,0.0423327949447368,62,0.9637305699481865,0.9489795918367347,0.9591836734693877,0.964824120603015,0.9748743718592965,0.9623184655433242,0.008410417381450423,0.8846153846153846,0.88,0.84,0.92,0.84,0.8729230769230769,0.0302353686068634,59,0.93,0.9207920792079208,0.9306930693069307,0.9504950495049505,0.9603960396039604,0.9384752475247524,0.014629308426335088,0.9577464788732394,0.9571428571428572,0.9285714285714286,0.9714285714285714,0.8857142857142857,0.9401207243460764,0.030574657198500346,86,0.975,0.9644128113879004,0.9715302491103203,0.9750889679715302,0.9822064056939501,0.9736476868327403,0.0057779611933386895,0.994017094017094,0.9546666666666667,0.9733333333333334,0.9751111111111112,0.9484444444444444,0.96911452991453,0.016185723171892024,214,0.9985555555555555,0.997964796479648,0.9975797579757977,0.9975797579757976,0.999064906490649,0.9981489548954896,0.0005807195554379352
0.13856139183044433,0.0029856042952277036,0.022207069396972656,0.0005092442568326522,100,4,2,0.8,,sqrt,gini,0.001,"{'n_estimators': 100, 'min_samples_split': 4, 'min_samples_leaf': 2, 'max_samples': 0.8, 'max_leaf_nodes': None, 'max_features': 'sqrt', 'criterion': 'gini', 'ccp_alpha': 0.001}",0.9382608695652175,0.9519560741249142,0.9199267902081903,0.9519560741249142,0.9066666666666667,0.9337532949379806,0.0179324188743621,64,0.9843014128728415,0.9883300801528303,0.976497156239545,0.9922375690607734,0.9922375690607734,0.9867207574773527,0.005896364814914641,0.9565217391304348,0.967741935483871,0.946236559139785,0.967741935483871,0.9333333333333333,0.954315100514259,0.013197927362722121,69,0.989010989010989,0.9917355371900827,0.9836065573770492,0.994475138121547,0.994475138121547,0.9906606719642429,0.004067864939736117,0.92,0.9361702127659575,0.8936170212765957,0.9361702127659575,0.88,0.913191489361702,0.022747457187796596,64,0.9795918367346939,0.9849246231155779,0.9693877551020408,0.99,0.99,0.9827808429904625,0.007724931238112978,0.8846153846153846,0.88,0.84,0.88,0.88,0.8729230769230769,0.016558306519475343,59,0.96,0.9702970297029703,0.9405940594059405,0.9801980198019802,0.9801980198019802,0.9662574257425742,0.014851009893385907,0.9436619718309859,0.9571428571428572,0.9285714285714286,0.9571428571428572,0.9142857142857143,0.9401609657947686,0.016690550167626016,47,0.9857142857142858,0.9893238434163701,0.9786476868327402,0.9928825622775801,0.9928825622775801,0.9878901881037112,0.0053303160936580465,0.9923076923076923,0.9662222222222222,0.9813333333333333,0.9831111111111112,0.9573333333333333,0.9760615384615384,0.012561716617454718,83,0.9999444444444444,0.9997799779977998,0.9996699669966997,0.9996699669966996,0.9998899889988999,0.9997908690869087,0.00011203873798928817
0.1846071243286133,0.0043002261798233835,0.021994829177856445,0.0002813918248092508,100,8,1,0.8,,0.3,entropy,0.001,"{'n_estimators': 100, 'min_samples_split': 8, 'min_samples_leaf': 1, 'max_samples': 0.8, 'max_leaf_nodes': None, 'max_features': 0.3, 'criterion': 'entropy', 'ccp_alpha': 0.001}",0.9382608695652175,0.9519560741249142,0.9199267902081903,0.9682971014492754,0.8901098901098901,0.9337101450914975,0.026984601816307748,65,0.9843014128728415,0.9844044844044844,0.9726444614421806,0.9883821887790962,0.9883300801528303,0.9836125255302866,0.005768972241113336,0.9565217391304348,0.967741935483871,0.946236559139785,0.9782608695652174,0.9230769230769231,0.9543676052792461,0.018971672479353358,65,0.989010989010989,0.989010989010989,0.9808219178082191,0.9916897506925207,0.9917355371900827,0.9884538367425602,0.0040026921150546355,0.92,0.9361702127659575,0.8936170212765957,0.9583333333333334,0.8571428571428571,0.9130526849037487,0.03503334487196634,65,0.9795918367346939,0.9797979797979798,0.9644670050761421,0.9850746268656716,0.9849246231155779,0.9787712143180132,0.0075357218647288705,0.8846153846153846,0.88,0.84,0.92,0.84,0.8729230769230769,0.0302353686068634,59,0.96,0.9603960396039604,0.9405940594059405,0.9801980198019802,0.9702970297029703,0.9622970297029703,0.013148037686677562,0.9436619718309859,0.9571428571428572,0.9285714285714286,0.9714285714285714,0.9,0.9401609657947686,0.024598883656437292,47,0.9857142857142858,0.9857651245551602,0.9750889679715302,0.9893238434163701,0.9893238434163701,0.9850432130147434,0.005228882911124602,0.994017094017094,0.968,0.9742222222222222,0.9840000000000001,0.9502222222222223,0.9740923076923076,0.014846370250699776,138,0.9998888888888888,0.9996699669966996,0.9994499449944995,0.9998349834983498,0.9997799779977997,0.9997247524752474,0.00015534612915240326
0.20244793891906737,0.007195619775964326,0.02185368537902832,0.0003353728991827436,100,8,1,,16,0.3,log_loss,0.001,"{'n_estimators': 100, 'min_samples_split': 8, 'min_samples_leaf': 1, 'max_samples': None, 'max_leaf_nodes': 16, 'max_features': 0.3, 'criterion': 'log_loss', 'ccp_alpha': 0.001}",0.9382608695652175,0.9519560741249142,0.9199267902081903,0.9682971014492754,0.8901098901098901,0.9337101450914975,0.026984601816307748,65,0.9961023956346831,0.9961273962596988,0.9961273962596988,0.9961273962596988,0.9961273962596988,0.9961223961346957,1.0000250006303446e-05,0.9565217391304348,0.967741935483871,0.946236559139785,0.9782608695652174,0.9230769230769231,0.9543676052792461,0.018971672479353358,65,0.997229916897507,0.997229916897507,0.997229916897507,0.997229916897507,0.997229916897507,0.997229916897507,0.0,0.92,0.9361702127659575,0.8936170212765957,0.9583333333333334,0.8571428571428571,0.9130526849037487,0.03503334487196634,65,0.9949748743718593,0.9950248756218906,0.9950248756218906,0.9950248756218906,0.9950248756218906,0.9950148753718843,2.0000500012518076e-05,0.8846153846153846,0.88,0.84,0.92,0.84,0.8729230769230769,0.0302353686068634,59,0.99,0.9900990099009901,0.9900990099009901,0.9900990099009901,0.9900990099009901,0.9900792079207921,3.960396039603964e-05,0.9436619718309859,0.9571428571428572,0.9285714285714286,0.9714285714285714,0.9,0.9401609657947686,0.024598883656437292,47,0.9964285714285714,0.99644128113879,0.99644128113879,0.99644128113879,0.99644128113879,0.9964387391967463,5.083884087442315e-06,0.994017094017094,0.9688888888888889,0.9742222222222223,0.9857777777777778,0.952,0.9749811965811966,0.014455166606603415,109,1.0,1.0,0.99994499449945,0.9998349834983499,0.99994499449945,0.9999449944994498,6.025550687624244e-05
0.19893813133239746,0.003046407976173458,0.02148289680480957,0.0004904653782693781,100,4,1,,32,0.3,log_loss,0.001,"{'n_estimators': 100, 'min_samples_split': 4, 'min_samples_leaf': 1, 'max_samples': None, 'max_leaf_nodes': 32, 'max_features': 0.3, 'criterion': 'log_loss', 'ccp_alpha': 0.001}",0.9382608695652175,0.9519560741249142,0.9199267902081903,0.9682971014492754,0.8901098901098901,0.9337101450914975,0.026984601816307748,65,1.0,1.0,1.0,1.0,1.0,1.0,0.0,0.9565217391304348,0.967741935483871,0.946236559139785,0.9782608695652174,0.9230769230769231,0.9543676052792461,0.018971672479353358,65,1.0,1.0,1.0,1.0,1.0,1.0,0.0,0.92,0.9361702127659575,0.8936170212765957,0.9583333333333334,0.8571428571428571,0.9130526849037487,0.03503334487196634,65,1.0,1.0,1.0,1.0,1.0,1.0,0.0,0.8846153846153846,0.88,0.84,0.92,0.84,0.8729230769230769,0.0302353686068634,59,1.0,1.0,1.0,1.0,1.0,1.0,0.0,0.9436619718309859,0.9571428571428572,0.9285714285714286,0.9714285714285714,0.9,0.9401609657947686,0.024598883656437292,47,1.0,1.0,1.0,1.0,1.0,1.0,0.0,0.9923076923076923,0.9626666666666667,0.9786666666666666,0.9866666666666667,0.9471111111111111,0.9734837606837609,0.01653794482286514,157,1.0,0.9999999999999999,1.0,1.0,1.0,1.0,4.965068306494546e-17
0.48146491050720214,0.00518697497652176,0.038243675231933595,0.0005818095440819588,300,2,2,0.8,32,0.3,gini,0.0,"{'n_estimators': 300, 'min_samples_split': 2, 'min_samples_leaf': 2, 'max_samples': 0.8, 'max_leaf_nodes': 32, 'max_features': 0.3, 'criterion': 'gini', 'ccp_alpha': 0.0}",0.9382608695652175,0.9519560741249142,0.9199267902081903,0.9682971014492754,0.8901098901098901,0.9337101450914975,0.026984601816307748,65,0.9843014128728415,0.9883300801528303,0.9726444614421806,0.9922375690607734,0.9922375690607734,0.9859502185178798,0.007273060243289443,0.9565217391304348,0.967741935483871,0.946236559139785,0.9782608695652174,0.9230769230769231,0.9543676052792461,0.018971672479353358,65,0.989010989010989,0.9917355371900827,0.9808219178082191,0.994475138121547,0.994475138121547,0.990103744050477,0.00506413532732743,0.92,0.9361702127659575,0.8936170212765957,0.9583333333333334,0.8571428571428571,0.9130526849037487,0.03503334487196634,65,0.9795918367346939,0.9849246231155779,0.9644670050761421,0.99,0.99,0.9817966929852828,0.009482108552103819,0.8846153846153846,0.88,0.84,0.92,0.84,0.8729230769230769,0.0302353686068634,59,0.96,0.9702970297029703,0.9405940594059405,0.9801980198019802,0.9801980198019802,0.9662574257425742,0.014851009893385907,0.9436619718309859,0.9571428571428572,0.9285714285714286,0.9714285714285714,0.9,0.9401609657947686,0.024598883656437292,47,0.9857142857142858,0.9893238434163701,0.9750889679715302,0.9928825622775801,0.9928825622775801,0.9871784443314692,0.006602663999229077,0.9905982905982905,0.9617777777777778,0.9760000000000001,0.9848888888888888,0.9555555555555555,0.9737641025641025,0.013321960523377424,147,0.9997222222222222,0.9998349834983499,0.9996149614961496,0.9997249724972497,1.0,0.9997794279427943,0.00013040364585441565
0.24691014289855956,0.0050125198172775685,0.022371482849121094,0.00019804071900024364,100,8,4,1.0,16,0.5,log_loss,0.0,"{'n_estimators': 100, 'min_samples_split': 8, 'min_samples_leaf': 4, 'max_samples': 1.0, 'max_leaf_nodes': 16, 'max_features': 0.5, 'criterion': 'log_loss', 'ccp_alpha': 0.0}",0.9370567375886525,0.9519560741249142,0.9048913043478262,0.9843014128728415,0.8901098901098901,0.9336630838088249,0.03357107899906342,69,0.980330172110994,0.9725144973101376,0.96866287498606,0.9922375690607734,0.9922375690607734,0.9811965365057477,0.009767598094833588,0.9574468085106383,0.967741935483871,0.9347826086956522,0.989010989010989,0.9230769230769231,0.9544118529556147,0.023457141053117216,58,0.9863013698630136,0.9809264305177112,0.9781420765027322,0.994475138121547,0.994475138121547,0.9868640306253103,0.006745399625316293,0.9166666666666666,0.9361702127659575,0.875,0.9795918367346939,0.8571428571428571,0.9129143146620349,0.04370070851151469,69,0.9743589743589743,0.9641025641025641,0.9591836734693877,0.99,0.99,0.9755290423861853,0.012790009997667894,0.8461538461538461,0.88,0.84,0.96,0.84,0.8732307692307693,0.04586163909879805,52,0.95,0.9306930693069307,0.9306930693069307,0.9801980198019802,0.9801980198019802,0.9543564356435643,0.02224618298905654,0.9436619718309859,0.9571428571428572,0.9142857142857143,0.9857142857142858,0.9,0.9401609657947686,0.03052270776631453,47,0.9821428571428571,0.9750889679715302,0.9715302491103203,0.9928825622775801,0.9928825622775801,0.9829054397559736,0.008833568624809355,0.9931623931623931,0.9733333333333334,0.9671111111111111,0.9875555555555555,0.9457777777777777,0.9733880341880342,0.016694148370511173,159,0.9994444444444444,0.9992849284928492,0.998954895489549,0.9996699669966996,0.9998349834983499,0.9994378437843784,0.00030602838060777557
0.2536472320556641,0.006904031124339347,0.021729373931884767,0.0003260141822939659,100,2,4,1.0,32,0.5,log_loss,0.001,"{'n_estimators': 100, 'min_samples_split': 2, 'min_samples_leaf': 4, 'max_samples': 1.0, 'max_leaf_nodes': 32, 'max_features': 0.5, 'criterion': 'log_loss', 'ccp_alpha': 0.001}",0.9370567375886525,0.9519560741249142,0.9048913043478262,0.9843014128728415,0.8901098901098901,0.9336630838088249,0.03357107899906342,69,0.980330172110994,0.9725144973101376,0.96866287498606,0.9922375690607734,0.9922375690607734,0.9811965365057477,0.009767598094833588,0.9574468085106383,0.967741935483871,0.9347826086956522,0.989010989010989,0.9230769230769231,0.9544118529556147,0.023457141053117216,58,0.9863013698630136,0.9809264305177112,0.9781420765027322,0.994475138121547,0.994475138121547,0.9868640306253103,0.006745399625316293,0.9166666666666666,0.9361702127659575,0.875,0.9795918367346939,0.8571428571428571,0.9129143146620349,0.04370070851151469,69,0.9743589743589743,0.9641025641025641,0.9591836734693877,0.99,0.99,0.9755290423861853,0.012790009997667894,0.8461538461538461,0.88,0.84,0.96,0.84,0.8732307692307693,0.04586163909879805,52,0.95,0.9306930693069307,0.9306930693069307,0.9801980198019802,0.9801980198019802,0.9543564356435643,0.02224618298905654,0.9436619718309859,0.9571428571428572,0.9142857142857143,0.9857142857142858,0.9,0.9401609657947686,0.03052270776631453,47,0.9821428571428571,0.9750889679715302,0.9715302491103203,0.9928825622775801,0.9928825622775801,0.9829054397559736,0.008833568624809355,0.9931623931623931,0.9733333333333334,0.9671111111111111,0.9875555555555555,0.9457777777777777,0.9733880341880342,0.016694148370511173,159,0.9994444444444444,0.9992849284928492,0.998954895489549,0.9996699669966996,0.9998349834983499,0.9994378437843784,0.00030602838060777557
0.25119547843933104,0.0037105516636347143,0.02240891456604004,0.00036226453395551544,100,4,4,,32,0.5,log_loss,0.001,"{'n_estimators': 100, 'min_samples_split': 4, 'min_samples_leaf': 4, 'max_samples': None, 'max_leaf_nodes': 32, 'max_features': 0.5, 'criterion': 'log_loss', 'ccp_alpha': 0.001}",0.9370567375886525,0.9519560741249142,0.9048913043478262,0.9843014128728415,0.8901098901098901,0.9336630838088249,0.03357107899906342,69,0.980330172110994,0.9725144973101376,0.96866287498606,0.9922375690607734,0.9922375690607734,0.9811965365057477,0.009767598094833588,0.9574468085106383,0.967741935483871,0.9347826086956522,0.989010989010989,0.9230769230769231,0.9544118529556147,0.023457141053117216,58,0.9863013698630136,0.9809264305177112,0.9781420765027322,0.994475138121547,0.994475138121547,0.9868640306253103,0.006745399625316293,0.9166666666666666,0.9361702127659575,0.875,0.9795918367346939,0.8571428571428571,0.9129143146620349,0.04370070851151469,69,0.9743589743589743,0.9641025641025641,0.9591836734693877,0.99,0.99,0.9755290423861853,0.012790009997667894,0.8461538461538461,0.88,0.84,0.96,0.84,0.8732307692307693,0.04586163909879805,52,0.95,0.9306930693069307,0.9306930693069307,0.9801980198019802,0.9801980198019802,0.9543564356435643,0.02224618298905654,0.9436619718309859,0.9571428571428572,0.9142857142857143,0.9857142857142858,0.9,0.9401609657947686,0.03052270776631453,47,0.9821428571428571,0.9750889679715302,0.9715302491103203,0.9928825622775801,0.9928825622775801,0.9829054397559736,0.008833568624809355,0.9931623931623931,0.9733333333333334,0.9671111111111111,0.9875555555555555,0.9457777777777777,0.9733880341880342,0.016694148370511173,159,0.9994444444444444,0.9992849284928492,0.998954895489549,0.9996699669966996,0.9998349834983499,0.9994378437843784,0.00030602838060777557
0.2502597808837891,0.0035398454307450982,0.022062158584594725,0.0003689254179029169,100,4,4,1.0,16,0.5,log_loss,0.001,"{'n_estimators': 100, 'min_samples_split': 4, 'min_samples_leaf': 4, 'max_samples': 1.0, 'max_leaf_nodes': 16, 'max_features': 0.5, 'criterion': 'log_loss', 'ccp_alpha': 0.001}",0.9370567375886525,0.9519560741249142,0.9048913043478262,0.9843014128728415,0.8901098901098901,0.9336630838088249,0.03357107899906342,69,0.980330172110994,0.9725144973101376,0.96866287498606,0.9922375690607734,0.9922375690607734,0.9811965365057477,0.009767598094833588,0.9574468085106383,0.967741935483871,0.9347826086956522,0.989010989010989,0.9230769230769231,0.9544118529556147,0.023457141053117216,58,0.9863013698630136,0.9809264305177112,0.9781420765027322,0.994475138121547,0.994475138121547,0.9868640306253103,0.006745399625316293,0.9166666666666666,0.9361702127659575,0.875,0.9795918367346939,0.8571428571428571,0.9129143146620349,0.04370070851151469,69,0.9743589743589743,0.9641025641025641,0.9591836734693877,0.99,0.99,0.9755290423861853,0.012790009997667894,0.8461538461538461,0.88,0.84,0.96,0.84,0.8732307692307693,0.04586163909879805,52,0.95,0.9306930693069307,0.9306930693069307,0.9801980198019802,0.9801980198019802,0.9543564356435643,0.02224618298905654,0.9436619718309859,0.9571428571428572,0.9142857142857143,0.9857142857142858,0.9,0.9401609657947686,0.03052270776631453,47,0.9821428571428571,0.9750889679715302,0.9715302491103203,0.9928825622775801,0.9928825622775801,0.9829054397559736,0.008833568624809355,0.9931623931623931,0.9733333333333334,0.9671111111111111,0.9875555555555555,0.9457777777777777,0.9733880341880342,0.016694148370511173,159,0.9994444444444444,0.9992849284928492,0.998954895489549,0.9996699669966996,0.9998349834983499,0.9994378437843784,0.00030602838060777557
0.25052809715270996,0.004592673116211512,0.021654558181762696,0.00021254244895752648,100,4,4,,16,0.5,entropy,0.001,"{'n_estimators': 100, 'min_samples_split': 4, 'min_samples_leaf': 4, 'max_samples': None, 'max_leaf_nodes': 16, 'max_features': 0.5, 'criterion': 'entropy', 'ccp_alpha': 0.001}",0.9370567375886525,0.9519560741249142,0.9048913043478262,0.9843014128728415,0.8901098901098901,0.9336630838088249,0.03357107899906342,69,0.980330172110994,0.9725144973101376,0.96866287498606,0.9922375690607734,0.9922375690607734,0.9811965365057477,0.009767598094833588,0.9574468085106383,0.967741935483871,0.9347826086956522,0.989010989010989,0.9230769230769231,0.9544118529556147,0.023457141053117216,58,0.9863013698630136,0.9809264305177112,0.9781420765027322,0.994475138121547,0.994475138121547,0.9868640306253103,0.006745399625316293,0.9166666666666666,0.9361702127659575,0.875,0.9795918367346939,0.8571428571428571,0.9129143146620349,0.04370070851151469,69,0.9743589743589743,0.9641025641025641,0.9591836734693877,0.99,0.99,0.9755290423861853,0.012790009997667894,0.8461538461538461,0.88,0.84,0.96,0.84,0.8732307692307693,0.04586163909879805,52,0.95,0.9306930693069307,0.9306930693069307,0.9801980198019802,0.9801980198019802,0.9543564356435643,0.02224618298905654,0.9436619718309859,0.9571428571428572,0.9142857142857143,0.9857142857142858,0.9,0.9401609657947686,0.03052270776631453,47,0.9821428571428571,0.9750889679715302,0.9715302491103203,0.9928825622775801,0.9928825622775801,0.9829054397559736,0.008833568624809355,0.9931623931623931,0.9733333333333334,0.9671111111111111,0.9875555555555555,0.9457777777777777,0.9733880341880342,0.016694148370511173,159,0.9994444444444444,0.9992849284928492,0.998954895489549,0.9996699669966996,0.9998349834983499,0.9994378437843784,0.00030602838060777557
0.2562849521636963,0.0042937004530631566,0.022237586975097656,0.000406234235205853,100,2,2,1.0,,0.5,entropy,0.0,"{'n_estimators': 100, 'min_samples_split': 2, 'min_samples_leaf': 2, 'max_samples': 1.0, 'max_leaf_nodes': None, 'max_features': 0.5, 'criterion': 'entropy', 'ccp_alpha': 0.0}",0.9370567375886525,0.9519560741249142,0.9048913043478262,0.9843014128728415,0.8901098901098901,0.9336630838088249,0.03357107899906342,69,1.0,1.0,0.9961273962596988,0.9961273962596988,1.0,0.9984509585038795,0.001897180627946304,0.9574468085106383,0.967741935483871,0.9347826086956522,0.989010989010989,0.9230769230769231,0.9544118529556147,0.023457141053117216,58,1.0,1.0,0.997229916897507,0.997229916897507,1.0,0.9988919667590028,0.001357058029242745,0.9166666666666666,0.9361702127659575,0.875,0.9795918367346939,0.8571428571428571,0.9129143146620349,0.04370070851151469,69,1.0,1.0,0.9950248756218906,0.9950248756218906,1.0,0.9980099502487562,0.002437303226649917,0.8461538461538461,0.88,0.84,0.96,0.84,0.8732307692307693,0.04586163909879805,52,1.0,1.0,0.9900990099009901,0.9900990099009901,1.0,0.996039603960396,0.004850474738184516,0.9436619718309859,0.9571428571428572,0.9142857142857143,0.9857142857142858,0.9,0.9401609657947686,0.03052270776631453,47,1.0,1.0,0.99644128113879,0.99644128113879,1.0,0.9985765124555159,0.0017434090695965625,0.9923076923076923,0.9733333333333334,0.9742222222222222,0.9875555555555555,0.9475555555555556,0.9749948717948719,0.015580618111920543,106,1.0,1.0,1.0,1.0,1.0,1.0,0.0
0.2637913703918457,0.009405597296823845,0.02190556526184082,0.00027322813270360156,100,2,2,1.0,,0.5,log_loss,0.001,"{'n_estimators': 100, 'min_samples_split': 2, 'min_samples_leaf': 2, 'max_samples': 1.0, 'max_leaf_nodes': None, 'max_features': 0.5, 'criterion': 'log_loss', 'ccp_alpha': 0.001}",0.9370567375886525,0.9519560741249142,0.9048913043478262,0.9843014128728415,0.8901098901098901,0.9336630838088249,0.03357107899906342,69,1.0,1.0,0.9961273962596988,0.9961273962596988,1.0,0.9984509585038795,0.001897180627946304,0.9574468085106383,0.967741935483871,0.9347826086956522,0.989010989010989,0.9230769230769231,0.9544118529556147,0.023457141053117216,58,1.0,1.0,0.997229916897507,0.997229916897507,1.0,0.9988919667590028,0.001357058029242745,0.9166666666666666,0.9361702127659575,0.875,0.9795918367346939,0.8571428571428571,0.9129143146620349,0.04370070851151469,69,1.0,1.0,0.9950248756218906,0.9950248756218906,1.0,0.9980099502487562,0.002437303226649917,0.8461538461538461,0.88,0.84,0.96,0.84,0.8732307692307693,0.04586163909879805,52,1.0,1.0,0.9900990099009901,0.9900990099009901,1.0,0.996039603960396,0.004850474738184516,0.9436619718309859,0.9571428571428572,0.9142857142857143,0.9857142857142858,0.9,0.9401609657947686,0.03052270776631453,47,1.0,1.0,0.99644128113879,0.99644128113879,1.0,0.9985765124555159,0.0017434090695965625,0.9923076923076923,0.9733333333333334,0.9742222222222222,0.9875555555555555,0.9475555555555556,0.9749948717948719,0.015580618111920543,106,1.0,1.0,1.0,1.0,1.0,1.0,0.0
0.5030173778533935,0.008729749559721427,0.03869476318359375,0.0009831833269093682,300,2,1,0.8,,0.3,gini,0.001,"{'n_estimators': 300, 'min_samples_split': 2, 'min_samples_leaf': 1, 'max_samples': 0.8, 'max_leaf_nodes': None, 'max_features': 0.3, 'criterion': 'gini', 'ccp_alpha': 0.001}",0.9382608695652175,0.9365942028985508,0.9199267902081903,0.9682971014492754,0.9048913043478262,0.9335940536938121,0.021193034234626085,76,1.0,1.0,1.0,1.0,1.0,1.0,0.0,0.9565217391304348,0.9565217391304348,0.946236559139785,0.9782608695652174,0.9347826086956522,0.9544647031323048,0.01435135900235955,57,1.0,1.0,1.0,1.0,1.0,1.0,0.0,0.92,0.9166666666666666,0.8936170212765957,0.9583333333333334,0.875,0.9127234042553191,0.028060195629102894,76,1.0,1.0,1.0,1.0,1.0,1.0,0.0,0.8846153846153846,0.88,0.84,0.92,0.84,0.8729230769230769,0.0302353686068634,59,1.0,1.0,1.0,1.0,1.0,1.0,0.0,0.9436619718309859,0.9428571428571428,0.9285714285714286,0.9714285714285714,0.9142857142857143,0.9401609657947686,0.018979123213659386,47,1.0,1.0,1.0,1.0,1.0,1.0,0.0,0.9923076923076922,0.9551111111111111,0.9817777777777779,0.9835555555555555,0.9608888888888889,0.9747282051282052,0.01423386111531165,122,1.0,1.0,1.0,1.0,1.0,1.0,0.0
0.4991130352020264,0.010747270721034968,0.028704118728637696,0.00032516205158624834,200,8,2,,,0.5,log_loss,0.001,"{'n_estimators': 200, 'min_samples_split': 8, 'min_samples_leaf': 2, 'max_samples': None, 'max_leaf_nodes': None, 'max_features': 0.5, 'criterion': 'log_loss', 'ccp_alpha': 0.001}",0.9370567375886525,0.9519560741249142,0.9199267902081903,0.9682971014492754,0.8901098901098901,0.9334693186961844,0.026948262568359763,77,0.9882535553970717,0.9922375690607734,0.9766067266067266,0.9922375690607734,0.9922375690607734,0.9883145978372238,0.006053876189546628,0.9574468085106383,0.967741935483871,0.946236559139785,0.9782608695652174,0.9230769230769231,0.954552619155287,0.018996272437186244,50,0.9917355371900827,0.994475138121547,0.9835164835164835,0.994475138121547,0.994475138121547,0.9917354870142414,0.0042442686782991675,0.9166666666666666,0.9361702127659575,0.8936170212765957,0.9583333333333334,0.8571428571428571,0.9123860182370821,0.03492635028028131,77,0.9847715736040609,0.99,0.9696969696969697,0.99,0.99,0.9848937086602062,0.007863566949282603,0.8461538461538461,0.88,0.84,0.92,0.84,0.8652307692307692,0.03116058806442381,116,0.97,0.9801980198019802,0.9504950495049505,0.9801980198019802,0.9801980198019802,0.9722178217821782,0.011557233667029087,0.9436619718309859,0.9571428571428572,0.9285714285714286,0.9714285714285714,0.9,0.9401609657947686,0.024598883656437292,47,0.9892857142857143,0.9928825622775801,0.9786476868327402,0.9928825622775801,0.9928825622775801,0.989316217590239,0.005513164649492405,0.9948717948717949,0.975111111111111,0.9751111111111112,0.9857777777777779,0.9546666666666666,0.9771076923076922,0.01343358497748686,56,1.0,0.99994499449945,0.9996149614961497,0.99994499449945,1.0,0.9999009900990099,0.00014511447698866857
0.5114670276641846,0.014450738212369061,0.030099010467529295,0.0005392228116918483,200,8,2,,,0.5,entropy,0.0,"{'n_estimators': 200, 'min_samples_split': 8, 'min_samples_leaf': 2, 'max_samples': None, 'max_leaf_nodes': None, 'max_features': 0.5, 'criterion': 'entropy', 'ccp_alpha': 0.0}",0.9370567375886525,0.9519560741249142,0.9199267902081903,0.9682971014492754,0.8901098901098901,0.9334693186961844,0.026948262568359763,77,0.9882535553970717,0.9922375690607734,0.9766067266067266,0.9922375690607734,0.9922375690607734,0.9883145978372238,0.006053876189546628,0.9574468085106383,0.967741935483871,0.946236559139785,0.9782608695652174,0.9230769230769231,0.954552619155287,0.018996272437186244,50,0.9917355371900827,0.994475138121547,0.9835164835164835,0.994475138121547,0.994475138121547,0.9917354870142414,0.0042442686782991675,0.9166666666666666,0.9361702127659575,0.8936170212765957,0.9583333333333334,0.8571428571428571,0.9123860182370821,0.03492635028028131,77,0.9847715736040609,0.99,0.9696969696969697,0.99,0.99,0.9848937086602062,0.007863566949282603,0.8461538461538461,0.88,0.84,0.92,0.84,0.8652307692307692,0.03116058806442381,116,0.97,0.9801980198019802,0.9504950495049505,0.9801980198019802,0.9801980198019802,0.9722178217821782,0.011557233667029087,0.9436619718309859,0.9571428571428572,0.9285714285714286,0.9714285714285714,0.9,0.9401609657947686,0.024598883656437292,47,0.9892857142857143,0.9928825622775801,0.9786476868327402,0.9928825622775801,0.9928825622775801,0.989316217590239,0.005513164649492405,0.9948717948717949,0.975111111111111,0.9751111111111112,0.9857777777777779,0.9546666666666666,0.9771076923076922,0.01343358497748686,56,1.0,0.99994499449945,0.9996149614961497,0.99994499449945,1.0,0.9999009900990099,0.00014511447698866857
0.7853108882904053,0.01143761165118181,0.039156007766723636,0.0010171328732441673,300,8,1,,,0.5,log_loss,0.001,"{'n_estimators': 300, 'min_samples_split': 8, 'min_samples_leaf': 1, 'max_samples': None, 'max_leaf_nodes': None, 'max_features': 0.5, 'criterion': 'log_loss', 'ccp_alpha': 0.001}",0.9370567375886525,0.9519560741249142,0.9199267902081903,0.9682971014492754,0.8901098901098901,0.9334693186961844,0.026948262568359763,77,1.0,0.9961273962596988,0.9922717271727173,0.9961273962596988,0.9961273962596988,0.9961307831903629,0.0024438979717329922,0.9574468085106383,0.967741935483871,0.946236559139785,0.9782608695652174,0.9230769230769231,0.954552619155287,0.018996272437186244,50,1.0,0.997229916897507,0.9944444444444445,0.997229916897507,0.997229916897507,0.9972268390273932,0.001756824966527131,0.9166666666666666,0.9361702127659575,0.8936170212765957,0.9583333333333334,0.8571428571428571,0.9123860182370821,0.03492635028028131,77,1.0,0.9950248756218906,0.9900990099009901,0.9950248756218906,0.9950248756218906,0.9950347273533323,0.0031309912294651718,0.8461538461538461,0.88,0.84,0.92,0.84,0.8652307692307692,0.03116058806442381,116,1.0,0.9900990099009901,0.9900990099009901,0.9900990099009901,0.9900990099009901,0.9920792079207921,0.003960396039603964,0.9436619718309859,0.9571428571428572,0.9285714285714286,0.9714285714285714,0.9,0.9401609657947686,0.024598883656437292,47,1.0,0.99644128113879,0.9928825622775801,0.99644128113879,0.99644128113879,0.99644128113879,0.002250731430724818,0.994017094017094,0.9706666666666667,0.9768888888888889,0.9875555555555555,0.9555555555555555,0.9769367521367522,0.013423627637363902,60,1.0,1.0,0.9996699669966996,1.0,1.0,0.9999339933993399,0.00013201320132014694
0.773679256439209,0.01492096257895358,0.0385282039642334,0.0007446015218092452,300,2,2,1.0,16,0.5,log_loss,0.001,"{'n_estimators': 300, 'min_samples_split': 2, 'min_samples_leaf': 2, 'max_samples': 1.0, 'max_leaf_nodes': 16, 'max_features': 0.5, 'criterion': 'log_loss', 'ccp_alpha': 0.001}",0.9370567375886525,0.9519560741249142,0.9199267902081903,0.9682971014492754,0.8901098901098901,0.9334693186961844,0.026948262568359763,77,1.0,1.0,1.0,1.0,1.0,1.0,0.0,0.9574468085106383,0.967741935483871,0.946236559139785,0.9782608695652174,0.9230769230769231,0.954552619155287,0.018996272437186244,50,1.0,1.0,1.0,1.0,1.0,1.0,0.0,0.9166666666666666,0.9361702127659575,0.8936170212765957,0.9583333333333334,0.8571428571428571,0.9123860182370821,0.03492635028028131,77,1.0,1.0,1.0,1.0,1.0,1.0,0.0,0.8461538461538461,0.88,0.84,0.92,0.84,0.8652307692307692,0.03116058806442381,116,1.0,1.0,1.0,1.0,1.0,1.0,0.0,0.9436619718309859,0.9571428571428572,0.9285714285714286,0.9714285714285714,0.9,0.9401609657947686,0.024598883656437292,47,1.0,1.0,1.0,1.0,1.0,1.0,0.0,0.9957264957264957,0.9697777777777777,0.9733333333333334,0.9884444444444445,0.9555555555555556,0.9765675213675215,0.014185844337233884,72,1.0,1.0,1.0,1.0,1.0,1.0,0.0
0.7350433826446533,0.011682527206953732,0.03800215721130371,0.0007774883981894797,300,8,4,,16,0.5,entropy,0.0,"{'n_estimators': 300, 'min_samples_split': 8, 'min_samples_leaf': 4, 'max_samples': None, 'max_leaf_nodes': 16, 'max_features': 0.5, 'criterion': 'entropy', 'ccp_alpha': 0.0}",0.9370567375886525,0.9519560741249142,0.9199267902081903,0.9682971014492754,0.8901098901098901,0.9334693186961844,0.026948262568359763,77,0.9763393611627513,0.9725144973101376,0.96866287498606,0.9844044844044844,0.9922375690607734,0.9788317573848413,0.008488781492600647,0.9574468085106383,0.967741935483871,0.946236559139785,0.9782608695652174,0.9230769230769231,0.954552619155287,0.018996272437186244,50,0.9836065573770492,0.9809264305177112,0.9781420765027322,0.989010989010989,0.994475138121547,0.9852322383060057,0.005850869464953969,0.9166666666666666,0.9361702127659575,0.8936170212765957,0.9583333333333334,0.8571428571428571,0.9123860182370821,0.03492635028028131,77,0.9690721649484536,0.9641025641025641,0.9591836734693877,0.9797979797979798,0.99,0.9724312764636769,0.011127249701265274,0.8461538461538461,0.88,0.84,0.92,0.84,0.8652307692307692,0.03116058806442381,116,0.94,0.9306930693069307,0.9306930693069307,0.9603960396039604,0.9801980198019802,0.9483960396039602,0.019249154476088257,0.9436619718309859,0.9571428571428572,0.9285714285714286,0.9714285714285714,0.9,0.9401609657947686,0.024598883656437292,47,0.9785714285714285,0.9750889679715302,0.9715302491103203,0.9857651245551602,0.9928825622775801,0.9807676664972039,0.007670022747841258,0.9948717948717949,0.9671111111111111,0.9733333333333334,0.9875555555555555,0.9502222222222222,0.9746188034188034,0.01568919545325194,125,0.9996666666666666,0.9995599559955995,0.9991749174917492,0.9997249724972497,0.9997799779977997,0.9995812981298128,0.00021587242092122781
0.1682961940765381,0.00252835049298153,0.022346639633178712,0.00046076546861586543,100,2,4,1.0,,0.3,gini,0.0,"{'n_estimators': 100, 'min_samples_split': 2, 'min_samples_leaf': 4, 'max_samples': 1.0, 'max_leaf_nodes': None, 'max_features': 0.3, 'criterion': 'gini', 'ccp_alpha': 0.0}",0.9532587228439764,0.9519560741249142,0.9199267902081903,0.9519560741249142,0.8901098901098901,0.9334415102823771,0.025054249251281458,82,0.9644223574423627,0.9646614965416056,0.96866287498606,0.9646614965416056,0.976497156239545,0.9677810763502357,0.004636640303881524,0.967741935483871,0.967741935483871,0.946236559139785,0.967741935483871,0.9230769230769231,0.9545078577336643,0.017786177079524373,55,0.9754768392370572,0.9754768392370572,0.9781420765027322,0.9754768392370572,0.9836065573770492,0.9776358303181907,0.0031587843951744973,0.9387755102040817,0.9361702127659575,0.8936170212765957,0.9361702127659575,0.8571428571428571,0.9123751628310899,0.03234768186574473,82,0.9533678756476683,0.9538461538461539,0.9591836734693877,0.9538461538461539,0.9693877551020408,0.957926322382281,0.006115886835848625,0.8846153846153846,0.88,0.84,0.88,0.84,0.8649230769230769,0.02041927387450716,129,0.92,0.9207920792079208,0.9306930693069307,0.9207920792079208,0.9405940594059405,0.9265742574257427,0.008044967239980718,0.9577464788732394,0.9571428571428572,0.9285714285714286,0.9571428571428572,0.9,0.9401207243460765,0.022948777690754815,76,0.9678571428571429,0.9679715302491103,0.9715302491103203,0.9679715302491103,0.9786476868327402,0.9707956278596848,0.004166059222730602,0.9957264957264957,0.9608888888888889,0.9733333333333334,0.9795555555555555,0.9546666666666667,0.972834188034188,0.014437677674586539,179,0.9983333333333333,0.9981298129812982,0.9979097909790979,0.9981848184818483,0.9993949394939494,0.9983905390539054,0.0005202903974825145
0.18523850440979003,0.005593300541750062,0.02345409393310547,0.0012583769880978968,100,4,4,1.0,,0.3,gini,0.0,"{'n_estimators': 100, 'min_samples_split': 4, 'min_samples_leaf': 4, 'max_samples': 1.0, 'max_leaf_nodes': None, 'max_features': 0.3, 'criterion': 'gini', 'ccp_alpha': 0.0}",0.9532587228439764,0.9519560741249142,0.9199267902081903,0.9519560741249142,0.8901098901098901,0.9334415102823771,0.025054249251281458,82,0.9644223574423627,0.9646614965416056,0.96866287498606,0.9646614965416056,0.976497156239545,0.9677810763502357,0.004636640303881524,0.967741935483871,0.967741935483871,0.946236559139785,0.967741935483871,0.9230769230769231,0.9545078577336643,0.017786177079524373,55,0.9754768392370572,0.9754768392370572,0.9781420765027322,0.9754768392370572,0.9836065573770492,0.9776358303181907,0.0031587843951744973,0.9387755102040817,0.9361702127659575,0.8936170212765957,0.9361702127659575,0.8571428571428571,0.9123751628310899,0.03234768186574473,82,0.9533678756476683,0.9538461538461539,0.9591836734693877,0.9538461538461539,0.9693877551020408,0.957926322382281,0.006115886835848625,0.8846153846153846,0.88,0.84,0.88,0.84,0.8649230769230769,0.02041927387450716,129,0.92,0.9207920792079208,0.9306930693069307,0.9207920792079208,0.9405940594059405,0.9265742574257427,0.008044967239980718,0.9577464788732394,0.9571428571428572,0.9285714285714286,0.9571428571428572,0.9,0.9401207243460765,0.022948777690754815,76,0.9678571428571429,0.9679715302491103,0.9715302491103203,0.9679715302491103,0.9786476868327402,0.9707956278596848,0.004166059222730602,0.9957264957264957,0.9608888888888889,0.9733333333333334,0.9795555555555555,0.9546666666666667,0.972834188034188,0.014437677674586539,179,0.9983333333333333,0.9981298129812982,0.9979097909790979,0.9981848184818483,0.9993949394939494,0.9983905390539054,0.0005202903974825145
0.5585759162902832,0.006996075266453247,0.037798833847045896,0.0005224450911977606,300,8,1,0.8,32,0.3,log_loss,0.001,"{'n_estimators': 300, 'min_samples_split': 8, 'min_samples_leaf': 1, 'max_samples': 0.8, 'max_leaf_nodes': 32, 'max_features': 0.3, 'criterion': 'log_loss', 'ccp_alpha': 0.001}",0.9382608695652175,0.9519560741249142,0.9199267902081903,0.9519560741249142,0.9048913043478262,0.9333982224742126,0.01847461458798576,84,0.9882535553970717,0.9883300801528303,0.9766067266067266,0.9922375690607734,0.9922375690607734,0.9875331000556351,0.005741148441905257,0.9565217391304348,0.967741935483871,0.946236559139785,0.967741935483871,0.9347826086956522,0.9546049555867228,0.012741978152176009,48,0.9917355371900827,0.9917355371900827,0.9835164835164835,0.994475138121547,0.994475138121547,0.9911875668279485,0.004026470221620366,0.92,0.9361702127659575,0.8936170212765957,0.9361702127659575,0.875,0.912191489361702,0.024245201323850527,84,0.9847715736040609,0.9849246231155779,0.9696969696969697,0.99,0.99,0.9838786332833218,0.007455914165039192,0.8846153846153846,0.88,0.84,0.88,0.84,0.8649230769230769,0.02041927387450716,129,0.97,0.9702970297029703,0.9504950495049505,0.9801980198019802,0.9801980198019802,0.9702376237623762,0.010846641977678722,0.9436619718309859,0.9571428571428572,0.9285714285714286,0.9571428571428572,0.9142857142857143,0.9401609657947686,0.016690550167626016,47,0.9892857142857143,0.9893238434163701,0.9786476868327402,0.9928825622775801,0.9928825622775801,0.9886044738179969,0.0052292116040515155,0.9923076923076923,0.9644444444444444,0.9751111111111112,0.9875555555555555,0.959111111111111,0.9757059829059831,0.012795272704382545,85,0.9997222222222222,0.9998899889988999,0.9995049504950495,0.9997799779977997,0.9998899889988999,0.9997574257425743,0.00014187154508846553
0.23195958137512207,0.005760378943131604,0.02211909294128418,0.0005461971686483675,100,4,2,0.8,,0.5,entropy,0.001,"{'n_estimators': 100, 'min_samples_split': 4, 'min_samples_leaf': 2, 'max_samples': 0.8, 'max_leaf_nodes': None, 'max_features': 0.5, 'criterion': 'entropy', 'ccp_alpha': 0.001}",0.9204927211646137,0.9519560741249142,0.9048913043478262,0.9843014128728415,0.9048913043478262,0.9333065633716042,0.03074842230058028,85,0.9882535553970717,0.9922375690607734,0.96866287498606,0.9922375690607734,0.9961273962596988,0.9875037929528755,0.009743984195675444,0.9473684210526315,0.967741935483871,0.9347826086956522,0.989010989010989,0.9347826086956522,0.9547373125877592,0.020949873935344587,47,0.9917355371900827,0.994475138121547,0.9781420765027322,0.994475138121547,0.997229916897507,0.9912115613666831,0.006761781644473921,0.8936170212765957,0.9361702127659575,0.875,0.9795918367346939,0.875,0.9118758141554494,0.04056775166174819,86,0.9847715736040609,0.99,0.9591836734693877,0.99,0.9950248756218906,0.9837960245390678,0.012726234642150043,0.8076923076923077,0.88,0.84,0.96,0.84,0.8655384615384616,0.0525028035317946,113,0.97,0.9801980198019802,0.9306930693069307,0.9801980198019802,0.9900990099009901,0.9702376237623763,0.020768831888244358,0.9295774647887324,0.9571428571428572,0.9142857142857143,0.9857142857142858,0.9142857142857143,0.9402012072434609,0.027620822824223065,44,0.9892857142857143,0.9928825622775801,0.9715302491103203,0.9928825622775801,0.99644128113879,0.9886044738179971,0.008831906574034466,0.9918803418803418,0.9528888888888889,0.9742222222222223,0.9857777777777778,0.9520000000000001,0.9713538461538462,0.01645077760663472,195,1.0,1.0,0.9996149614961496,1.0,1.0,0.9999229922992299,0.00015401540154016404
0.4611654281616211,0.010668784155608143,0.03821110725402832,0.0005661709888809785,300,8,4,0.8,,0.3,gini,0.0,"{'n_estimators': 300, 'min_samples_split': 8, 'min_samples_leaf': 4, 'max_samples': 0.8, 'max_leaf_nodes': None, 'max_features': 0.3, 'criterion': 'gini', 'ccp_alpha': 0.0}",0.9532587228439764,0.9519560741249142,0.9028677150786308,0.9682971014492754,0.8901098901098901,0.9332979007213374,0.030863267373977578,86,0.9562990394301849,0.9646614965416056,0.9646614965416056,0.9565974416220846,0.96866287498606,0.9621764698243082,0.004900896065266725,0.967741935483871,0.967741935483871,0.9361702127659575,0.9782608695652174,0.9230769230769231,0.9545983752751679,0.02115948538173049,49,0.9701897018970189,0.9754768392370572,0.9754768392370572,0.9701897018970189,0.9781420765027322,0.973895031754177,0.0031780672624321916,0.9387755102040817,0.9361702127659575,0.8695652173913043,0.9583333333333334,0.8571428571428571,0.9119974261675068,0.04063968940331974,85,0.9424083769633508,0.9538461538461539,0.9538461538461539,0.9430051813471503,0.9591836734693877,0.9504579078944392,0.006624763955444645,0.8846153846153846,0.88,0.8,0.92,0.84,0.8649230769230769,0.04119401346751892,129,0.9,0.9207920792079208,0.9207920792079208,0.900990099009901,0.9306930693069307,0.9146534653465347,0.012116482012497718,0.9577464788732394,0.9571428571428572,0.9142857142857143,0.9714285714285714,0.9,0.9401207243460765,0.02777668728778433,76,0.9607142857142857,0.9679715302491103,0.9679715302491103,0.9608540925266904,0.9715302491103203,0.9658083375699034,0.00430332394939137,0.9923076923076923,0.9511111111111111,0.9742222222222223,0.9768888888888888,0.9475555555555555,0.968417094017094,0.016798406709178745,217,0.9973888888888889,0.9973047304730474,0.996974697469747,0.9974697469746975,0.9982948294829482,0.9974865786578657,0.00043776411589785863
0.6934651374816895,0.0107483251769693,0.037645721435546876,0.0004713906272102098,300,4,2,0.8,16,0.5,log_loss,0.001,"{'n_estimators': 300, 'min_samples_split': 4, 'min_samples_leaf': 2, 'max_samples': 0.8, 'max_leaf_nodes': 16, 'max_features': 0.5, 'criterion': 'log_loss', 'ccp_alpha': 0.001}",0.9204927211646137,0.9519560741249142,0.9199267902081903,0.9682971014492754,0.9048913043478262,0.9331127982589639,0.023334927079838332,87,0.9921870640102685,0.9883300801528303,0.984475138121547,0.9922375690607734,0.9922375690607734,0.9898934840812383,0.0031000865296207246,0.9473684210526315,0.967741935483871,0.946236559139785,0.9782608695652174,0.9347826086956522,0.9548780787874314,0.015793241928042122,44,0.994475138121547,0.9917355371900827,0.988950276243094,0.994475138121547,0.994475138121547,0.9928222455595636,0.0022076794573652326,0.8936170212765957,0.9361702127659575,0.8936170212765957,0.9583333333333334,0.875,0.9113475177304965,0.030898919433726555,87,0.98989898989899,0.9849246231155779,0.98,0.99,0.99,0.9869647226029136,0.0039926209229806265,0.8076923076923077,0.88,0.84,0.92,0.84,0.8575384615384616,0.0387448030491008,179,0.98,0.9702970297029703,0.9702970297029703,0.9801980198019802,0.9801980198019802,0.9761980198019803,0.004818680768080838,0.9295774647887324,0.9571428571428572,0.9285714285714286,0.9714285714285714,0.9142857142857143,0.9402012072434609,0.020889692224688765,44,0.9928571428571429,0.9893238434163701,0.9857651245551602,0.9928825622775801,0.9928825622775801,0.9907422470767667,0.0028431778002238222,0.994017094017094,0.9653333333333334,0.9742222222222222,0.9857777777777778,0.9528888888888889,0.9744478632478633,0.014554976475424499,129,1.0,1.0,0.9997249724972498,1.0,1.0,0.9999449944994498,0.00011001100110008542
0.6883462905883789,0.01211467025043146,0.03756403923034668,0.0004090021351877897,300,8,2,0.8,16,0.5,log_loss,0.0,"{'n_estimators': 300, 'min_samples_split': 8, 'min_samples_leaf': 2, 'max_samples': 0.8, 'max_leaf_nodes': 16, 'max_features': 0.5, 'criterion': 'log_loss', 'ccp_alpha': 0.0}",0.9204927211646137,0.9519560741249142,0.9199267902081903,0.9682971014492754,0.9048913043478262,0.9331127982589639,0.023334927079838332,87,0.9882535553970717,0.9805501335880504,0.96866287498606,0.9883821887790962,0.9922375690607734,0.9836172643622103,0.008385110674928007,0.9473684210526315,0.967741935483871,0.946236559139785,0.9782608695652174,0.9347826086956522,0.9548780787874314,0.015793241928042122,44,0.9917355371900827,0.9862258953168044,0.9781420765027322,0.9916897506925207,0.994475138121547,0.9884536795647373,0.005810213237604595,0.8936170212765957,0.9361702127659575,0.8936170212765957,0.9583333333333334,0.875,0.9113475177304965,0.030898919433726555,87,0.9847715736040609,0.9748743718592965,0.9591836734693877,0.9850746268656716,0.99,0.9787808491596834,0.01096065347224687,0.8076923076923077,0.88,0.84,0.92,0.84,0.8575384615384616,0.0387448030491008,179,0.97,0.9603960396039604,0.9306930693069307,0.9801980198019802,0.9801980198019802,0.9642970297029703,0.018344757946168664,0.9295774647887324,0.9571428571428572,0.9285714285714286,0.9714285714285714,0.9142857142857143,0.9402012072434609,0.020889692224688765,44,0.9892857142857143,0.9822064056939501,0.9715302491103203,0.9893238434163701,0.9928825622775801,0.985045754956787,0.007595072711758082,0.9931623931623932,0.9671111111111111,0.9706666666666667,0.9866666666666666,0.9528888888888889,0.9740991452991452,0.014365510925707503,137,0.9997222222222222,0.9995599559955997,0.9992299229922993,0.9996699669966996,0.9997799779977998,0.999592409240924,0.0001951912640076467
0.5204863548278809,0.0060865965455042595,0.037995767593383786,0.0025626670816709025,300,2,2,0.8,16,0.3,log_loss,0.0,"{'n_estimators': 300, 'min_samples_split': 2, 'min_samples_leaf': 2, 'max_samples': 0.8, 'max_leaf_nodes': 16, 'max_features': 0.3, 'criterion': 'log_loss', 'ccp_alpha': 0.0}",0.9532587228439764,0.9519560741249142,0.9028677150786308,0.9519560741249142,0.9048913043478262,0.9329859781040524,0.023778703608518335,89,0.9882535553970717,0.9961273962596988,0.9844044844044844,0.9961273962596988,0.9922375690607734,0.9914300802763455,0.004565761726048953,0.967741935483871,0.967741935483871,0.9361702127659575,0.967741935483871,0.9347826086956522,0.9548357255826445,0.015812903766461325,46,0.9917355371900827,0.997229916897507,0.989010989010989,0.997229916897507,0.994475138121547,0.9939362996235264,0.003196504851875105,0.9387755102040817,0.9361702127659575,0.8695652173913043,0.9361702127659575,0.875,0.9111362306254602,0.031784608238509045,89,0.9847715736040609,0.9950248756218906,0.9797979797979798,0.9950248756218906,0.99,0.9889238609291644,0.005935082683707567,0.8846153846153846,0.88,0.8,0.88,0.84,0.8569230769230769,0.032737073423434786,188,0.97,0.9900990099009901,0.9603960396039604,0.9900990099009901,0.9801980198019802,0.9781584158415841,0.011587728991907067,0.9577464788732394,0.9571428571428572,0.9142857142857143,0.9571428571428572,0.9142857142857143,0.9401207243460765,0.021095348881648355,76,0.9892857142857143,0.99644128113879,0.9857651245551602,0.99644128113879,0.9928825622775801,0.9921631926792068,0.004155399667422133,0.9948717948717949,0.972,0.9768888888888889,0.9893333333333333,0.9546666666666666,0.9775521367521367,0.014098070871875479,43,1.0,1.0,0.9998349834983498,0.99994499449945,1.0,0.99995599559956,6.414688553187904e-05
0.2887547969818115,0.002497271644446114,0.029669904708862306,0.0007881004170533565,200,4,1,1.0,32,sqrt,gini,0.001,"{'n_estimators': 200, 'min_samples_split': 4, 'min_samples_leaf': 1, 'max_samples': 1.0, 'max_leaf_nodes': 32, 'max_features': 'sqrt', 'criterion': 'gini', 'ccp_alpha': 0.001}",0.9382608695652175,0.9365942028985508,0.9199267902081903,0.9682971014492754,0.8920467063229787,0.9310251340888426,0.024960212395732474,90,1.0,1.0,1.0,1.0,1.0,1.0,0.0,0.9565217391304348,0.9565217391304348,0.946236559139785,0.9782608695652174,0.9213483146067416,0.9517778443145227,0.018455469769704098,143,1.0,1.0,1.0,1.0,1.0,1.0,0.0,0.92,0.9166666666666666,0.8936170212765957,0.9583333333333334,0.8627450980392157,0.9102724238631623,0.03156457581823113,90,1.0,1.0,1.0,1.0,1.0,1.0,0.0,0.8846153846153846,0.88,0.84,0.92,0.88,0.8809230769230769,0.025365493963723035,18,1.0,1.0,1.0,1.0,1.0,1.0,0.0,0.9436619718309859,0.9428571428571428,0.9285714285714286,0.9714285714285714,0.9,0.9373038229376258,0.023253360170854723,95,1.0,1.0,1.0,1.0,1.0,1.0,0.0,0.9923076923076922,0.9671111111111111,0.9857777777777778,0.9866666666666666,0.9608888888888889,0.9785504273504273,0.012248740104958246,19,1.0,1.0,1.0,1.0,1.0,1.0,0.0
0.14931397438049315,0.003116639588990952,0.022648096084594727,0.0009067316788881491,100,4,1,1.0,32,sqrt,gini,0.001,"{'n_estimators': 100, 'min_samples_split': 4, 'min_samples_leaf': 1, 'max_samples': 1.0, 'max_leaf_nodes': 32, 'max_features': 'sqrt', 'criterion': 'gini', 'ccp_alpha': 0.001}",0.9382608695652175,0.9365942028985508,0.9199267902081903,0.9682971014492754,0.8920467063229787,0.9310251340888426,0.024960212395732474,90,1.0,1.0,1.0,0.9961273962596988,1.0,0.9992254792519397,0.0015490414961204734,0.9565217391304348,0.9565217391304348,0.946236559139785,0.9782608695652174,0.9213483146067416,0.9517778443145227,0.018455469769704098,143,1.0,1.0,1.0,0.997229916897507,1.0,0.9994459833795014,0.0011080332409972194,0.92,0.9166666666666666,0.8936170212765957,0.9583333333333334,0.8627450980392157,0.9102724238631623,0.03156457581823113,90,1.0,1.0,1.0,0.9950248756218906,1.0,0.9990049751243781,0.0019900497512437723,0.8846153846153846,0.88,0.84,0.92,0.88,0.8809230769230769,0.025365493963723035,18,1.0,1.0,1.0,0.9900990099009901,1.0,0.998019801980198,0.003960396039603964,0.9436619718309859,0.9428571428571428,0.9285714285714286,0.9714285714285714,0.9,0.9373038229376258,0.023253360170854723,95,1.0,1.0,1.0,0.99644128113879,1.0,0.9992882562277579,0.001423487544483981,0.9897435897435897,0.9715555555555555,0.9857777777777778,0.9902222222222222,0.9502222222222222,0.9775042735042735,0.01522954708421713,44,1.0,1.0,1.0,1.0,1.0,1.0,0.0
0.4156144142150879,0.00405210361575319,0.03832917213439942,0.001321729774481919,300,8,2,,,sqrt,gini,0.0,"{'n_estimators': 300, 'min_samples_split': 8, 'min_samples_leaf': 2, 'max_samples': None, 'max_leaf_nodes': None, 'max_features': 'sqrt', 'criterion': 'gini', 'ccp_alpha': 0.0}",0.9382608695652175,0.9215070643642072,0.9199267902081903,0.9682971014492754,0.9066666666666667,0.9309316984507113,0.02120666683400439,92,0.9843014128728415,0.984475138121547,0.9726444614421806,0.9883300801528303,0.9922375690607734,0.9843977323300347,0.0065586743328474055,0.9565217391304348,0.945054945054945,0.946236559139785,0.9782608695652174,0.9333333333333333,0.951881489244743,0.015099037414835302,139,0.989010989010989,0.988950276243094,0.9808219178082191,0.9917355371900827,0.994475138121547,0.9889987716747862,0.004568236315479196,0.92,0.8979591836734694,0.8936170212765957,0.9583333333333334,0.88,0.9099819076566797,0.027384275502950393,92,0.9795918367346939,0.98,0.9644670050761421,0.9849246231155779,0.99,0.9797966929852828,0.00854968739399351,0.8846153846153846,0.88,0.84,0.92,0.88,0.8809230769230769,0.025365493963723035,18,0.96,0.9702970297029703,0.9405940594059405,0.9702970297029703,0.9801980198019802,0.9642772277227722,0.013454625901204352,0.9436619718309859,0.9285714285714286,0.9285714285714286,0.9714285714285714,0.9142857142857143,0.9373038229376258,0.019428161341543473,95,0.9857142857142858,0.9857651245551602,0.9750889679715302,0.9893238434163701,0.9928825622775801,0.9857549567869853,0.00595491035590018,0.9931623931623932,0.9617777777777778,0.9848888888888889,0.9822222222222222,0.9617777777777777,0.9767658119658119,0.012758424700282774,67,0.9993333333333333,0.9995599559955995,0.9993399339933993,0.9993949394939494,0.9995049504950495,0.9994266226622661,9.070245258378952e-05
0.1617727279663086,0.0026619968396137225,0.022032976150512695,0.00017619768551938034,100,8,1,1.0,,sqrt,log_loss,0.001,"{'n_estimators': 100, 'min_samples_split': 8, 'min_samples_leaf': 1, 'max_samples': 1.0, 'max_leaf_nodes': None, 'max_features': 'sqrt', 'criterion': 'log_loss', 'ccp_alpha': 0.001}",0.9382608695652175,0.9215070643642072,0.9199267902081903,0.9682971014492754,0.9066666666666667,0.9309316984507113,0.02120666683400439,92,0.9961023956346831,0.9961273962596988,0.9883300801528303,0.9961273962596988,0.9922375690607734,0.9937849674735368,0.00311431071179424,0.9565217391304348,0.945054945054945,0.946236559139785,0.9782608695652174,0.9333333333333333,0.951881489244743,0.015099037414835302,139,0.997229916897507,0.997229916897507,0.9917355371900827,0.997229916897507,0.994475138121547,0.9955800852008301,0.0021985127398783558,0.92,0.8979591836734694,0.8936170212765957,0.9583333333333334,0.88,0.9099819076566797,0.027384275502950393,92,0.9949748743718593,0.9950248756218906,0.9849246231155779,0.9950248756218906,0.99,0.9919898497462437,0.004030138099433278,0.8846153846153846,0.88,0.84,0.92,0.88,0.8809230769230769,0.025365493963723035,18,0.99,0.9900990099009901,0.9702970297029703,0.9900990099009901,0.9801980198019802,0.9841386138613861,0.007906025840070626,0.9436619718309859,0.9285714285714286,0.9285714285714286,0.9714285714285714,0.9142857142857143,0.9373038229376258,0.019428161341543473,95,0.9964285714285714,0.99644128113879,0.9893238434163701,0.99644128113879,0.9928825622775801,0.9943035078800204,0.0028450725359061477,0.9948717948717949,0.9591111111111111,0.9866666666666667,0.9893333333333333,0.9537777777777778,0.9767521367521368,0.016875623705002094,69,0.9999444444444444,1.0,0.9998349834983498,0.9997799779977997,0.9998899889988999,0.9998898789878987,7.771200789354423e-05
0.2765054702758789,0.005180966278622073,0.030343103408813476,0.0004150505066531529,200,8,2,1.0,16,sqrt,gini,0.0,"{'n_estimators': 200, 'min_samples_split': 8, 'min_samples_leaf': 2, 'max_samples': 1.0, 'max_leaf_nodes': 16, 'max_features': 'sqrt', 'criterion': 'gini', 'ccp_alpha': 0.0}",0.9382608695652175,0.9215070643642072,0.9199267902081903,0.9682971014492754,0.9066666666666667,0.9309316984507113,0.02120666683400439,92,0.9843014128728415,0.984475138121547,0.9726444614421806,0.9883300801528303,0.9922375690607734,0.9843977323300347,0.0065586743328474055,0.9565217391304348,0.945054945054945,0.946236559139785,0.9782608695652174,0.9333333333333333,0.951881489244743,0.015099037414835302,139,0.989010989010989,0.988950276243094,0.9808219178082191,0.9917355371900827,0.994475138121547,0.9889987716747862,0.004568236315479196,0.92,0.8979591836734694,0.8936170212765957,0.9583333333333334,0.88,0.9099819076566797,0.027384275502950393,92,0.9795918367346939,0.98,0.9644670050761421,0.9849246231155779,0.99,0.9797966929852828,0.00854968739399351,0.8846153846153846,0.88,0.84,0.92,0.88,0.8809230769230769,0.025365493963723035,18,0.96,0.9702970297029703,0.9405940594059405,0.9702970297029703,0.9801980198019802,0.9642772277227722,0.013454625901204352,0.9436619718309859,0.9285714285714286,0.9285714285714286,0.9714285714285714,0.9142857142857143,0.9373038229376258,0.019428161341543473,95,0.9857142857142858,0.9857651245551602,0.9750889679715302,0.9893238434163701,0.9928825622775801,0.9857549567869853,0.00595491035590018,0.9905982905982905,0.9564444444444444,0.9857777777777778,0.9804444444444445,0.9617777777777777,0.975008547008547,0.013477719213107852,104,0.9988333333333332,0.9992299229922992,0.9989548954895489,0.9991199119911991,0.9993949394939494,0.9991066006600662,0.0001980981387648661
0.2791919231414795,0.003704364321925425,0.030162477493286134,0.0003014915295653036,200,8,2,1.0,,sqrt,gini,0.0,"{'n_estimators': 200, 'min_samples_split': 8, 'min_samples_leaf': 2, 'max_samples': 1.0, 'max_leaf_nodes': None, 'max_features': 'sqrt', 'criterion': 'gini', 'ccp_alpha': 0.0}",0.9382608695652175,0.9215070643642072,0.9199267902081903,0.9682971014492754,0.9066666666666667,0.9309316984507113,0.02120666683400439,92,0.9843014128728415,0.9883821887790962,0.9726444614421806,0.9922375690607734,0.9922375690607734,0.985960640243133,0.0072764994523566474,0.9565217391304348,0.945054945054945,0.946236559139785,0.9782608695652174,0.9333333333333333,0.951881489244743,0.015099037414835302,139,0.989010989010989,0.9916897506925207,0.9808219178082191,0.994475138121547,0.994475138121547,0.9900945867509646,0.005061216889343894,0.92,0.8979591836734694,0.8936170212765957,0.9583333333333334,0.88,0.9099819076566797,0.027384275502950393,92,0.9795918367346939,0.9850746268656716,0.9644670050761421,0.99,0.99,0.9818266937353016,0.009492189593224381,0.8846153846153846,0.88,0.84,0.92,0.88,0.8809230769230769,0.025365493963723035,18,0.96,0.9801980198019802,0.9405940594059405,0.9801980198019802,0.9801980198019802,0.9682376237623762,0.015881928823989797,0.9436619718309859,0.9285714285714286,0.9285714285714286,0.9714285714285714,0.9142857142857143,0.9373038229376258,0.019428161341543473,95,0.9857142857142858,0.9893238434163701,0.9750889679715302,0.9928825622775801,0.9928825622775801,0.9871784443314692,0.006602663999229077,0.9923076923076922,0.9626666666666667,0.9848888888888889,0.984,0.96,0.9767726495726496,0.012959521712228255,66,0.9991111111111111,0.9996699669966996,0.9991749174917491,0.9993949394939494,0.9994499449944995,0.9993601760176019,0.00020079415742384562
0.1790095806121826,0.004107760876583878,0.022132110595703126,0.0001891411358754659,100,2,1,1.0,,0.3,gini,0.0,"{'n_estimators': 100, 'min_samples_split': 2, 'min_samples_leaf': 1, 'max_samples': 1.0, 'max_leaf_nodes': None, 'max_features': 0.3, 'criterion': 'gini', 'ccp_alpha': 0.0}",0.9382608695652175,0.9365942028985508,0.9199267902081903,0.9529042386185244,0.9066666666666667,0.9308705535914299,0.015990336498720645,96,1.0,1.0,1.0,1.0,1.0,1.0,0.0,0.9565217391304348,0.9565217391304348,0.946236559139785,0.967032967032967,0.9333333333333333,0.951929267553391,0.01138875785097135,137,1.0,1.0,1.0,1.0,1.0,1.0,0.0,0.92,0.9166666666666666,0.8936170212765957,0.9387755102040817,0.88,0.9098118396294689,0.020691541277420487,96,1.0,1.0,1.0,1.0,1.0,1.0,0.0,0.8846153846153846,0.88,0.84,0.92,0.88,0.8809230769230769,0.025365493963723035,18,1.0,1.0,1.0,1.0,1.0,1.0,0.0,0.9436619718309859,0.9428571428571428,0.9285714285714286,0.9571428571428572,0.9142857142857143,0.9373038229376258,0.014635168157236724,95,1.0,1.0,1.0,1.0,1.0,1.0,0.0,0.9901709401709402,0.9591111111111111,0.9835555555555556,0.9844444444444445,0.9608888888888889,0.9756341880341882,0.012977840821944813,89,1.0,1.0,1.0,1.0,1.0,1.0,0.0
0.22503213882446288,0.005134925326460462,0.021219205856323243,0.0004967833231478142,100,2,1,,16,0.5,gini,0.001,"{'n_estimators': 100, 'min_samples_split': 2, 'min_samples_leaf': 1, 'max_samples': None, 'max_leaf_nodes': 16, 'max_features': 0.5, 'criterion': 'gini', 'ccp_alpha': 0.001}",0.9382608695652175,0.9519560741249142,0.9048913043478262,0.9688888888888889,0.8901098901098901,0.9308214054073474,0.029260727147994988,97,0.9921870640102685,1.0,0.9922375690607734,0.9922375690607734,1.0,0.995332440426363,0.003811091053357741,0.9565217391304348,0.967741935483871,0.9347826086956522,0.9777777777777777,0.9230769230769231,0.9519801968329318,0.020325990582998294,135,0.994475138121547,1.0,0.994475138121547,0.994475138121547,1.0,0.9966850828729281,0.002706618500312897,0.92,0.9361702127659575,0.875,0.96,0.8571428571428571,0.9096626139817628,0.038218289968572336,97,0.98989898989899,1.0,0.99,0.99,1.0,0.993979797979798,0.004915612743910679,0.8846153846153846,0.88,0.84,0.96,0.84,0.8809230769230769,0.043856678898699895,18,0.98,1.0,0.9801980198019802,0.9801980198019802,1.0,0.9880792079207922,0.009733554546485123,0.9436619718309859,0.9571428571428572,0.9142857142857143,0.9714285714285714,0.9,0.9373038229376258,0.026532698041434506,95,0.9928571428571429,1.0,0.9928825622775801,0.9928825622775801,1.0,0.9957244534824605,0.0034909814525459974,0.9905982905982906,0.9551111111111111,0.9724444444444446,0.9768888888888888,0.9564444444444444,0.9702974358974359,0.013286921633975825,206,1.0,1.0,0.99994499449945,1.0,1.0,0.99998899889989,2.2002200220017087e-05
0.4520606517791748,0.006882659534308559,0.029714679718017577,0.0005616589285881517,200,4,2,,16,0.5,gini,0.001,"{'n_estimators': 200, 'min_samples_split': 4, 'min_samples_leaf': 2, 'max_samples': None, 'max_leaf_nodes': 16, 'max_features': 0.5, 'criterion': 'gini', 'ccp_alpha': 0.001}",0.9541047188106011,0.9519560741249142,0.9048913043478262,0.9529042386185244,0.8901098901098901,0.9307932452023511,0.027590694377831276,98,0.9882535553970717,0.9922375690607734,0.9804603296015576,0.9961273962596988,0.9961273962596988,0.9906412493157599,0.005866788930678762,0.967032967032967,0.967741935483871,0.9347826086956522,0.967032967032967,0.9230769230769231,0.9519334802644762,0.019145493182762808,136,0.9917355371900827,0.994475138121547,0.9863013698630136,0.997229916897507,0.997229916897507,0.9933943757939314,0.004090312383495456,0.9411764705882353,0.9361702127659575,0.875,0.9387755102040817,0.8571428571428571,0.9096530101402264,0.036064270083467034,99,0.9847715736040609,0.99,0.9746192893401016,0.9950248756218906,0.9950248756218906,0.9878881228375886,0.007643315082693309,0.9230769230769231,0.88,0.84,0.92,0.84,0.8806153846153846,0.036479385440686636,44,0.97,0.9801980198019802,0.9504950495049505,0.9900990099009901,0.9900990099009901,0.9761782178217822,0.014842716883570714,0.9577464788732394,0.9571428571428572,0.9142857142857143,0.9571428571428572,0.9,0.9372635814889337,0.025005907993498395,129,0.9892857142857143,0.9928825622775801,0.9822064056939501,0.99644128113879,0.99644128113879,0.9914514489069649,0.005329280764667401,0.9948717948717949,0.9604444444444444,0.9751111111111112,0.9795555555555556,0.9573333333333333,0.9734632478632479,0.013622194658118616,158,1.0,1.0,0.9997799779977997,0.9998349834983499,1.0,0.9999229922992299,9.590536729463596e-05
0.18084630966186524,0.0035981783573254644,0.02239651679992676,0.0008707383944186908,100,4,4,0.8,16,0.3,log_loss,0.001,"{'n_estimators': 100, 'min_samples_split': 4, 'min_samples_leaf': 4, 'max_samples': 0.8, 'max_leaf_nodes': 16, 'max_features': 0.3, 'criterion': 'log_loss', 'ccp_alpha': 0.001}",0.9532587228439764,0.9519560741249142,0.9048913043478262,0.9682971014492754,0.8755555555555555,0.9307917516643096,0.03487467600840397,99,0.9684524815503353,0.96866287498606,0.96866287498606,0.9726444614421806,0.9883300801528303,0.9733505546234932,0.007652771436037607,0.967741935483871,0.967741935483871,0.9347826086956522,0.9782608695652174,0.9111111111111111,0.9519276920679445,0.025113996064297765,138,0.9781420765027322,0.9781420765027322,0.9781420765027322,0.9808219178082191,0.9917355371900827,0.9813967369012998,0.005272563917699228,0.9387755102040817,0.9361702127659575,0.875,0.9583333333333334,0.84,0.9096558112606745,0.04466190503189584,98,0.9587628865979382,0.9591836734693877,0.9591836734693877,0.9644670050761421,0.9849246231155779,0.9653043723456868,0.010033667021325498,0.8846153846153846,0.88,0.84,0.92,0.84,0.8729230769230769,0.0302353686068634,59,0.93,0.9306930693069307,0.9306930693069307,0.9405940594059405,0.9702970297029703,0.9404554455445545,0.01543025391904725,0.9577464788732394,0.9571428571428572,0.9142857142857143,0.9714285714285714,0.8857142857142857,0.9372635814889335,0.03214745246338238,139,0.9714285714285714,0.9715302491103203,0.9715302491103203,0.9750889679715302,0.9893238434163701,0.9757803762074225,0.0069133047799844055,0.9948717948717949,0.9688888888888889,0.9697777777777778,0.9848888888888888,0.9502222222222223,0.9737299145299145,0.01525233309977475,151,0.999,0.9984048404840484,0.9982948294829483,0.9982398239823983,0.9994499449944995,0.9986778877887789,0.0004718086477100223
0.4078339099884033,0.009643092399251938,0.029900312423706055,0.0006320285956129614,200,4,1,0.8,,0.5,gini,0.001,"{'n_estimators': 200, 'min_samples_split': 4, 'min_samples_leaf': 1, 'max_samples': 0.8, 'max_leaf_nodes': None, 'max_features': 0.5, 'criterion': 'gini', 'ccp_alpha': 0.001}",0.9382608695652175,0.9519560741249142,0.9048913043478262,0.9682971014492754,0.8901098901098901,0.9307030479194246,0.029107302241471504,100,1.0,1.0,0.9922375690607734,0.9961273962596988,0.9922375690607734,0.9961205068762492,0.0034714663592138504,0.9565217391304348,0.967741935483871,0.9347826086956522,0.9782608695652174,0.9230769230769231,0.9520768151904196,0.020449163146795422,124,1.0,1.0,0.994475138121547,0.997229916897507,0.994475138121547,0.99723603862812,0.0024707952412316814,0.92,0.9361702127659575,0.875,0.9583333333333334,0.8571428571428571,0.9093292806484297,0.03778258693129457,100,1.0,1.0,0.99,0.9950248756218906,0.99,0.9950049751243781,0.0044721470243553425,0.8846153846153846,0.88,0.84,0.92,0.84,0.8729230769230769,0.0302353686068634,59,1.0,1.0,0.9801980198019802,0.9900990099009901,0.9801980198019802,0.9900990099009901,0.008855714762375412,0.9436619718309859,0.9571428571428572,0.9142857142857143,0.9714285714285714,0.9,0.9373038229376258,0.026532698041434506,95,1.0,1.0,0.9928825622775801,0.99644128113879,0.9928825622775801,0.99644128113879,0.0031830149145904377,0.9914529914529915,0.956,0.9742222222222222,0.9795555555555556,0.9600000000000001,0.972246153846154,0.01296256617532426,185,1.0,1.0,0.99994499449945,1.0,1.0,0.99998899889989,2.2002200220017087e-05
0.4051358699798584,0.005113505918284769,0.037360429763793945,0.0007351077739550587,300,2,2,0.8,32,sqrt,gini,0.001,"{'n_estimators': 300, 'min_samples_split': 2, 'min_samples_leaf': 2, 'max_samples': 0.8, 'max_leaf_nodes': 32, 'max_features': 'sqrt', 'criterion': 'gini', 'ccp_alpha': 0.001}",0.9382608695652175,0.9365942028985508,0.9199267902081903,0.9519560741249142,0.9066666666666667,0.9306809206927079,0.015731436068108864,101,0.9882535553970717,0.9922375690607734,0.976497156239545,0.9922375690607734,0.9922375690607734,0.9882926837637875,0.0060962670647433225,0.9565217391304348,0.9565217391304348,0.946236559139785,0.967741935483871,0.9333333333333333,0.9520710612435718,0.011578749749413513,126,0.9917355371900827,0.994475138121547,0.9836065573770492,0.994475138121547,0.994475138121547,0.9917535017863546,0.00420939280557542,0.92,0.9166666666666666,0.8936170212765957,0.9361702127659575,0.88,0.909290780141844,0.019976043194163507,101,0.9847715736040609,0.99,0.9693877551020408,0.99,0.99,0.9848318657412204,0.007983145040989022,0.8846153846153846,0.88,0.84,0.88,0.88,0.8729230769230769,0.016558306519475343,59,0.97,0.9801980198019802,0.9405940594059405,0.9801980198019802,0.9801980198019802,0.9702376237623762,0.015339008055306995,0.9436619718309859,0.9428571428571428,0.9285714285714286,0.9571428571428572,0.9142857142857143,0.9373038229376258,0.014635168157236724,95,0.9892857142857143,0.9928825622775801,0.9786476868327402,0.9928825622775801,0.9928825622775801,0.989316217590239,0.005513164649492405,0.9923076923076923,0.96,0.9848888888888889,0.984,0.9617777777777777,0.9765948717948717,0.013156408451838098,70,0.9997777777777778,0.9998899889988999,0.9997249724972497,0.9997249724972497,0.9998349834983499,0.9997905390539055,6.422833809646976e-05
0.2819342613220215,0.0060695002593441245,0.030178260803222657,0.0008229680613466778,200,2,2,,32,sqrt,gini,0.001,"{'n_estimators': 200, 'min_samples_split': 2, 'min_samples_leaf': 2, 'max_samples': None, 'max_leaf_nodes': 32, 'max_features': 'sqrt', 'criterion': 'gini', 'ccp_alpha': 0.001}",0.9382608695652175,0.9365942028985508,0.9199267902081903,0.9519560741249142,0.9066666666666667,0.9306809206927079,0.015731436068108864,101,0.9921870640102685,0.9961273962596988,0.9844044844044844,0.9961273962596988,0.9961273962596988,0.9929947474387699,0.004558189057612474,0.9565217391304348,0.9565217391304348,0.946236559139785,0.967741935483871,0.9333333333333333,0.9520710612435718,0.011578749749413513,126,0.994475138121547,0.997229916897507,0.989010989010989,0.997229916897507,0.997229916897507,0.9950351755650114,0.0031954697346536984,0.92,0.9166666666666666,0.8936170212765957,0.9361702127659575,0.88,0.909290780141844,0.019976043194163507,101,0.98989898989899,0.9950248756218906,0.9797979797979798,0.9950248756218906,0.9950248756218906,0.9909543193125282,0.005920910699174966,0.8846153846153846,0.88,0.84,0.88,0.88,0.8729230769230769,0.016558306519475343,59,0.98,0.9900990099009901,0.9603960396039604,0.9900990099009901,0.9900990099009901,0.982138613861386,0.011553500940492574,0.9436619718309859,0.9428571428571428,0.9285714285714286,0.9571428571428572,0.9142857142857143,0.9373038229376258,0.014635168157236724,95,0.9928571428571429,0.99644128113879,0.9857651245551602,0.99644128113879,0.99644128113879,0.9935892221657345,0.004151027937540836,0.9931623931623931,0.9644444444444444,0.9848888888888889,0.9831111111111112,0.9608888888888888,0.9772991452991452,0.012470490260150652,47,1.0,1.0,1.0,0.9998899889988999,1.0,0.99997799779978,4.4004400440034173e-05
0.44049367904663084,0.0033942796018169986,0.03937873840332031,0.00401126943317001,300,4,1,0.8,,sqrt,log_loss,0.001,"{'n_estimators': 300, 'min_samples_split': 4, 'min_samples_leaf': 1, 'max_samples': 0.8, 'max_leaf_nodes': None, 'max_features': 'sqrt', 'criterion': 'log_loss', 'ccp_alpha': 0.001}",0.9382608695652175,0.9365942028985508,0.9199267902081903,0.9519560741249142,0.9066666666666667,0.9306809206927079,0.015731436068108864,101,1.0,1.0,1.0,0.9961273962596988,0.9961273962596988,0.9984509585038795,0.001897180627946304,0.9565217391304348,0.9565217391304348,0.946236559139785,0.967741935483871,0.9333333333333333,0.9520710612435718,0.011578749749413513,126,1.0,1.0,1.0,0.997229916897507,0.997229916897507,0.9988919667590028,0.0013570580292427451,0.92,0.9166666666666666,0.8936170212765957,0.9361702127659575,0.88,0.909290780141844,0.019976043194163507,101,1.0,1.0,1.0,0.9950248756218906,0.9950248756218906,0.9980099502487562,0.002437303226649917,0.8846153846153846,0.88,0.84,0.88,0.88,0.8729230769230769,0.016558306519475343,59,1.0,1.0,1.0,0.9900990099009901,0.9900990099009901,0.996039603960396,0.004850474738184516,0.9436619718309859,0.9428571428571428,0.9285714285714286,0.9571428571428572,0.9142857142857143,0.9373038229376258,0.014635168157236724,95,1.0,1.0,1.0,0.99644128113879,0.99644128113879,0.9985765124555159,0.0017434090695965625,0.9948717948717949,0.9688888888888889,0.9857777777777778,0.9893333333333334,0.9635555555555555,0.9804854700854702,0.012119094413855235,4,1.0,1.0,1.0,1.0,1.0,1.0,0.0
0.2789007663726807,0.004638775695718104,0.030654191970825195,0.0008059443615907701,200,4,2,,32,sqrt,gini,0.0,"{'n_estimators': 200, 'min_samples_split': 4, 'min_samples_leaf': 2, 'max_samples': None, 'max_leaf_nodes': 32, 'max_features': 'sqrt', 'criterion': 'gini', 'ccp_alpha': 0.0}",0.9382608695652175,0.9365942028985508,0.9199267902081903,0.9519560741249142,0.9066666666666667,0.9306809206927079,0.015731436068108864,101,0.9961023956346831,0.9961273962596988,0.9844044844044844,0.9961273962596988,0.9961273962596988,0.9937778137636528,0.004686674681855976,0.9565217391304348,0.9565217391304348,0.946236559139785,0.967741935483871,0.9333333333333333,0.9520710612435718,0.011578749749413513,126,0.997229916897507,0.997229916897507,0.989010989010989,0.997229916897507,0.997229916897507,0.9955861313202033,0.003287571154607161,0.92,0.9166666666666666,0.8936170212765957,0.9361702127659575,0.88,0.909290780141844,0.019976043194163507,101,0.9949748743718593,0.9950248756218906,0.9797979797979798,0.9950248756218906,0.9950248756218906,0.9919694962071022,0.006085789015660542,0.8846153846153846,0.88,0.84,0.88,0.88,0.8729230769230769,0.016558306519475343,59,0.99,0.9900990099009901,0.9603960396039604,0.9900990099009901,0.9900990099009901,0.9841386138613861,0.011871349061350116,0.9436619718309859,0.9428571428571428,0.9285714285714286,0.9571428571428572,0.9142857142857143,0.9373038229376258,0.014635168157236724,95,0.9964285714285714,0.99644128113879,0.9857651245551602,0.99644128113879,0.99644128113879,0.9943035078800204,0.004269194500262621,0.9931623931623931,0.9635555555555555,0.9848888888888889,0.9831111111111112,0.9608888888888888,0.9771213675213675,0.012657413139559466,53,1.0,1.0,1.0,0.99994499449945,1.0,0.99998899889989,2.2002200220017087e-05
0.2655015468597412,0.0034684634100178168,0.030088281631469725,0.0006973516851803334,200,2,1,0.8,16,sqrt,gini,0.0,"{'n_estimators': 200, 'min_samples_split': 2, 'min_samples_leaf': 1, 'max_samples': 0.8, 'max_leaf_nodes': 16, 'max_features': 'sqrt', 'criterion': 'gini', 'ccp_alpha': 0.0}",0.9382608695652175,0.9365942028985508,0.9199267902081903,0.9519560741249142,0.9066666666666667,0.9306809206927079,0.015731436068108864,101,0.9921870640102685,0.9961273962596988,0.9883300801528303,0.9922375690607734,0.9922375690607734,0.9922239357088689,0.002465799936000649,0.9565217391304348,0.9565217391304348,0.946236559139785,0.967741935483871,0.9333333333333333,0.9520710612435718,0.011578749749413513,126,0.994475138121547,0.997229916897507,0.9917355371900827,0.994475138121547,0.994475138121547,0.9944781736904462,0.0017374793981378262,0.92,0.9166666666666666,0.8936170212765957,0.9361702127659575,0.88,0.909290780141844,0.019976043194163507,101,0.98989898989899,0.9950248756218906,0.9849246231155779,0.99,0.99,0.9899696977272917,0.0031941959062100614,0.8846153846153846,0.88,0.84,0.88,0.88,0.8729230769230769,0.016558306519475343,59,0.98,0.9900990099009901,0.9702970297029703,0.9801980198019802,0.9801980198019802,0.9801584158415843,0.006262436895569735,0.9436619718309859,0.9428571428571428,0.9285714285714286,0.9571428571428572,0.9142857142857143,0.9373038229376258,0.014635168157236724,95,0.9928571428571429,0.99644128113879,0.9893238434163701,0.9928825622775801,0.9928825622775801,0.9928774783934926,0.002250754397254895,0.9905982905982905,0.9608888888888889,0.9848888888888889,0.9822222222222222,0.9626666666666666,0.9762529914529914,0.012137890400457228,76,0.9994444444444445,0.9998349834983499,0.9996149614961496,0.9994499449944995,0.9997799779977997,0.9996248624862487,0.00016214591575702158
0.40201096534729003,0.00783119061424168,0.03834657669067383,0.0006093830642628437,300,4,4,1.0,32,sqrt,gini,0.0,"{'n_estimators': 300, 'min_samples_split': 4, 'min_samples_leaf': 4, 'max_samples': 1.0, 'max_leaf_nodes': 32, 'max_features': 'sqrt', 'criterion': 'gini', 'ccp_alpha': 0.0}",0.9382608695652175,0.9365942028985508,0.9199267902081903,0.9519560741249142,0.9066666666666667,0.9306809206927079,0.015731436068108864,101,0.9724622409553916,0.9766067266067266,0.9726444614421806,0.9727701870232706,0.9805501335880504,0.9750067499231239,0.0031732057671608554,0.9565217391304348,0.9565217391304348,0.946236559139785,0.967741935483871,0.9333333333333333,0.9520710612435718,0.011578749749413513,126,0.9808219178082191,0.9835164835164835,0.9808219178082191,0.9807162534435262,0.9862258953168044,0.9824204935786505,0.00217704385616664,0.92,0.9166666666666666,0.8936170212765957,0.9361702127659575,0.88,0.909290780141844,0.019976043194163507,101,0.9641025641025641,0.9696969696969697,0.9644670050761421,0.964824120603015,0.9748743718592965,0.9675930062675974,0.004172930499590598,0.8846153846153846,0.88,0.84,0.88,0.88,0.8729230769230769,0.016558306519475343,59,0.94,0.9504950495049505,0.9405940594059405,0.9504950495049505,0.9603960396039604,0.9483960396039602,0.007538913199798416,0.9436619718309859,0.9428571428571428,0.9285714285714286,0.9571428571428572,0.9142857142857143,0.9373038229376258,0.014635168157236724,95,0.975,0.9786476868327402,0.9750889679715302,0.9750889679715302,0.9822064056939501,0.97720640569395,0.0028605105286987204,0.994017094017094,0.9582222222222222,0.9822222222222222,0.9786666666666667,0.9546666666666667,0.9735589743589743,0.014911809415634785,156,0.9983333333333334,0.9987348734873488,0.9981848184818483,0.9981848184818483,0.999009900990099,0.9984895489548956,0.0003289604868646342
0.41604766845703123,0.00517871627824637,0.03808107376098633,0.00048330436062633906,300,4,2,1.0,16,sqrt,gini,0.0,"{'n_estimators': 300, 'min_samples_split': 4, 'min_samples_leaf': 2, 'max_samples': 1.0, 'max_leaf_nodes': 16, 'max_features': 'sqrt', 'criterion': 'gini', 'ccp_alpha': 0.0}",0.9382608695652175,0.9365942028985508,0.9199267902081903,0.9519560741249142,0.9066666666666667,0.9306809206927079,0.015731436068108864,101,0.9843014128728415,0.9922375690607734,0.9804603296015576,0.9883300801528303,0.9922375690607734,0.9875133921497554,0.00459053758184536,0.9565217391304348,0.9565217391304348,0.946236559139785,0.967741935483871,0.9333333333333333,0.9520710612435718,0.011578749749413513,126,0.989010989010989,0.994475138121547,0.9863013698630136,0.9917355371900827,0.994475138121547,0.9911996344614359,0.003178937091963023,0.92,0.9166666666666666,0.8936170212765957,0.9361702127659575,0.88,0.909290780141844,0.019976043194163507,101,0.9795918367346939,0.99,0.9746192893401016,0.9849246231155779,0.99,0.9838271498380747,0.006002252541701316,0.8846153846153846,0.88,0.84,0.88,0.88,0.8729230769230769,0.016558306519475343,59,0.96,0.9801980198019802,0.9504950495049505,0.9702970297029703,0.9801980198019802,0.9682376237623762,0.011601729924517598,0.9436619718309859,0.9428571428571428,0.9285714285714286,0.9571428571428572,0.9142857142857143,0.9373038229376258,0.014635168157236724,95,0.9857142857142858,0.9928825622775801,0.9822064056939501,0.9893238434163701,0.9928825622775801,0.9886019318759531,0.004157162615114581,0.994017094017094,0.9626666666666667,0.9848888888888889,0.984,0.9626666666666666,0.9776478632478632,0.01272482857752579,37,0.9992222222222222,0.9997249724972497,0.9996699669966996,0.9994499449944995,0.9997249724972497,0.9995584158415841,0.0001963252269411662
0.4441198825836182,0.004895532813575727,0.03802266120910645,0.0006397321242267545,300,4,2,0.8,,sqrt,entropy,0.001,"{'n_estimators': 300, 'min_samples_split': 4, 'min_samples_leaf': 2, 'max_samples': 0.8, 'max_leaf_nodes': None, 'max_features': 'sqrt', 'criterion': 'entropy', 'ccp_alpha': 0.001}",0.9382608695652175,0.9365942028985508,0.9199267902081903,0.9519560741249142,0.9066666666666667,0.9306809206927079,0.015731436068108864,101,0.9921870640102685,0.9922375690607734,0.9804603296015576,0.9922375690607734,0.9922375690607734,0.9898720201588294,0.004705885931520031,0.9565217391304348,0.9565217391304348,0.946236559139785,0.967741935483871,0.9333333333333333,0.9520710612435718,0.011578749749413513,126,0.994475138121547,0.994475138121547,0.9863013698630136,0.994475138121547,0.994475138121547,0.9928403844698404,0.0032695073034133327,0.92,0.9166666666666666,0.8936170212765957,0.9361702127659575,0.88,0.909290780141844,0.019976043194163507,101,0.98989898989899,0.99,0.9746192893401016,0.99,0.99,0.9869036558478184,0.006142307838268454,0.8846153846153846,0.88,0.84,0.88,0.88,0.8729230769230769,0.016558306519475343,59,0.98,0.9801980198019802,0.9504950495049505,0.9801980198019802,0.9801980198019802,0.9742178217821781,0.011861634074005055,0.9436619718309859,0.9428571428571428,0.9285714285714286,0.9571428571428572,0.9142857142857143,0.9373038229376258,0.014635168157236724,95,0.9928571428571429,0.9928825622775801,0.9822064056939501,0.9928825622775801,0.9928825622775801,0.9907422470767665,0.004267932046107473,0.9965811965811965,0.9706666666666667,0.984,0.9857777777777778,0.9573333333333334,0.9788717948717949,0.013556131092210709,14,1.0,1.0,1.0,0.99994499449945,1.0,0.99998899889989,2.2002200220017087e-05
0.2911559581756592,0.003366278369363415,0.030584383010864257,0.000936521403322252,200,8,4,1.0,16,sqrt,gini,0.001,"{'n_estimators': 200, 'min_samples_split': 8, 'min_samples_leaf': 4, 'max_samples': 1.0, 'max_leaf_nodes': 16, 'max_features': 'sqrt', 'criterion': 'gini', 'ccp_alpha': 0.001}",0.9382608695652175,0.9365942028985508,0.9199267902081903,0.9519560741249142,0.9066666666666667,0.9306809206927079,0.015731436068108864,101,0.9684524815503353,0.96866287498606,0.9726444614421806,0.9727701870232706,0.9805501335880504,0.9726160277179794,0.00438034571095848,0.9565217391304348,0.9565217391304348,0.946236559139785,0.967741935483871,0.9333333333333333,0.9520710612435718,0.011578749749413513,126,0.9781420765027322,0.9781420765027322,0.9808219178082191,0.9807162534435262,0.9862258953168044,0.9808096439148029,0.0029521681345801034,0.92,0.9166666666666666,0.8936170212765957,0.9361702127659575,0.88,0.909290780141844,0.019976043194163507,101,0.9587628865979382,0.9591836734693877,0.9644670050761421,0.964824120603015,0.9748743718592965,0.964422411521156,0.005811736959175368,0.8846153846153846,0.88,0.84,0.88,0.88,0.8729230769230769,0.016558306519475343,59,0.93,0.9306930693069307,0.9405940594059405,0.9504950495049505,0.9603960396039604,0.9424356435643564,0.011691488898152415,0.9436619718309859,0.9428571428571428,0.9285714285714286,0.9571428571428572,0.9142857142857143,0.9373038229376258,0.014635168157236724,95,0.9714285714285714,0.9715302491103203,0.9750889679715302,0.9750889679715302,0.9822064056939501,0.9750686324351804,0.0039171120700630686,0.9914529914529915,0.96,0.983111111111111,0.9795555555555555,0.9573333333333334,0.9742905982905983,0.0133554408000137,131,0.9978888888888889,0.9984598459845985,0.9976897689768978,0.9976897689768978,0.9988998899889988,0.9981256325632563,0.00047899371008443855
0.47362537384033204,0.007433666456772873,0.03821101188659668,0.0008886164695069284,300,8,1,,16,sqrt,log_loss,0.001,"{'n_estimators': 300, 'min_samples_split': 8, 'min_samples_leaf': 1, 'max_samples': None, 'max_leaf_nodes': 16, 'max_features': 'sqrt', 'criterion': 'log_loss', 'ccp_alpha': 0.001}",0.9382608695652175,0.9365942028985508,0.9199267902081903,0.9682971014492754,0.8901098901098901,0.9306377708462248,0.025569709116649207,110,0.9921870640102685,0.9961273962596988,0.9883300801528303,0.9961273962596988,0.9922375690607734,0.9930019011486539,0.0029192983368612883,0.9565217391304348,0.9565217391304348,0.946236559139785,0.9782608695652174,0.9230769230769231,0.9521235660085591,0.017889722224248394,118,0.994475138121547,0.997229916897507,0.9917355371900827,0.997229916897507,0.994475138121547,0.9950291294456381,0.0020566231320685835,0.92,0.9166666666666666,0.8936170212765957,0.9583333333333334,0.8571428571428571,0.9091519756838906,0.03328434879105772,111,0.98989898989899,0.9950248756218906,0.9849246231155779,0.9950248756218906,0.99,0.9909746728516697,0.0037820224153608992,0.8846153846153846,0.88,0.84,0.92,0.84,0.8729230769230769,0.0302353686068634,59,0.98,0.9900990099009901,0.9702970297029703,0.9900990099009901,0.9801980198019802,0.982138613861386,0.00742022237061727,0.9436619718309859,0.9428571428571428,0.9285714285714286,0.9714285714285714,0.9,0.9373038229376258,0.023253360170854723,95,0.9928571428571429,0.99644128113879,0.9893238434163701,0.99644128113879,0.9928825622775801,0.9935892221657345,0.0026644791220310493,0.9948717948717949,0.9688888888888889,0.9848888888888889,0.9866666666666666,0.96,0.9790632478632478,0.01271680171282071,13,1.0,0.99994499449945,0.9998349834983498,0.9998899889988999,0.9998899889988999,0.9999119911991199,5.609482413195178e-05
0.48148379325866697,0.009079446505858846,0.037746858596801755,0.0006412606093871247,300,8,2,0.8,,0.3,gini,0.0,"{'n_estimators': 300, 'min_samples_split': 8, 'min_samples_leaf': 2, 'max_samples': 0.8, 'max_leaf_nodes': None, 'max_features': 0.3, 'criterion': 'gini', 'ccp_alpha': 0.0}",0.9382608695652175,0.9365942028985508,0.9199267902081903,0.9682971014492754,0.8901098901098901,0.9306377708462248,0.025569709116649207,110,0.9724622409553916,0.96866287498606,0.96866287498606,0.9766067266067266,0.9844044844044844,0.9741598403877445,0.005903474981495682,0.9565217391304348,0.9565217391304348,0.946236559139785,0.9782608695652174,0.9230769230769231,0.9521235660085591,0.017889722224248394,118,0.9808219178082191,0.9781420765027322,0.9781420765027322,0.9835164835164835,0.989010989010989,0.9819267086682313,0.004064033861658783,0.92,0.9166666666666666,0.8936170212765957,0.9583333333333334,0.8571428571428571,0.9091519756838906,0.03328434879105772,111,0.9641025641025641,0.9591836734693877,0.9591836734693877,0.9696969696969697,0.9797979797979798,0.9663929721072579,0.00774344333987269,0.8846153846153846,0.88,0.84,0.92,0.84,0.8729230769230769,0.0302353686068634,59,0.94,0.9306930693069307,0.9306930693069307,0.9504950495049505,0.9603960396039604,0.9424554455445545,0.01156923808534951,0.9436619718309859,0.9428571428571428,0.9285714285714286,0.9714285714285714,0.9,0.9373038229376258,0.023253360170854723,95,0.975,0.9715302491103203,0.9715302491103203,0.9786476868327402,0.9857651245551602,0.9764946619217081,0.005331074883917945,0.9914529914529914,0.9546666666666667,0.9760000000000001,0.9777777777777777,0.9555555555555555,0.9710905982905983,0.014103409039697395,198,0.9987777777777778,0.9985148514851485,0.9984598459845985,0.9988448844884489,0.9991749174917491,0.9987544554455445,0.00025679348418382536
0.5356751918792725,0.006720565304205266,0.03797945976257324,0.00041427947648062826,300,2,2,1.0,16,0.3,gini,0.001,"{'n_estimators': 300, 'min_samples_split': 2, 'min_samples_leaf': 2, 'max_samples': 1.0, 'max_leaf_nodes': 16, 'max_features': 0.3, 'criterion': 'gini', 'ccp_alpha': 0.001}",0.9382608695652175,0.9365942028985508,0.9199267902081903,0.9682971014492754,0.8901098901098901,0.9306377708462248,0.025569709116649207,110,0.9882535553970717,0.9922375690607734,0.9804603296015576,0.9961273962596988,0.9961273962596988,0.9906412493157599,0.005866788930678762,0.9565217391304348,0.9565217391304348,0.946236559139785,0.9782608695652174,0.9230769230769231,0.9521235660085591,0.017889722224248394,118,0.9917355371900827,0.994475138121547,0.9863013698630136,0.997229916897507,0.997229916897507,0.9933943757939314,0.004090312383495456,0.92,0.9166666666666666,0.8936170212765957,0.9583333333333334,0.8571428571428571,0.9091519756838906,0.03328434879105772,111,0.9847715736040609,0.99,0.9746192893401016,0.9950248756218906,0.9950248756218906,0.9878881228375886,0.007643315082693309,0.8846153846153846,0.88,0.84,0.92,0.84,0.8729230769230769,0.0302353686068634,59,0.97,0.9801980198019802,0.9504950495049505,0.9900990099009901,0.9900990099009901,0.9761782178217822,0.014842716883570714,0.9436619718309859,0.9428571428571428,0.9285714285714286,0.9714285714285714,0.9,0.9373038229376258,0.023253360170854723,95,0.9892857142857143,0.9928825622775801,0.9822064056939501,0.99644128113879,0.99644128113879,0.9914514489069649,0.005329280764667401,0.9914529914529915,0.9582222222222222,0.9813333333333334,0.9813333333333333,0.9564444444444444,0.973757264957265,0.013921233186596858,149,0.9998888888888888,0.99994499449945,0.9997249724972497,0.9996149614961496,1.0,0.9998347634763476,0.00014335307256974154
0.34677839279174805,0.006441530479311335,0.029159164428710936,0.00045413893343503893,200,2,2,1.0,32,0.3,gini,0.001,"{'n_estimators': 200, 'min_samples_split': 2, 'min_samples_leaf': 2, 'max_samples': 1.0, 'max_leaf_nodes': 32, 'max_features': 0.3, 'criterion': 'gini', 'ccp_alpha': 0.001}",0.9532587228439764,0.9365942028985508,0.9048913043478262,0.9682971014492754,0.8901098901098901,0.9306302443299039,0.02922601958679258,113,0.9961023956346831,0.9961273962596988,0.9804603296015576,0.9961273962596988,0.9961273962596988,0.9929889828030675,0.006264334083971995,0.967741935483871,0.9565217391304348,0.9347826086956522,0.9782608695652174,0.9230769230769231,0.9520768151904196,0.020449163146795422,124,0.997229916897507,0.997229916897507,0.9863013698630136,0.997229916897507,0.997229916897507,0.9950442074906084,0.004371418813797323,0.9387755102040817,0.9166666666666666,0.875,0.9583333333333334,0.8571428571428571,0.9091836734693878,0.03801086989022554,110,0.9949748743718593,0.9950248756218906,0.9746192893401016,0.9950248756218906,0.9950248756218906,0.9909337581155265,0.00815725737456099,0.8846153846153846,0.88,0.84,0.92,0.84,0.8729230769230769,0.0302353686068634,59,0.99,0.9900990099009901,0.9504950495049505,0.9900990099009901,0.9900990099009901,0.9821584158415841,0.01583172960816477,0.9577464788732394,0.9428571428571428,0.9142857142857143,0.9714285714285714,0.9,0.9372635814889335,0.026588119294913108,139,0.9964285714285714,0.99644128113879,0.9822064056939501,0.99644128113879,0.99644128113879,0.9935917641077783,0.005692681335130425,0.9923076923076923,0.9591111111111111,0.9804444444444445,0.983111111111111,0.9564444444444444,0.9742837606837608,0.014065480795844229,132,1.0,1.0,0.9998899889988999,0.99994499449945,1.0,0.99996699669967,4.400440044003418e-05
0.3448773384094238,0.005825690194530408,0.02921605110168457,0.0002778297748148262,200,4,1,1.0,32,0.3,gini,0.0,"{'n_estimators': 200, 'min_samples_split': 4, 'min_samples_leaf': 1, 'max_samples': 1.0, 'max_leaf_nodes': 32, 'max_features': 0.3, 'criterion': 'gini', 'ccp_alpha': 0.0}",0.9382608695652175,0.9365942028985508,0.9048913043478262,0.9682971014492754,0.9048913043478262,0.9305869565217393,0.023822527414914686,114,1.0,1.0,1.0,1.0,1.0,1.0,0.0,0.9565217391304348,0.9565217391304348,0.9347826086956522,0.9782608695652174,0.9347826086956522,0.9521739130434783,0.0162680755946693,115,1.0,1.0,1.0,1.0,1.0,1.0,0.0,0.92,0.9166666666666666,0.875,0.9583333333333334,0.875,0.909,0.03138647975022226,114,1.0,1.0,1.0,1.0,1.0,1.0,0.0,0.8846153846153846,0.88,0.84,0.92,0.84,0.8729230769230769,0.0302353686068634,59,1.0,1.0,1.0,1.0,1.0,1.0,0.0,0.9436619718309859,0.9428571428571428,0.9142857142857143,0.9714285714285714,0.9142857142857143,0.9373038229376258,0.0214262947374078,95,1.0,1.0,1.0,1.0,1.0,1.0,0.0,0.9914529914529915,0.9582222222222222,0.9831111111111112,0.984,0.96,0.975357264957265,0.013589309674306856,97,1.0,1.0,1.0,0.9999999999999999,1.0,1.0,4.965068306494546e-17
0.47440032958984374,0.003747523706911368,0.029226922988891603,0.00020694878793015942,200,8,4,,16,0.5,entropy,0.0,"{'n_estimators': 200, 'min_samples_split': 8, 'min_samples_leaf': 4, 'max_samples': None, 'max_leaf_nodes': 16, 'max_features': 0.5, 'criterion': 'entropy', 'ccp_alpha': 0.0}",0.9370567375886525,0.9519560741249142,0.9199267902081903,0.9682971014492754,0.8755555555555555,0.9305584517853175,0.031820252859401696,115,0.9763393611627513,0.9725144973101376,0.96866287498606,0.9844044844044844,0.9922375690607734,0.9788317573848413,0.008488781492600647,0.9574468085106383,0.967741935483871,0.946236559139785,0.9782608695652174,0.9111111111111111,0.9521594567621247,0.023117529620932435,116,0.9836065573770492,0.9809264305177112,0.9781420765027322,0.989010989010989,0.994475138121547,0.9852322383060057,0.005850869464953969,0.9166666666666666,0.9361702127659575,0.8936170212765957,0.9583333333333334,0.84,0.9089574468085108,0.040566989037485,115,0.9690721649484536,0.9641025641025641,0.9591836734693877,0.9797979797979798,0.99,0.9724312764636769,0.011127249701265274,0.8461538461538461,0.88,0.84,0.92,0.84,0.8652307692307692,0.03116058806442381,116,0.94,0.9306930693069307,0.9306930693069307,0.9603960396039604,0.9801980198019802,0.9483960396039602,0.019249154476088257,0.9436619718309859,0.9571428571428572,0.9285714285714286,0.9714285714285714,0.8857142857142857,0.9373038229376258,0.02944909797396844,95,0.9785714285714285,0.9750889679715302,0.9715302491103203,0.9857651245551602,0.9928825622775801,0.9807676664972039,0.007670022747841258,0.9948717948717949,0.968,0.9715555555555556,0.9875555555555555,0.9484444444444444,0.9740854700854701,0.016213636916543723,139,0.9996111111111111,0.9993949394939493,0.9992849284928493,0.9995599559955995,0.9997799779977997,0.9995261826182619,0.00017215916780531236
0.48549623489379884,0.012337038886928359,0.02991147041320801,0.0006143806213743582,200,8,4,,32,0.5,log_loss,0.0,"{'n_estimators': 200, 'min_samples_split': 8, 'min_samples_leaf': 4, 'max_samples': None, 'max_leaf_nodes': 32, 'max_features': 0.5, 'criterion': 'log_loss', 'ccp_alpha': 0.0}",0.9370567375886525,0.9519560741249142,0.9199267902081903,0.9682971014492754,0.8755555555555555,0.9305584517853175,0.031820252859401696,115,0.9763393611627513,0.9725144973101376,0.96866287498606,0.9844044844044844,0.9922375690607734,0.9788317573848413,0.008488781492600647,0.9574468085106383,0.967741935483871,0.946236559139785,0.9782608695652174,0.9111111111111111,0.9521594567621247,0.023117529620932435,116,0.9836065573770492,0.9809264305177112,0.9781420765027322,0.989010989010989,0.994475138121547,0.9852322383060057,0.005850869464953969,0.9166666666666666,0.9361702127659575,0.8936170212765957,0.9583333333333334,0.84,0.9089574468085108,0.040566989037485,115,0.9690721649484536,0.9641025641025641,0.9591836734693877,0.9797979797979798,0.99,0.9724312764636769,0.011127249701265274,0.8461538461538461,0.88,0.84,0.92,0.84,0.8652307692307692,0.03116058806442381,116,0.94,0.9306930693069307,0.9306930693069307,0.9603960396039604,0.9801980198019802,0.9483960396039602,0.019249154476088257,0.9436619718309859,0.9571428571428572,0.9285714285714286,0.9714285714285714,0.8857142857142857,0.9373038229376258,0.02944909797396844,95,0.9785714285714285,0.9750889679715302,0.9715302491103203,0.9857651245551602,0.9928825622775801,0.9807676664972039,0.007670022747841258,0.9948717948717949,0.968,0.9715555555555556,0.9875555555555555,0.9484444444444444,0.9740854700854701,0.016213636916543723,139,0.9996111111111111,0.9993949394939493,0.9992849284928493,0.9995599559955995,0.9997799779977997,0.9995261826182619,0.00017215916780531236
0.40119662284851076,0.00746596512015863,0.030107688903808594,0.0003778085071637205,200,8,2,1.0,32,0.3,log_loss,0.001,"{'n_estimators': 200, 'min_samples_split': 8, 'min_samples_leaf': 2, 'max_samples': 1.0, 'max_leaf_nodes': 32, 'max_features': 0.3, 'criterion': 'log_loss', 'ccp_alpha': 0.001}",0.9532587228439764,0.9519560741249142,0.9199267902081903,0.9519560741249142,0.8755555555555555,0.9305306433715101,0.030230334912884235,117,0.9921870640102685,0.9922375690607734,0.9766067266067266,0.9961273962596988,0.9961273962596988,0.9906572304394332,0.007240165012868974,0.967741935483871,0.967741935483871,0.946236559139785,0.967741935483871,0.9111111111111111,0.9521146953405019,0.022129068251268532,121,0.994475138121547,0.994475138121547,0.9835164835164835,0.997229916897507,0.997229916897507,0.9933853187109183,0.0050858861808562575,0.9387755102040817,0.9361702127659575,0.8936170212765957,0.9361702127659575,0.84,0.9089465914025185,0.03836832991784098,117,0.98989898989899,0.99,0.9696969696969697,0.9950248756218906,0.9950248756218906,0.9879291421679481,0.009394463601019058,0.8846153846153846,0.88,0.84,0.88,0.84,0.8649230769230769,0.02041927387450716,129,0.98,0.9801980198019802,0.9504950495049505,0.9900990099009901,0.9900990099009901,0.978178217821782,0.014546249454711904,0.9577464788732394,0.9571428571428572,0.9285714285714286,0.9571428571428572,0.8857142857142857,0.9372635814889335,0.028081323699244605,139,0.9928571428571429,0.9928825622775801,0.9786476868327402,0.99644128113879,0.99644128113879,0.9914539908490086,0.006599351533456171,0.994017094017094,0.9626666666666667,0.9768888888888889,0.9875555555555555,0.9537777777777777,0.9749811965811966,0.015002345154781004,109,0.9999444444444444,0.99994499449945,0.9997249724972497,0.9998349834983499,0.99994499449945,0.9998788778877887,8.79265292025053e-05
0.42085280418396,0.01888399738574768,0.03056497573852539,0.0013166042848900407,200,8,2,,16,0.3,log_loss,0.001,"{'n_estimators': 200, 'min_samples_split': 8, 'min_samples_leaf': 2, 'max_samples': None, 'max_leaf_nodes': 16, 'max_features': 0.3, 'criterion': 'log_loss', 'ccp_alpha': 0.001}",0.9532587228439764,0.9519560741249142,0.9199267902081903,0.9519560741249142,0.8755555555555555,0.9305306433715101,0.030230334912884235,117,0.9921870640102685,0.9922375690607734,0.9766067266067266,0.9961273962596988,0.9961273962596988,0.9906572304394332,0.007240165012868974,0.967741935483871,0.967741935483871,0.946236559139785,0.967741935483871,0.9111111111111111,0.9521146953405019,0.022129068251268532,121,0.994475138121547,0.994475138121547,0.9835164835164835,0.997229916897507,0.997229916897507,0.9933853187109183,0.0050858861808562575,0.9387755102040817,0.9361702127659575,0.8936170212765957,0.9361702127659575,0.84,0.9089465914025185,0.03836832991784098,117,0.98989898989899,0.99,0.9696969696969697,0.9950248756218906,0.9950248756218906,0.9879291421679481,0.009394463601019058,0.8846153846153846,0.88,0.84,0.88,0.84,0.8649230769230769,0.02041927387450716,129,0.98,0.9801980198019802,0.9504950495049505,0.9900990099009901,0.9900990099009901,0.978178217821782,0.014546249454711904,0.9577464788732394,0.9571428571428572,0.9285714285714286,0.9571428571428572,0.8857142857142857,0.9372635814889335,0.028081323699244605,139,0.9928571428571429,0.9928825622775801,0.9786476868327402,0.99644128113879,0.99644128113879,0.9914539908490086,0.006599351533456171,0.994017094017094,0.9626666666666667,0.9768888888888889,0.9875555555555555,0.9537777777777777,0.9749811965811966,0.015002345154781004,109,0.9999444444444444,0.99994499449945,0.9997249724972497,0.9998349834983499,0.9998899889988999,0.9998678767876787,8.222201909757685e-05
0.1667480945587158,0.0030458040625541117,0.021841907501220705,0.0003870828127583372,100,8,4,,32,0.3,gini,0.0,"{'n_estimators': 100, 'min_samples_split': 8, 'min_samples_leaf': 4, 'max_samples': None, 'max_leaf_nodes': 32, 'max_features': 0.3, 'criterion': 'gini', 'ccp_alpha': 0.0}",0.9532587228439764,0.9519560741249142,0.9199267902081903,0.9519560741249142,0.8755555555555555,0.9305306433715101,0.030230334912884235,117,0.9763393611627513,0.960828593732575,0.96866287498606,0.9727701870232706,0.9805501335880504,0.9718302300985414,0.006757523806520218,0.967741935483871,0.967741935483871,0.946236559139785,0.967741935483871,0.9111111111111111,0.9521146953405019,0.022129068251268532,121,0.9836065573770492,0.9726775956284153,0.9781420765027322,0.9807162534435262,0.9862258953168044,0.9802736756537055,0.004668555264547373,0.9387755102040817,0.9361702127659575,0.8936170212765957,0.9361702127659575,0.84,0.9089465914025185,0.03836832991784098,117,0.9690721649484536,0.9489795918367347,0.9591836734693877,0.964824120603015,0.9748743718592965,0.9633867845433777,0.008849717419514097,0.8846153846153846,0.88,0.84,0.88,0.84,0.8649230769230769,0.02041927387450716,129,0.94,0.9207920792079208,0.9306930693069307,0.9504950495049505,0.9603960396039604,0.9404752475247523,0.014004130638273446,0.9577464788732394,0.9571428571428572,0.9285714285714286,0.9571428571428572,0.8857142857142857,0.9372635814889335,0.028081323699244605,139,0.9785714285714285,0.9644128113879004,0.9715302491103203,0.9750889679715302,0.9822064056939501,0.9743619725470258,0.006112080483066852,0.994017094017094,0.9546666666666667,0.9733333333333334,0.9742222222222222,0.9466666666666667,0.9685811965811965,0.01658462912748059,216,0.9985555555555555,0.9981298129812981,0.9977447744774478,0.9979097909790979,0.9992299229922992,0.9983139713971397,0.0005326521371614173
0.5274446964263916,0.016263732415316787,0.030414056777954102,0.0008845391671713885,200,4,1,,,0.5,log_loss,0.001,"{'n_estimators': 200, 'min_samples_split': 4, 'min_samples_leaf': 1, 'max_samples': None, 'max_leaf_nodes': None, 'max_features': 0.5, 'criterion': 'log_loss', 'ccp_alpha': 0.001}",0.9370567375886525,0.9519560741249142,0.9048913043478262,0.9682971014492754,0.8901098901098901,0.9304622215241117,0.029048696826197557,120,1.0,1.0,1.0,1.0,1.0,1.0,0.0,0.9574468085106383,0.967741935483871,0.9347826086956522,0.9782608695652174,0.9230769230769231,0.9522618290664605,0.020492680135972042,113,1.0,1.0,1.0,1.0,1.0,1.0,0.0,0.9166666666666666,0.9361702127659575,0.875,0.9583333333333334,0.8571428571428571,0.9086626139817628,0.03761746970752439,120,1.0,1.0,1.0,1.0,1.0,1.0,0.0,0.8461538461538461,0.88,0.84,0.92,0.84,0.8652307692307692,0.03116058806442381,116,1.0,1.0,1.0,1.0,1.0,1.0,0.0,0.9436619718309859,0.9571428571428572,0.9142857142857143,0.9714285714285714,0.9,0.9373038229376258,0.026532698041434506,95,1.0,1.0,1.0,1.0,1.0,1.0,0.0,0.9931623931623932,0.9733333333333334,0.9751111111111112,0.9875555555555555,0.9528888888888889,0.9764102564102565,0.013923086891959929,74,1.0,1.0,1.0,1.0,1.0,1.0,0.0
0.5247591018676758,0.014015946102688899,0.031052112579345703,0.001422030557497685,200,2,2,,,0.5,entropy,0.001,"{'n_estimators': 200, 'min_samples_split': 2, 'min_samples_leaf': 2, 'max_samples': None, 'max_leaf_nodes': None, 'max_features': 0.5, 'criterion': 'entropy', 'ccp_alpha': 0.001}",0.9370567375886525,0.9519560741249142,0.9048913043478262,0.9682971014492754,0.8901098901098901,0.9304622215241117,0.029048696826197557,120,1.0,1.0,0.9961273962596988,1.0,1.0,0.9992254792519397,0.0015490414961204734,0.9574468085106383,0.967741935483871,0.9347826086956522,0.9782608695652174,0.9230769230769231,0.9522618290664605,0.020492680135972042,113,1.0,1.0,0.997229916897507,1.0,1.0,0.9994459833795014,0.0011080332409972194,0.9166666666666666,0.9361702127659575,0.875,0.9583333333333334,0.8571428571428571,0.9086626139817628,0.03761746970752439,120,1.0,1.0,0.9950248756218906,1.0,1.0,0.9990049751243781,0.0019900497512437723,0.8461538461538461,0.88,0.84,0.92,0.84,0.8652307692307692,0.03116058806442381,116,1.0,1.0,0.9900990099009901,1.0,1.0,0.998019801980198,0.003960396039603964,0.9436619718309859,0.9571428571428572,0.9142857142857143,0.9714285714285714,0.9,0.9373038229376258,0.026532698041434506,95,1.0,1.0,0.99644128113879,1.0,1.0,0.9992882562277579,0.0014234875444839813,0.9931623931623932,0.9697777777777777,0.9733333333333334,0.9884444444444445,0.9520000000000001,0.9753435897435898,0.01462248080841036,98,1.0,1.0,1.0,1.0,1.0,1.0,0.0
0.4948873519897461,0.008081791184628415,0.03795599937438965,0.000663566647606628,300,4,2,0.8,,0.3,gini,0.001,"{'n_estimators': 300, 'min_samples_split': 4, 'min_samples_leaf': 2, 'max_samples': 0.8, 'max_leaf_nodes': None, 'max_features': 0.3, 'criterion': 'gini', 'ccp_alpha': 0.001}",0.9382608695652175,0.9519560741249142,0.9199267902081903,0.9519560741249142,0.8901098901098901,0.9304419396266252,0.023341354790662606,122,0.9843014128728415,0.9883300801528303,0.9726444614421806,0.9922375690607734,0.9922375690607734,0.9859502185178798,0.007273060243289443,0.9565217391304348,0.967741935483871,0.946236559139785,0.967741935483871,0.9230769230769231,0.952263818462977,0.016646181656228547,109,0.989010989010989,0.9917355371900827,0.9808219178082191,0.994475138121547,0.994475138121547,0.990103744050477,0.00506413532732743,0.92,0.9361702127659575,0.8936170212765957,0.9361702127659575,0.8571428571428571,0.9086200607902735,0.03007496784433924,122,0.9795918367346939,0.9849246231155779,0.9644670050761421,0.99,0.99,0.9817966929852828,0.009482108552103819,0.8846153846153846,0.88,0.84,0.88,0.84,0.8649230769230769,0.02041927387450716,129,0.96,0.9702970297029703,0.9405940594059405,0.9801980198019802,0.9801980198019802,0.9662574257425742,0.014851009893385907,0.9436619718309859,0.9571428571428572,0.9285714285714286,0.9571428571428572,0.9,0.9373038229376258,0.021426294737407797,95,0.9857142857142858,0.9893238434163701,0.9750889679715302,0.9928825622775801,0.9928825622775801,0.9871784443314692,0.006602663999229077,0.9923076923076923,0.9555555555555556,0.9777777777777779,0.9813333333333333,0.9582222222222221,0.9730393162393163,0.01405519275127963,171,0.9998888888888888,0.9998899889988999,0.9996149614961496,0.9998349834983498,1.0,0.9998457645764576,0.00012727165062429178
0.6180212497711182,0.01357020620572576,0.03783559799194336,0.0006961173850371123,300,4,1,,,0.3,log_loss,0.001,"{'n_estimators': 300, 'min_samples_split': 4, 'min_samples_leaf': 1, 'max_samples': None, 'max_leaf_nodes': None, 'max_features': 0.3, 'criterion': 'log_loss', 'ccp_alpha': 0.001}",0.9382608695652175,0.9519560741249142,0.9199267902081903,0.9519560741249142,0.8901098901098901,0.9304419396266252,0.023341354790662606,122,1.0,1.0,1.0,1.0,1.0,1.0,0.0,0.9565217391304348,0.967741935483871,0.946236559139785,0.967741935483871,0.9230769230769231,0.952263818462977,0.016646181656228547,109,1.0,1.0,1.0,1.0,1.0,1.0,0.0,0.92,0.9361702127659575,0.8936170212765957,0.9361702127659575,0.8571428571428571,0.9086200607902735,0.03007496784433924,122,1.0,1.0,1.0,1.0,1.0,1.0,0.0,0.8846153846153846,0.88,0.84,0.88,0.84,0.8649230769230769,0.02041927387450716,129,1.0,1.0,1.0,1.0,1.0,1.0,0.0,0.9436619718309859,0.9571428571428572,0.9285714285714286,0.9571428571428572,0.9,0.9373038229376258,0.021426294737407797,95,1.0,1.0,1.0,1.0,1.0,1.0,0.0,0.994017094017094,0.9648888888888889,0.9822222222222223,0.9902222222222222,0.9582222222222222,0.9779145299145299,0.014048362039847573,29,1.0,1.0,1.0,1.0,1.0,1.0,0.0
0.6122428894042968,0.009681237749003641,0.03764019012451172,0.0005025999503498192,300,4,1,,,0.3,entropy,0.001,"{'n_estimators': 300, 'min_samples_split': 4, 'min_samples_leaf': 1, 'max_samples': None, 'max_leaf_nodes': None, 'max_features': 0.3, 'criterion': 'entropy', 'ccp_alpha': 0.001}",0.9382608695652175,0.9519560741249142,0.9199267902081903,0.9519560741249142,0.8901098901098901,0.9304419396266252,0.023341354790662606,122,1.0,1.0,1.0,1.0,1.0,1.0,0.0,0.9565217391304348,0.967741935483871,0.946236559139785,0.967741935483871,0.9230769230769231,0.952263818462977,0.016646181656228547,109,1.0,1.0,1.0,1.0,1.0,1.0,0.0,0.92,0.9361702127659575,0.8936170212765957,0.9361702127659575,0.8571428571428571,0.9086200607902735,0.03007496784433924,122,1.0,1.0,1.0,1.0,1.0,1.0,0.0,0.8846153846153846,0.88,0.84,0.88,0.84,0.8649230769230769,0.02041927387450716,129,1.0,1.0,1.0,1.0,1.0,1.0,0.0,0.9436619718309859,0.9571428571428572,0.9285714285714286,0.9571428571428572,0.9,0.9373038229376258,0.021426294737407797,95,1.0,1.0,1.0,1.0,1.0,1.0,0.0,0.994017094017094,0.9648888888888889,0.9822222222222223,0.9902222222222222,0.9582222222222222,0.9779145299145299,0.014048362039847573,29,1.0,1.0,1.0,1.0,1.0,1.0,0.0
0.3656002998352051,0.005869946588470963,0.030134201049804688,0.00034754511062431943,200,4,1,0.8,16,0.3,entropy,0.0,"{'n_estimators': 200, 'min_samples_split': 4, 'min_samples_leaf': 1, 'max_samples': 0.8, 'max_leaf_nodes': 16, 'max_features': 0.3, 'criterion': 'entropy', 'ccp_alpha': 0.0}",0.9532587228439764,0.9365942028985508,0.9199267902081903,0.9519560741249142,0.8901098901098901,0.9303691360371044,0.02348842270849324,125,0.9921870640102685,1.0,0.9922375690607734,0.9961273962596988,1.0,0.9961104058661482,0.0034828049030867355,0.967741935483871,0.9565217391304348,0.946236559139785,0.967741935483871,0.9230769230769231,0.952263818462977,0.016646181656228547,109,0.994475138121547,1.0,0.994475138121547,0.997229916897507,1.0,0.9972360386281203,0.002470795241231681,0.9387755102040817,0.9166666666666666,0.8936170212765957,0.9361702127659575,0.8571428571428571,0.9084744536112316,0.03035785747418828,125,0.98989898989899,1.0,0.99,0.9950248756218906,1.0,0.9949847731041761,0.004494880722675274,0.8846153846153846,0.88,0.84,0.88,0.84,0.8649230769230769,0.02041927387450716,129,0.98,1.0,0.9801980198019802,0.9900990099009901,1.0,0.9900594059405939,0.008900235653441743,0.9577464788732394,0.9428571428571428,0.9285714285714286,0.9571428571428572,0.9,0.9372635814889337,0.02149488610011361,129,0.9928571428571429,1.0,0.9928825622775801,0.99644128113879,1.0,0.9964361972547024,0.003188710014785791,0.9923076923076923,0.9684444444444444,0.9777777777777779,0.9893333333333333,0.9573333333333333,0.9770393162393163,0.013015445232325375,58,1.0,1.0,1.0,1.0,1.0,1.0,0.0
0.2395472526550293,0.0021707764984983755,0.02287287712097168,0.0009445396010514166,100,4,1,0.8,,0.5,log_loss,0.001,"{'n_estimators': 100, 'min_samples_split': 4, 'min_samples_leaf': 1, 'max_samples': 0.8, 'max_leaf_nodes': None, 'max_features': 0.5, 'criterion': 'log_loss', 'ccp_alpha': 0.001}",0.9532587228439764,0.9519560741249142,0.8878975062914665,0.9682971014492754,0.8901098901098901,0.9303038589639044,0.03421427933158948,126,0.9961023956346831,1.0,0.9961273962596988,1.0,1.0,0.9984459583788764,0.0019033209249629806,0.967741935483871,0.967741935483871,0.9247311827956989,0.9782608695652174,0.9230769230769231,0.9523105692811162,0.023515530357217207,108,0.997229916897507,1.0,0.997229916897507,1.0,1.0,0.9988919667590028,0.001357058029242745,0.9387755102040817,0.9361702127659575,0.851063829787234,0.9583333333333334,0.8571428571428571,0.9082971486466928,0.04494857579844558,126,0.9949748743718593,1.0,0.9950248756218906,1.0,1.0,0.99799994999875,0.002449602013338257,0.8846153846153846,0.88,0.8,0.92,0.84,0.8649230769230769,0.04119401346751892,129,0.99,1.0,0.9900990099009901,1.0,1.0,0.996019801980198,0.004874827659651452,0.9577464788732394,0.9571428571428572,0.9,0.9714285714285714,0.9,0.9372635814889337,0.03085167818489302,129,0.9964285714285714,1.0,0.99644128113879,1.0,1.0,0.9985739705134723,0.0017465269245972356,0.9927350427350426,0.9533333333333334,0.9742222222222223,0.9862222222222222,0.952,0.971702564102564,0.016644242113393343,188,1.0,1.0,1.0,1.0,1.0,1.0,0.0
0.20613460540771483,0.002026367730584416,0.022037506103515625,0.0005517618315131528,100,2,1,0.8,16,0.5,gini,0.0,"{'n_estimators': 100, 'min_samples_split': 2, 'min_samples_leaf': 1, 'max_samples': 0.8, 'max_leaf_nodes': 16, 'max_features': 0.5, 'criterion': 'gini', 'ccp_alpha': 0.0}",0.9382608695652175,0.9519560741249142,0.9028677150786308,0.9682971014492754,0.8901098901098901,0.9302983300655857,0.02947512810600693,127,1.0,0.9961273962596988,0.9922375690607734,0.9922375690607734,1.0,0.9961205068762492,0.0034714663592138504,0.9565217391304348,0.967741935483871,0.9361702127659575,0.9782608695652174,0.9230769230769231,0.9523543360044806,0.020220715617486663,104,1.0,0.997229916897507,0.994475138121547,0.994475138121547,1.0,0.9972360386281203,0.002470795241231681,0.92,0.9361702127659575,0.8695652173913043,0.9583333333333334,0.8571428571428571,0.9082423241266904,0.03881853480125549,127,1.0,0.9950248756218906,0.99,0.99,1.0,0.9950049751243781,0.0044721470243553425,0.8846153846153846,0.88,0.8,0.92,0.84,0.8649230769230769,0.04119401346751892,129,1.0,0.9900990099009901,0.9801980198019802,0.9801980198019802,1.0,0.9900990099009901,0.008855714762375412,0.9436619718309859,0.9571428571428572,0.9142857142857143,0.9714285714285714,0.9,0.9373038229376258,0.026532698041434506,95,1.0,0.99644128113879,0.9928825622775801,0.9928825622775801,1.0,0.99644128113879,0.0031830149145904377,0.9880341880341881,0.9564444444444444,0.9786666666666666,0.976,0.9582222222222221,0.9714735042735043,0.012230749042849815,193,1.0,1.0,0.9998899889988999,0.99994499449945,0.9999999999999999,0.99996699669967,4.4004400440017524e-05
0.4646040916442871,0.003937247127773648,0.0376190185546875,0.0005817811319151279,300,2,4,0.8,16,0.3,gini,0.0,"{'n_estimators': 300, 'min_samples_split': 2, 'min_samples_leaf': 4, 'max_samples': 0.8, 'max_leaf_nodes': 16, 'max_features': 0.3, 'criterion': 'gini', 'ccp_alpha': 0.0}",0.9382608695652175,0.9519560741249142,0.9028677150786308,0.9682971014492754,0.8901098901098901,0.9302983300655857,0.02947512810600693,127,0.9524456521739131,0.9646614965416056,0.9646614965416056,0.9606398476019722,0.9685118780815778,0.9621840741881348,0.005468781294316231,0.9565217391304348,0.967741935483871,0.9361702127659575,0.9782608695652174,0.9230769230769231,0.9523543360044806,0.020220715617486663,104,0.967391304347826,0.9754768392370572,0.9754768392370572,0.9728260869565217,0.9782608695652174,0.9738863878687359,0.003674384552299302,0.92,0.9361702127659575,0.8695652173913043,0.9583333333333334,0.8571428571428571,0.9082423241266904,0.03881853480125549,127,0.9375,0.9538461538461539,0.9538461538461539,0.9484536082474226,0.9587628865979382,0.9504817605075339,0.007264362902061501,0.8846153846153846,0.88,0.8,0.92,0.84,0.8649230769230769,0.04119401346751892,129,0.9,0.9207920792079208,0.9207920792079208,0.9108910891089109,0.9207920792079208,0.9146534653465347,0.008269549710028166,0.9436619718309859,0.9571428571428572,0.9142857142857143,0.9714285714285714,0.9,0.9373038229376258,0.026532698041434506,95,0.9571428571428572,0.9679715302491103,0.9679715302491103,0.9644128113879004,0.9715302491103203,0.9658057956278597,0.004881333605889578,0.9931623931623932,0.9573333333333334,0.9724444444444446,0.9786666666666667,0.9484444444444444,0.9700102564102565,0.015764953349412077,210,0.9972777777777778,0.9976347634763476,0.9969196919691969,0.9975247524752475,0.9984048404840483,0.9975523652365237,0.0004919227008065327
0.25172743797302244,0.00649557446224334,0.021376752853393556,0.0006935615824740902,100,8,1,1.0,,0.5,log_loss,0.0,"{'n_estimators': 100, 'min_samples_split': 8, 'min_samples_leaf': 1, 'max_samples': 1.0, 'max_leaf_nodes': None, 'max_features': 0.5, 'criterion': 'log_loss', 'ccp_alpha': 0.0}",0.9204927211646137,0.9519560741249142,0.9199267902081903,0.9688888888888889,0.8901098901098901,0.9302748728992996,0.027484962680876506,129,0.9961023956346831,0.9922375690607734,0.9883821887790962,0.9961273962596988,0.9961273962596988,0.9937953891987901,0.0030960728326604966,0.9473684210526315,0.967741935483871,0.946236559139785,0.9777777777777777,0.9230769230769231,0.9524403233061977,0.018987080289829025,103,0.997229916897507,0.994475138121547,0.9916897506925207,0.997229916897507,0.997229916897507,0.9955709279013177,0.0022145439817698796,0.8936170212765957,0.9361702127659575,0.8936170212765957,0.96,0.8571428571428571,0.9081094224924012,0.03604910582629682,129,0.9949748743718593,0.99,0.9850746268656716,0.9950248756218906,0.9950248756218906,0.9920198504962624,0.003977648687926804,0.8076923076923077,0.88,0.84,0.96,0.84,0.8655384615384616,0.0525028035317946,113,0.99,0.9801980198019802,0.9801980198019802,0.9900990099009901,0.9900990099009901,0.9861188118811881,0.004834441673196615,0.9295774647887324,0.9571428571428572,0.9285714285714286,0.9714285714285714,0.9,0.937344064386318,0.024841916867541326,90,0.9964285714285714,0.9928825622775801,0.9893238434163701,0.99644128113879,0.99644128113879,0.9943035078800204,0.0028450725359061477,0.994017094017094,0.9751111111111112,0.976,0.9857777777777778,0.9528888888888889,0.9767589743589744,0.013800391189755606,68,1.0,1.0,0.9998349834983498,1.0,1.0,0.9999669966996698,6.600660066009568e-05
0.1860197067260742,0.005658648345727229,0.021499776840209962,0.0007457166599012299,100,2,2,0.8,32,0.3,entropy,0.001,"{'n_estimators': 100, 'min_samples_split': 2, 'min_samples_leaf': 2, 'max_samples': 0.8, 'max_leaf_nodes': 32, 'max_features': 0.3, 'criterion': 'entropy', 'ccp_alpha': 0.001}",0.9532587228439764,0.9519560741249142,0.9028677150786308,0.9529042386185244,0.8901098901098901,0.9302193281551873,0.027838041432209467,130,0.9843014128728415,0.9922375690607734,0.976497156239545,0.9922375690607734,0.9922375690607734,0.9875022552589414,0.006302811861587424,0.967741935483871,0.967741935483871,0.9361702127659575,0.967032967032967,0.9230769230769231,0.952352794768718,0.019016368660709604,106,0.989010989010989,0.994475138121547,0.9836065573770492,0.994475138121547,0.994475138121547,0.9912085921505358,0.004350433541577984,0.9387755102040817,0.9361702127659575,0.8695652173913043,0.9387755102040817,0.8571428571428571,0.9080858615416565,0.03674634560516254,130,0.9795918367346939,0.99,0.9693877551020408,0.99,0.99,0.9837959183673469,0.008255196639300575,0.8846153846153846,0.88,0.8,0.92,0.84,0.8649230769230769,0.04119401346751892,129,0.96,0.9801980198019802,0.9405940594059405,0.9801980198019802,0.9801980198019802,0.9682376237623762,0.015881928823989797,0.9577464788732394,0.9571428571428572,0.9142857142857143,0.9571428571428572,0.9,0.9372635814889337,0.025005907993498395,129,0.9857142857142858,0.9928825622775801,0.9786476868327402,0.9928825622775801,0.9928825622775801,0.9886019318759531,0.0056990680754193685,0.9931623931623932,0.9533333333333334,0.9742222222222222,0.9875555555555556,0.9426666666666667,0.9701880341880342,0.01942798627226634,207,1.0,0.99994499449945,0.9997799779977998,0.9998899889988999,1.0,0.9999229922992299,8.232469497850617e-05
0.1841038703918457,0.0018478080344636644,0.02232365608215332,0.0003430424115225272,100,2,2,0.8,16,0.3,log_loss,0.001,"{'n_estimators': 100, 'min_samples_split': 2, 'min_samples_leaf': 2, 'max_samples': 0.8, 'max_leaf_nodes': 16, 'max_features': 0.3, 'criterion': 'log_loss', 'ccp_alpha': 0.001}",0.9532587228439764,0.9519560741249142,0.9028677150786308,0.9529042386185244,0.8901098901098901,0.9302193281551873,0.027838041432209467,130,0.9843014128728415,0.9922375690607734,0.976497156239545,0.9922375690607734,0.9922375690607734,0.9875022552589414,0.006302811861587424,0.967741935483871,0.967741935483871,0.9361702127659575,0.967032967032967,0.9230769230769231,0.952352794768718,0.019016368660709604,106,0.989010989010989,0.994475138121547,0.9836065573770492,0.994475138121547,0.994475138121547,0.9912085921505358,0.004350433541577984,0.9387755102040817,0.9361702127659575,0.8695652173913043,0.9387755102040817,0.8571428571428571,0.9080858615416565,0.03674634560516254,130,0.9795918367346939,0.99,0.9693877551020408,0.99,0.99,0.9837959183673469,0.008255196639300575,0.8846153846153846,0.88,0.8,0.92,0.84,0.8649230769230769,0.04119401346751892,129,0.96,0.9801980198019802,0.9405940594059405,0.9801980198019802,0.9801980198019802,0.9682376237623762,0.015881928823989797,0.9577464788732394,0.9571428571428572,0.9142857142857143,0.9571428571428572,0.9,0.9372635814889337,0.025005907993498395,129,0.9857142857142858,0.9928825622775801,0.9786476868327402,0.9928825622775801,0.9928825622775801,0.9886019318759531,0.0056990680754193685,0.9931623931623932,0.9533333333333334,0.9742222222222222,0.9875555555555556,0.9422222222222223,0.9700991452991454,0.019554307532945115,209,1.0,0.99994499449945,0.9996699669966996,0.9998899889988999,1.0,0.9999009900990099,0.00012250306628890388
0.6882144451141358,0.009949550296631268,0.038675355911254886,0.0005435470175622814,300,2,2,0.8,,0.5,entropy,0.0,"{'n_estimators': 300, 'min_samples_split': 2, 'min_samples_leaf': 2, 'max_samples': 0.8, 'max_leaf_nodes': None, 'max_features': 0.5, 'criterion': 'entropy', 'ccp_alpha': 0.0}",0.9204927211646137,0.9519560741249142,0.9199267902081903,0.9682971014492754,0.8901098901098901,0.9301565154113767,0.027319200055761036,132,0.9921870640102685,0.9922375690607734,0.9805501335880504,0.9961273962596988,0.9961273962596988,0.991445911835698,0.0057223527356170395,0.9473684210526315,0.967741935483871,0.946236559139785,0.9782608695652174,0.9230769230769231,0.9525369416636856,0.019116555255285068,97,0.994475138121547,0.994475138121547,0.9862258953168044,0.997229916897507,0.997229916897507,0.9939272010709825,0.0040429307192592304,0.8936170212765957,0.9361702127659575,0.8936170212765957,0.9583333333333334,0.8571428571428571,0.9077760891590678,0.03557230322851746,132,0.98989898989899,0.99,0.9748743718592965,0.9950248756218906,0.9950248756218906,0.9889646226004135,0.007401804481670886,0.8076923076923077,0.88,0.84,0.92,0.84,0.8575384615384616,0.0387448030491008,179,0.98,0.9801980198019802,0.9603960396039604,0.9900990099009901,0.9900990099009901,0.9801584158415843,0.010846280460302827,0.9295774647887324,0.9571428571428572,0.9285714285714286,0.9714285714285714,0.9,0.937344064386318,0.024841916867541326,90,0.9928571428571429,0.9928825622775801,0.9822064056939501,0.99644128113879,0.99644128113879,0.9921657346212506,0.0052295452186015175,0.994017094017094,0.96,0.9742222222222222,0.9875555555555555,0.9528888888888889,0.973736752136752,0.015657707604774973,150,1.0,1.0,0.9996699669966996,1.0,1.0,0.9999339933993399,0.00013201320132014694
0.719857120513916,0.010994140804974736,0.03684654235839844,0.0005681742068507951,300,4,4,1.0,,0.5,log_loss,0.001,"{'n_estimators': 300, 'min_samples_split': 4, 'min_samples_leaf': 4, 'max_samples': 1.0, 'max_leaf_nodes': None, 'max_features': 0.5, 'criterion': 'log_loss', 'ccp_alpha': 0.001}",0.9370567375886525,0.9519560741249142,0.9028677150786308,0.9682971014492754,0.8901098901098901,0.9300575036702725,0.029413942049745217,133,0.980330172110994,0.9804603296015576,0.96866287498606,0.9844044844044844,0.9922375690607734,0.9812190860327739,0.007623359445240353,0.9574468085106383,0.967741935483871,0.9361702127659575,0.9782608695652174,0.9230769230769231,0.9525393498805215,0.02026218930499104,95,0.9863013698630136,0.9863013698630136,0.9781420765027322,0.989010989010989,0.994475138121547,0.986846188672259,0.005277166928113538,0.9166666666666666,0.9361702127659575,0.8695652173913043,0.9583333333333334,0.8571428571428571,0.9075756574600238,0.038639093166502346,133,0.9743589743589743,0.9746192893401016,0.9591836734693877,0.9797979797979798,0.99,0.9755919833932886,0.009969758551280336,0.8461538461538461,0.88,0.8,0.92,0.84,0.8572307692307692,0.04038161160990257,185,0.95,0.9504950495049505,0.9306930693069307,0.9603960396039604,0.9801980198019802,0.9543564356435643,0.016112777715990758,0.9436619718309859,0.9571428571428572,0.9142857142857143,0.9714285714285714,0.9,0.9373038229376258,0.026532698041434506,95,0.9821428571428571,0.9822064056939501,0.9715302491103203,0.9857651245551602,0.9928825622775801,0.9829054397559736,0.006901969487740469,0.9931623931623932,0.9688888888888889,0.9742222222222223,0.9866666666666666,0.951111111111111,0.9748102564102563,0.014659012606426436,120,0.9995555555555555,0.9996699669966996,0.9991199119911991,0.9996699669966996,0.9998899889988999,0.9995810781078107,0.0002547759782842949
0.7478118419647217,0.01657577202000974,0.03742923736572266,0.0003628878834795417,300,2,4,,,0.5,entropy,0.001,"{'n_estimators': 300, 'min_samples_split': 2, 'min_samples_leaf': 4, 'max_samples': None, 'max_leaf_nodes': None, 'max_features': 0.5, 'criterion': 'entropy', 'ccp_alpha': 0.001}",0.9370567375886525,0.9519560741249142,0.9028677150786308,0.9682971014492754,0.8901098901098901,0.9300575036702725,0.029413942049745217,133,0.980330172110994,0.9804603296015576,0.96866287498606,0.9844044844044844,0.9922375690607734,0.9812190860327739,0.007623359445240353,0.9574468085106383,0.967741935483871,0.9361702127659575,0.9782608695652174,0.9230769230769231,0.9525393498805215,0.02026218930499104,95,0.9863013698630136,0.9863013698630136,0.9781420765027322,0.989010989010989,0.994475138121547,0.986846188672259,0.005277166928113538,0.9166666666666666,0.9361702127659575,0.8695652173913043,0.9583333333333334,0.8571428571428571,0.9075756574600238,0.038639093166502346,133,0.9743589743589743,0.9746192893401016,0.9591836734693877,0.9797979797979798,0.99,0.9755919833932886,0.009969758551280336,0.8461538461538461,0.88,0.8,0.92,0.84,0.8572307692307692,0.04038161160990257,185,0.95,0.9504950495049505,0.9306930693069307,0.9603960396039604,0.9801980198019802,0.9543564356435643,0.016112777715990758,0.9436619718309859,0.9571428571428572,0.9142857142857143,0.9714285714285714,0.9,0.9373038229376258,0.026532698041434506,95,0.9821428571428571,0.9822064056939501,0.9715302491103203,0.9857651245551602,0.9928825622775801,0.9829054397559736,0.006901969487740469,0.9931623931623932,0.9688888888888889,0.9742222222222223,0.9866666666666666,0.951111111111111,0.9748102564102563,0.014659012606426436,120,0.9995555555555555,0.9996699669966996,0.9991199119911991,0.9996699669966996,0.9998899889988999,0.9995810781078107,0.0002547759782842949
0.34592523574829104,0.006333210657727649,0.030048274993896486,0.0005071138988091043,200,4,4,0.8,32,0.3,entropy,0.0,"{'n_estimators': 200, 'min_samples_split': 4, 'min_samples_leaf': 4, 'max_samples': 0.8, 'max_leaf_nodes': 32, 'max_features': 0.3, 'criterion': 'entropy', 'ccp_alpha': 0.0}",0.9532587228439764,0.9519560741249142,0.9028677150786308,0.9519560741249142,0.8901098901098901,0.9300296952564651,0.02768567829527926,135,0.9684524815503353,0.96866287498606,0.96866287498606,0.9766067266067266,0.9844044844044844,0.9733578885067333,0.006336111603415271,0.967741935483871,0.967741935483871,0.9361702127659575,0.967741935483871,0.9230769230769231,0.9524945884588988,0.019127619047806077,98,0.9781420765027322,0.9781420765027322,0.9781420765027322,0.9835164835164835,0.989010989010989,0.9813907404071338,0.0043416223705612786,0.9387755102040817,0.9361702127659575,0.8695652173913043,0.9361702127659575,0.8571428571428571,0.9075648020540316,0.03632351390047175,135,0.9587628865979382,0.9591836734693877,0.9591836734693877,0.9696969696969697,0.9797979797979798,0.9653250366063327,0.008331559021815501,0.8846153846153846,0.88,0.8,0.88,0.84,0.8569230769230769,0.032737073423434786,188,0.93,0.9306930693069307,0.9306930693069307,0.9504950495049505,0.9603960396039604,0.9404554455445545,0.012636022002739597,0.9577464788732394,0.9571428571428572,0.9142857142857143,0.9571428571428572,0.9,0.9372635814889337,0.025005907993498395,129,0.9714285714285714,0.9715302491103203,0.9715302491103203,0.9786476868327402,0.9857651245551602,0.9757803762074225,0.005709326322885854,0.994017094017094,0.9688888888888889,0.9724444444444446,0.984,0.952,0.9742700854700855,0.01423279685768029,133,0.9987222222222222,0.9988448844884489,0.9985698569856986,0.9985698569856987,0.9995049504950495,0.9988423542354236,0.0003469816733667076
0.5378897666931153,0.018577533164993994,0.04216814041137695,0.0051359469945450225,300,2,4,0.8,16,0.3,log_loss,0.0,"{'n_estimators': 300, 'min_samples_split': 2, 'min_samples_leaf': 4, 'max_samples': 0.8, 'max_leaf_nodes': 16, 'max_features': 0.3, 'criterion': 'log_loss', 'ccp_alpha': 0.0}",0.9532587228439764,0.9519560741249142,0.9028677150786308,0.9519560741249142,0.8901098901098901,0.9300296952564651,0.02768567829527926,135,0.9644223574423627,0.96866287498606,0.96866287498606,0.9805501335880504,0.9804603296015576,0.9725517141208181,0.006676129004649232,0.967741935483871,0.967741935483871,0.9361702127659575,0.967741935483871,0.9230769230769231,0.9524945884588988,0.019127619047806077,98,0.9754768392370572,0.9781420765027322,0.9781420765027322,0.9862258953168044,0.9863013698630136,0.9808576514844679,0.004520043075747795,0.9387755102040817,0.9361702127659575,0.8695652173913043,0.9361702127659575,0.8571428571428571,0.9075648020540316,0.03632351390047175,135,0.9533678756476683,0.9591836734693877,0.9591836734693877,0.9748743718592965,0.9746192893401016,0.9642457767571683,0.008833519220487794,0.8846153846153846,0.88,0.8,0.88,0.84,0.8569230769230769,0.032737073423434786,188,0.92,0.9306930693069307,0.9306930693069307,0.9603960396039604,0.9504950495049505,0.9384554455445546,0.014747570451838395,0.9577464788732394,0.9571428571428572,0.9142857142857143,0.9571428571428572,0.9,0.9372635814889337,0.025005907993498395,129,0.9678571428571429,0.9715302491103203,0.9715302491103203,0.9822064056939501,0.9822064056939501,0.9750660904931368,0.005982331935312685,0.994017094017094,0.9688888888888889,0.9751111111111112,0.983111111111111,0.9502222222222223,0.9742700854700855,0.014670190240778567,133,0.9988888888888889,0.999009900990099,0.9988448844884489,0.9987348734873488,0.9994499449944995,0.9989856985698571,0.0002482838866322492
0.5640585899353028,0.019308971323147427,0.03813481330871582,0.000983279902113966,300,8,4,0.8,,0.3,entropy,0.001,"{'n_estimators': 300, 'min_samples_split': 8, 'min_samples_leaf': 4, 'max_samples': 0.8, 'max_leaf_nodes': None, 'max_features': 0.3, 'criterion': 'entropy', 'ccp_alpha': 0.001}",0.9532587228439764,0.9519560741249142,0.9028677150786308,0.9519560741249142,0.8901098901098901,0.9300296952564651,0.02768567829527926,135,0.9603713768115942,0.9646614965416056,0.9646614965416056,0.9726444614421806,0.9804603296015576,0.9685598321877087,0.007151935093518207,0.967741935483871,0.967741935483871,0.9361702127659575,0.967741935483871,0.9230769230769231,0.9524945884588988,0.019127619047806077,98,0.9728260869565217,0.9754768392370572,0.9754768392370572,0.9808219178082191,0.9863013698630136,0.9781806106203739,0.004821097746171911,0.9387755102040817,0.9361702127659575,0.8695652173913043,0.9361702127659575,0.8571428571428571,0.9075648020540316,0.03632351390047175,135,0.9479166666666666,0.9538461538461539,0.9538461538461539,0.9644670050761421,0.9746192893401016,0.9589390537550436,0.009484685655321528,0.8846153846153846,0.88,0.8,0.88,0.84,0.8569230769230769,0.032737073423434786,188,0.91,0.9207920792079208,0.9207920792079208,0.9405940594059405,0.9504950495049505,0.9285346534653465,0.014772383404178682,0.9577464788732394,0.9571428571428572,0.9142857142857143,0.9571428571428572,0.9,0.9372635814889337,0.025005907993498395,129,0.9642857142857143,0.9679715302491103,0.9679715302491103,0.9750889679715302,0.9822064056939501,0.971504829689883,0.006394588544821774,0.9948717948717949,0.9626666666666667,0.9751111111111112,0.983111111111111,0.9493333333333334,0.9730188034188034,0.01582374096087684,172,0.9987777777777778,0.9986248624862486,0.999009900990099,0.9988448844884489,0.9992849284928492,0.9989084708470847,0.0002251959318780162
0.5253824710845947,0.007882736276729278,0.039330339431762694,0.0013474512525369047,300,4,4,0.8,,0.3,entropy,0.0,"{'n_estimators': 300, 'min_samples_split': 4, 'min_samples_leaf': 4, 'max_samples': 0.8, 'max_leaf_nodes': None, 'max_features': 0.3, 'criterion': 'entropy', 'ccp_alpha': 0.0}",0.9532587228439764,0.9519560741249142,0.9028677150786308,0.9519560741249142,0.8901098901098901,0.9300296952564651,0.02768567829527926,135,0.9603713768115942,0.9646614965416056,0.9646614965416056,0.9726444614421806,0.9804603296015576,0.9685598321877087,0.007151935093518207,0.967741935483871,0.967741935483871,0.9361702127659575,0.967741935483871,0.9230769230769231,0.9524945884588988,0.019127619047806077,98,0.9728260869565217,0.9754768392370572,0.9754768392370572,0.9808219178082191,0.9863013698630136,0.9781806106203739,0.004821097746171911,0.9387755102040817,0.9361702127659575,0.8695652173913043,0.9361702127659575,0.8571428571428571,0.9075648020540316,0.03632351390047175,135,0.9479166666666666,0.9538461538461539,0.9538461538461539,0.9644670050761421,0.9746192893401016,0.9589390537550436,0.009484685655321528,0.8846153846153846,0.88,0.8,0.88,0.84,0.8569230769230769,0.032737073423434786,188,0.91,0.9207920792079208,0.9207920792079208,0.9405940594059405,0.9504950495049505,0.9285346534653465,0.014772383404178682,0.9577464788732394,0.9571428571428572,0.9142857142857143,0.9571428571428572,0.9,0.9372635814889337,0.025005907993498395,129,0.9642857142857143,0.9679715302491103,0.9679715302491103,0.9750889679715302,0.9822064056939501,0.971504829689883,0.006394588544821774,0.9948717948717949,0.9626666666666667,0.9751111111111112,0.983111111111111,0.9493333333333334,0.9730188034188034,0.01582374096087684,172,0.9987777777777778,0.9986248624862486,0.999009900990099,0.9988448844884489,0.9992849284928492,0.9989084708470847,0.0002251959318780162
0.5379261493682861,0.014921751905575816,0.03852887153625488,0.0008811457628435128,300,4,4,0.8,,0.3,log_loss,0.001,"{'n_estimators': 300, 'min_samples_split': 4, 'min_samples_leaf': 4, 'max_samples': 0.8, 'max_leaf_nodes': None, 'max_features': 0.3, 'criterion': 'log_loss', 'ccp_alpha': 0.001}",0.9532587228439764,0.9519560741249142,0.9028677150786308,0.9519560741249142,0.8901098901098901,0.9300296952564651,0.02768567829527926,135,0.9603713768115942,0.9646614965416056,0.9646614965416056,0.9726444614421806,0.9804603296015576,0.9685598321877087,0.007151935093518207,0.967741935483871,0.967741935483871,0.9361702127659575,0.967741935483871,0.9230769230769231,0.9524945884588988,0.019127619047806077,98,0.9728260869565217,0.9754768392370572,0.9754768392370572,0.9808219178082191,0.9863013698630136,0.9781806106203739,0.004821097746171911,0.9387755102040817,0.9361702127659575,0.8695652173913043,0.9361702127659575,0.8571428571428571,0.9075648020540316,0.03632351390047175,135,0.9479166666666666,0.9538461538461539,0.9538461538461539,0.9644670050761421,0.9746192893401016,0.9589390537550436,0.009484685655321528,0.8846153846153846,0.88,0.8,0.88,0.84,0.8569230769230769,0.032737073423434786,188,0.91,0.9207920792079208,0.9207920792079208,0.9405940594059405,0.9504950495049505,0.9285346534653465,0.014772383404178682,0.9577464788732394,0.9571428571428572,0.9142857142857143,0.9571428571428572,0.9,0.9372635814889337,0.025005907993498395,129,0.9642857142857143,0.9679715302491103,0.9679715302491103,0.9750889679715302,0.9822064056939501,0.971504829689883,0.006394588544821774,0.9948717948717949,0.9626666666666667,0.9751111111111112,0.983111111111111,0.9493333333333334,0.9730188034188034,0.01582374096087684,172,0.9987777777777778,0.9986248624862486,0.999009900990099,0.9988448844884489,0.9992849284928492,0.9989084708470847,0.0002251959318780162
0.5459609031677246,0.008558936912434707,0.03693952560424805,0.0006094000634227729,300,4,1,0.8,32,0.3,log_loss,0.001,"{'n_estimators': 300, 'min_samples_split': 4, 'min_samples_leaf': 1, 'max_samples': 0.8, 'max_leaf_nodes': 32, 'max_features': 0.3, 'criterion': 'log_loss', 'ccp_alpha': 0.001}",0.9382608695652175,0.9519560741249142,0.9028677150786308,0.9519560741249142,0.9048913043478262,0.9299864074483006,0.021904277694329635,140,1.0,1.0,1.0,1.0,1.0,1.0,0.0,0.9565217391304348,0.967741935483871,0.9361702127659575,0.967741935483871,0.9347826086956522,0.9525916863119572,0.014569375100282904,93,1.0,1.0,1.0,1.0,1.0,1.0,0.0,0.92,0.9361702127659575,0.8695652173913043,0.9361702127659575,0.875,0.9073811285846439,0.029310200543812722,140,1.0,1.0,1.0,1.0,1.0,1.0,0.0,0.8846153846153846,0.88,0.8,0.88,0.84,0.8569230769230769,0.032737073423434786,188,1.0,1.0,1.0,1.0,1.0,1.0,0.0,0.9436619718309859,0.9571428571428572,0.9142857142857143,0.9571428571428572,0.9142857142857143,0.9373038229376258,0.019428161341543505,95,1.0,1.0,1.0,1.0,1.0,1.0,0.0,0.9931623931623932,0.9697777777777778,0.9786666666666668,0.9893333333333333,0.959111111111111,0.9780102564102563,0.012515443188784933,27,1.0,1.0,1.0,1.0,1.0,1.0,0.0
0.36451220512390137,0.006609871755052911,0.030330705642700195,0.0005299215878262617,200,2,1,0.8,32,0.3,entropy,0.0,"{'n_estimators': 200, 'min_samples_split': 2, 'min_samples_leaf': 1, 'max_samples': 0.8, 'max_leaf_nodes': 32, 'max_features': 0.3, 'criterion': 'entropy', 'ccp_alpha': 0.0}",0.9532587228439764,0.9365942028985508,0.9028677150786308,0.9519560741249142,0.9048913043478262,0.9299136038587796,0.02205942452613238,141,1.0,1.0,1.0,1.0,1.0,1.0,0.0,0.967741935483871,0.9565217391304348,0.9361702127659575,0.967741935483871,0.9347826086956522,0.9525916863119572,0.014569375100282904,93,1.0,1.0,1.0,1.0,1.0,1.0,0.0,0.9387755102040817,0.9166666666666666,0.8695652173913043,0.9361702127659575,0.875,0.907235521405602,0.029594304868616837,141,1.0,1.0,1.0,1.0,1.0,1.0,0.0,0.8846153846153846,0.88,0.8,0.88,0.84,0.8569230769230769,0.032737073423434786,188,1.0,1.0,1.0,1.0,1.0,1.0,0.0,0.9577464788732394,0.9428571428571428,0.9142857142857143,0.9571428571428572,0.9142857142857143,0.9372635814889335,0.019503781053827326,139,1.0,1.0,1.0,1.0,1.0,1.0,0.0,0.9940170940170939,0.9693333333333333,0.9777777777777779,0.9875555555555555,0.9564444444444445,0.977025641025641,0.013288427557908905,59,1.0,1.0,1.0,1.0,1.0,1.0,0.0
0.42329111099243166,0.00499133659887626,0.02908010482788086,0.0006160867914023519,200,4,4,0.8,,0.5,entropy,0.0,"{'n_estimators': 200, 'min_samples_split': 4, 'min_samples_leaf': 4, 'max_samples': 0.8, 'max_leaf_nodes': None, 'max_features': 0.5, 'criterion': 'entropy', 'ccp_alpha': 0.0}",0.9204927211646137,0.9519560741249142,0.9028677150786308,0.9682971014492754,0.9048913043478262,0.9297009832330521,0.026097072435512278,142,0.9644223574423627,0.96866287498606,0.96866287498606,0.9766067266067266,0.976497156239545,0.9709703980521509,0.004813302751034319,0.9473684210526315,0.967741935483871,0.9361702127659575,0.9782608695652174,0.9347826086956522,0.952864809512666,0.017333058451303538,90,0.9754768392370572,0.9781420765027322,0.9781420765027322,0.9835164835164835,0.9836065573770492,0.9797768066272109,0.0032399561342150154,0.8936170212765957,0.9361702127659575,0.8695652173913043,0.9583333333333334,0.875,0.9065371569534382,0.034898161481559414,142,0.9533678756476683,0.9591836734693877,0.9591836734693877,0.9696969696969697,0.9693877551020408,0.9621639894770908,0.006388501644501562,0.8076923076923077,0.88,0.8,0.92,0.84,0.8495384615384616,0.04514172291715275,211,0.92,0.9306930693069307,0.9306930693069307,0.9504950495049505,0.9405940594059405,0.9344950495049507,0.010317116736526792,0.9295774647887324,0.9571428571428572,0.9142857142857143,0.9714285714285714,0.9142857142857143,0.937344064386318,0.023140617549940422,90,0.9678571428571429,0.9715302491103203,0.9715302491103203,0.9786476868327402,0.9786476868327402,0.9736426029486527,0.004301101145534544,0.994017094017094,0.96,0.9706666666666667,0.9857777777777778,0.9475555555555556,0.9716034188034188,0.016835093395638073,189,0.9990555555555556,0.9988998899889989,0.9981848184818481,0.9988998899889989,0.9995599559955995,0.9989200220022003,0.00044027711097496277
0.44822998046875,0.008566840429619221,0.030155467987060546,0.0006227243434514757,200,4,4,0.8,,0.5,entropy,0.001,"{'n_estimators': 200, 'min_samples_split': 4, 'min_samples_leaf': 4, 'max_samples': 0.8, 'max_leaf_nodes': None, 'max_features': 0.5, 'criterion': 'entropy', 'ccp_alpha': 0.001}",0.9204927211646137,0.9519560741249142,0.9028677150786308,0.9682971014492754,0.9048913043478262,0.9297009832330521,0.026097072435512278,142,0.9644223574423627,0.96866287498606,0.96866287498606,0.9766067266067266,0.976497156239545,0.9709703980521509,0.004813302751034319,0.9473684210526315,0.967741935483871,0.9361702127659575,0.9782608695652174,0.9347826086956522,0.952864809512666,0.017333058451303538,90,0.9754768392370572,0.9781420765027322,0.9781420765027322,0.9835164835164835,0.9836065573770492,0.9797768066272109,0.0032399561342150154,0.8936170212765957,0.9361702127659575,0.8695652173913043,0.9583333333333334,0.875,0.9065371569534382,0.034898161481559414,142,0.9533678756476683,0.9591836734693877,0.9591836734693877,0.9696969696969697,0.9693877551020408,0.9621639894770908,0.006388501644501562,0.8076923076923077,0.88,0.8,0.92,0.84,0.8495384615384616,0.04514172291715275,211,0.92,0.9306930693069307,0.9306930693069307,0.9504950495049505,0.9405940594059405,0.9344950495049507,0.010317116736526792,0.9295774647887324,0.9571428571428572,0.9142857142857143,0.9714285714285714,0.9142857142857143,0.937344064386318,0.023140617549940422,90,0.9678571428571429,0.9715302491103203,0.9715302491103203,0.9786476868327402,0.9786476868327402,0.9736426029486527,0.004301101145534544,0.994017094017094,0.96,0.9706666666666667,0.9857777777777778,0.9475555555555556,0.9716034188034188,0.016835093395638073,189,0.9990555555555556,0.9988998899889989,0.9981848184818481,0.9988998899889989,0.9995599559955995,0.9989200220022003,0.00044027711097496277
0.4318690299987793,0.007945485431951324,0.02975625991821289,0.00035252646891572974,200,2,4,0.8,,0.5,entropy,0.0,"{'n_estimators': 200, 'min_samples_split': 2, 'min_samples_leaf': 4, 'max_samples': 0.8, 'max_leaf_nodes': None, 'max_features': 0.5, 'criterion': 'entropy', 'ccp_alpha': 0.0}",0.9204927211646137,0.9519560741249142,0.9028677150786308,0.9682971014492754,0.9048913043478262,0.9297009832330521,0.026097072435512278,142,0.9644223574423627,0.96866287498606,0.96866287498606,0.9766067266067266,0.976497156239545,0.9709703980521509,0.004813302751034319,0.9473684210526315,0.967741935483871,0.9361702127659575,0.9782608695652174,0.9347826086956522,0.952864809512666,0.017333058451303538,90,0.9754768392370572,0.9781420765027322,0.9781420765027322,0.9835164835164835,0.9836065573770492,0.9797768066272109,0.0032399561342150154,0.8936170212765957,0.9361702127659575,0.8695652173913043,0.9583333333333334,0.875,0.9065371569534382,0.034898161481559414,142,0.9533678756476683,0.9591836734693877,0.9591836734693877,0.9696969696969697,0.9693877551020408,0.9621639894770908,0.006388501644501562,0.8076923076923077,0.88,0.8,0.92,0.84,0.8495384615384616,0.04514172291715275,211,0.92,0.9306930693069307,0.9306930693069307,0.9504950495049505,0.9405940594059405,0.9344950495049507,0.010317116736526792,0.9295774647887324,0.9571428571428572,0.9142857142857143,0.9714285714285714,0.9142857142857143,0.937344064386318,0.023140617549940422,90,0.9678571428571429,0.9715302491103203,0.9715302491103203,0.9786476868327402,0.9786476868327402,0.9736426029486527,0.004301101145534544,0.994017094017094,0.96,0.9706666666666667,0.9857777777777778,0.9475555555555556,0.9716034188034188,0.016835093395638073,189,0.9990555555555556,0.9988998899889989,0.9981848184818481,0.9988998899889989,0.9995599559955995,0.9989200220022003,0.00044027711097496277
0.2815404415130615,0.004774637895662458,0.030348873138427733,0.0006487591759640911,200,8,1,1.0,,sqrt,gini,0.0,"{'n_estimators': 200, 'min_samples_split': 8, 'min_samples_leaf': 1, 'max_samples': 1.0, 'max_leaf_nodes': None, 'max_features': 'sqrt', 'criterion': 'gini', 'ccp_alpha': 0.0}",0.9382608695652175,0.9215070643642072,0.9199267902081903,0.9682971014492754,0.8920467063229787,0.9280077063819737,0.0250164577358396,145,0.9921870640102685,0.9922717271727173,0.984475138121547,0.9961273962596988,0.9922375690607734,0.991459778925001,0.0038043401473573176,0.9565217391304348,0.945054945054945,0.946236559139785,0.9782608695652174,0.9213483146067416,0.9494844854994249,0.018435927886918873,187,0.994475138121547,0.9944444444444445,0.988950276243094,0.997229916897507,0.994475138121547,0.9939149827656278,0.0027035153733039052,0.92,0.8979591836734694,0.8936170212765957,0.9583333333333334,0.8627450980392157,0.9065309272645228,0.03169336773482761,145,0.98989898989899,0.9900990099009901,0.98,0.9950248756218906,0.99,0.9890045750843741,0.004905405736597669,0.8846153846153846,0.88,0.84,0.92,0.88,0.8809230769230769,0.025365493963723035,18,0.98,0.9900990099009901,0.9702970297029703,0.9900990099009901,0.9801980198019802,0.982138613861386,0.00742022237061727,0.9436619718309859,0.9285714285714286,0.9285714285714286,0.9714285714285714,0.9,0.9344466800804829,0.023273129651532207,148,0.9928571428571429,0.9928825622775801,0.9857651245551602,0.99644128113879,0.9928825622775801,0.9921657346212507,0.003485795070516881,0.9923076923076922,0.9582222222222222,0.9857777777777778,0.984,0.9617777777777777,0.976417094017094,0.013733149072465598,73,0.9997777777777778,0.99994499449945,0.9995599559955995,0.9996699669966996,0.9997249724972497,0.9997355335533553,0.00012719783841020745
0.1416954517364502,0.003511160408884404,0.022307300567626955,0.0002087545263649878,100,8,2,,16,sqrt,gini,0.0,"{'n_estimators': 100, 'min_samples_split': 8, 'min_samples_leaf': 2, 'max_samples': None, 'max_leaf_nodes': 16, 'max_features': 'sqrt', 'criterion': 'gini', 'ccp_alpha': 0.0}",0.9382608695652175,0.9215070643642072,0.9199267902081903,0.9682971014492754,0.8920467063229787,0.9280077063819737,0.0250164577358396,145,0.9843014128728415,0.9883300801528303,0.9726444614421806,0.9883821887790962,0.9883821887790962,0.984408066405209,0.006088731654851354,0.9565217391304348,0.945054945054945,0.946236559139785,0.9782608695652174,0.9213483146067416,0.9494844854994249,0.018435927886918873,187,0.989010989010989,0.9917355371900827,0.9808219178082191,0.9916897506925207,0.9916897506925207,0.9889895890788665,0.004215051327128733,0.92,0.8979591836734694,0.8936170212765957,0.9583333333333334,0.8627450980392157,0.9065309272645228,0.03169336773482761,145,0.9795918367346939,0.9849246231155779,0.9644670050761421,0.9850746268656716,0.9850746268656716,0.9798265437315514,0.00796298539057426,0.8846153846153846,0.88,0.84,0.92,0.88,0.8809230769230769,0.025365493963723035,18,0.96,0.9702970297029703,0.9405940594059405,0.9801980198019802,0.9801980198019802,0.9662574257425742,0.014851009893385907,0.9436619718309859,0.9285714285714286,0.9285714285714286,0.9714285714285714,0.9,0.9344466800804829,0.023273129651532207,148,0.9857142857142858,0.9893238434163701,0.9750889679715302,0.9893238434163701,0.9893238434163701,0.9857549567869853,0.005513181057570541,0.9905982905982905,0.9564444444444444,0.9857777777777778,0.9831111111111112,0.96,0.9751863247863248,0.014102427764168726,100,0.9987222222222222,0.9993399339933993,0.9988998899889988,0.9991199119911991,0.9992849284928492,0.9990733773377336,0.0002329719258642285
0.13916287422180176,0.0009676328470794283,0.02190861701965332,0.00045310753385658433,100,8,2,1.0,16,sqrt,gini,0.0,"{'n_estimators': 100, 'min_samples_split': 8, 'min_samples_leaf': 2, 'max_samples': 1.0, 'max_leaf_nodes': 16, 'max_features': 'sqrt', 'criterion': 'gini', 'ccp_alpha': 0.0}",0.9382608695652175,0.9215070643642072,0.9199267902081903,0.9682971014492754,0.8920467063229787,0.9280077063819737,0.0250164577358396,145,0.9843014128728415,0.9883300801528303,0.9726444614421806,0.9883821887790962,0.9883821887790962,0.984408066405209,0.006088731654851354,0.9565217391304348,0.945054945054945,0.946236559139785,0.9782608695652174,0.9213483146067416,0.9494844854994249,0.018435927886918873,187,0.989010989010989,0.9917355371900827,0.9808219178082191,0.9916897506925207,0.9916897506925207,0.9889895890788665,0.004215051327128733,0.92,0.8979591836734694,0.8936170212765957,0.9583333333333334,0.8627450980392157,0.9065309272645228,0.03169336773482761,145,0.9795918367346939,0.9849246231155779,0.9644670050761421,0.9850746268656716,0.9850746268656716,0.9798265437315514,0.00796298539057426,0.8846153846153846,0.88,0.84,0.92,0.88,0.8809230769230769,0.025365493963723035,18,0.96,0.9702970297029703,0.9405940594059405,0.9801980198019802,0.9801980198019802,0.9662574257425742,0.014851009893385907,0.9436619718309859,0.9285714285714286,0.9285714285714286,0.9714285714285714,0.9,0.9344466800804829,0.023273129651532207,148,0.9857142857142858,0.9893238434163701,0.9750889679715302,0.9893238434163701,0.9893238434163701,0.9857549567869853,0.005513181057570541,0.9905982905982905,0.9564444444444444,0.9857777777777778,0.9831111111111112,0.96,0.9751863247863248,0.014102427764168726,100,0.9987222222222222,0.9993399339933993,0.9988998899889988,0.9991199119911991,0.9992849284928492,0.9990733773377336,0.0002329719258642285
0.46544632911682127,0.011569360194210707,0.030396509170532226,0.000670996913131628,200,4,1,,,0.5,gini,0.001,"{'n_estimators': 200, 'min_samples_split': 4, 'min_samples_leaf': 1, 'max_samples': None, 'max_leaf_nodes': None, 'max_features': 0.5, 'criterion': 'gini', 'ccp_alpha': 0.001}",0.9541047188106011,0.9519560741249142,0.9048913043478262,0.9529042386185244,0.8755555555555555,0.9278823782914843,0.03212454926166898,148,1.0,1.0,0.9961273962596988,1.0,1.0,0.9992254792519397,0.0015490414961204734,0.967032967032967,0.967741935483871,0.9347826086956522,0.967032967032967,0.9111111111111111,0.9495403178713138,0.02296901541394817,186,1.0,1.0,0.997229916897507,1.0,1.0,0.9994459833795014,0.0011080332409972194,0.9411764705882353,0.9361702127659575,0.875,0.9387755102040817,0.84,0.906224438711655,0.041324588387180686,148,1.0,1.0,0.9950248756218906,1.0,1.0,0.9990049751243781,0.0019900497512437723,0.9230769230769231,0.88,0.84,0.92,0.84,0.8806153846153846,0.036479385440686636,44,1.0,1.0,0.9900990099009901,1.0,1.0,0.998019801980198,0.003960396039603964,0.9577464788732394,0.9571428571428572,0.9142857142857143,0.9571428571428572,0.8857142857142857,0.9344064386317907,0.029510731051079247,188,1.0,1.0,0.99644128113879,1.0,1.0,0.9992882562277579,0.0014234875444839813,0.9905982905982906,0.9564444444444444,0.976,0.9848888888888889,0.9564444444444444,0.9728752136752137,0.01419958092597198,176,1.0,1.0,1.0,1.0,1.0,1.0,0.0
0.4182437419891357,0.005996818161852155,0.0388214111328125,0.0006881917887822584,300,2,1,0.8,,sqrt,gini,0.001,"{'n_estimators': 300, 'min_samples_split': 2, 'min_samples_leaf': 1, 'max_samples': 0.8, 'max_leaf_nodes': None, 'max_features': 'sqrt', 'criterion': 'gini', 'ccp_alpha': 0.001}",0.9382608695652175,0.9365942028985508,0.9199267902081903,0.9519560741249142,0.8920467063229787,0.9277569286239704,0.020545363853063,149,1.0,1.0,1.0,1.0,1.0,1.0,0.0,0.9565217391304348,0.9565217391304348,0.946236559139785,0.967741935483871,0.9213483146067416,0.9496740574982535,0.015712376062805386,185,1.0,1.0,1.0,1.0,1.0,1.0,0.0,0.92,0.9166666666666666,0.8936170212765957,0.9361702127659575,0.8627450980392157,0.9058397997496872,0.025472400362829026,149,1.0,1.0,1.0,1.0,1.0,1.0,0.0,0.8846153846153846,0.88,0.84,0.88,0.88,0.8729230769230769,0.016558306519475343,59,1.0,1.0,1.0,1.0,1.0,1.0,0.0,0.9436619718309859,0.9428571428571428,0.9285714285714286,0.9571428571428572,0.9,0.9344466800804829,0.019451818877795957,148,1.0,1.0,1.0,1.0,1.0,1.0,0.0,0.9931623931623932,0.9622222222222222,0.9875555555555555,0.9862222222222222,0.9644444444444444,0.9787213675213675,0.01279766579637219,15,1.0,1.0,0.9999999999999999,1.0,1.0,1.0,4.965068306494546e-17
0.37408056259155276,0.0049330460924813775,0.031415462493896484,0.00249289565624691,200,8,1,0.8,32,0.3,entropy,0.001,"{'n_estimators': 200, 'min_samples_split': 8, 'min_samples_leaf': 1, 'max_samples': 0.8, 'max_leaf_nodes': 32, 'max_features': 0.3, 'criterion': 'entropy', 'ccp_alpha': 0.001}",0.9382608695652175,0.9365942028985508,0.9199267902081903,0.9682971014492754,0.8755555555555555,0.9277269039353578,0.030391530777621044,150,0.9843014128728415,0.9883821887790962,0.9726444614421806,0.9883821887790962,0.9922375690607734,0.9851895641867976,0.006756160032263371,0.9565217391304348,0.9565217391304348,0.946236559139785,0.9782608695652174,0.9111111111111111,0.9497304036153966,0.021953991282775198,184,0.989010989010989,0.9916897506925207,0.9808219178082191,0.9916897506925207,0.994475138121547,0.9895375092651593,0.00468792540617006,0.92,0.9166666666666666,0.8936170212765957,0.9583333333333334,0.84,0.9057234042553193,0.03887804313900063,150,0.9795918367346939,0.9850746268656716,0.9644670050761421,0.9850746268656716,0.99,0.9808416191084358,0.008824993944348172,0.8846153846153846,0.88,0.84,0.92,0.84,0.8729230769230769,0.0302353686068634,59,0.96,0.9801980198019802,0.9405940594059405,0.9801980198019802,0.9801980198019802,0.9682376237623762,0.015881928823989797,0.9436619718309859,0.9428571428571428,0.9285714285714286,0.9714285714285714,0.8857142857142857,0.9344466800804827,0.02804525847555522,186,0.9857142857142858,0.9893238434163701,0.9750889679715302,0.9893238434163701,0.9928825622775801,0.9864667005592272,0.006123867064809655,0.9923076923076923,0.9644444444444444,0.9733333333333334,0.9866666666666666,0.9564444444444444,0.9746393162393161,0.013368044233112511,123,0.9996666666666666,0.9997249724972497,0.9994499449944995,0.9998349834983498,0.99994499449945,0.9997243124312429,0.00016706263527707237
0.3065937519073486,0.004128959816804426,0.02955207824707031,0.00043192636778969975,200,8,1,1.0,,sqrt,entropy,0.0,"{'n_estimators': 200, 'min_samples_split': 8, 'min_samples_leaf': 1, 'max_samples': 1.0, 'max_leaf_nodes': None, 'max_features': 'sqrt', 'criterion': 'entropy', 'ccp_alpha': 0.0}",0.9382608695652175,0.9215070643642072,0.9199267902081903,0.9519560741249142,0.9066666666666667,0.9276634929858393,0.015754737620691264,151,0.9882535553970717,0.9961273962596988,0.9844044844044844,0.9961273962596988,0.9922375690607734,0.9914300802763455,0.004565761726048953,0.9565217391304348,0.945054945054945,0.946236559139785,0.967741935483871,0.9333333333333333,0.9497777024284739,0.011605663343760054,181,0.9917355371900827,0.997229916897507,0.989010989010989,0.997229916897507,0.994475138121547,0.9939362996235264,0.003196504851875105,0.92,0.8979591836734694,0.8936170212765957,0.9361702127659575,0.88,0.9055492835432044,0.019996094123514708,151,0.9847715736040609,0.9950248756218906,0.9797979797979798,0.9950248756218906,0.99,0.9889238609291644,0.005935082683707567,0.8846153846153846,0.88,0.84,0.88,0.88,0.8729230769230769,0.016558306519475343,59,0.97,0.9900990099009901,0.9603960396039604,0.9900990099009901,0.9801980198019802,0.9781584158415841,0.011587728991907067,0.9436619718309859,0.9285714285714286,0.9285714285714286,0.9571428571428572,0.9142857142857143,0.9344466800804829,0.014666558953351354,148,0.9892857142857143,0.99644128113879,0.9857651245551602,0.99644128113879,0.9928825622775801,0.9921631926792068,0.004155399667422133,0.9923076923076922,0.9591111111111111,0.9866666666666667,0.9884444444444445,0.9635555555555555,0.978017094017094,0.013815485715486983,26,1.0,1.0,0.9998899889988999,0.9998349834983499,0.9998899889988999,0.9999229922992299,6.600660066005126e-05
0.1390012741088867,0.0021409806832730933,0.022292232513427733,0.0002028944405488306,100,2,2,0.8,16,sqrt,gini,0.001,"{'n_estimators': 100, 'min_samples_split': 2, 'min_samples_leaf': 2, 'max_samples': 0.8, 'max_leaf_nodes': 16, 'max_features': 'sqrt', 'criterion': 'gini', 'ccp_alpha': 0.001}",0.9382608695652175,0.9215070643642072,0.9199267902081903,0.9519560741249142,0.9066666666666667,0.9276634929858393,0.015754737620691264,151,0.9843014128728415,0.9805501335880504,0.976497156239545,0.9883300801528303,0.9922375690607734,0.9843832703828082,0.005552616495009672,0.9565217391304348,0.945054945054945,0.946236559139785,0.967741935483871,0.9333333333333333,0.9497777024284739,0.011605663343760054,181,0.989010989010989,0.9862258953168044,0.9836065573770492,0.9917355371900827,0.994475138121547,0.9890108234032944,0.0038534326597671636,0.92,0.8979591836734694,0.8936170212765957,0.9361702127659575,0.88,0.9055492835432044,0.019996094123514708,151,0.9795918367346939,0.9748743718592965,0.9693877551020408,0.9849246231155779,0.99,0.9797557173623218,0.007252750452860044,0.8846153846153846,0.88,0.84,0.88,0.88,0.8729230769230769,0.016558306519475343,59,0.96,0.9603960396039604,0.9405940594059405,0.9702970297029703,0.9801980198019802,0.9622970297029703,0.013148037686677562,0.9436619718309859,0.9285714285714286,0.9285714285714286,0.9571428571428572,0.9142857142857143,0.9344466800804829,0.014666558953351354,148,0.9857142857142858,0.9822064056939501,0.9786476868327402,0.9893238434163701,0.9928825622775801,0.9857549567869853,0.0050328295620159875,0.994017094017094,0.9524444444444445,0.983111111111111,0.9795555555555556,0.9591111111111111,0.9736478632478633,0.015493621799258863,153,0.9992222222222222,0.9995599559955995,0.999009900990099,0.999009900990099,0.9995599559955995,0.9992723872387238,0.0002472675353445975
0.27589998245239256,0.010732139223664443,0.03185415267944336,0.0024513643038103572,200,4,4,1.0,16,sqrt,gini,0.0,"{'n_estimators': 200, 'min_samples_split': 4, 'min_samples_leaf': 4, 'max_samples': 1.0, 'max_leaf_nodes': 16, 'max_features': 'sqrt', 'criterion': 'gini', 'ccp_alpha': 0.0}",0.9382608695652175,0.9215070643642072,0.9199267902081903,0.9519560741249142,0.9066666666666667,0.9276634929858393,0.015754737620691264,151,0.9684524815503353,0.96866287498606,0.9726444614421806,0.9727701870232706,0.9805501335880504,0.9726160277179794,0.00438034571095848,0.9565217391304348,0.945054945054945,0.946236559139785,0.967741935483871,0.9333333333333333,0.9497777024284739,0.011605663343760054,181,0.9781420765027322,0.9781420765027322,0.9808219178082191,0.9807162534435262,0.9862258953168044,0.9808096439148029,0.0029521681345801034,0.92,0.8979591836734694,0.8936170212765957,0.9361702127659575,0.88,0.9055492835432044,0.019996094123514708,151,0.9587628865979382,0.9591836734693877,0.9644670050761421,0.964824120603015,0.9748743718592965,0.964422411521156,0.005811736959175368,0.8846153846153846,0.88,0.84,0.88,0.88,0.8729230769230769,0.016558306519475343,59,0.93,0.9306930693069307,0.9405940594059405,0.9504950495049505,0.9603960396039604,0.9424356435643564,0.011691488898152415,0.9436619718309859,0.9285714285714286,0.9285714285714286,0.9571428571428572,0.9142857142857143,0.9344466800804829,0.014666558953351354,148,0.9714285714285714,0.9715302491103203,0.9750889679715302,0.9750889679715302,0.9822064056939501,0.9750686324351804,0.0039171120700630686,0.9914529914529915,0.9582222222222222,0.983111111111111,0.9804444444444445,0.9573333333333334,0.9741128205128206,0.01382608062740042,136,0.9981111111111112,0.9986248624862487,0.9979097909790979,0.997964796479648,0.998954895489549,0.9983130913091308,0.00040837980305711977
0.6125979900360108,0.011745778284415732,0.03777923583984375,0.0003719647283944997,300,2,1,0.8,16,0.5,gini,0.0,"{'n_estimators': 300, 'min_samples_split': 2, 'min_samples_leaf': 1, 'max_samples': 0.8, 'max_leaf_nodes': 16, 'max_features': 0.5, 'criterion': 'gini', 'ccp_alpha': 0.0}",0.9382608695652175,0.9365942028985508,0.9048913043478262,0.9682971014492754,0.8901098901098901,0.9276306736741521,0.02746631531699744,154,0.9921870640102685,0.9961273962596988,0.9922375690607734,0.9922375690607734,0.9961273962596988,0.9937833989302426,0.0019139546550747094,0.9565217391304348,0.9565217391304348,0.9347826086956522,0.9782608695652174,0.9230769230769231,0.9498327759197325,0.019183452039732412,180,0.994475138121547,0.997229916897507,0.994475138121547,0.994475138121547,0.997229916897507,0.995577049631931,0.0013495604710701522,0.92,0.9166666666666666,0.875,0.9583333333333334,0.8571428571428571,0.9054285714285715,0.035762950970683625,154,0.98989898989899,0.9950248756218906,0.99,0.99,0.9950248756218906,0.9919897482285542,0.002478445601834876,0.8846153846153846,0.88,0.84,0.92,0.84,0.8729230769230769,0.0302353686068634,59,0.98,0.9900990099009901,0.9801980198019802,0.9801980198019802,0.9900990099009901,0.9841188118811882,0.0048833465795796805,0.9436619718309859,0.9428571428571428,0.9142857142857143,0.9714285714285714,0.9,0.9344466800804829,0.024965400394110493,148,0.9928571428571429,0.99644128113879,0.9928825622775801,0.9928825622775801,0.99644128113879,0.9943009659379767,0.0017475846928871168,0.9897435897435897,0.9524444444444444,0.9768888888888889,0.9777777777777779,0.959111111111111,0.9711931623931622,0.013545532125860649,197,1.0,0.9999999999999999,1.0,1.0,1.0,1.0,4.965068306494546e-17
0.17639665603637694,0.0016992088713685064,0.022313594818115234,0.000482277330806597,100,2,2,,,0.3,gini,0.0,"{'n_estimators': 100, 'min_samples_split': 2, 'min_samples_leaf': 2, 'max_samples': None, 'max_leaf_nodes': None, 'max_features': 0.3, 'criterion': 'gini', 'ccp_alpha': 0.0}",0.9382608695652175,0.9365942028985508,0.9199267902081903,0.9529042386185244,0.8901098901098901,0.9275591982800746,0.02144403171938522,155,0.9882535553970717,0.9922375690607734,0.976497156239545,0.9922375690607734,0.9961273962596988,0.9890706492035726,0.006761905195772635,0.9565217391304348,0.9565217391304348,0.946236559139785,0.967032967032967,0.9230769230769231,0.9498779855021089,0.01492735240384445,177,0.9917355371900827,0.994475138121547,0.9836065573770492,0.994475138121547,0.997229916897507,0.9923044575415465,0.004683182590202378,0.92,0.9166666666666666,0.8936170212765957,0.9387755102040817,0.8571428571428571,0.9052404110580403,0.028005304998658578,155,0.9847715736040609,0.99,0.9693877551020408,0.99,0.9950248756218906,0.9858368408655984,0.008840712498830774,0.8846153846153846,0.88,0.84,0.92,0.84,0.8729230769230769,0.0302353686068634,59,0.97,0.9801980198019802,0.9405940594059405,0.9801980198019802,0.9900990099009901,0.9722178217821782,0.017041626035663913,0.9436619718309859,0.9428571428571428,0.9285714285714286,0.9571428571428572,0.9,0.9344466800804829,0.019451818877795957,148,0.9892857142857143,0.9928825622775801,0.9786476868327402,0.9928825622775801,0.99644128113879,0.9900279613624811,0.006123556849044555,0.9905982905982905,0.9604444444444444,0.9822222222222223,0.9831111111111112,0.9564444444444444,0.9745641025641026,0.013538686003491885,128,1.0,1.0,0.9998899889988998,0.9998349834983498,1.0,0.9999449944994498,6.95770662303645e-05
0.18079380989074706,0.0027453385765283476,0.022283267974853516,0.0007542914176917639,100,4,4,0.8,32,0.3,log_loss,0.001,"{'n_estimators': 100, 'min_samples_split': 4, 'min_samples_leaf': 4, 'max_samples': 0.8, 'max_leaf_nodes': 32, 'max_features': 0.3, 'criterion': 'log_loss', 'ccp_alpha': 0.001}",0.9370567375886525,0.9519560741249142,0.9048913043478262,0.9682971014492754,0.8755555555555555,0.9275513546132448,0.03335625735257847,156,0.9684524815503353,0.96866287498606,0.96866287498606,0.9726444614421806,0.9883300801528303,0.9733505546234932,0.007652771436037607,0.9574468085106383,0.967741935483871,0.9347826086956522,0.9782608695652174,0.9111111111111111,0.9498686666732981,0.024136016304264717,179,0.9781420765027322,0.9781420765027322,0.9781420765027322,0.9808219178082191,0.9917355371900827,0.9813967369012998,0.005272563917699228,0.9166666666666666,0.9361702127659575,0.875,0.9583333333333334,0.84,0.9052340425531915,0.0426071915053013,156,0.9587628865979382,0.9591836734693877,0.9591836734693877,0.9644670050761421,0.9849246231155779,0.9653043723456868,0.010033667021325498,0.8461538461538461,0.88,0.84,0.92,0.84,0.8652307692307692,0.03116058806442381,116,0.93,0.9306930693069307,0.9306930693069307,0.9405940594059405,0.9702970297029703,0.9404554455445545,0.01543025391904725,0.9436619718309859,0.9571428571428572,0.9142857142857143,0.9714285714285714,0.8857142857142857,0.9344466800804829,0.030818855090401262,148,0.9714285714285714,0.9715302491103203,0.9715302491103203,0.9750889679715302,0.9893238434163701,0.9757803762074225,0.0069133047799844055,0.9948717948717949,0.9688888888888889,0.9697777777777778,0.9848888888888888,0.9502222222222223,0.9737299145299145,0.01525233309977475,151,0.9989444444444445,0.9984048404840484,0.9982948294829483,0.9982398239823983,0.9994499449944995,0.9986667766776678,0.00046469256296632953
0.46823735237121583,0.0037882609618112343,0.030900096893310545,0.0008776358123740912,200,2,1,0.8,,0.5,log_loss,0.0,"{'n_estimators': 200, 'min_samples_split': 2, 'min_samples_leaf': 1, 'max_samples': 0.8, 'max_leaf_nodes': None, 'max_features': 0.5, 'criterion': 'log_loss', 'ccp_alpha': 0.0}",0.9532587228439764,0.9519560741249142,0.8901098901098901,0.9519560741249142,0.8901098901098901,0.9274781302627169,0.03051474780994049,157,1.0,1.0,1.0,1.0,1.0,1.0,0.0,0.967741935483871,0.967741935483871,0.9230769230769231,0.967741935483871,0.9230769230769231,0.949875930521092,0.021881297950420438,178,1.0,1.0,1.0,1.0,1.0,1.0,0.0,0.9387755102040817,0.9361702127659575,0.8571428571428571,0.9361702127659575,0.8571428571428571,0.9050803300043422,0.039152341941820344,157,1.0,1.0,1.0,1.0,1.0,1.0,0.0,0.8846153846153846,0.88,0.84,0.88,0.84,0.8649230769230769,0.02041927387450716,129,1.0,1.0,1.0,1.0,1.0,1.0,0.0,0.9577464788732394,0.9571428571428572,0.9,0.9571428571428572,0.9,0.9344064386317908,0.028093604149484037,187,1.0,1.0,1.0,1.0,1.0,1.0,0.0,0.9935897435897436,0.9564444444444445,0.9764444444444444,0.9880000000000001,0.9533333333333334,0.9735623931623932,0.016248596898240673,155,1.0,1.0,1.0,1.0,1.0,1.0,0.0
0.5207993984222412,0.005857576373034394,0.03839263916015625,0.0004739639167438826,300,2,2,1.0,,0.3,gini,0.0,"{'n_estimators': 300, 'min_samples_split': 2, 'min_samples_leaf': 2, 'max_samples': 1.0, 'max_leaf_nodes': None, 'max_features': 0.3, 'criterion': 'gini', 'ccp_alpha': 0.0}",0.9382608695652175,0.9519560741249142,0.9048913043478262,0.9519560741249142,0.8901098901098901,0.9274348424545525,0.02538167703744061,158,0.9961023956346831,0.9961273962596988,0.9804603296015576,0.9961273962596988,0.9961273962596988,0.9929889828030675,0.006264334083971995,0.9565217391304348,0.967741935483871,0.9347826086956522,0.967741935483871,0.9230769230769231,0.9499730283741504,0.018047177410806796,176,0.997229916897507,0.997229916897507,0.9863013698630136,0.997229916897507,0.997229916897507,0.9950442074906084,0.004371418813797323,0.92,0.9361702127659575,0.875,0.9361702127659575,0.8571428571428571,0.9048966565349543,0.032736576030001255,158,0.9949748743718593,0.9950248756218906,0.9746192893401016,0.9950248756218906,0.9950248756218906,0.9909337581155265,0.00815725737456099,0.8846153846153846,0.88,0.84,0.88,0.84,0.8649230769230769,0.02041927387450716,129,0.99,0.9900990099009901,0.9504950495049505,0.9900990099009901,0.9900990099009901,0.9821584158415841,0.01583172960816477,0.9436619718309859,0.9571428571428572,0.9142857142857143,0.9571428571428572,0.9,0.9344466800804829,0.023273129651532234,148,0.9964285714285714,0.99644128113879,0.9822064056939501,0.99644128113879,0.99644128113879,0.9935917641077783,0.005692681335130425,0.994017094017094,0.9582222222222222,0.9804444444444445,0.9804444444444445,0.959111111111111,0.9744478632478633,0.013808404381324668,129,1.0,1.0,0.99994499449945,1.0,1.0,0.99998899889989,2.2002200220017087e-05
0.1457900047302246,0.002173661140152099,0.021132612228393556,0.0002463511975341905,100,2,4,1.0,16,sqrt,log_loss,0.0,"{'n_estimators': 100, 'min_samples_split': 2, 'min_samples_leaf': 4, 'max_samples': 1.0, 'max_leaf_nodes': 16, 'max_features': 'sqrt', 'criterion': 'log_loss', 'ccp_alpha': 0.0}",0.9382608695652175,0.9365942028985508,0.9199267902081903,0.9519560741249142,0.8901098901098901,0.9273695653813526,0.02122210715249305,159,0.9763393611627513,0.9805501335880504,0.976497156239545,0.9805501335880504,0.984475138121547,0.9796823845399889,0.003026481400605876,0.9565217391304348,0.9565217391304348,0.946236559139785,0.967741935483871,0.9230769230769231,0.9500197791922897,0.01509209090428985,156,0.9836065573770492,0.9862258953168044,0.9836065573770492,0.9862258953168044,0.988950276243094,0.9857230363261602,0.001993979844153609,0.92,0.9166666666666666,0.8936170212765957,0.9361702127659575,0.8571428571428571,0.9047193515704153,0.027394078865139768,159,0.9690721649484536,0.9748743718592965,0.9693877551020408,0.9748743718592965,0.98,0.9736417327538174,0.00406063139159966,0.8846153846153846,0.88,0.84,0.88,0.84,0.8649230769230769,0.02041927387450716,129,0.94,0.9603960396039604,0.9405940594059405,0.9603960396039604,0.9702970297029703,0.9543366336633664,0.012021351458677595,0.9436619718309859,0.9428571428571428,0.9285714285714286,0.9571428571428572,0.9,0.9344466800804829,0.019451818877795957,148,0.9785714285714285,0.9822064056939501,0.9786476868327402,0.9822064056939501,0.9857651245551602,0.9814794102694459,0.0026795300636965483,0.9965811965811966,0.9617777777777777,0.9848888888888889,0.9902222222222222,0.9511111111111111,0.9769162393162393,0.017449358303214237,63,0.9993333333333332,0.9994499449944995,0.9991199119911991,0.9989548954895489,0.9995599559955995,0.999283608360836,0.00021970758612751027
0.154268217086792,0.0020903043090708473,0.022101688385009765,0.00028143769306294053,100,8,4,1.0,16,sqrt,log_loss,0.001,"{'n_estimators': 100, 'min_samples_split': 8, 'min_samples_leaf': 4, 'max_samples': 1.0, 'max_leaf_nodes': 16, 'max_features': 'sqrt', 'criterion': 'log_loss', 'ccp_alpha': 0.001}",0.9382608695652175,0.9365942028985508,0.9199267902081903,0.9519560741249142,0.8901098901098901,0.9273695653813526,0.02122210715249305,159,0.9763393611627513,0.9805501335880504,0.976497156239545,0.9805501335880504,0.984475138121547,0.9796823845399889,0.003026481400605876,0.9565217391304348,0.9565217391304348,0.946236559139785,0.967741935483871,0.9230769230769231,0.9500197791922897,0.01509209090428985,156,0.9836065573770492,0.9862258953168044,0.9836065573770492,0.9862258953168044,0.988950276243094,0.9857230363261602,0.001993979844153609,0.92,0.9166666666666666,0.8936170212765957,0.9361702127659575,0.8571428571428571,0.9047193515704153,0.027394078865139768,159,0.9690721649484536,0.9748743718592965,0.9693877551020408,0.9748743718592965,0.98,0.9736417327538174,0.00406063139159966,0.8846153846153846,0.88,0.84,0.88,0.84,0.8649230769230769,0.02041927387450716,129,0.94,0.9603960396039604,0.9405940594059405,0.9603960396039604,0.9702970297029703,0.9543366336633664,0.012021351458677595,0.9436619718309859,0.9428571428571428,0.9285714285714286,0.9571428571428572,0.9,0.9344466800804829,0.019451818877795957,148,0.9785714285714285,0.9822064056939501,0.9786476868327402,0.9822064056939501,0.9857651245551602,0.9814794102694459,0.0026795300636965483,0.9965811965811966,0.9617777777777777,0.9848888888888889,0.9902222222222222,0.9511111111111111,0.9769162393162393,0.017449358303214237,63,0.9993333333333332,0.9994499449944995,0.9991199119911991,0.9989548954895489,0.9995599559955995,0.999283608360836,0.00021970758612751027
0.3125498294830322,0.0033104250144730288,0.02990422248840332,0.0005039363127229748,200,4,2,,16,sqrt,entropy,0.001,"{'n_estimators': 200, 'min_samples_split': 4, 'min_samples_leaf': 2, 'max_samples': None, 'max_leaf_nodes': 16, 'max_features': 'sqrt', 'criterion': 'entropy', 'ccp_alpha': 0.001}",0.9382608695652175,0.9365942028985508,0.9199267902081903,0.9519560741249142,0.8901098901098901,0.9273695653813526,0.02122210715249305,159,0.9882535553970717,0.9961273962596988,0.9844044844044844,0.9961273962596988,0.9961273962596988,0.9922080457161305,0.004952120533231352,0.9565217391304348,0.9565217391304348,0.946236559139785,0.967741935483871,0.9230769230769231,0.9500197791922897,0.01509209090428985,156,0.9917355371900827,0.997229916897507,0.989010989010989,0.997229916897507,0.997229916897507,0.9944872553787185,0.00346779534978415,0.92,0.9166666666666666,0.8936170212765957,0.9361702127659575,0.8571428571428571,0.9047193515704153,0.027394078865139768,159,0.9847715736040609,0.9950248756218906,0.9797979797979798,0.9950248756218906,0.9950248756218906,0.9899288360535424,0.006436465836003717,0.8846153846153846,0.88,0.84,0.88,0.84,0.8649230769230769,0.02041927387450716,129,0.97,0.9900990099009901,0.9603960396039604,0.9900990099009901,0.9900990099009901,0.9801386138613861,0.012571310171478046,0.9436619718309859,0.9428571428571428,0.9285714285714286,0.9571428571428572,0.9,0.9344466800804829,0.019451818877795957,148,0.9892857142857143,0.99644128113879,0.9857651245551602,0.99644128113879,0.99644128113879,0.992874936451449,0.004507513377515106,0.9957264957264957,0.9706666666666667,0.9848888888888889,0.9875555555555555,0.9582222222222221,0.9794119658119659,0.013326395740592273,11,1.0,1.0,1.0,0.9998899889988999,1.0,0.99997799779978,4.4004400440034173e-05
0.30976409912109376,0.004575627542684888,0.029815101623535158,0.00041547398140158914,200,2,4,,32,sqrt,log_loss,0.001,"{'n_estimators': 200, 'min_samples_split': 2, 'min_samples_leaf': 4, 'max_samples': None, 'max_leaf_nodes': 32, 'max_features': 'sqrt', 'criterion': 'log_loss', 'ccp_alpha': 0.001}",0.9382608695652175,0.9365942028985508,0.9199267902081903,0.9519560741249142,0.8901098901098901,0.9273695653813526,0.02122210715249305,159,0.9763393611627513,0.9805501335880504,0.9726444614421806,0.9805501335880504,0.9922375690607734,0.9804643317683613,0.00658467303156952,0.9565217391304348,0.9565217391304348,0.946236559139785,0.967741935483871,0.9230769230769231,0.9500197791922897,0.01509209090428985,156,0.9836065573770492,0.9862258953168044,0.9808219178082191,0.9862258953168044,0.994475138121547,0.9862710807880848,0.00456297495880614,0.92,0.9166666666666666,0.8936170212765957,0.9361702127659575,0.8571428571428571,0.9047193515704153,0.027394078865139768,159,0.9690721649484536,0.9748743718592965,0.9644670050761421,0.9748743718592965,0.99,0.9746575827486378,0.008608467081352848,0.8846153846153846,0.88,0.84,0.88,0.84,0.8649230769230769,0.02041927387450716,129,0.94,0.9603960396039604,0.9405940594059405,0.9603960396039604,0.9801980198019802,0.9563168316831682,0.014946809590990283,0.9436619718309859,0.9428571428571428,0.9285714285714286,0.9571428571428572,0.9,0.9344466800804829,0.019451818877795957,148,0.9785714285714285,0.9822064056939501,0.9750889679715302,0.9822064056939501,0.9928825622775801,0.9821911540416878,0.005964061279824061,0.9965811965811966,0.9662222222222222,0.983111111111111,0.9875555555555555,0.9573333333333334,0.9781606837606838,0.014341485482986702,23,0.9989444444444444,0.9993949394939493,0.9994499449944994,0.998954895489549,0.9996699669966996,0.9992828382838284,0.0002871991787049583
0.3075446605682373,0.005170107210839639,0.02997756004333496,0.0005361309846482533,200,4,4,1.0,,sqrt,entropy,0.001,"{'n_estimators': 200, 'min_samples_split': 4, 'min_samples_leaf': 4, 'max_samples': 1.0, 'max_leaf_nodes': None, 'max_features': 'sqrt', 'criterion': 'entropy', 'ccp_alpha': 0.001}",0.9382608695652175,0.9365942028985508,0.9199267902081903,0.9519560741249142,0.8901098901098901,0.9273695653813526,0.02122210715249305,159,0.980422592328453,0.9804603296015576,0.9726444614421806,0.9844044844044844,0.9883300801528303,0.9812523895859012,0.005204647057030082,0.9565217391304348,0.9565217391304348,0.946236559139785,0.967741935483871,0.9230769230769231,0.9500197791922897,0.01509209090428985,156,0.9862258953168044,0.9863013698630136,0.9808219178082191,0.989010989010989,0.9917355371900827,0.9868191418378218,0.00362110100947469,0.92,0.9166666666666666,0.8936170212765957,0.9361702127659575,0.8571428571428571,0.9047193515704153,0.027394078865139768,159,0.9746192893401016,0.9746192893401016,0.9644670050761421,0.9797979797979798,0.9849246231155779,0.9756856373339806,0.006788256398199496,0.8846153846153846,0.88,0.84,0.88,0.84,0.8649230769230769,0.02041927387450716,129,0.96,0.9504950495049505,0.9405940594059405,0.9603960396039604,0.9702970297029703,0.9563564356435643,0.010067198977151706,0.9436619718309859,0.9428571428571428,0.9285714285714286,0.9571428571428572,0.9,0.9344466800804829,0.019451818877795957,148,0.9821428571428571,0.9822064056939501,0.9750889679715302,0.9857651245551602,0.9893238434163701,0.9829054397559736,0.0047231581535490995,0.9974358974358974,0.9573333333333334,0.984,0.9831111111111112,0.9555555555555555,0.9754871794871794,0.016365637346656907,92,0.9992222222222222,0.9994499449944995,0.9992299229922992,0.9988998899889989,0.9996699669966996,0.9992943894389439,0.00025700189830940844
0.30588302612304685,0.005011359020711707,0.030515336990356447,0.0003598478902959603,200,2,4,1.0,,sqrt,entropy,0.001,"{'n_estimators': 200, 'min_samples_split': 2, 'min_samples_leaf': 4, 'max_samples': 1.0, 'max_leaf_nodes': None, 'max_features': 'sqrt', 'criterion': 'entropy', 'ccp_alpha': 0.001}",0.9382608695652175,0.9365942028985508,0.9199267902081903,0.9519560741249142,0.8901098901098901,0.9273695653813526,0.02122210715249305,159,0.980422592328453,0.9804603296015576,0.9726444614421806,0.9844044844044844,0.9883300801528303,0.9812523895859012,0.005204647057030082,0.9565217391304348,0.9565217391304348,0.946236559139785,0.967741935483871,0.9230769230769231,0.9500197791922897,0.01509209090428985,156,0.9862258953168044,0.9863013698630136,0.9808219178082191,0.989010989010989,0.9917355371900827,0.9868191418378218,0.00362110100947469,0.92,0.9166666666666666,0.8936170212765957,0.9361702127659575,0.8571428571428571,0.9047193515704153,0.027394078865139768,159,0.9746192893401016,0.9746192893401016,0.9644670050761421,0.9797979797979798,0.9849246231155779,0.9756856373339806,0.006788256398199496,0.8846153846153846,0.88,0.84,0.88,0.84,0.8649230769230769,0.02041927387450716,129,0.96,0.9504950495049505,0.9405940594059405,0.9603960396039604,0.9702970297029703,0.9563564356435643,0.010067198977151706,0.9436619718309859,0.9428571428571428,0.9285714285714286,0.9571428571428572,0.9,0.9344466800804829,0.019451818877795957,148,0.9821428571428571,0.9822064056939501,0.9750889679715302,0.9857651245551602,0.9893238434163701,0.9829054397559736,0.0047231581535490995,0.9974358974358974,0.9573333333333334,0.984,0.9831111111111112,0.9555555555555555,0.9754871794871794,0.016365637346656907,92,0.9992222222222222,0.9994499449944995,0.9992299229922992,0.9988998899889989,0.9996699669966996,0.9992943894389439,0.00025700189830940844
0.16195411682128907,0.0030414355595766857,0.022633838653564452,0.0009143426228391435,100,2,1,,16,sqrt,entropy,0.001,"{'n_estimators': 100, 'min_samples_split': 2, 'min_samples_leaf': 1, 'max_samples': None, 'max_leaf_nodes': 16, 'max_features': 'sqrt', 'criterion': 'entropy', 'ccp_alpha': 0.001}",0.9382608695652175,0.9365942028985508,0.9199267902081903,0.9519560741249142,0.8901098901098901,0.9273695653813526,0.02122210715249305,159,0.9921870640102685,0.9961273962596988,0.9922375690607734,0.9961273962596988,0.9961273962596988,0.9945613643700277,0.0019180560198318335,0.9565217391304348,0.9565217391304348,0.946236559139785,0.967741935483871,0.9230769230769231,0.9500197791922897,0.01509209090428985,156,0.994475138121547,0.997229916897507,0.994475138121547,0.997229916897507,0.997229916897507,0.996128005387123,0.001349560471070152,0.92,0.9166666666666666,0.8936170212765957,0.9361702127659575,0.8571428571428571,0.9047193515704153,0.027394078865139768,159,0.98989898989899,0.9950248756218906,0.99,0.9950248756218906,0.9950248756218906,0.9929947233529323,0.002486623746525607,0.8846153846153846,0.88,0.84,0.88,0.84,0.8649230769230769,0.02041927387450716,129,0.98,0.9900990099009901,0.9801980198019802,0.9900990099009901,0.9900990099009901,0.98609900990099,0.004899379673407407,0.9436619718309859,0.9428571428571428,0.9285714285714286,0.9571428571428572,0.9,0.9344466800804829,0.019451818877795957,148,0.9928571428571429,0.99644128113879,0.9928825622775801,0.99644128113879,0.99644128113879,0.9950127097102186,0.001749653995648692,0.994017094017094,0.9715555555555555,0.9822222222222222,0.984,0.9582222222222222,0.9780034188034188,0.012190699412501857,28,1.0,1.0,1.0,0.9998899889988999,1.0,0.99997799779978,4.4004400440034173e-05
0.3064779758453369,0.003539810265760332,0.030355453491210938,0.0004494183512513198,200,8,4,,32,sqrt,entropy,0.001,"{'n_estimators': 200, 'min_samples_split': 8, 'min_samples_leaf': 4, 'max_samples': None, 'max_leaf_nodes': 32, 'max_features': 'sqrt', 'criterion': 'entropy', 'ccp_alpha': 0.001}",0.9382608695652175,0.9365942028985508,0.9199267902081903,0.9519560741249142,0.8901098901098901,0.9273695653813526,0.02122210715249305,159,0.9763393611627513,0.9805501335880504,0.9726444614421806,0.9805501335880504,0.9922375690607734,0.9804643317683613,0.00658467303156952,0.9565217391304348,0.9565217391304348,0.946236559139785,0.967741935483871,0.9230769230769231,0.9500197791922897,0.01509209090428985,156,0.9836065573770492,0.9862258953168044,0.9808219178082191,0.9862258953168044,0.994475138121547,0.9862710807880848,0.00456297495880614,0.92,0.9166666666666666,0.8936170212765957,0.9361702127659575,0.8571428571428571,0.9047193515704153,0.027394078865139768,159,0.9690721649484536,0.9748743718592965,0.9644670050761421,0.9748743718592965,0.99,0.9746575827486378,0.008608467081352848,0.8846153846153846,0.88,0.84,0.88,0.84,0.8649230769230769,0.02041927387450716,129,0.94,0.9603960396039604,0.9405940594059405,0.9603960396039604,0.9801980198019802,0.9563168316831682,0.014946809590990283,0.9436619718309859,0.9428571428571428,0.9285714285714286,0.9571428571428572,0.9,0.9344466800804829,0.019451818877795957,148,0.9785714285714285,0.9822064056939501,0.9750889679715302,0.9822064056939501,0.9928825622775801,0.9821911540416878,0.005964061279824061,0.9965811965811966,0.9662222222222222,0.983111111111111,0.9875555555555555,0.9573333333333334,0.9781606837606838,0.014341485482986702,23,0.9989444444444444,0.9993949394939493,0.9994499449944994,0.998954895489549,0.9996699669966996,0.9992828382838284,0.0002871991787049583
0.30742464065551756,0.0034432579998146177,0.03055291175842285,0.0008568720135500919,200,4,1,,16,sqrt,log_loss,0.0,"{'n_estimators': 200, 'min_samples_split': 4, 'min_samples_leaf': 1, 'max_samples': None, 'max_leaf_nodes': 16, 'max_features': 'sqrt', 'criterion': 'log_loss', 'ccp_alpha': 0.0}",0.9382608695652175,0.9365942028985508,0.9199267902081903,0.9519560741249142,0.8901098901098901,0.9273695653813526,0.02122210715249305,159,0.9921870640102685,0.9961273962596988,0.9922375690607734,0.9961273962596988,0.9961273962596988,0.9945613643700277,0.0019180560198318335,0.9565217391304348,0.9565217391304348,0.946236559139785,0.967741935483871,0.9230769230769231,0.9500197791922897,0.01509209090428985,156,0.994475138121547,0.997229916897507,0.994475138121547,0.997229916897507,0.997229916897507,0.996128005387123,0.001349560471070152,0.92,0.9166666666666666,0.8936170212765957,0.9361702127659575,0.8571428571428571,0.9047193515704153,0.027394078865139768,159,0.98989898989899,0.9950248756218906,0.99,0.9950248756218906,0.9950248756218906,0.9929947233529323,0.002486623746525607,0.8846153846153846,0.88,0.84,0.88,0.84,0.8649230769230769,0.02041927387450716,129,0.98,0.9900990099009901,0.9801980198019802,0.9900990099009901,0.9900990099009901,0.98609900990099,0.004899379673407407,0.9436619718309859,0.9428571428571428,0.9285714285714286,0.9571428571428572,0.9,0.9344466800804829,0.019451818877795957,148,0.9928571428571429,0.99644128113879,0.9928825622775801,0.99644128113879,0.99644128113879,0.9950127097102186,0.001749653995648692,0.9957264957264957,0.9742222222222222,0.9857777777777778,0.9866666666666666,0.9608888888888888,0.9806564102564101,0.012013431983878154,3,1.0,1.0,1.0,0.9998899889988999,1.0,0.99997799779978,4.4004400440034173e-05
0.15910282135009765,0.006643498053045207,0.023543167114257812,0.0008531405863932541,100,2,2,1.0,16,sqrt,log_loss,0.0,"{'n_estimators': 100, 'min_samples_split': 2, 'min_samples_leaf': 2, 'max_samples': 1.0, 'max_leaf_nodes': 16, 'max_features': 'sqrt', 'criterion': 'log_loss', 'ccp_alpha': 0.0}",0.9382608695652175,0.9365942028985508,0.9199267902081903,0.9519560741249142,0.8901098901098901,0.9273695653813526,0.02122210715249305,159,0.9843014128728415,0.9961273962596988,0.9844044844044844,0.9922375690607734,0.9961273962596988,0.9906396517714994,0.005326060518432681,0.9565217391304348,0.9565217391304348,0.946236559139785,0.967741935483871,0.9230769230769231,0.9500197791922897,0.01509209090428985,156,0.989010989010989,0.997229916897507,0.989010989010989,0.994475138121547,0.997229916897507,0.9933913899877078,0.0037153442135495736,0.92,0.9166666666666666,0.8936170212765957,0.9361702127659575,0.8571428571428571,0.9047193515704153,0.027394078865139768,159,0.9795918367346939,0.9950248756218906,0.9797979797979798,0.99,0.9950248756218906,0.9878879135552909,0.006936934236981331,0.8846153846153846,0.88,0.84,0.88,0.84,0.8649230769230769,0.02041927387450716,129,0.96,0.9900990099009901,0.9603960396039604,0.9801980198019802,0.9900990099009901,0.9761584158415841,0.013524390062262338,0.9436619718309859,0.9428571428571428,0.9285714285714286,0.9571428571428572,0.9,0.9344466800804829,0.019451818877795957,148,0.9857142857142858,0.99644128113879,0.9857651245551602,0.9928825622775801,0.99644128113879,0.9914489069649213,0.004839302237081056,0.9957264957264957,0.9644444444444444,0.9822222222222222,0.9893333333333333,0.9564444444444444,0.977634188034188,0.014887754870607468,40,1.0,1.0,1.0,0.9997799779977997,0.99994499449945,0.9999449944994498,8.521415503209034e-05
0.31563491821289064,0.006792654743230379,0.03170027732849121,0.0006532830145861755,200,2,4,,16,sqrt,log_loss,0.0,"{'n_estimators': 200, 'min_samples_split': 2, 'min_samples_leaf': 4, 'max_samples': None, 'max_leaf_nodes': 16, 'max_features': 'sqrt', 'criterion': 'log_loss', 'ccp_alpha': 0.0}",0.9382608695652175,0.9365942028985508,0.9199267902081903,0.9519560741249142,0.8901098901098901,0.9273695653813526,0.02122210715249305,159,0.9763393611627513,0.9805501335880504,0.9726444614421806,0.9805501335880504,0.9922375690607734,0.9804643317683613,0.00658467303156952,0.9565217391304348,0.9565217391304348,0.946236559139785,0.967741935483871,0.9230769230769231,0.9500197791922897,0.01509209090428985,156,0.9836065573770492,0.9862258953168044,0.9808219178082191,0.9862258953168044,0.994475138121547,0.9862710807880848,0.00456297495880614,0.92,0.9166666666666666,0.8936170212765957,0.9361702127659575,0.8571428571428571,0.9047193515704153,0.027394078865139768,159,0.9690721649484536,0.9748743718592965,0.9644670050761421,0.9748743718592965,0.99,0.9746575827486378,0.008608467081352848,0.8846153846153846,0.88,0.84,0.88,0.84,0.8649230769230769,0.02041927387450716,129,0.94,0.9603960396039604,0.9405940594059405,0.9603960396039604,0.9801980198019802,0.9563168316831682,0.014946809590990283,0.9436619718309859,0.9428571428571428,0.9285714285714286,0.9571428571428572,0.9,0.9344466800804829,0.019451818877795957,148,0.9785714285714285,0.9822064056939501,0.9750889679715302,0.9822064056939501,0.9928825622775801,0.9821911540416878,0.005964061279824061,0.9965811965811966,0.9662222222222222,0.9822222222222222,0.9866666666666666,0.9573333333333334,0.9778051282051281,0.014169237265326966,33,0.9988333333333332,0.9993949394939493,0.9993399339933993,0.998954895489549,0.9995599559955995,0.999216611661166,0.00027578693828113484
0.30137434005737307,0.001551537275146516,0.030506324768066407,0.0011639133559084047,200,8,4,,,sqrt,log_loss,0.0,"{'n_estimators': 200, 'min_samples_split': 8, 'min_samples_leaf': 4, 'max_samples': None, 'max_leaf_nodes': None, 'max_features': 'sqrt', 'criterion': 'log_loss', 'ccp_alpha': 0.0}",0.9382608695652175,0.9365942028985508,0.9199267902081903,0.9519560741249142,0.8901098901098901,0.9273695653813526,0.02122210715249305,159,0.980422592328453,0.9804603296015576,0.9726444614421806,0.9844044844044844,0.9883300801528303,0.9812523895859012,0.005204647057030082,0.9565217391304348,0.9565217391304348,0.946236559139785,0.967741935483871,0.9230769230769231,0.9500197791922897,0.01509209090428985,156,0.9862258953168044,0.9863013698630136,0.9808219178082191,0.989010989010989,0.9917355371900827,0.9868191418378218,0.00362110100947469,0.92,0.9166666666666666,0.8936170212765957,0.9361702127659575,0.8571428571428571,0.9047193515704153,0.027394078865139768,159,0.9746192893401016,0.9746192893401016,0.9644670050761421,0.9797979797979798,0.9849246231155779,0.9756856373339806,0.006788256398199496,0.8846153846153846,0.88,0.84,0.88,0.84,0.8649230769230769,0.02041927387450716,129,0.96,0.9504950495049505,0.9405940594059405,0.9603960396039604,0.9702970297029703,0.9563564356435643,0.010067198977151706,0.9436619718309859,0.9428571428571428,0.9285714285714286,0.9571428571428572,0.9,0.9344466800804829,0.019451818877795957,148,0.9821428571428571,0.9822064056939501,0.9750889679715302,0.9857651245551602,0.9893238434163701,0.9829054397559736,0.0047231581535490995,0.9974358974358974,0.9573333333333334,0.984,0.9831111111111112,0.9555555555555555,0.9754871794871794,0.016365637346656907,92,0.9992222222222222,0.9994499449944995,0.9992299229922992,0.9988998899889989,0.9996699669966996,0.9992943894389439,0.00025700189830940844
0.27193388938903806,0.005440663991527613,0.03057065010070801,0.0008156226287998575,200,8,4,0.8,32,sqrt,gini,0.001,"{'n_estimators': 200, 'min_samples_split': 8, 'min_samples_leaf': 4, 'max_samples': 0.8, 'max_leaf_nodes': 32, 'max_features': 'sqrt', 'criterion': 'gini', 'ccp_alpha': 0.001}",0.9382608695652175,0.9365942028985508,0.9199267902081903,0.9519560741249142,0.8901098901098901,0.9273695653813526,0.02122210715249305,159,0.9644223574423627,0.9646614965416056,0.9646614965416056,0.9648285932828037,0.9727701870232706,0.9662688261663297,0.0032532576763783156,0.9565217391304348,0.9565217391304348,0.946236559139785,0.967741935483871,0.9230769230769231,0.9500197791922897,0.01509209090428985,156,0.9754768392370572,0.9754768392370572,0.9754768392370572,0.9753424657534246,0.9807162534435262,0.9764978473816244,0.0021098449850019347,0.92,0.9166666666666666,0.8936170212765957,0.9361702127659575,0.8571428571428571,0.9047193515704153,0.027394078865139768,159,0.9533678756476683,0.9538461538461539,0.9538461538461539,0.9543147208121827,0.964824120603015,0.9560398049510347,0.00440235240074719,0.8846153846153846,0.88,0.84,0.88,0.84,0.8649230769230769,0.02041927387450716,129,0.92,0.9207920792079208,0.9207920792079208,0.9306930693069307,0.9504950495049505,0.9285544554455445,0.011658910880578919,0.9436619718309859,0.9428571428571428,0.9285714285714286,0.9571428571428572,0.9,0.9344466800804829,0.019451818877795957,148,0.9678571428571429,0.9679715302491103,0.9679715302491103,0.9679715302491103,0.9750889679715302,0.9693721403152008,0.0028587571223102157,0.9957264957264957,0.9546666666666667,0.9813333333333334,0.9786666666666667,0.9546666666666668,0.9730119658119658,0.01606406343289844,175,0.9973888888888889,0.9976897689768977,0.9966996699669968,0.9964796479647965,0.9984598459845985,0.9973435643564356,0.0007111888838190422
0.3852865695953369,0.003030517440526044,0.038195228576660155,0.0009568893907902406,300,8,4,0.8,16,sqrt,gini,0.0,"{'n_estimators': 300, 'min_samples_split': 8, 'min_samples_leaf': 4, 'max_samples': 0.8, 'max_leaf_nodes': 16, 'max_features': 'sqrt', 'criterion': 'gini', 'ccp_alpha': 0.0}",0.9382608695652175,0.9365942028985508,0.9199267902081903,0.9519560741249142,0.8901098901098901,0.9273695653813526,0.02122210715249305,159,0.9644223574423627,0.9646614965416056,0.9646614965416056,0.9648285932828037,0.9727701870232706,0.9662688261663297,0.0032532576763783156,0.9565217391304348,0.9565217391304348,0.946236559139785,0.967741935483871,0.9230769230769231,0.9500197791922897,0.01509209090428985,156,0.9754768392370572,0.9754768392370572,0.9754768392370572,0.9753424657534246,0.9807162534435262,0.9764978473816244,0.0021098449850019347,0.92,0.9166666666666666,0.8936170212765957,0.9361702127659575,0.8571428571428571,0.9047193515704153,0.027394078865139768,159,0.9533678756476683,0.9538461538461539,0.9538461538461539,0.9543147208121827,0.964824120603015,0.9560398049510347,0.00440235240074719,0.8846153846153846,0.88,0.84,0.88,0.84,0.8649230769230769,0.02041927387450716,129,0.92,0.9207920792079208,0.9207920792079208,0.9306930693069307,0.9504950495049505,0.9285544554455445,0.011658910880578919,0.9436619718309859,0.9428571428571428,0.9285714285714286,0.9571428571428572,0.9,0.9344466800804829,0.019451818877795957,148,0.9678571428571429,0.9679715302491103,0.9679715302491103,0.9679715302491103,0.9750889679715302,0.9693721403152008,0.0028587571223102157,0.9957264957264957,0.9546666666666667,0.9804444444444445,0.9786666666666667,0.9564444444444444,0.9731897435897437,0.01558231041866972,169,0.9973888888888889,0.9979097909790979,0.9974697469746975,0.9968646864686469,0.9985698569856986,0.997640594059406,0.0005710645106061968
0.15222249031066895,0.004420543667447179,0.022312307357788087,0.0004481619067409419,100,4,4,,16,sqrt,entropy,0.0,"{'n_estimators': 100, 'min_samples_split': 4, 'min_samples_leaf': 4, 'max_samples': None, 'max_leaf_nodes': 16, 'max_features': 'sqrt', 'criterion': 'entropy', 'ccp_alpha': 0.0}",0.9382608695652175,0.9365942028985508,0.9199267902081903,0.9519560741249142,0.8901098901098901,0.9273695653813526,0.02122210715249305,159,0.9763393611627513,0.9805501335880504,0.976497156239545,0.9805501335880504,0.984475138121547,0.9796823845399889,0.003026481400605876,0.9565217391304348,0.9565217391304348,0.946236559139785,0.967741935483871,0.9230769230769231,0.9500197791922897,0.01509209090428985,156,0.9836065573770492,0.9862258953168044,0.9836065573770492,0.9862258953168044,0.988950276243094,0.9857230363261602,0.001993979844153609,0.92,0.9166666666666666,0.8936170212765957,0.9361702127659575,0.8571428571428571,0.9047193515704153,0.027394078865139768,159,0.9690721649484536,0.9748743718592965,0.9693877551020408,0.9748743718592965,0.98,0.9736417327538174,0.00406063139159966,0.8846153846153846,0.88,0.84,0.88,0.84,0.8649230769230769,0.02041927387450716,129,0.94,0.9603960396039604,0.9405940594059405,0.9603960396039604,0.9702970297029703,0.9543366336633664,0.012021351458677595,0.9436619718309859,0.9428571428571428,0.9285714285714286,0.9571428571428572,0.9,0.9344466800804829,0.019451818877795957,148,0.9785714285714285,0.9822064056939501,0.9786476868327402,0.9822064056939501,0.9857651245551602,0.9814794102694459,0.0026795300636965483,0.9965811965811966,0.9617777777777777,0.9848888888888889,0.9902222222222222,0.9511111111111111,0.9769162393162393,0.017449358303214237,63,0.9993333333333332,0.9994499449944995,0.9991199119911991,0.9989548954895489,0.9995599559955995,0.999283608360836,0.00021970758612751027
0.3030839443206787,0.006400691934323416,0.03122425079345703,0.0007940726975040281,200,8,4,,16,sqrt,log_loss,0.0,"{'n_estimators': 200, 'min_samples_split': 8, 'min_samples_leaf': 4, 'max_samples': None, 'max_leaf_nodes': 16, 'max_features': 'sqrt', 'criterion': 'log_loss', 'ccp_alpha': 0.0}",0.9382608695652175,0.9365942028985508,0.9199267902081903,0.9519560741249142,0.8901098901098901,0.9273695653813526,0.02122210715249305,159,0.9763393611627513,0.9805501335880504,0.9726444614421806,0.9805501335880504,0.9922375690607734,0.9804643317683613,0.00658467303156952,0.9565217391304348,0.9565217391304348,0.946236559139785,0.967741935483871,0.9230769230769231,0.9500197791922897,0.01509209090428985,156,0.9836065573770492,0.9862258953168044,0.9808219178082191,0.9862258953168044,0.994475138121547,0.9862710807880848,0.00456297495880614,0.92,0.9166666666666666,0.8936170212765957,0.9361702127659575,0.8571428571428571,0.9047193515704153,0.027394078865139768,159,0.9690721649484536,0.9748743718592965,0.9644670050761421,0.9748743718592965,0.99,0.9746575827486378,0.008608467081352848,0.8846153846153846,0.88,0.84,0.88,0.84,0.8649230769230769,0.02041927387450716,129,0.94,0.9603960396039604,0.9405940594059405,0.9603960396039604,0.9801980198019802,0.9563168316831682,0.014946809590990283,0.9436619718309859,0.9428571428571428,0.9285714285714286,0.9571428571428572,0.9,0.9344466800804829,0.019451818877795957,148,0.9785714285714285,0.9822064056939501,0.9750889679715302,0.9822064056939501,0.9928825622775801,0.9821911540416878,0.005964061279824061,0.9965811965811966,0.9662222222222222,0.9822222222222222,0.9866666666666666,0.9573333333333334,0.9778051282051281,0.014169237265326966,33,0.9988333333333332,0.9993949394939493,0.9993399339933993,0.998954895489549,0.9995599559955995,0.999216611661166,0.00027578693828113484
0.3005683422088623,0.006869637329747126,0.03159027099609375,0.0021246804631732262,200,2,4,1.0,32,sqrt,entropy,0.0,"{'n_estimators': 200, 'min_samples_split': 2, 'min_samples_leaf': 4, 'max_samples': 1.0, 'max_leaf_nodes': 32, 'max_features': 'sqrt', 'criterion': 'entropy', 'ccp_alpha': 0.0}",0.9382608695652175,0.9365942028985508,0.9199267902081903,0.9519560741249142,0.8901098901098901,0.9273695653813526,0.02122210715249305,159,0.9763393611627513,0.9805501335880504,0.9726444614421806,0.9805501335880504,0.9922375690607734,0.9804643317683613,0.00658467303156952,0.9565217391304348,0.9565217391304348,0.946236559139785,0.967741935483871,0.9230769230769231,0.9500197791922897,0.01509209090428985,156,0.9836065573770492,0.9862258953168044,0.9808219178082191,0.9862258953168044,0.994475138121547,0.9862710807880848,0.00456297495880614,0.92,0.9166666666666666,0.8936170212765957,0.9361702127659575,0.8571428571428571,0.9047193515704153,0.027394078865139768,159,0.9690721649484536,0.9748743718592965,0.9644670050761421,0.9748743718592965,0.99,0.9746575827486378,0.008608467081352848,0.8846153846153846,0.88,0.84,0.88,0.84,0.8649230769230769,0.02041927387450716,129,0.94,0.9603960396039604,0.9405940594059405,0.9603960396039604,0.9801980198019802,0.9563168316831682,0.014946809590990283,0.9436619718309859,0.9428571428571428,0.9285714285714286,0.9571428571428572,0.9,0.9344466800804829,0.019451818877795957,148,0.9785714285714285,0.9822064056939501,0.9750889679715302,0.9822064056939501,0.9928825622775801,0.9821911540416878,0.005964061279824061,0.9965811965811966,0.9662222222222222,0.983111111111111,0.9875555555555555,0.9573333333333334,0.9781606837606838,0.014341485482986702,23,0.9989444444444444,0.9993949394939493,0.9994499449944994,0.998954895489549,0.9996699669966996,0.9992828382838284,0.0002871991787049583
0.30941267013549806,0.0035145978566193652,0.030846071243286134,0.00040389586199781924,200,4,4,,,sqrt,log_loss,0.001,"{'n_estimators': 200, 'min_samples_split': 4, 'min_samples_leaf': 4, 'max_samples': None, 'max_leaf_nodes': None, 'max_features': 'sqrt', 'criterion': 'log_loss', 'ccp_alpha': 0.001}",0.9382608695652175,0.9365942028985508,0.9199267902081903,0.9519560741249142,0.8901098901098901,0.9273695653813526,0.02122210715249305,159,0.980422592328453,0.9804603296015576,0.9726444614421806,0.9844044844044844,0.9883300801528303,0.9812523895859012,0.005204647057030082,0.9565217391304348,0.9565217391304348,0.946236559139785,0.967741935483871,0.9230769230769231,0.9500197791922897,0.01509209090428985,156,0.9862258953168044,0.9863013698630136,0.9808219178082191,0.989010989010989,0.9917355371900827,0.9868191418378218,0.00362110100947469,0.92,0.9166666666666666,0.8936170212765957,0.9361702127659575,0.8571428571428571,0.9047193515704153,0.027394078865139768,159,0.9746192893401016,0.9746192893401016,0.9644670050761421,0.9797979797979798,0.9849246231155779,0.9756856373339806,0.006788256398199496,0.8846153846153846,0.88,0.84,0.88,0.84,0.8649230769230769,0.02041927387450716,129,0.96,0.9504950495049505,0.9405940594059405,0.9603960396039604,0.9702970297029703,0.9563564356435643,0.010067198977151706,0.9436619718309859,0.9428571428571428,0.9285714285714286,0.9571428571428572,0.9,0.9344466800804829,0.019451818877795957,148,0.9821428571428571,0.9822064056939501,0.9750889679715302,0.9857651245551602,0.9893238434163701,0.9829054397559736,0.0047231581535490995,0.9974358974358974,0.9573333333333334,0.984,0.9831111111111112,0.9555555555555555,0.9754871794871794,0.016365637346656907,92,0.9992222222222222,0.9994499449944995,0.9992299229922992,0.9988998899889989,0.9996699669966996,0.9992943894389439,0.00025700189830940844
0.3023329257965088,0.007575910875524083,0.03074507713317871,0.000762677004496114,200,2,4,,,sqrt,log_loss,0.0,"{'n_estimators': 200, 'min_samples_split': 2, 'min_samples_leaf': 4, 'max_samples': None, 'max_leaf_nodes': None, 'max_features': 'sqrt', 'criterion': 'log_loss', 'ccp_alpha': 0.0}",0.9382608695652175,0.9365942028985508,0.9199267902081903,0.9519560741249142,0.8901098901098901,0.9273695653813526,0.02122210715249305,159,0.980422592328453,0.9804603296015576,0.9726444614421806,0.9844044844044844,0.9883300801528303,0.9812523895859012,0.005204647057030082,0.9565217391304348,0.9565217391304348,0.946236559139785,0.967741935483871,0.9230769230769231,0.9500197791922897,0.01509209090428985,156,0.9862258953168044,0.9863013698630136,0.9808219178082191,0.989010989010989,0.9917355371900827,0.9868191418378218,0.00362110100947469,0.92,0.9166666666666666,0.8936170212765957,0.9361702127659575,0.8571428571428571,0.9047193515704153,0.027394078865139768,159,0.9746192893401016,0.9746192893401016,0.9644670050761421,0.9797979797979798,0.9849246231155779,0.9756856373339806,0.006788256398199496,0.8846153846153846,0.88,0.84,0.88,0.84,0.8649230769230769,0.02041927387450716,129,0.96,0.9504950495049505,0.9405940594059405,0.9603960396039604,0.9702970297029703,0.9563564356435643,0.010067198977151706,0.9436619718309859,0.9428571428571428,0.9285714285714286,0.9571428571428572,0.9,0.9344466800804829,0.019451818877795957,148,0.9821428571428571,0.9822064056939501,0.9750889679715302,0.9857651245551602,0.9893238434163701,0.9829054397559736,0.0047231581535490995,0.9974358974358974,0.9573333333333334,0.984,0.9831111111111112,0.9555555555555555,0.9754871794871794,0.016365637346656907,92,0.9992222222222222,0.9994499449944995,0.9992299229922992,0.9988998899889989,0.9996699669966996,0.9992943894389439,0.00025700189830940844
0.1701845645904541,0.003943219009557233,0.024712753295898438,0.001979887130894434,100,2,2,,32,sqrt,log_loss,0.001,"{'n_estimators': 100, 'min_samples_split': 2, 'min_samples_leaf': 2, 'max_samples': None, 'max_leaf_nodes': 32, 'max_features': 'sqrt', 'criterion': 'log_loss', 'ccp_alpha': 0.001}",0.9382608695652175,0.9365942028985508,0.9199267902081903,0.9519560741249142,0.8901098901098901,0.9273695653813526,0.02122210715249305,159,1.0,1.0,1.0,0.9961273962596988,1.0,0.9992254792519397,0.0015490414961204734,0.9565217391304348,0.9565217391304348,0.946236559139785,0.967741935483871,0.9230769230769231,0.9500197791922897,0.01509209090428985,156,1.0,1.0,1.0,0.997229916897507,1.0,0.9994459833795014,0.0011080332409972194,0.92,0.9166666666666666,0.8936170212765957,0.9361702127659575,0.8571428571428571,0.9047193515704153,0.027394078865139768,159,1.0,1.0,1.0,0.9950248756218906,1.0,0.9990049751243781,0.0019900497512437723,0.8846153846153846,0.88,0.84,0.88,0.84,0.8649230769230769,0.02041927387450716,129,1.0,1.0,1.0,0.9900990099009901,1.0,0.998019801980198,0.003960396039603964,0.9436619718309859,0.9428571428571428,0.9285714285714286,0.9571428571428572,0.9,0.9344466800804829,0.019451818877795957,148,1.0,1.0,1.0,0.99644128113879,1.0,0.9992882562277579,0.001423487544483981,0.9957264957264957,0.9648888888888889,0.9813333333333334,0.9884444444444445,0.9555555555555556,0.9771897435897436,0.01487815798640083,52,1.0,1.0,1.0,1.0,1.0,1.0,0.0
0.20803594589233398,0.0013577154143613543,0.02253108024597168,0.000574617215002794,100,4,2,0.8,16,0.5,gini,0.001,"{'n_estimators': 100, 'min_samples_split': 4, 'min_samples_leaf': 2, 'max_samples': 0.8, 'max_leaf_nodes': 16, 'max_features': 0.5, 'criterion': 'gini', 'ccp_alpha': 0.001}",0.9382608695652175,0.9519560741249142,0.8878975062914665,0.9682971014492754,0.8901098901098901,0.9273042883081526,0.03269399232967029,179,0.9763393611627513,0.9804603296015576,0.9766067266067266,0.9804603296015576,0.9883300801528303,0.9804393654250847,0.004330436771763064,0.9565217391304348,0.967741935483871,0.9247311827956989,0.9782608695652174,0.9230769230769231,0.950066530010429,0.02244695599532541,152,0.9836065573770492,0.9863013698630136,0.9835164835164835,0.9863013698630136,0.9917355371900827,0.9862922635619285,0.002984874074817481,0.92,0.9361702127659575,0.851063829787234,0.9583333333333334,0.8571428571428571,0.9045420466058763,0.04298696216629644,179,0.9690721649484536,0.9746192893401016,0.9696969696969697,0.9746192893401016,0.9849246231155779,0.9745864672882408,0.005677928098771763,0.8846153846153846,0.88,0.8,0.92,0.84,0.8649230769230769,0.04119401346751892,129,0.94,0.9504950495049505,0.9504950495049505,0.9504950495049505,0.9702970297029703,0.9523564356435642,0.009848255602785823,0.9436619718309859,0.9571428571428572,0.9,0.9714285714285714,0.9,0.9344466800804829,0.02946471068960165,148,0.9785714285714285,0.9822064056939501,0.9786476868327402,0.9822064056939501,0.9893238434163701,0.9821911540416878,0.003912398120908213,0.9897435897435898,0.9617777777777778,0.9733333333333334,0.9804444444444445,0.9555555555555555,0.9721709401709402,0.01235061839972898,187,0.9998888888888888,0.9997799779977998,0.9992299229922992,0.9998899889988999,0.9998899889988998,0.9997357535753576,0.00025645581853348437
0.14446015357971193,0.0016819081154310941,0.02232193946838379,0.00043300319206248414,100,4,2,0.8,,sqrt,log_loss,0.0,"{'n_estimators': 100, 'min_samples_split': 4, 'min_samples_leaf': 2, 'max_samples': 0.8, 'max_leaf_nodes': None, 'max_features': 'sqrt', 'criterion': 'log_loss', 'ccp_alpha': 0.0}",0.9382608695652175,0.9365942028985508,0.9028677150786308,0.9519560741249142,0.9066666666666667,0.9272691056667959,0.019168260635867247,180,0.9921870640102685,0.9961273962596988,0.9804603296015576,0.9922375690607734,0.9922375690607734,0.9906499855986144,0.005314782581267675,0.9565217391304348,0.9565217391304348,0.9361702127659575,0.967741935483871,0.9333333333333333,0.9500577919688062,0.013182310347151598,153,0.994475138121547,0.997229916897507,0.9863013698630136,0.994475138121547,0.994475138121547,0.9933913402250323,0.0037020590013190887,0.92,0.9166666666666666,0.8695652173913043,0.9361702127659575,0.88,0.9044804193647857,0.025345481937928273,180,0.98989898989899,0.9950248756218906,0.9746192893401016,0.99,0.99,0.9879086309721965,0.006927578457256317,0.8846153846153846,0.88,0.8,0.88,0.88,0.8649230769230769,0.032510717395377926,129,0.98,0.9900990099009901,0.9504950495049505,0.9801980198019802,0.9801980198019802,0.9761980198019803,0.01341890652213435,0.9436619718309859,0.9428571428571428,0.9142857142857143,0.9571428571428572,0.9142857142857143,0.9344466800804829,0.017226160471601196,148,0.9928571428571429,0.99644128113879,0.9822064056939501,0.9928825622775801,0.9928825622775801,0.9914539908490086,0.004825792449859382,0.9957264957264957,0.9702222222222222,0.9848888888888889,0.9893333333333333,0.9582222222222222,0.9796786324786325,0.013621271389304516,8,1.0,0.99994499449945,0.99994499449945,0.9997799779977997,0.99994499449945,0.9999229922992299,7.461309112351619e-05
0.4486039161682129,0.002379568824270288,0.03806848526000976,0.0005659385639721166,300,2,2,0.8,16,sqrt,entropy,0.001,"{'n_estimators': 300, 'min_samples_split': 2, 'min_samples_leaf': 2, 'max_samples': 0.8, 'max_leaf_nodes': 16, 'max_features': 'sqrt', 'criterion': 'entropy', 'ccp_alpha': 0.001}",0.9382608695652175,0.9365942028985508,0.9028677150786308,0.9519560741249142,0.9066666666666667,0.9272691056667959,0.019168260635867247,180,0.9882535553970717,0.9922375690607734,0.9804603296015576,0.9922375690607734,0.9922375690607734,0.9890853184361899,0.00458022519427455,0.9565217391304348,0.9565217391304348,0.9361702127659575,0.967741935483871,0.9333333333333333,0.9500577919688062,0.013182310347151598,153,0.9917355371900827,0.994475138121547,0.9863013698630136,0.994475138121547,0.994475138121547,0.9922924642835473,0.0031779104893766017,0.92,0.9166666666666666,0.8695652173913043,0.9361702127659575,0.88,0.9044804193647857,0.025345481937928273,180,0.9847715736040609,0.99,0.9746192893401016,0.99,0.99,0.9858781725888326,0.005982564616349863,0.8846153846153846,0.88,0.8,0.88,0.88,0.8649230769230769,0.032510717395377926,129,0.97,0.9801980198019802,0.9504950495049505,0.9801980198019802,0.9801980198019802,0.9722178217821782,0.011557233667029087,0.9436619718309859,0.9428571428571428,0.9142857142857143,0.9571428571428572,0.9142857142857143,0.9344466800804829,0.017226160471601196,148,0.9892857142857143,0.9928825622775801,0.9822064056939501,0.9928825622775801,0.9928825622775801,0.990027961362481,0.004151479325550108,0.9957264957264957,0.9662222222222222,0.983111111111111,0.9902222222222222,0.9608888888888889,0.9792341880341879,0.013517580374473969,12,1.0,0.99994499449945,0.9998899889988999,0.99994499449945,0.99994499449945,0.9999449944994501,3.4788533115155916e-05
0.4181385040283203,0.009292811883338267,0.03815484046936035,0.0007362185980030763,300,8,4,,,sqrt,gini,0.001,"{'n_estimators': 300, 'min_samples_split': 8, 'min_samples_leaf': 4, 'max_samples': None, 'max_leaf_nodes': None, 'max_features': 'sqrt', 'criterion': 'gini', 'ccp_alpha': 0.001}",0.9382608695652175,0.9365942028985508,0.9028677150786308,0.9519560741249142,0.9066666666666667,0.9272691056667959,0.019168260635867247,180,0.9724622409553916,0.9726444614421806,0.9726444614421806,0.9688089688089687,0.9805501335880504,0.9734220532473543,0.0038528071596134446,0.9565217391304348,0.9565217391304348,0.9361702127659575,0.967741935483871,0.9333333333333333,0.9500577919688062,0.013182310347151598,153,0.9808219178082191,0.9808219178082191,0.9808219178082191,0.978021978021978,0.9862258953168044,0.9813427253526879,0.002671570071249978,0.92,0.9166666666666666,0.8695652173913043,0.9361702127659575,0.88,0.9044804193647857,0.025345481937928273,180,0.9641025641025641,0.9644670050761421,0.9644670050761421,0.9595959595959596,0.9748743718592965,0.9655013811420208,0.005036338261555117,0.8846153846153846,0.88,0.8,0.88,0.88,0.8649230769230769,0.032510717395377926,129,0.94,0.9405940594059405,0.9405940594059405,0.9405940594059405,0.9603960396039604,0.9444356435643563,0.007983514039689511,0.9436619718309859,0.9428571428571428,0.9142857142857143,0.9571428571428572,0.9142857142857143,0.9344466800804829,0.017226160471601196,148,0.975,0.9750889679715302,0.9750889679715302,0.9715302491103203,0.9822064056939501,0.9757829181494662,0.0034906297631896997,0.9948717948717949,0.9555555555555555,0.983111111111111,0.9795555555555556,0.9573333333333334,0.9740854700854701,0.01528036090767875,139,0.9983888888888889,0.9984048404840484,0.9981848184818481,0.9976347634763476,0.999009900990099,0.9983246424642465,0.0004417289523477419
0.14564189910888672,0.0016609134685473027,0.021663999557495116,0.0005940299561489914,100,8,4,,,sqrt,log_loss,0.0,"{'n_estimators': 100, 'min_samples_split': 8, 'min_samples_leaf': 4, 'max_samples': None, 'max_leaf_nodes': None, 'max_features': 'sqrt', 'criterion': 'log_loss', 'ccp_alpha': 0.0}",0.9382608695652175,0.9365942028985508,0.9028677150786308,0.9682971014492754,0.8901098901098901,0.9272259558203129,0.027811143823302225,183,0.9763393611627513,0.9804603296015576,0.976497156239545,0.9766067266067266,0.984475138121547,0.9788757423464256,0.003196982440343316,0.9565217391304348,0.9565217391304348,0.9361702127659575,0.9782608695652174,0.9230769230769231,0.9501102967337935,0.018972596924251003,150,0.9836065573770492,0.9863013698630136,0.9836065573770492,0.9835164835164835,0.988950276243094,0.985196248875338,0.002153595303465031,0.92,0.9166666666666666,0.8695652173913043,0.9583333333333334,0.8571428571428571,0.9043416149068323,0.03674049031212169,183,0.9690721649484536,0.9746192893401016,0.9693877551020408,0.9696969696969697,0.98,0.9725552358175131,0.004243093980919474,0.8846153846153846,0.88,0.8,0.92,0.84,0.8649230769230769,0.04119401346751892,129,0.94,0.9504950495049505,0.9405940594059405,0.9504950495049505,0.9702970297029703,0.9503762376237624,0.010956491295111458,0.9436619718309859,0.9428571428571428,0.9142857142857143,0.9714285714285714,0.9,0.9344466800804829,0.024965400394110493,148,0.9785714285714285,0.9822064056939501,0.9786476868327402,0.9786476868327402,0.9857651245551602,0.9807676664972039,0.0028585536937192476,0.9974358974358974,0.9564444444444444,0.9857777777777779,0.984,0.9493333333333334,0.9745982905982906,0.018454319576279417,126,0.9994999999999999,0.999119911991199,0.9991749174917491,0.9987348734873487,0.9995049504950495,0.9992069306930693,0.00028500544768261685
0.16343541145324708,0.004524172523999275,0.023842000961303712,0.0009135875243188577,100,8,4,1.0,,sqrt,entropy,0.0,"{'n_estimators': 100, 'min_samples_split': 8, 'min_samples_leaf': 4, 'max_samples': 1.0, 'max_leaf_nodes': None, 'max_features': 'sqrt', 'criterion': 'entropy', 'ccp_alpha': 0.0}",0.9382608695652175,0.9365942028985508,0.9028677150786308,0.9682971014492754,0.8901098901098901,0.9272259558203129,0.027811143823302225,183,0.9763393611627513,0.9804603296015576,0.976497156239545,0.9766067266067266,0.984475138121547,0.9788757423464256,0.003196982440343316,0.9565217391304348,0.9565217391304348,0.9361702127659575,0.9782608695652174,0.9230769230769231,0.9501102967337935,0.018972596924251003,150,0.9836065573770492,0.9863013698630136,0.9836065573770492,0.9835164835164835,0.988950276243094,0.985196248875338,0.002153595303465031,0.92,0.9166666666666666,0.8695652173913043,0.9583333333333334,0.8571428571428571,0.9043416149068323,0.03674049031212169,183,0.9690721649484536,0.9746192893401016,0.9693877551020408,0.9696969696969697,0.98,0.9725552358175131,0.004243093980919474,0.8846153846153846,0.88,0.8,0.92,0.84,0.8649230769230769,0.04119401346751892,129,0.94,0.9504950495049505,0.9405940594059405,0.9504950495049505,0.9702970297029703,0.9503762376237624,0.010956491295111458,0.9436619718309859,0.9428571428571428,0.9142857142857143,0.9714285714285714,0.9,0.9344466800804829,0.024965400394110493,148,0.9785714285714285,0.9822064056939501,0.9786476868327402,0.9786476868327402,0.9857651245551602,0.9807676664972039,0.0028585536937192476,0.9974358974358974,0.9564444444444444,0.9857777777777779,0.984,0.9493333333333334,0.9745982905982906,0.018454319576279417,126,0.9994999999999999,0.999119911991199,0.9991749174917491,0.9987348734873487,0.9995049504950495,0.9992069306930693,0.00028500544768261685
0.22706589698791504,0.0048741138184617405,0.022168970108032225,0.00035821648794716636,100,8,2,0.8,32,0.5,entropy,0.0,"{'n_estimators': 100, 'min_samples_split': 8, 'min_samples_leaf': 2, 'max_samples': 0.8, 'max_leaf_nodes': 32, 'max_features': 0.5, 'criterion': 'entropy', 'ccp_alpha': 0.0}",0.9204927211646137,0.9519560741249142,0.9048913043478262,0.9682971014492754,0.8901098901098901,0.9271494182393039,0.029052242267250485,185,0.980330172110994,0.9725144973101376,0.96866287498606,0.9883821887790962,0.9922375690607734,0.9804254604494123,0.00898650399209899,0.9473684210526315,0.967741935483871,0.9347826086956522,0.9782608695652174,0.9230769230769231,0.950246151574859,0.02037889274312435,149,0.9863013698630136,0.9809264305177112,0.9781420765027322,0.9916897506925207,0.994475138121547,0.9863069531395048,0.00618561267374441,0.8936170212765957,0.9361702127659575,0.875,0.9583333333333334,0.8571428571428571,0.9040526849037487,0.037766169797658955,185,0.9743589743589743,0.9641025641025641,0.9591836734693877,0.9850746268656716,0.99,0.9745439677593195,0.011787955610655635,0.8076923076923077,0.88,0.84,0.92,0.84,0.8575384615384616,0.0387448030491008,179,0.95,0.9306930693069307,0.9306930693069307,0.9801980198019802,0.9801980198019802,0.9543564356435643,0.02224618298905654,0.9295774647887324,0.9571428571428572,0.9142857142857143,0.9714285714285714,0.9,0.9344869215291751,0.026455684500537455,145,0.9821428571428571,0.9750889679715302,0.9715302491103203,0.9893238434163701,0.9928825622775801,0.9821936959837316,0.008115167391940832,0.9914529914529915,0.968,0.9706666666666668,0.9857777777777778,0.9502222222222222,0.9732239316239317,0.01451072277028086,166,0.9997777777777778,0.9995599559955994,0.9991749174917492,0.9997249724972497,0.9997799779977997,0.9996035203520351,0.00022884572958626134
0.14771833419799804,0.0031566789632381112,0.022136640548706055,0.0004997954838062163,100,2,4,0.8,,sqrt,log_loss,0.001,"{'n_estimators': 100, 'min_samples_split': 2, 'min_samples_leaf': 4, 'max_samples': 0.8, 'max_leaf_nodes': None, 'max_features': 'sqrt', 'criterion': 'log_loss', 'ccp_alpha': 0.001}",0.9532587228439764,0.9365942028985508,0.9028677150786308,0.9519560741249142,0.8901098901098901,0.9269573210111925,0.025875135424316686,186,0.9684524815503353,0.9688089688089687,0.96866287498606,0.9727701870232706,0.9805501335880504,0.9718489291913368,0.004636546797988405,0.967741935483871,0.9565217391304348,0.9361702127659575,0.967741935483871,0.9230769230769231,0.9502505491882115,0.01782070055962649,148,0.9781420765027322,0.978021978021978,0.9781420765027322,0.9807162534435262,0.9862258953168044,0.9802496559575546,0.003155296543730714,0.9387755102040817,0.9166666666666666,0.8695652173913043,0.9361702127659575,0.8571428571428571,0.9036640928341735,0.034016128720735304,186,0.9587628865979382,0.9595959595959596,0.9591836734693877,0.964824120603015,0.9748743718592965,0.9634482024251195,0.0061225593537393925,0.8846153846153846,0.88,0.8,0.88,0.84,0.8569230769230769,0.032737073423434786,188,0.93,0.9405940594059405,0.9306930693069307,0.9504950495049505,0.9603960396039604,0.9424356435643564,0.011691488898152415,0.9577464788732394,0.9428571428571428,0.9142857142857143,0.9571428571428572,0.9,0.9344064386317907,0.02333136590352638,188,0.9714285714285714,0.9715302491103203,0.9715302491103203,0.9750889679715302,0.9822064056939501,0.9743568886629385,0.0041642690086052935,0.9965811965811966,0.9635555555555555,0.9795555555555555,0.991111111111111,0.9502222222222222,0.9762051282051282,0.017226264504085088,82,0.9984444444444444,0.9986798679867986,0.9983498349834984,0.9983498349834983,0.9987898789878988,0.9985227722772277,0.00017998606688550368
0.3448044300079346,0.005545659878116385,0.03101377487182617,0.001192321406397458,200,2,4,0.8,,0.3,entropy,0.0,"{'n_estimators': 200, 'min_samples_split': 2, 'min_samples_leaf': 4, 'max_samples': 0.8, 'max_leaf_nodes': None, 'max_features': 0.3, 'criterion': 'entropy', 'ccp_alpha': 0.0}",0.9370567375886525,0.9519560741249142,0.9028677150786308,0.9519560741249142,0.8901098901098901,0.9267892982054005,0.02565063215354637,187,0.9684524815503353,0.9646614965416056,0.9646614965416056,0.96866287498606,0.9804603296015576,0.9693797358442329,0.005808215083209454,0.9574468085106383,0.967741935483871,0.9361702127659575,0.967741935483871,0.9230769230769231,0.9504355630642521,0.017889516575088853,147,0.9781420765027322,0.9754768392370572,0.9754768392370572,0.9781420765027322,0.9863013698630136,0.9787078402685185,0.003979462383549693,0.9166666666666666,0.9361702127659575,0.8695652173913043,0.9361702127659575,0.8571428571428571,0.9031430333465484,0.03349018887398391,187,0.9587628865979382,0.9538461538461539,0.9538461538461539,0.9591836734693877,0.9746192893401016,0.9600516314199471,0.007637365715173441,0.8461538461538461,0.88,0.8,0.88,0.84,0.8492307692307692,0.029704660642823795,220,0.93,0.9207920792079208,0.9207920792079208,0.9306930693069307,0.9504950495049505,0.9305544554455445,0.01084953368302543,0.9436619718309859,0.9571428571428572,0.9142857142857143,0.9571428571428572,0.9,0.9344466800804829,0.023273129651532234,148,0.9714285714285714,0.9679715302491103,0.9679715302491103,0.9715302491103203,0.9822064056939501,0.9722216573462126,0.005233151839419796,0.994017094017094,0.9617777777777777,0.9777777777777779,0.984,0.9493333333333334,0.9733811965811967,0.01594282427906465,165,0.9988333333333334,0.9986248624862486,0.9988998899889989,0.9987898789878988,0.9993399339933993,0.9988975797579757,0.0002390750409462666
0.6694755554199219,0.005154435955899528,0.037282276153564456,0.0006864430440328378,300,2,4,0.8,16,0.5,entropy,0.001,"{'n_estimators': 300, 'min_samples_split': 2, 'min_samples_leaf': 4, 'max_samples': 0.8, 'max_leaf_nodes': 16, 'max_features': 0.5, 'criterion': 'entropy', 'ccp_alpha': 0.001}",0.9204927211646137,0.9519560741249142,0.9028677150786308,0.9682971014492754,0.8901098901098901,0.9267447003854649,0.02937183138806991,188,0.9682971014492754,0.9646614965416056,0.96866287498606,0.9766067266067266,0.9725144973101376,0.970148539378761,0.00407550240818868,0.9473684210526315,0.967741935483871,0.9361702127659575,0.9782608695652174,0.9230769230769231,0.9505236723889201,0.020174846483393717,145,0.9782608695652174,0.9754768392370572,0.9781420765027322,0.9835164835164835,0.9809264305177112,0.9792645398678402,0.0027369639922431204,0.8936170212765957,0.9361702127659575,0.8695652173913043,0.9583333333333334,0.8571428571428571,0.9029657283820096,0.0386544627406272,188,0.9583333333333334,0.9538461538461539,0.9591836734693877,0.9696969696969697,0.9641025641025641,0.9610325388896819,0.0054193276334548405,0.8076923076923077,0.88,0.8,0.92,0.84,0.8495384615384616,0.04514172291715275,211,0.92,0.9207920792079208,0.9306930693069307,0.9504950495049505,0.9306930693069307,0.9305346534653467,0.010994219190210429,0.9295774647887324,0.9571428571428572,0.9142857142857143,0.9714285714285714,0.9,0.9344869215291751,0.026455684500537455,145,0.9714285714285714,0.9679715302491103,0.9715302491103203,0.9786476868327402,0.9750889679715302,0.9729334011184545,0.003637390277660599,0.994017094017094,0.9662222222222222,0.9706666666666667,0.9848888888888888,0.9502222222222222,0.9732034188034188,0.015185959965909327,167,0.9993888888888889,0.9988998899889989,0.9986248624862486,0.9990649064906492,0.9995049504950494,0.9990966996699671,0.00032075487854367517
0.6595438480377197,0.0163126194387052,0.03891787528991699,0.0014888019305547959,300,4,4,0.8,32,0.5,entropy,0.0,"{'n_estimators': 300, 'min_samples_split': 4, 'min_samples_leaf': 4, 'max_samples': 0.8, 'max_leaf_nodes': 32, 'max_features': 0.5, 'criterion': 'entropy', 'ccp_alpha': 0.0}",0.9204927211646137,0.9519560741249142,0.9028677150786308,0.9682971014492754,0.8901098901098901,0.9267447003854649,0.02937183138806991,188,0.9682971014492754,0.9646614965416056,0.96866287498606,0.9766067266067266,0.9725144973101376,0.970148539378761,0.00407550240818868,0.9473684210526315,0.967741935483871,0.9361702127659575,0.9782608695652174,0.9230769230769231,0.9505236723889201,0.020174846483393717,145,0.9782608695652174,0.9754768392370572,0.9781420765027322,0.9835164835164835,0.9809264305177112,0.9792645398678402,0.0027369639922431204,0.8936170212765957,0.9361702127659575,0.8695652173913043,0.9583333333333334,0.8571428571428571,0.9029657283820096,0.0386544627406272,188,0.9583333333333334,0.9538461538461539,0.9591836734693877,0.9696969696969697,0.9641025641025641,0.9610325388896819,0.0054193276334548405,0.8076923076923077,0.88,0.8,0.92,0.84,0.8495384615384616,0.04514172291715275,211,0.92,0.9207920792079208,0.9306930693069307,0.9504950495049505,0.9306930693069307,0.9305346534653467,0.010994219190210429,0.9295774647887324,0.9571428571428572,0.9142857142857143,0.9714285714285714,0.9,0.9344869215291751,0.026455684500537455,145,0.9714285714285714,0.9679715302491103,0.9715302491103203,0.9786476868327402,0.9750889679715302,0.9729334011184545,0.003637390277660599,0.994017094017094,0.9662222222222222,0.9706666666666667,0.9848888888888888,0.9502222222222222,0.9732034188034188,0.015185959965909327,167,0.9993888888888889,0.9988998899889989,0.9986248624862486,0.9990649064906492,0.9995049504950494,0.9990966996699671,0.00032075487854367517
0.1447610855102539,0.0024866969016072993,0.022599315643310545,0.0006375661346848537,100,2,2,1.0,16,sqrt,gini,0.0,"{'n_estimators': 100, 'min_samples_split': 2, 'min_samples_leaf': 2, 'max_samples': 1.0, 'max_leaf_nodes': 16, 'max_features': 'sqrt', 'criterion': 'gini', 'ccp_alpha': 0.0}",0.9382608695652175,0.9215070643642072,0.9199267902081903,0.9519560741249142,0.8920467063229787,0.9247395009171016,0.020129574839544657,190,0.9843014128728415,0.9883300801528303,0.976497156239545,0.9883300801528303,0.9922375690607734,0.985939259695764,0.005346711244616052,0.9565217391304348,0.945054945054945,0.946236559139785,0.967741935483871,0.9213483146067416,0.9473806986831554,0.015378828241770396,212,0.989010989010989,0.9917355371900827,0.9836065573770492,0.9917355371900827,0.994475138121547,0.99011275177795,0.0036835234864308238,0.92,0.8979591836734694,0.8936170212765957,0.9361702127659575,0.8627450980392157,0.9020983031510476,0.02497640878803782,190,0.9795918367346939,0.9849246231155779,0.9693877551020408,0.9849246231155779,0.99,0.981765767613578,0.007009999833959615,0.8846153846153846,0.88,0.84,0.88,0.88,0.8729230769230769,0.016558306519475343,59,0.96,0.9702970297029703,0.9405940594059405,0.9702970297029703,0.9801980198019802,0.9642772277227722,0.013454625901204352,0.9436619718309859,0.9285714285714286,0.9285714285714286,0.9571428571428572,0.9,0.93158953722334,0.019051680544872395,193,0.9857142857142858,0.9893238434163701,0.9786476868327402,0.9893238434163701,0.9928825622775801,0.9871784443314693,0.0048303213137124955,0.9923076923076922,0.9626666666666667,0.9848888888888889,0.9777777777777779,0.9573333333333334,0.9749948717948719,0.013185480473513565,106,0.9990555555555556,0.9997249724972497,0.9995599559955995,0.9991749174917491,0.9997249724972497,0.9994480748074807,0.0002809086483977311
0.6849521160125732,0.017390648088796947,0.03707075119018555,0.0007187111675473439,300,4,1,1.0,32,0.5,gini,0.001,"{'n_estimators': 300, 'min_samples_split': 4, 'min_samples_leaf': 1, 'max_samples': 1.0, 'max_leaf_nodes': 32, 'max_features': 0.5, 'criterion': 'gini', 'ccp_alpha': 0.001}",0.9382608695652175,0.9365942028985508,0.9048913043478262,0.9682971014492754,0.8755555555555555,0.9247198067632851,0.031728962738763855,191,1.0,1.0,1.0,1.0,1.0,1.0,0.0,0.9565217391304348,0.9565217391304348,0.9347826086956522,0.9782608695652174,0.9111111111111111,0.9474396135265701,0.022781043408099166,209,1.0,1.0,1.0,1.0,1.0,1.0,0.0,0.92,0.9166666666666666,0.875,0.9583333333333334,0.84,0.9020000000000001,0.04070762964250207,191,1.0,1.0,1.0,1.0,1.0,1.0,0.0,0.8846153846153846,0.88,0.84,0.92,0.84,0.8729230769230769,0.0302353686068634,59,1.0,1.0,1.0,1.0,1.0,1.0,0.0,0.9436619718309859,0.9428571428571428,0.9142857142857143,0.9714285714285714,0.8857142857142857,0.9315895372233399,0.02920209667046558,210,1.0,1.0,1.0,1.0,1.0,1.0,0.0,0.9923076923076923,0.956,0.9760000000000001,0.9813333333333333,0.96,0.9731282051282051,0.013484429864984855,170,1.0,1.0,1.0,1.0,1.0,1.0,0.0
0.6205811977386475,0.015363744215581749,0.03867206573486328,0.000823890435590629,300,2,1,0.8,32,0.5,gini,0.0,"{'n_estimators': 300, 'min_samples_split': 2, 'min_samples_leaf': 1, 'max_samples': 0.8, 'max_leaf_nodes': 32, 'max_features': 0.5, 'criterion': 'gini', 'ccp_alpha': 0.0}",0.9382608695652175,0.9365942028985508,0.9048913043478262,0.9682971014492754,0.8755555555555555,0.9247198067632851,0.031728962738763855,191,1.0,1.0,1.0,1.0,1.0,1.0,0.0,0.9565217391304348,0.9565217391304348,0.9347826086956522,0.9782608695652174,0.9111111111111111,0.9474396135265701,0.022781043408099166,209,1.0,1.0,1.0,1.0,1.0,1.0,0.0,0.92,0.9166666666666666,0.875,0.9583333333333334,0.84,0.9020000000000001,0.04070762964250207,191,1.0,1.0,1.0,1.0,1.0,1.0,0.0,0.8846153846153846,0.88,0.84,0.92,0.84,0.8729230769230769,0.0302353686068634,59,1.0,1.0,1.0,1.0,1.0,1.0,0.0,0.9436619718309859,0.9428571428571428,0.9142857142857143,0.9714285714285714,0.8857142857142857,0.9315895372233399,0.02920209667046558,210,1.0,1.0,1.0,1.0,1.0,1.0,0.0,0.9897435897435898,0.952,0.9768888888888889,0.9768888888888888,0.9591111111111111,0.9709264957264958,0.013586749764300445,199,1.0,1.0,1.0,1.0,1.0,1.0,0.0
0.17971491813659668,0.0032444599613941634,0.022022390365600587,0.00040897190853982047,100,4,2,1.0,32,0.3,gini,0.0,"{'n_estimators': 100, 'min_samples_split': 4, 'min_samples_leaf': 2, 'max_samples': 1.0, 'max_leaf_nodes': 32, 'max_features': 0.3, 'criterion': 'gini', 'ccp_alpha': 0.0}",0.9382608695652175,0.9365942028985508,0.9048913043478262,0.9682971014492754,0.8755555555555555,0.9247198067632851,0.031728962738763855,191,0.9882535553970717,0.9961273962596988,0.976497156239545,0.9922375690607734,0.9961273962596988,0.9898486146433576,0.007285038859028809,0.9565217391304348,0.9565217391304348,0.9347826086956522,0.9782608695652174,0.9111111111111111,0.9474396135265701,0.022781043408099166,209,0.9917355371900827,0.997229916897507,0.9836065573770492,0.994475138121547,0.997229916897507,0.9928554132967384,0.005053543911589258,0.92,0.9166666666666666,0.875,0.9583333333333334,0.84,0.9020000000000001,0.04070762964250207,191,0.9847715736040609,0.9950248756218906,0.9693877551020408,0.99,0.9950248756218906,0.9868418159899764,0.009516608651576466,0.8846153846153846,0.88,0.84,0.92,0.84,0.8729230769230769,0.0302353686068634,59,0.97,0.9900990099009901,0.9405940594059405,0.9801980198019802,0.9900990099009901,0.9741980198019802,0.01837679241224671,0.9436619718309859,0.9428571428571428,0.9142857142857143,0.9714285714285714,0.8857142857142857,0.9315895372233399,0.02920209667046558,210,0.9892857142857143,0.99644128113879,0.9786476868327402,0.9928825622775801,0.99644128113879,0.990739705134723,0.0066021022500335255,0.9914529914529915,0.952,0.9822222222222223,0.9795555555555555,0.9511111111111111,0.9712683760683761,0.016575092364807285,196,1.0,0.9999999999999999,0.99994499449945,0.9998899889988999,1.0,0.99996699669967,4.400440044001752e-05
0.3348477840423584,0.012908404241379828,0.032852983474731444,0.0014247978116367183,200,2,1,1.0,,sqrt,log_loss,0.0,"{'n_estimators': 200, 'min_samples_split': 2, 'min_samples_leaf': 1, 'max_samples': 1.0, 'max_leaf_nodes': None, 'max_features': 'sqrt', 'criterion': 'log_loss', 'ccp_alpha': 0.0}",0.9382608695652175,0.9215070643642072,0.9199267902081903,0.9519560741249142,0.8901098901098901,0.9243521376744838,0.020763621028042863,194,1.0,1.0,1.0,1.0,1.0,1.0,0.0,0.9565217391304348,0.945054945054945,0.946236559139785,0.967741935483871,0.9230769230769231,0.9477264203771918,0.014798193545273725,208,1.0,1.0,1.0,1.0,1.0,1.0,0.0,0.92,0.8979591836734694,0.8936170212765957,0.9361702127659575,0.8571428571428571,0.9009778549717758,0.02677739842607986,194,1.0,1.0,1.0,1.0,1.0,1.0,0.0,0.8846153846153846,0.88,0.84,0.88,0.84,0.8649230769230769,0.02041927387450716,129,1.0,1.0,1.0,1.0,1.0,1.0,0.0,0.9436619718309859,0.9285714285714286,0.9285714285714286,0.9571428571428572,0.9,0.93158953722334,0.019051680544872395,193,1.0,1.0,1.0,1.0,1.0,1.0,0.0,0.9965811965811965,0.9733333333333334,0.9848888888888888,0.992,0.9622222222222222,0.9818051282051282,0.01254622415396704,1,1.0,1.0,1.0,1.0,1.0,1.0,0.0
0.3237332820892334,0.01160009369625429,0.03222012519836426,0.0011963572998893422,200,2,2,0.8,32,sqrt,entropy,0.001,"{'n_estimators': 200, 'min_samples_split': 2, 'min_samples_leaf': 2, 'max_samples': 0.8, 'max_leaf_nodes': 32, 'max_features': 'sqrt', 'criterion': 'entropy', 'ccp_alpha': 0.001}",0.9382608695652175,0.9215070643642072,0.9028677150786308,0.9519560741249142,0.9066666666666667,0.9242516779599275,0.018643124259537906,195,0.9921870640102685,0.9922375690607734,0.9804603296015576,0.9922375690607734,0.9922375690607734,0.9898720201588294,0.004705885931520031,0.9565217391304348,0.945054945054945,0.9361702127659575,0.967741935483871,0.9333333333333333,0.9477644331537084,0.012851575168082462,207,0.994475138121547,0.994475138121547,0.9863013698630136,0.994475138121547,0.994475138121547,0.9928403844698404,0.0032695073034133327,0.92,0.8979591836734694,0.8695652173913043,0.9361702127659575,0.88,0.9007389227661463,0.024641408973434076,195,0.98989898989899,0.99,0.9746192893401016,0.99,0.99,0.9869036558478184,0.006142307838268454,0.8846153846153846,0.88,0.8,0.88,0.88,0.8649230769230769,0.032510717395377926,129,0.98,0.9801980198019802,0.9504950495049505,0.9801980198019802,0.9801980198019802,0.9742178217821781,0.011861634074005055,0.9436619718309859,0.9285714285714286,0.9142857142857143,0.9571428571428572,0.9142857142857143,0.93158953722334,0.016773010419201602,193,0.9928571428571429,0.9928825622775801,0.9822064056939501,0.9928825622775801,0.9928825622775801,0.9907422470767665,0.004267932046107473,0.9940170940170939,0.9777777777777777,0.9804444444444445,0.9902222222222222,0.9635555555555555,0.9812034188034188,0.01067040039846671,2,1.0,0.9999449944994498,0.9998349834983498,0.99994499449945,1.0,0.9999449944994498,6.0255506876282976e-05
0.49291281700134276,0.009581721588775969,0.030353260040283204,0.0008360312395768685,200,2,4,1.0,,0.5,entropy,0.001,"{'n_estimators': 200, 'min_samples_split': 2, 'min_samples_leaf': 4, 'max_samples': 1.0, 'max_leaf_nodes': None, 'max_features': 0.5, 'criterion': 'entropy', 'ccp_alpha': 0.001}",0.9370567375886525,0.9519560741249142,0.8878975062914665,0.9682971014492754,0.8755555555555555,0.9241525950019728,0.03623366251726828,196,0.9764521193092621,0.9804603296015576,0.96866287498606,0.9844044844044844,0.9844044844044844,0.9788768585411696,0.005896125785216258,0.9574468085106383,0.967741935483871,0.9247311827956989,0.9782608695652174,0.9111111111111111,0.9478583814933075,0.025678139080026332,206,0.9835164835164835,0.9863013698630136,0.9781420765027322,0.989010989010989,0.989010989010989,0.9851963815808414,0.0040720691653675,0.9166666666666666,0.9361702127659575,0.851063829787234,0.9583333333333334,0.84,0.9004468085106383,0.04686702553599301,196,0.9693877551020408,0.9746192893401016,0.9591836734693877,0.9797979797979798,0.9797979797979798,0.972557335501498,0.007720188978860711,0.8461538461538461,0.88,0.8,0.92,0.84,0.8572307692307692,0.04038161160990257,185,0.95,0.9504950495049505,0.9306930693069307,0.9603960396039604,0.9603960396039604,0.9503960396039604,0.010847798752318652,0.9436619718309859,0.9571428571428572,0.9,0.9714285714285714,0.8857142857142857,0.93158953722334,0.033130958469909835,193,0.9785714285714285,0.9822064056939501,0.9715302491103203,0.9857651245551602,0.9857651245551602,0.9807676664972039,0.005332400689453721,0.9957264957264957,0.9715555555555555,0.9724444444444446,0.9875555555555555,0.9511111111111111,0.9756786324786326,0.015323191340434838,86,0.9994444444444444,0.9995599559955995,0.9991199119911991,0.9995599559955995,0.9998899889988999,0.9995148514851486,0.0002472777156200604
0.6501548767089844,0.016764276305685263,0.03817815780639648,0.0008096935944851494,300,8,4,,,0.5,gini,0.001,"{'n_estimators': 300, 'min_samples_split': 8, 'min_samples_leaf': 4, 'max_samples': None, 'max_leaf_nodes': None, 'max_features': 0.5, 'criterion': 'gini', 'ccp_alpha': 0.001}",0.9204927211646137,0.9519560741249142,0.8878975062914665,0.9843014128728415,0.8755555555555555,0.9240406540018782,0.04020037180309148,197,0.9603713768115942,0.9646614965416056,0.9646614965416056,0.9646614965416056,0.976497156239545,0.9661706045351913,0.005424037852038654,0.9473684210526315,0.967741935483871,0.9247311827956989,0.989010989010989,0.9111111111111111,0.9479927278908603,0.028193161729049347,205,0.9728260869565217,0.9754768392370572,0.9754768392370572,0.9754768392370572,0.9836065573770492,0.9765726324089485,0.0036637410200684346,0.8936170212765957,0.9361702127659575,0.851063829787234,0.9795918367346939,0.84,0.9000885801128963,0.05230410444053321,197,0.9479166666666666,0.9538461538461539,0.9538461538461539,0.9538461538461539,0.9693877551020408,0.9557685766614339,0.007186398825630883,0.8076923076923077,0.88,0.8,0.96,0.84,0.8575384615384616,0.058490680995468045,179,0.91,0.9207920792079208,0.9207920792079208,0.9207920792079208,0.9405940594059405,0.9225940594059405,0.009923222563487369,0.9295774647887324,0.9571428571428572,0.9,0.9857142857142858,0.8857142857142857,0.9316297786720323,0.03657578012765345,190,0.9642857142857143,0.9679715302491103,0.9679715302491103,0.9679715302491103,0.9786476868327402,0.9693695983731571,0.004853711699654807,0.9923076923076923,0.9591111111111111,0.9742222222222223,0.976,0.9466666666666667,0.9696615384615385,0.01558139827616525,212,0.998,0.9976897689768978,0.996974697469747,0.9981848184818483,0.9991749174917491,0.9980048404840485,0.0007158156743827227
0.12903919219970703,0.0024863342426375717,0.021915626525878907,0.00043707751761567766,100,8,4,0.8,,sqrt,gini,0.0,"{'n_estimators': 100, 'min_samples_split': 8, 'min_samples_leaf': 4, 'max_samples': 0.8, 'max_leaf_nodes': None, 'max_features': 'sqrt', 'criterion': 'gini', 'ccp_alpha': 0.0}",0.9382608695652175,0.9365942028985508,0.9028677150786308,0.9519560741249142,0.8901098901098901,0.9239577503554408,0.02340355749488969,198,0.9684524815503353,0.9646614965416056,0.96866287498606,0.9726444614421806,0.9766067266067266,0.9702056082253817,0.004077081674279605,0.9565217391304348,0.9565217391304348,0.9361702127659575,0.967741935483871,0.9230769230769231,0.9480065099175242,0.016100232977723547,195,0.9781420765027322,0.9754768392370572,0.9781420765027322,0.9808219178082191,0.9835164835164835,0.979219878713445,0.0027335325799159667,0.92,0.9166666666666666,0.8695652173913043,0.9361702127659575,0.8571428571428571,0.8999089907933572,0.03081892711386969,198,0.9587628865979382,0.9538461538461539,0.9591836734693877,0.9644670050761421,0.9696969696969697,0.9611913377373182,0.005421357554926327,0.8846153846153846,0.88,0.8,0.88,0.84,0.8569230769230769,0.032737073423434786,188,0.93,0.9207920792079208,0.9306930693069307,0.9405940594059405,0.9504950495049505,0.9345148514851485,0.010155076362289366,0.9436619718309859,0.9428571428571428,0.9142857142857143,0.9571428571428572,0.9,0.93158953722334,0.021085520734501532,193,0.9714285714285714,0.9679715302491103,0.9715302491103203,0.9750889679715302,0.9786476868327402,0.9729334011184546,0.003637390277660599,0.9957264957264957,0.9582222222222222,0.9786666666666667,0.9751111111111112,0.9502222222222223,0.9715897435897436,0.016002045307215315,192,0.9973333333333333,0.9972497249724972,0.9963696369636964,0.9969196919691969,0.9981298129812982,0.9972004400440044,0.0005749568552259683
0.43785805702209474,0.008189422858032314,0.03745145797729492,0.0005831081990393763,300,8,2,0.8,16,sqrt,entropy,0.001,"{'n_estimators': 300, 'min_samples_split': 8, 'min_samples_leaf': 2, 'max_samples': 0.8, 'max_leaf_nodes': 16, 'max_features': 'sqrt', 'criterion': 'entropy', 'ccp_alpha': 0.001}",0.9382608695652175,0.9365942028985508,0.9028677150786308,0.9519560741249142,0.8901098901098901,0.9239577503554408,0.02340355749488969,198,0.9843014128728415,0.984475138121547,0.9726444614421806,0.9922375690607734,0.9883821887790962,0.9844081540552878,0.006564952943547931,0.9565217391304348,0.9565217391304348,0.9361702127659575,0.967741935483871,0.9230769230769231,0.9480065099175242,0.016100232977723547,195,0.989010989010989,0.988950276243094,0.9808219178082191,0.994475138121547,0.9916897506925207,0.988989614375274,0.004562783766031753,0.92,0.9166666666666666,0.8695652173913043,0.9361702127659575,0.8571428571428571,0.8999089907933572,0.03081892711386969,198,0.9795918367346939,0.98,0.9644670050761421,0.99,0.9850746268656716,0.9798266937353015,0.00856787244389897,0.8846153846153846,0.88,0.8,0.88,0.84,0.8569230769230769,0.032737073423434786,188,0.96,0.9702970297029703,0.9405940594059405,0.9801980198019802,0.9801980198019802,0.9662574257425742,0.014851009893385907,0.9436619718309859,0.9428571428571428,0.9142857142857143,0.9571428571428572,0.9,0.93158953722334,0.021085520734501532,193,0.9857142857142858,0.9857651245551602,0.9750889679715302,0.9928825622775801,0.9893238434163701,0.9857549567869853,0.00595491035590018,0.9965811965811966,0.9644444444444444,0.983111111111111,0.9884444444444445,0.9608888888888889,0.978694017094017,0.013817421280216397,17,0.9993333333333333,0.9995599559955995,0.9993949394939493,0.9995599559955995,0.9996699669966996,0.9995036303630362,0.0001223338161051973
0.4989051342010498,0.022343765808372877,0.039123821258544925,0.0009049894096313656,300,4,4,1.0,16,sqrt,entropy,0.001,"{'n_estimators': 300, 'min_samples_split': 4, 'min_samples_leaf': 4, 'max_samples': 1.0, 'max_leaf_nodes': 16, 'max_features': 'sqrt', 'criterion': 'entropy', 'ccp_alpha': 0.001}",0.9382608695652175,0.9365942028985508,0.9028677150786308,0.9519560741249142,0.8901098901098901,0.9239577503554408,0.02340355749488969,198,0.980330172110994,0.9805501335880504,0.9726444614421806,0.9844044844044844,0.9883300801528303,0.9812518663397081,0.005205179720674419,0.9565217391304348,0.9565217391304348,0.9361702127659575,0.967741935483871,0.9230769230769231,0.9480065099175242,0.016100232977723547,195,0.9863013698630136,0.9862258953168044,0.9808219178082191,0.989010989010989,0.9917355371900827,0.9868191418378218,0.00362110100947469,0.92,0.9166666666666666,0.8695652173913043,0.9361702127659575,0.8571428571428571,0.8999089907933572,0.03081892711386969,198,0.9743589743589743,0.9748743718592965,0.9644670050761421,0.9797979797979798,0.9849246231155779,0.9756845908415942,0.006790377152917467,0.8846153846153846,0.88,0.8,0.88,0.84,0.8569230769230769,0.032737073423434786,188,0.95,0.9603960396039604,0.9405940594059405,0.9603960396039604,0.9702970297029703,0.9563366336633663,0.010157084042164097,0.9436619718309859,0.9428571428571428,0.9142857142857143,0.9571428571428572,0.9,0.93158953722334,0.021085520734501532,193,0.9821428571428571,0.9822064056939501,0.9750889679715302,0.9857651245551602,0.9893238434163701,0.9829054397559736,0.0047231581535490995,0.9965811965811966,0.9662222222222222,0.9813333333333334,0.9857777777777778,0.9564444444444444,0.9772717948717948,0.014265850243208884,49,0.9991111111111111,0.9994499449944995,0.9993949394939493,0.999009900990099,0.9995599559955994,0.9993051705170517,0.00020917786938068488
0.45816960334777834,0.008159579548356109,0.03790884017944336,0.0002876545757348937,300,8,4,1.0,16,sqrt,log_loss,0.001,"{'n_estimators': 300, 'min_samples_split': 8, 'min_samples_leaf': 4, 'max_samples': 1.0, 'max_leaf_nodes': 16, 'max_features': 'sqrt', 'criterion': 'log_loss', 'ccp_alpha': 0.001}",0.9382608695652175,0.9365942028985508,0.9028677150786308,0.9519560741249142,0.8901098901098901,0.9239577503554408,0.02340355749488969,198,0.980330172110994,0.9805501335880504,0.9726444614421806,0.9844044844044844,0.9883300801528303,0.9812518663397081,0.005205179720674419,0.9565217391304348,0.9565217391304348,0.9361702127659575,0.967741935483871,0.9230769230769231,0.9480065099175242,0.016100232977723547,195,0.9863013698630136,0.9862258953168044,0.9808219178082191,0.989010989010989,0.9917355371900827,0.9868191418378218,0.00362110100947469,0.92,0.9166666666666666,0.8695652173913043,0.9361702127659575,0.8571428571428571,0.8999089907933572,0.03081892711386969,198,0.9743589743589743,0.9748743718592965,0.9644670050761421,0.9797979797979798,0.9849246231155779,0.9756845908415942,0.006790377152917467,0.8846153846153846,0.88,0.8,0.88,0.84,0.8569230769230769,0.032737073423434786,188,0.95,0.9603960396039604,0.9405940594059405,0.9603960396039604,0.9702970297029703,0.9563366336633663,0.010157084042164097,0.9436619718309859,0.9428571428571428,0.9142857142857143,0.9571428571428572,0.9,0.93158953722334,0.021085520734501532,193,0.9821428571428571,0.9822064056939501,0.9750889679715302,0.9857651245551602,0.9893238434163701,0.9829054397559736,0.0047231581535490995,0.9965811965811966,0.9662222222222222,0.9813333333333334,0.9857777777777778,0.9564444444444444,0.9772717948717948,0.014265850243208884,49,0.9991111111111111,0.9994499449944995,0.9993949394939493,0.999009900990099,0.9995599559955994,0.9993051705170517,0.00020917786938068488
0.4472090244293213,0.008218172986111012,0.037925195693969724,0.0006979824561095002,300,2,4,1.0,32,sqrt,log_loss,0.0,"{'n_estimators': 300, 'min_samples_split': 2, 'min_samples_leaf': 4, 'max_samples': 1.0, 'max_leaf_nodes': 32, 'max_features': 'sqrt', 'criterion': 'log_loss', 'ccp_alpha': 0.0}",0.9382608695652175,0.9365942028985508,0.9028677150786308,0.9519560741249142,0.8901098901098901,0.9239577503554408,0.02340355749488969,198,0.980330172110994,0.9844044844044844,0.9726444614421806,0.9844044844044844,0.9883300801528303,0.9820227365029949,0.0053281300169379835,0.9565217391304348,0.9565217391304348,0.9361702127659575,0.967741935483871,0.9230769230769231,0.9480065099175242,0.016100232977723547,195,0.9863013698630136,0.989010989010989,0.9808219178082191,0.989010989010989,0.9917355371900827,0.9873761605766587,0.0037003450061538247,0.92,0.9166666666666666,0.8695652173913043,0.9361702127659575,0.8571428571428571,0.8999089907933572,0.03081892711386969,198,0.9743589743589743,0.9797979797979798,0.9644670050761421,0.9797979797979798,0.9849246231155779,0.9766693124293309,0.006956453698182495,0.8846153846153846,0.88,0.8,0.88,0.84,0.8569230769230769,0.032737073423434786,188,0.95,0.9603960396039604,0.9405940594059405,0.9603960396039604,0.9702970297029703,0.9563366336633663,0.010157084042164097,0.9436619718309859,0.9428571428571428,0.9142857142857143,0.9571428571428572,0.9,0.93158953722334,0.021085520734501532,193,0.9821428571428571,0.9857651245551602,0.9750889679715302,0.9857651245551602,0.9893238434163701,0.9836171835282155,0.004831094436282328,0.9965811965811966,0.9671111111111111,0.9813333333333334,0.9866666666666666,0.9564444444444444,0.9776273504273503,0.014240776851243215,41,0.9991666666666666,0.9994499449944995,0.9994499449944994,0.999064906490649,0.9996699669966996,0.9993602860286028,0.00021758551932103467
0.45003175735473633,0.00586671983358354,0.03824682235717773,0.0006335318743241004,300,2,4,1.0,,sqrt,entropy,0.0,"{'n_estimators': 300, 'min_samples_split': 2, 'min_samples_leaf': 4, 'max_samples': 1.0, 'max_leaf_nodes': None, 'max_features': 'sqrt', 'criterion': 'entropy', 'ccp_alpha': 0.0}",0.9382608695652175,0.9365942028985508,0.9028677150786308,0.9519560741249142,0.8901098901098901,0.9239577503554408,0.02340355749488969,198,0.9843014128728415,0.9804603296015576,0.9726444614421806,0.9844044844044844,0.984475138121547,0.9812571652885221,0.004568194934177545,0.9565217391304348,0.9565217391304348,0.9361702127659575,0.967741935483871,0.9230769230769231,0.9480065099175242,0.016100232977723547,195,0.989010989010989,0.9863013698630136,0.9808219178082191,0.989010989010989,0.988950276243094,0.986819108387261,0.003174426114683495,0.92,0.9166666666666666,0.8695652173913043,0.9361702127659575,0.8571428571428571,0.8999089907933572,0.03081892711386969,198,0.9795918367346939,0.9746192893401016,0.9644670050761421,0.9797979797979798,0.98,0.9756952221897833,0.005962848781356862,0.8846153846153846,0.88,0.8,0.88,0.84,0.8569230769230769,0.032737073423434786,188,0.96,0.9504950495049505,0.9405940594059405,0.9603960396039604,0.9702970297029703,0.9563564356435643,0.010067198977151706,0.9436619718309859,0.9428571428571428,0.9142857142857143,0.9571428571428572,0.9,0.93158953722334,0.021085520734501532,193,0.9857142857142858,0.9822064056939501,0.9750889679715302,0.9857651245551602,0.9857651245551602,0.9829079816980173,0.004143212700029919,0.9965811965811966,0.9582222222222222,0.9822222222222222,0.9848888888888888,0.9564444444444444,0.9756717948717949,0.01574321816241619,88,0.9993888888888889,0.9994499449944995,0.9993949394939493,0.9991199119911991,0.9996699669966996,0.9994047304730472,0.00017542129465488766
0.14898648262023925,0.0020567720365779834,0.022022819519042967,0.0004981376226565663,100,8,2,0.8,16,sqrt,entropy,0.001,"{'n_estimators': 100, 'min_samples_split': 8, 'min_samples_leaf': 2, 'max_samples': 0.8, 'max_leaf_nodes': 16, 'max_features': 'sqrt', 'criterion': 'entropy', 'ccp_alpha': 0.001}",0.9382608695652175,0.9365942028985508,0.9028677150786308,0.9519560741249142,0.8901098901098901,0.9239577503554408,0.02340355749488969,198,0.9764521193092621,0.984475138121547,0.9726444614421806,0.9883300801528303,0.9922375690607734,0.9828278736173186,0.007292218482332269,0.9565217391304348,0.9565217391304348,0.9361702127659575,0.967741935483871,0.9230769230769231,0.9480065099175242,0.016100232977723547,195,0.9835164835164835,0.988950276243094,0.9808219178082191,0.9917355371900827,0.994475138121547,0.9878998705758851,0.005066780658995385,0.92,0.9166666666666666,0.8695652173913043,0.9361702127659575,0.8571428571428571,0.8999089907933572,0.03081892711386969,198,0.9693877551020408,0.98,0.9644670050761421,0.9849246231155779,0.99,0.9777558766587522,0.0095180369620597,0.8846153846153846,0.88,0.8,0.88,0.84,0.8569230769230769,0.032737073423434786,188,0.95,0.9702970297029703,0.9405940594059405,0.9702970297029703,0.9801980198019802,0.9622772277227722,0.014633382009380067,0.9436619718309859,0.9428571428571428,0.9142857142857143,0.9571428571428572,0.9,0.93158953722334,0.021085520734501532,193,0.9785714285714285,0.9857651245551602,0.9750889679715302,0.9893238434163701,0.9928825622775801,0.9843263853584139,0.006613654490354452,0.9948717948717949,0.9671111111111111,0.984,0.9937777777777778,0.9528888888888889,0.9785299145299146,0.016231620308674817,20,0.9996666666666666,0.9995049504950495,0.9988448844884488,0.9993399339933994,0.9995599559955995,0.9993832783278327,0.0002891624881494266
0.2914144992828369,0.005175395093440399,0.02989683151245117,0.00027734292057074515,200,4,4,0.8,32,sqrt,log_loss,0.001,"{'n_estimators': 200, 'min_samples_split': 4, 'min_samples_leaf': 4, 'max_samples': 0.8, 'max_leaf_nodes': 32, 'max_features': 'sqrt', 'criterion': 'log_loss', 'ccp_alpha': 0.001}",0.9382608695652175,0.9365942028985508,0.9028677150786308,0.9519560741249142,0.8901098901098901,0.9239577503554408,0.02340355749488969,198,0.9644223574423627,0.9726444614421806,0.96866287498606,0.9766067266067266,0.9805501335880504,0.9725773108130762,0.005685642904168291,0.9565217391304348,0.9565217391304348,0.9361702127659575,0.967741935483871,0.9230769230769231,0.9480065099175242,0.016100232977723547,195,0.9754768392370572,0.9808219178082191,0.9781420765027322,0.9835164835164835,0.9862258953168044,0.9808366424762592,0.003800368075455145,0.92,0.9166666666666666,0.8695652173913043,0.9361702127659575,0.8571428571428571,0.8999089907933572,0.03081892711386969,198,0.9533678756476683,0.9644670050761421,0.9591836734693877,0.9696969696969697,0.9748743718592965,0.9643179791498928,0.00757177702521256,0.8846153846153846,0.88,0.8,0.88,0.84,0.8569230769230769,0.032737073423434786,188,0.92,0.9405940594059405,0.9306930693069307,0.9504950495049505,0.9603960396039604,0.9404356435643564,0.014227912247165667,0.9436619718309859,0.9428571428571428,0.9142857142857143,0.9571428571428572,0.9,0.93158953722334,0.021085520734501532,193,0.9678571428571429,0.9750889679715302,0.9715302491103203,0.9786476868327402,0.9822064056939501,0.9750660904931368,0.005065245446941032,0.9957264957264957,0.9635555555555555,0.9795555555555555,0.9884444444444445,0.9537777777777778,0.9762119658119659,0.01552486725859155,80,0.9983333333333334,0.9988998899889989,0.9983498349834984,0.9984048404840483,0.999009900990099,0.9985995599559956,0.0002931664176712995
0.4642617225646973,0.006535871184557734,0.03879151344299316,0.0005090969644879291,300,2,4,1.0,32,sqrt,log_loss,0.001,"{'n_estimators': 300, 'min_samples_split': 2, 'min_samples_leaf': 4, 'max_samples': 1.0, 'max_leaf_nodes': 32, 'max_features': 'sqrt', 'criterion': 'log_loss', 'ccp_alpha': 0.001}",0.9382608695652175,0.9365942028985508,0.9028677150786308,0.9519560741249142,0.8901098901098901,0.9239577503554408,0.02340355749488969,198,0.980330172110994,0.9844044844044844,0.9726444614421806,0.9844044844044844,0.9883300801528303,0.9820227365029949,0.0053281300169379835,0.9565217391304348,0.9565217391304348,0.9361702127659575,0.967741935483871,0.9230769230769231,0.9480065099175242,0.016100232977723547,195,0.9863013698630136,0.989010989010989,0.9808219178082191,0.989010989010989,0.9917355371900827,0.9873761605766587,0.0037003450061538247,0.92,0.9166666666666666,0.8695652173913043,0.9361702127659575,0.8571428571428571,0.8999089907933572,0.03081892711386969,198,0.9743589743589743,0.9797979797979798,0.9644670050761421,0.9797979797979798,0.9849246231155779,0.9766693124293309,0.006956453698182495,0.8846153846153846,0.88,0.8,0.88,0.84,0.8569230769230769,0.032737073423434786,188,0.95,0.9603960396039604,0.9405940594059405,0.9603960396039604,0.9702970297029703,0.9563366336633663,0.010157084042164097,0.9436619718309859,0.9428571428571428,0.9142857142857143,0.9571428571428572,0.9,0.93158953722334,0.021085520734501532,193,0.9821428571428571,0.9857651245551602,0.9750889679715302,0.9857651245551602,0.9893238434163701,0.9836171835282155,0.004831094436282328,0.9965811965811966,0.9671111111111111,0.9813333333333334,0.9866666666666666,0.9564444444444444,0.9776273504273503,0.014240776851243215,41,0.9991666666666666,0.9994499449944995,0.9994499449944994,0.999064906490649,0.9996699669966996,0.9993602860286028,0.00021758551932103467
0.27904858589172366,0.0044381361626848175,0.029932069778442382,0.0005681236774946166,200,8,4,0.8,16,sqrt,entropy,0.0,"{'n_estimators': 200, 'min_samples_split': 8, 'min_samples_leaf': 4, 'max_samples': 0.8, 'max_leaf_nodes': 16, 'max_features': 'sqrt', 'criterion': 'entropy', 'ccp_alpha': 0.0}",0.9382608695652175,0.9365942028985508,0.9028677150786308,0.9519560741249142,0.8901098901098901,0.9239577503554408,0.02340355749488969,198,0.9644223574423627,0.9726444614421806,0.96866287498606,0.9766067266067266,0.9805501335880504,0.9725773108130762,0.005685642904168291,0.9565217391304348,0.9565217391304348,0.9361702127659575,0.967741935483871,0.9230769230769231,0.9480065099175242,0.016100232977723547,195,0.9754768392370572,0.9808219178082191,0.9781420765027322,0.9835164835164835,0.9862258953168044,0.9808366424762592,0.003800368075455145,0.92,0.9166666666666666,0.8695652173913043,0.9361702127659575,0.8571428571428571,0.8999089907933572,0.03081892711386969,198,0.9533678756476683,0.9644670050761421,0.9591836734693877,0.9696969696969697,0.9748743718592965,0.9643179791498928,0.00757177702521256,0.8846153846153846,0.88,0.8,0.88,0.84,0.8569230769230769,0.032737073423434786,188,0.92,0.9405940594059405,0.9306930693069307,0.9504950495049505,0.9603960396039604,0.9404356435643564,0.014227912247165667,0.9436619718309859,0.9428571428571428,0.9142857142857143,0.9571428571428572,0.9,0.93158953722334,0.021085520734501532,193,0.9678571428571429,0.9750889679715302,0.9715302491103203,0.9786476868327402,0.9822064056939501,0.9750660904931368,0.005065245446941032,0.9957264957264957,0.9635555555555555,0.9795555555555555,0.9884444444444445,0.9537777777777778,0.9762119658119659,0.01552486725859155,80,0.9983888888888889,0.9988998899889989,0.9982948294829483,0.9983498349834983,0.999009900990099,0.9985886688668867,0.0003025195317632301
0.14734940528869628,0.004875775332123054,0.023491477966308592,0.0017698252184342779,100,4,1,0.8,16,sqrt,log_loss,0.0,"{'n_estimators': 100, 'min_samples_split': 4, 'min_samples_leaf': 1, 'max_samples': 0.8, 'max_leaf_nodes': 16, 'max_features': 'sqrt', 'criterion': 'log_loss', 'ccp_alpha': 0.0}",0.9382608695652175,0.9365942028985508,0.8853801169590643,0.9519560741249142,0.9066666666666667,0.9237715860428828,0.024228938787097868,208,0.9921870640102685,0.9961273962596988,0.9844044844044844,0.9961273962596988,0.9922375690607734,0.9922167819989849,0.004280633522226078,0.9565217391304348,0.9565217391304348,0.9263157894736842,0.967741935483871,0.9333333333333333,0.9480869073103516,0.015622179266167862,192,0.994475138121547,0.997229916897507,0.989010989010989,0.997229916897507,0.994475138121547,0.9944842198098194,0.0030011372952952575,0.92,0.9166666666666666,0.8444444444444444,0.9361702127659575,0.88,0.8994562647754136,0.03307870487920151,208,0.98989898989899,0.9950248756218906,0.9797979797979798,0.9950248756218906,0.99,0.9899493441881502,0.0055601679690006536,0.8846153846153846,0.88,0.76,0.88,0.88,0.8569230769230769,0.048494494288850575,188,0.98,0.9900990099009901,0.9603960396039604,0.9900990099009901,0.9801980198019802,0.9801584158415843,0.010846280460302827,0.9436619718309859,0.9428571428571428,0.9,0.9571428571428572,0.9142857142857143,0.93158953722334,0.02108552073450153,193,0.9928571428571429,0.99644128113879,0.9857651245551602,0.99644128113879,0.9928825622775801,0.9928774783934926,0.003898394451984999,0.9914529914529915,0.9688888888888889,0.9813333333333334,0.9946666666666666,0.9608888888888889,0.9794461538461536,0.012924531189371799,9,1.0,1.0,0.99994499449945,0.99994499449945,1.0,0.99997799779978,2.694708187879682e-05
0.15735440254211425,0.0071875178052205725,0.024519824981689455,0.0015789237781993542,100,4,1,0.8,32,sqrt,log_loss,0.0,"{'n_estimators': 100, 'min_samples_split': 4, 'min_samples_leaf': 1, 'max_samples': 0.8, 'max_leaf_nodes': 32, 'max_features': 'sqrt', 'criterion': 'log_loss', 'ccp_alpha': 0.0}",0.9382608695652175,0.9365942028985508,0.8853801169590643,0.9519560741249142,0.9066666666666667,0.9237715860428828,0.024228938787097868,208,1.0,0.9961273962596988,0.9961273962596988,0.9961273962596988,1.0,0.9976764377558194,0.0018971806279463042,0.9565217391304348,0.9565217391304348,0.9263157894736842,0.967741935483871,0.9333333333333333,0.9480869073103516,0.015622179266167862,192,1.0,0.997229916897507,0.997229916897507,0.997229916897507,1.0,0.9983379501385041,0.0013570580292427451,0.92,0.9166666666666666,0.8444444444444444,0.9361702127659575,0.88,0.8994562647754136,0.03307870487920151,208,1.0,0.9950248756218906,0.9950248756218906,0.9950248756218906,1.0,0.9970149253731343,0.0024373032266499176,0.8846153846153846,0.88,0.76,0.88,0.88,0.8569230769230769,0.048494494288850575,188,1.0,0.9900990099009901,0.9900990099009901,0.9900990099009901,1.0,0.994059405940594,0.004850474738184515,0.9436619718309859,0.9428571428571428,0.9,0.9571428571428572,0.9142857142857143,0.93158953722334,0.02108552073450153,193,1.0,0.99644128113879,0.99644128113879,0.99644128113879,1.0,0.997864768683274,0.0017434090695965623,0.9931623931623932,0.9671111111111111,0.9804444444444445,0.9920000000000001,0.9608888888888889,0.9787213675213675,0.012966338297606636,15,1.0,1.0,1.0,1.0,1.0,1.0,0.0
0.150285005569458,0.0023693408773451286,0.021790456771850587,0.00034357960020859056,100,4,1,0.8,16,sqrt,entropy,0.001,"{'n_estimators': 100, 'min_samples_split': 4, 'min_samples_leaf': 1, 'max_samples': 0.8, 'max_leaf_nodes': 16, 'max_features': 'sqrt', 'criterion': 'entropy', 'ccp_alpha': 0.001}",0.9382608695652175,0.9365942028985508,0.8853801169590643,0.9519560741249142,0.9066666666666667,0.9237715860428828,0.024228938787097868,208,0.9921870640102685,0.9961273962596988,0.9844044844044844,0.9961273962596988,0.9922375690607734,0.9922167819989849,0.004280633522226078,0.9565217391304348,0.9565217391304348,0.9263157894736842,0.967741935483871,0.9333333333333333,0.9480869073103516,0.015622179266167862,192,0.994475138121547,0.997229916897507,0.989010989010989,0.997229916897507,0.994475138121547,0.9944842198098194,0.0030011372952952575,0.92,0.9166666666666666,0.8444444444444444,0.9361702127659575,0.88,0.8994562647754136,0.03307870487920151,208,0.98989898989899,0.9950248756218906,0.9797979797979798,0.9950248756218906,0.99,0.9899493441881502,0.0055601679690006536,0.8846153846153846,0.88,0.76,0.88,0.88,0.8569230769230769,0.048494494288850575,188,0.98,0.9900990099009901,0.9603960396039604,0.9900990099009901,0.9801980198019802,0.9801584158415843,0.010846280460302827,0.9436619718309859,0.9428571428571428,0.9,0.9571428571428572,0.9142857142857143,0.93158953722334,0.02108552073450153,193,0.9928571428571429,0.99644128113879,0.9857651245551602,0.99644128113879,0.9928825622775801,0.9928774783934926,0.003898394451984999,0.9914529914529915,0.9688888888888889,0.9813333333333334,0.9946666666666666,0.9608888888888889,0.9794461538461536,0.012924531189371799,9,1.0,1.0,0.99994499449945,0.99994499449945,1.0,0.99997799779978,2.694708187879682e-05
0.24399805068969727,0.0034236360255990124,0.022198867797851563,0.0002488338696898199,100,8,4,1.0,,0.5,entropy,0.0,"{'n_estimators': 100, 'min_samples_split': 8, 'min_samples_leaf': 4, 'max_samples': 1.0, 'max_leaf_nodes': None, 'max_features': 0.5, 'criterion': 'entropy', 'ccp_alpha': 0.0}",0.9204927211646137,0.9519560741249142,0.8878975062914665,0.9682971014492754,0.8901098901098901,0.9237506586280319,0.03227288343750462,211,0.9684524815503353,0.9804603296015576,0.96866287498606,0.9883300801528303,0.9883300801528303,0.9788471692887228,0.008879446680170523,0.9473684210526315,0.967741935483871,0.9247311827956989,0.9782608695652174,0.9230769230769231,0.9482358663948685,0.02221793234339699,190,0.9781420765027322,0.9863013698630136,0.9781420765027322,0.9917355371900827,0.9917355371900827,0.9852113194497287,0.006103563481080879,0.8936170212765957,0.9361702127659575,0.851063829787234,0.9583333333333334,0.8571428571428571,0.8992654508611956,0.04238063266040188,211,0.9587628865979382,0.9746192893401016,0.9591836734693877,0.9849246231155779,0.9849246231155779,0.9724830191277167,0.011655602100074049,0.8076923076923077,0.88,0.8,0.92,0.84,0.8495384615384616,0.04514172291715275,211,0.93,0.9504950495049505,0.9306930693069307,0.9702970297029703,0.9702970297029703,0.9503564356435643,0.017867883167772443,0.9295774647887324,0.9571428571428572,0.9,0.9714285714285714,0.9,0.9316297786720323,0.02912029830855275,190,0.9714285714285714,0.9822064056939501,0.9715302491103203,0.9893238434163701,0.9893238434163701,0.9807625826131166,0.008012923871739562,0.994017094017094,0.9777777777777777,0.9724444444444446,0.9875555555555555,0.9493333333333333,0.9762256410256411,0.015393541190401846,77,0.9994444444444444,0.9993949394939493,0.9987898789878988,0.9995599559955995,0.99994499449945,0.9994268426842684,0.0003723575816969729
0.23107075691223145,0.003569102166171209,0.022051572799682617,0.0006063335943291112,100,2,1,0.8,16,0.5,entropy,0.0,"{'n_estimators': 100, 'min_samples_split': 2, 'min_samples_leaf': 1, 'max_samples': 0.8, 'max_leaf_nodes': 16, 'max_features': 0.5, 'criterion': 'entropy', 'ccp_alpha': 0.0}",0.9204927211646137,0.9519560741249142,0.8878975062914665,0.9682971014492754,0.8901098901098901,0.9237506586280319,0.03227288343750462,211,1.0,1.0,1.0,1.0,1.0,1.0,0.0,0.9473684210526315,0.967741935483871,0.9247311827956989,0.9782608695652174,0.9230769230769231,0.9482358663948685,0.02221793234339699,190,1.0,1.0,1.0,1.0,1.0,1.0,0.0,0.8936170212765957,0.9361702127659575,0.851063829787234,0.9583333333333334,0.8571428571428571,0.8992654508611956,0.04238063266040188,211,1.0,1.0,1.0,1.0,1.0,1.0,0.0,0.8076923076923077,0.88,0.8,0.92,0.84,0.8495384615384616,0.04514172291715275,211,1.0,1.0,1.0,1.0,1.0,1.0,0.0,0.9295774647887324,0.9571428571428572,0.9,0.9714285714285714,0.9,0.9316297786720323,0.02912029830855275,190,1.0,1.0,1.0,1.0,1.0,1.0,0.0,0.9931623931623932,0.968,0.9724444444444444,0.9884444444444445,0.9511111111111111,0.9746324786324786,0.015074217250460376,124,1.0,1.0,1.0,1.0,1.0,1.0,0.0
0.2817192554473877,0.0066124773338954185,0.030675411224365234,0.0008728666533268205,200,8,1,0.8,16,sqrt,gini,0.001,"{'n_estimators': 200, 'min_samples_split': 8, 'min_samples_leaf': 1, 'max_samples': 0.8, 'max_leaf_nodes': 16, 'max_features': 'sqrt', 'criterion': 'gini', 'ccp_alpha': 0.001}",0.9235078646843353,0.9215070643642072,0.9199267902081903,0.9529042386185244,0.8920467063229787,0.921978532839647,0.019282553268620137,213,0.9843741280205369,0.984475138121547,0.9726444614421806,0.9845434543454346,0.9922375690607734,0.9836549501980946,0.006274895597155834,0.945054945054945,0.945054945054945,0.946236559139785,0.967032967032967,0.9213483146067416,0.9449455461778768,0.014466334356346653,218,0.988950276243094,0.988950276243094,0.9808219178082191,0.9888888888888889,0.994475138121547,0.9884172994609685,0.004362975057861703,0.9019607843137255,0.8979591836734694,0.8936170212765957,0.9387755102040817,0.8627450980392157,0.8990115195014177,0.024229463332897487,213,0.9797979797979798,0.98,0.9644670050761421,0.9801980198019802,0.99,0.9788926009352205,0.008188068048877232,0.8846153846153846,0.88,0.84,0.92,0.88,0.8809230769230769,0.025365493963723035,18,0.97,0.9702970297029703,0.9405940594059405,0.9801980198019802,0.9801980198019802,0.9682574257425742,0.01454382315222339,0.9295774647887324,0.9285714285714286,0.9285714285714286,0.9571428571428572,0.9,0.9287726358148894,0.01807463829967788,213,0.9857142857142858,0.9857651245551602,0.9750889679715302,0.9857651245551602,0.9928825622775801,0.9850432130147434,0.0056927153864832795,0.9923076923076922,0.9617777777777778,0.9875555555555555,0.983111111111111,0.9626666666666666,0.9774837606837607,0.0127990722141657,45,0.9990555555555556,0.9994499449944994,0.9989548954895489,0.998954895489549,0.9994499449944995,0.9991730473047304,0.0002290543172511448
0.6109593868255615,0.012031528333440178,0.037780046463012695,0.00029621391393435867,300,8,1,0.8,16,0.5,gini,0.0,"{'n_estimators': 300, 'min_samples_split': 8, 'min_samples_leaf': 1, 'max_samples': 0.8, 'max_leaf_nodes': 16, 'max_features': 0.5, 'criterion': 'gini', 'ccp_alpha': 0.0}",0.9382608695652175,0.9215070643642072,0.8901098901098901,0.9843014128728415,0.8755555555555555,0.9219469584935422,0.038262713892403516,214,0.9843741280205369,0.9805501335880504,0.9727701870232706,0.984475138121547,0.9844044844044844,0.9813148142315778,0.0045274385769815476,0.9565217391304348,0.945054945054945,0.9230769230769231,0.989010989010989,0.9111111111111111,0.9449551414768808,0.027198487736406877,217,0.988950276243094,0.9862258953168044,0.9807162534435262,0.988950276243094,0.989010989010989,0.9867707380515014,0.003208524124655046,0.92,0.8979591836734694,0.8571428571428571,0.9795918367346939,0.84,0.8989387755102041,0.04933584723681077,214,0.9797979797979798,0.9748743718592965,0.964824120603015,0.98,0.9797979797979798,0.9758588904116541,0.005846658199676222,0.8846153846153846,0.88,0.84,0.96,0.84,0.8809230769230769,0.043856678898699895,18,0.97,0.9603960396039604,0.9504950495049505,0.9702970297029703,0.9603960396039604,0.9623168316831683,0.007346401215729269,0.9436619718309859,0.9285714285714286,0.9,0.9857142857142858,0.8857142857142857,0.928732394366197,0.03505984110880118,217,0.9857142857142858,0.9822064056939501,0.9750889679715302,0.9857651245551602,0.9857651245551602,0.9829079816980173,0.004143212700029919,0.9914529914529915,0.9515555555555556,0.9742222222222223,0.9742222222222222,0.9608888888888888,0.9704683760683761,0.013549894162729491,205,0.9994444444444444,0.9994499449944995,0.9990649064906492,0.9995049504950495,0.9994499449944995,0.9993828382838285,0.00016049545632415349
0.18916850090026854,0.0028013454525179678,0.02182145118713379,0.00036050574449977737,100,2,4,0.8,32,0.5,gini,0.0,"{'n_estimators': 100, 'min_samples_split': 2, 'min_samples_leaf': 4, 'max_samples': 0.8, 'max_leaf_nodes': 32, 'max_features': 0.5, 'criterion': 'gini', 'ccp_alpha': 0.0}",0.9204927211646137,0.9519560741249142,0.9048913043478262,0.9843014128728415,0.8470279720279721,0.9217338969076335,0.04624773011358639,215,0.9524456521739131,0.960828593732575,0.9646614965416056,0.9565974416220846,0.96866287498606,0.9606392118112476,0.0057282481877027796,0.9473684210526315,0.967741935483871,0.9347826086956522,0.989010989010989,0.8863636363636364,0.945053518121356,0.03464787470011966,216,0.967391304347826,0.9726775956284153,0.9754768392370572,0.9701897018970189,0.9781420765027322,0.97277550352261,0.003789007177336169,0.8936170212765957,0.9361702127659575,0.875,0.9795918367346939,0.8076923076923077,0.8984142756939109,0.05799486983348995,215,0.9375,0.9489795918367347,0.9538461538461539,0.9430051813471503,0.9591836734693877,0.9485029200998852,0.0076700096149861,0.8076923076923077,0.88,0.84,0.96,0.84,0.8655384615384616,0.0525028035317946,113,0.9,0.9207920792079208,0.9207920792079208,0.900990099009901,0.9306930693069307,0.9146534653465347,0.012116482012497718,0.9295774647887324,0.9571428571428572,0.9142857142857143,0.9857142857142858,0.8571428571428571,0.9287726358148893,0.04333258540437497,215,0.9571428571428572,0.9644128113879004,0.9679715302491103,0.9608540925266904,0.9715302491103203,0.9643823080833757,0.005076109968585697,0.9931623931623932,0.956,0.9751111111111112,0.9662222222222222,0.9493333333333334,0.967965811965812,0.015357819018705856,219,0.9966111111111112,0.9962596259625963,0.996039603960396,0.9966996699669968,0.9975797579757976,0.9966379537953797,0.000527764910518674
0.20396952629089354,0.0032451734309219926,0.022112464904785155,0.00024332559597654672,100,8,2,0.8,32,0.5,gini,0.001,"{'n_estimators': 100, 'min_samples_split': 8, 'min_samples_leaf': 2, 'max_samples': 0.8, 'max_leaf_nodes': 32, 'max_features': 0.5, 'criterion': 'gini', 'ccp_alpha': 0.001}",0.9382608695652175,0.9365942028985508,0.8878975062914665,0.9688888888888889,0.8755555555555555,0.9214394046399358,0.034625047868849755,216,0.9644223574423627,0.96866287498606,0.96866287498606,0.960828593732575,0.9804603296015576,0.968607406149723,0.006610937955280077,0.9565217391304348,0.9565217391304348,0.9247311827956989,0.9777777777777777,0.9111111111111111,0.9453327099890915,0.024077424789746893,215,0.9754768392370572,0.9781420765027322,0.9781420765027322,0.9726775956284153,0.9863013698630136,0.9781479915467901,0.004550558957062751,0.92,0.9166666666666666,0.851063829787234,0.96,0.84,0.8975460992907802,0.04526017761656936,216,0.9533678756476683,0.9591836734693877,0.9591836734693877,0.9489795918367347,0.9746192893401016,0.959066820752656,0.008673370173008375,0.8846153846153846,0.88,0.8,0.96,0.84,0.8729230769230769,0.05323699385570994,59,0.92,0.9306930693069307,0.9306930693069307,0.9207920792079208,0.9504950495049505,0.9305346534653467,0.010994219190210429,0.9436619718309859,0.9428571428571428,0.9,0.9714285714285714,0.8857142857142857,0.928732394366197,0.0313734680803814,217,0.9678571428571429,0.9715302491103203,0.9715302491103203,0.9644128113879004,0.9822064056939501,0.9715073716319267,0.005968707260081562,0.9905982905982906,0.9613333333333334,0.9715555555555556,0.975111111111111,0.9546666666666667,0.9706529914529914,0.012336312402675225,203,0.9983888888888889,0.9976347634763477,0.9975797579757976,0.998019801980198,0.9992299229922992,0.9981706270627063,0.0006047760507466662
0.3111228942871094,0.015797276617041087,0.032454299926757815,0.002696263533532764,200,2,1,0.8,16,sqrt,entropy,0.0,"{'n_estimators': 200, 'min_samples_split': 2, 'min_samples_leaf': 1, 'max_samples': 0.8, 'max_leaf_nodes': 16, 'max_features': 'sqrt', 'criterion': 'entropy', 'ccp_alpha': 0.0}",0.9382608695652175,0.9215070643642072,0.9028677150786308,0.9519560741249142,0.8901098901098901,0.920940322648572,0.022536344407225836,217,0.9921870640102685,0.9961273962596988,0.9922375690607734,0.9961273962596988,0.9961273962596988,0.9945613643700277,0.0019180560198318335,0.9565217391304348,0.945054945054945,0.9361702127659575,0.967741935483871,0.9230769230769231,0.9457131511024264,0.015530567555633975,214,0.994475138121547,0.997229916897507,0.994475138121547,0.997229916897507,0.997229916897507,0.996128005387123,0.001349560471070152,0.92,0.8979591836734694,0.8695652173913043,0.9361702127659575,0.8571428571428571,0.8961674941947176,0.029671600581673292,217,0.98989898989899,0.9950248756218906,0.99,0.9950248756218906,0.9950248756218906,0.9929947233529323,0.002486623746525607,0.8846153846153846,0.88,0.8,0.88,0.84,0.8569230769230769,0.032737073423434786,188,0.98,0.9900990099009901,0.9801980198019802,0.9900990099009901,0.9900990099009901,0.98609900990099,0.004899379673407407,0.9436619718309859,0.9285714285714286,0.9142857142857143,0.9571428571428572,0.9,0.9287323943661973,0.020319102538304667,216,0.9928571428571429,0.99644128113879,0.9928825622775801,0.99644128113879,0.99644128113879,0.9950127097102186,0.001749653995648692,0.994017094017094,0.9697777777777778,0.9813333333333334,0.9902222222222222,0.9635555555555555,0.9797811965811967,0.011639800128772306,6,1.0,1.0,1.0,0.99994499449945,1.0,0.99998899889989,2.2002200220017087e-05
0.6253385543823242,0.016626420235782795,0.03764972686767578,0.0005794691754570871,300,2,4,,32,0.5,gini,0.0,"{'n_estimators': 300, 'min_samples_split': 2, 'min_samples_leaf': 4, 'max_samples': None, 'max_leaf_nodes': 32, 'max_features': 0.5, 'criterion': 'gini', 'ccp_alpha': 0.0}",0.9204927211646137,0.9519560741249142,0.8731884057971014,0.9688888888888889,0.8901098901098901,0.9209271960170817,0.036033324751408746,218,0.9603713768115942,0.960828593732575,0.96866287498606,0.96866287498606,0.976497156239545,0.9670045753511667,0.005962400172734944,0.9473684210526315,0.967741935483871,0.9130434782608695,0.9777777777777777,0.9230769230769231,0.9458017071304147,0.024882984851935897,213,0.9728260869565217,0.9726775956284153,0.9781420765027322,0.9781420765027322,0.9836065573770492,0.9770788785934901,0.004057804784261725,0.8936170212765957,0.9361702127659575,0.8333333333333334,0.96,0.8571428571428571,0.8960526849037487,0.047227744737377814,218,0.9479166666666666,0.9489795918367347,0.9591836734693877,0.9591836734693877,0.9693877551020408,0.9569302721088435,0.007871504529195729,0.8076923076923077,0.88,0.8,0.96,0.84,0.8575384615384616,0.058490680995468045,179,0.91,0.9207920792079208,0.9306930693069307,0.9306930693069307,0.9405940594059405,0.9265544554455445,0.0103790337098839,0.9295774647887324,0.9571428571428572,0.8857142857142857,0.9714285714285714,0.9,0.9287726358148894,0.03257892612127053,213,0.9642857142857143,0.9644128113879004,0.9715302491103203,0.9715302491103203,0.9786476868327402,0.9700813421453992,0.005353549613574054,0.9948717948717949,0.9546666666666667,0.9706666666666668,0.9715555555555555,0.9475555555555556,0.967863247863248,0.016355464082298585,220,0.9982222222222222,0.998019801980198,0.9973597359735974,0.9985148514851485,0.9993949394939494,0.9983023102310231,0.0006653846590668694
0.4248896598815918,0.014030911827719057,0.030593252182006835,0.0005561576371170234,200,4,4,1.0,16,0.5,gini,0.0,"{'n_estimators': 200, 'min_samples_split': 4, 'min_samples_leaf': 4, 'max_samples': 1.0, 'max_leaf_nodes': 16, 'max_features': 0.5, 'criterion': 'gini', 'ccp_alpha': 0.0}",0.9204927211646137,0.9519560741249142,0.8731884057971014,0.9529042386185244,0.8901098901098901,0.9177302659630087,0.032134429899265904,219,0.9603713768115942,0.960828593732575,0.9646614965416056,0.96866287498606,0.976497156239545,0.966204299662276,0.005954644134400106,0.9473684210526315,0.967741935483871,0.9130434782608695,0.967032967032967,0.9230769230769231,0.9436527449814525,0.022365248879118553,219,0.9728260869565217,0.9726775956284153,0.9754768392370572,0.9781420765027322,0.9836065573770492,0.9765458311403551,0.004058185326097402,0.8936170212765957,0.9361702127659575,0.8333333333333334,0.9387755102040817,0.8571428571428571,0.891807786944565,0.041948025615274685,219,0.9479166666666666,0.9489795918367347,0.9538461538461539,0.9591836734693877,0.9693877551020408,0.9558627681841967,0.007855432036325135,0.8076923076923077,0.88,0.8,0.92,0.84,0.8495384615384616,0.04514172291715275,211,0.91,0.9207920792079208,0.9207920792079208,0.9306930693069307,0.9405940594059405,0.9245742574257425,0.010344975959147186,0.9295774647887324,0.9571428571428572,0.8857142857142857,0.9571428571428572,0.9,0.9259154929577467,0.02915975454171278,219,0.9642857142857143,0.9644128113879004,0.9679715302491103,0.9715302491103203,0.9786476868327402,0.9693695983731571,0.0053501690848625095,0.9965811965811966,0.9573333333333334,0.9697777777777778,0.9715555555555556,0.9457777777777778,0.9682051282051283,0.0169710448559758,218,0.998,0.997964796479648,0.997029702970297,0.9985148514851485,0.9991749174917491,0.9981368536853685,0.0007063390293447698
0.6364058494567871,0.017589319849673452,0.03740615844726562,0.0004730245855499053,300,8,4,,16,0.5,gini,0.001,"{'n_estimators': 300, 'min_samples_split': 8, 'min_samples_leaf': 4, 'max_samples': None, 'max_leaf_nodes': 16, 'max_features': 0.5, 'criterion': 'gini', 'ccp_alpha': 0.001}",0.9204927211646137,0.9519560741249142,0.8731884057971014,0.9529042386185244,0.8901098901098901,0.9177302659630087,0.032134429899265904,219,0.9603713768115942,0.960828593732575,0.9646614965416056,0.96866287498606,0.976497156239545,0.966204299662276,0.005954644134400106,0.9473684210526315,0.967741935483871,0.9130434782608695,0.967032967032967,0.9230769230769231,0.9436527449814525,0.022365248879118553,219,0.9728260869565217,0.9726775956284153,0.9754768392370572,0.9781420765027322,0.9836065573770492,0.9765458311403551,0.004058185326097402,0.8936170212765957,0.9361702127659575,0.8333333333333334,0.9387755102040817,0.8571428571428571,0.891807786944565,0.041948025615274685,219,0.9479166666666666,0.9489795918367347,0.9538461538461539,0.9591836734693877,0.9693877551020408,0.9558627681841967,0.007855432036325135,0.8076923076923077,0.88,0.8,0.92,0.84,0.8495384615384616,0.04514172291715275,211,0.91,0.9207920792079208,0.9207920792079208,0.9306930693069307,0.9405940594059405,0.9245742574257425,0.010344975959147186,0.9295774647887324,0.9571428571428572,0.8857142857142857,0.9571428571428572,0.9,0.9259154929577467,0.02915975454171278,219,0.9642857142857143,0.9644128113879004,0.9679715302491103,0.9715302491103203,0.9786476868327402,0.9693695983731571,0.0053501690848625095,0.9948717948717949,0.9555555555555555,0.9715555555555556,0.9733333333333334,0.9493333333333334,0.9689299145299145,0.015888138444735984,215,0.9979444444444445,0.9978547854785479,0.9971947194719473,0.9981848184818483,0.9992299229922992,0.9980817381738174,0.0006612281298883706
