rank_test_macro_f1,param_classifier__kernel,param_classifier__C,param_classifier__gamma,param_classifier__degree,param_classifier__coef0,param_classifier__class_weight,mean_test_macro_f1,std_test_macro_f1,mean_test_f1_b,std_test_f1_b,mean_test_recall_b,std_test_recall_b,mean_test_accuracy,std_test_accuracy,mean_test_roc_auc,std_test_roc_auc,mean_train_macro_f1,std_train_macro_f1
1,rbf,3.0,0.03,,,balanced,0.9563395312279208,0.02044421069188109,0.9436474589835935,0.025888601130606727,0.9283076923076923,0.016615384615384608,0.9600402414486922,0.01900683327607764,0.9822358974358973,0.015130831391142624,0.979095350309002,0.001923198923129316
2,rbf,3.0,scale,,,balanced,0.9532253035970693,0.01673641830997089,0.9395690276110444,0.020905325185982773,0.9206153846153846,0.0012307692307692354,0.9572233400402416,0.015723338720659685,0.9824136752136752,0.015093025492299869,0.979095350309002,0.001923198923129316
3,rbf,30.0,0.1,,,,0.9478659885196918,0.036213855805757776,0.9342666981322443,0.044054903659871573,0.9443076923076923,0.03215936647496347,0.9514688128772637,0.03456302396803924,0.9767111111111111,0.02121001394054291,1.0,0.0
3,rbf,30.0,0.1,,,balanced,0.9478659885196918,0.036213855805757776,0.9342666981322443,0.044054903659871573,0.9443076923076923,0.03215936647496347,0.9514688128772637,0.03456302396803924,0.9767111111111111,0.02121001394054291,1.0,0.0
5,rbf,3.0,scale,,,,0.9465122660349069,0.016028594036824266,0.9301020408163266,0.02079007726521924,0.8969230769230769,0.018917447567925436,0.951549295774648,0.014617896642213203,0.9790427350427351,0.01685594211895787,0.9797480463578461,0.005740446681468096
5,rbf,3.0,0.03,,,,0.9465122660349069,0.016028594036824266,0.9301020408163266,0.02079007726521924,0.8969230769230769,0.018917447567925436,0.951549295774648,0.014617896642213203,0.9790427350427351,0.01685594211895787,0.9797480463578461,0.005740446681468096
7,rbf,10.0,0.01,,,balanced,0.9458892915402147,0.026241207120941107,0.9285252398831874,0.035089863845275134,0.8883076923076922,0.047124159308496394,0.9514688128772637,0.023271042119455188,0.9818666666666666,0.021009392373441786,0.9766731419042074,0.004955274252593779
8,rbf,3.0,0.1,,,balanced,0.944641644454342,0.01754672703996466,0.9297585700947046,0.02046303087569157,0.9366153846153846,0.01912648648359387,0.9486921529175051,0.017204807720803066,0.9836649572649574,0.015894787390812643,0.9938074807480749,0.0030963189891199112
9,rbf,3.0,0.1,,,,0.9445231188824177,0.011914041468269417,0.9293577657478085,0.01426317969541824,0.9366153846153846,0.01912648648359387,0.9486921529175051,0.01152128910267228,0.9856205128205129,0.013596553258128776,0.9930329600000146,0.001547336922693528
10,rbf,10.0,0.1,,,balanced,0.9443728563948562,0.018084116877184125,0.9289038692400038,0.022170259126576216,0.9286153846153846,0.015737491510823872,0.9486921529175051,0.017204807720803066,0.9797470085470085,0.019595937029034276,0.9992288376305283,0.001542324738943712
11,rbf,1.0,0.03,,,balanced,0.9432745533184109,0.019354223838074436,0.9258254450716457,0.02575740540540838,0.8966153846153846,0.032481583311745624,0.948651911468813,0.01725058489366762,0.981182905982906,0.013998864109706992,0.9728957690473543,0.0035315289453256116
12,rbf,10.0,0.01,,,,0.942775063909363,0.022037559933610597,0.9244468085106383,0.02957636948154164,0.8806153846153846,0.036479385440686636,0.9486519114688129,0.01947345198558431,0.9774358974358975,0.023634433080956717,0.9797480463578461,0.005740446681468096
13,rbf,1.0,0.1,,,,0.9416163522861927,0.017161109457103713,0.9260034680538883,0.02018464113017611,0.9366153846153846,0.01912648648359387,0.9458350100603623,0.0167442148667446,0.9843829059829059,0.014881409997159003,0.9891436814082863,0.003810373058930311
14,rbf,10.0,0.1,,,,0.941475975570194,0.02387640315135686,0.9255656979773041,0.028840579615202214,0.9286153846153846,0.015737491510823872,0.9458350100603623,0.022918697403809488,0.977982905982906,0.020007776996249574,0.996896916882756,0.0015515717717266627
15,rbf,10.0,scale,,,balanced,0.9405630166135441,0.022462798388415684,0.9228233519266954,0.028575374023863592,0.8975384615384616,0.04492307692307693,0.9459154929577466,0.020834580146678872,0.9802871794871795,0.015535181171888313,0.9930244736844402,0.003810791095829059
15,rbf,10.0,0.03,,,balanced,0.9405630166135441,0.022462798388415684,0.9228233519266954,0.028575374023863592,0.8975384615384616,0.04492307692307693,0.9459154929577466,0.020834580146678872,0.9801094017094016,0.015839628747186932,0.9930244736844402,0.003810791095829059
17,rbf,1.0,scale,,,balanced,0.9401002109306844,0.015834801474748264,0.921580547112462,0.02110416004041207,0.8889230769230769,0.029742882396540514,0.9458350100603623,0.014097378424461961,0.9813606837606837,0.013685712209425967,0.9728957690473543,0.0035315289453256116
18,rbf,10.0,0.03,,,,0.9399590656990343,0.018446457635853824,0.9210703430308295,0.024532453275693283,0.8815384615384616,0.041028205048081946,0.9459154929577466,0.01645644019118156,0.9781675213675214,0.017367569822935313,0.9899161721391465,0.0019095845919205748
19,rbf,0.3,scale,,,balanced,0.9370272270608627,0.017454299359910372,0.9177822277847308,0.022887134041306514,0.8886153846153846,0.03060881259186683,0.9429376257545272,0.01579629361206083,0.9799794871794874,0.011236699315114021,0.9517227622742718,0.005290149417035539
19,rbf,0.3,0.03,,,balanced,0.9370272270608627,0.017454299359910372,0.9177822277847308,0.022887134041306514,0.8886153846153846,0.03060881259186683,0.9429376257545272,0.01579629361206083,0.9798017094017094,0.011319046311815099,0.9517227622742718,0.005290149417035539
21,rbf,10.0,scale,,,,0.936990986159526,0.022023709932082025,0.9174785062961355,0.0286263768325843,0.8815384615384616,0.041028205048081946,0.9430583501006037,0.02006430722304695,0.9783384615384616,0.017542874105448397,0.9906940798178707,0.001918457680152539
22,rbf,3.0,0.01,,,balanced,0.9367505390304215,0.026735953801063014,0.9169819076566796,0.03530087587621549,0.8806153846153846,0.036479385440686636,0.9429376257545272,0.024001114643352126,0.9756649572649572,0.018384497689030322,0.9680982919485853,0.003978222375880682
23,rbf,1.0,0.1,,,balanced,0.9358902434759294,0.02554999476137074,0.9196157903720931,0.030485462067070045,0.9443076923076923,0.01985509637526358,0.9400804828973843,0.024681297932211528,0.9817162393162395,0.018399470211241133,0.9830150144804982,0.003962535864643649
24,rbf,30.0,0.03,,,balanced,0.9348848935003868,0.037137428361094356,0.9165479399306893,0.04514883135696584,0.8969230769230769,0.018917447567925436,0.9401207243460764,0.03551535266684967,0.9774427350427353,0.01680155140000475,0.9938074807480749,0.0030963189891199112
25,rbf,30.0,scale,,,,0.9340669940907885,0.026392780395756398,0.9140275259039786,0.033552670444241914,0.8815384615384616,0.041028205048081946,0.9402012072434609,0.0244876407063782,0.975842735042735,0.018192475519685936,0.9945786145654711,0.0030979408815247577
25,rbf,30.0,0.03,,,,0.9340669940907885,0.026392780395756398,0.9140275259039786,0.033552670444241914,0.8815384615384616,0.041028205048081946,0.9402012072434609,0.0244876407063782,0.9761982905982907,0.017770233770815026,0.9945786145654711,0.0030979408815247577
27,rbf,1.0,scale,,,,0.9330074417030149,0.028527040049509508,0.9112358276643991,0.03909849438274337,0.8649230769230769,0.054561403442013205,0.9401207243460764,0.024663313860081935,0.9810188034188034,0.01341221287335816,0.9672393032501038,0.0054239529294551735
27,rbf,1.0,0.03,,,,0.9330074417030149,0.028527040049509508,0.9112358276643991,0.03909849438274337,0.8649230769230769,0.054561403442013205,0.9401207243460764,0.024663313860081935,0.9808410256410257,0.013471536214123524,0.9672393032501038,0.0054239529294551735
29,rbf,0.3,0.1,,,,0.932927455668961,0.022086660567476685,0.9159873433474196,0.02603454485421756,0.9443076923076923,0.01985509637526358,0.9372635814889337,0.02149488610011361,0.9801230769230769,0.014873541109778716,0.962490811146169,0.007382253984098897
30,rbf,30.0,scale,,,balanced,0.9316228863563921,0.036113610767885884,0.9121261712232063,0.04381842965640273,0.8889230769230769,0.015640941571863198,0.9372635814889335,0.03459369893503551,0.9770871794871795,0.01697788104377723,0.9938074807480749,0.0030963189891199112
31,rbf,10.0,0.3,,,,0.9311149704170599,0.023721025803083922,0.9161031394953938,0.027402976377602885,0.984,0.019595917942265444,0.9344466800804829,0.023273129651532207,0.9842188034188034,0.015232395665555393,1.0,0.0
31,rbf,10.0,0.3,,,balanced,0.9311149704170599,0.023721025803083922,0.9161031394953938,0.027402976377602885,0.984,0.019595917942265444,0.9344466800804829,0.023273129651532207,0.9842188034188034,0.015232395665555393,1.0,0.0
31,rbf,30.0,0.3,,,,0.9311149704170599,0.023721025803083922,0.9161031394953938,0.027402976377602885,0.984,0.019595917942265444,0.9344466800804829,0.023273129651532207,0.9842188034188034,0.015232395665555393,1.0,0.0
31,rbf,30.0,0.3,,,balanced,0.9311149704170599,0.023721025803083922,0.9161031394953938,0.027402976377602885,0.984,0.019595917942265444,0.9344466800804829,0.023273129651532207,0.9842188034188034,0.015232395665555393,1.0,0.0
35,rbf,3.0,0.3,,,,0.930998745015232,0.019678327552438046,0.9157054369800441,0.022373547162881424,0.984,0.019595917942265444,0.9344466800804829,0.019451818877795957,0.9868786324786324,0.014866510899396135,1.0,0.0
36,rbf,0.3,0.1,,,balanced,0.930616860593205,0.022236679249374326,0.9144556489262372,0.02664514768069717,0.968,0.029933259094191523,0.9344466800804829,0.02144774838335726,0.980123076923077,0.013654918273117262,0.9551426863301546,0.004416613444069306
37,rbf,0.3,scale,,,,0.9299963588109911,0.016635149670008228,0.9074055894328129,0.022450242745103828,0.8572307692307692,0.03147498302164779,0.9373038229376258,0.014635168157236726,0.9806700854700855,0.012180225018886243,0.9518721933303869,0.0047848218631709755
37,rbf,0.3,0.03,,,,0.9299963588109911,0.016635149670008228,0.9074055894328129,0.022450242745103828,0.8572307692307692,0.03147498302164779,0.9373038229376258,0.014635168157236726,0.9806700854700855,0.012180225018886243,0.9518721933303869,0.0047848218631709755
39,rbf,30.0,0.01,,,balanced,0.9293579043337393,0.028980848183351192,0.9057574661070102,0.0397705430622994,0.8489230769230769,0.05365151635415902,0.9372635814889337,0.02500590799349837,0.9779760683760683,0.01948204940721387,0.9907042127146969,0.0031037375867106567
39,rbf,3.0,0.01,,,,0.9293579043337393,0.028980848183351192,0.9057574661070102,0.0397705430622994,0.8489230769230769,0.05365151635415902,0.9372635814889335,0.025005907993498368,0.9760205128205127,0.019062673966517497,0.9622701929655788,0.00824238407227915
41,rbf,3.0,0.3,,,balanced,0.9280840531812515,0.01924717281034514,0.9123384336130409,0.021842564363117215,0.984,0.019595917942265444,0.93158953722334,0.019051680544872395,0.9874119658119659,0.015076394354742721,1.0,0.0
42,rbf,30.0,0.01,,,,0.9264495671743079,0.03018230845558872,0.9022709823985098,0.04060122739279618,0.8489230769230769,0.047312632637601035,0.9344064386317908,0.02660108909512319,0.9756991452991454,0.02074451936401042,0.9844409236009023,0.002460511675481935
43,rbf,1.0,0.01,,,balanced,0.9262569440845209,0.030548511894273284,0.9018463356973996,0.041577401757365795,0.8486153846153845,0.053908535293725,0.9343661971830987,0.02660912354500978,0.9764034188034187,0.010768490545717631,0.9481117305251889,0.004724838632287359
44,rbf,0.1,scale,,,,0.9230138318900611,0.021379696624033245,0.8972813238770685,0.028663754229357716,0.8335384615384616,0.038039530979755286,0.9316297786720323,0.018926062855537426,0.9753777777777778,0.009912605766720442,0.9320569698164783,0.0058034293203200644
44,rbf,0.1,0.03,,,,0.9230138318900611,0.021379696624033245,0.8972813238770685,0.028663754229357716,0.8335384615384616,0.038039530979755286,0.9316297786720323,0.018926062855537426,0.9755555555555556,0.009623017673048396,0.93121526607862,0.006084258529311247
46,poly,0.1,0.3,2.0,0.0,balanced,0.9227263715100269,0.02850651270403848,0.8965253366224688,0.03917557221159174,0.8335384615384616,0.058025907292861556,0.9316297786720323,0.02455796845008615,0.9609709401709402,0.0255892226565456,0.9821211267635984,0.004008137936433558
46,poly,10.0,0.03,2.0,0.0,balanced,0.9227263715100269,0.02850651270403848,0.8965253366224688,0.03917557221159174,0.8335384615384616,0.058025907292861556,0.9316297786720323,0.02455796845008615,0.9609709401709402,0.0255892226565456,0.9821211267635984,0.004008137936433558
48,rbf,1.0,0.01,,,,0.9224750997637139,0.019761621798806424,0.8959310963473776,0.027541294973365216,0.8252307692307692,0.04134542038705433,0.93158953722334,0.016773010419201602,0.9769435897435897,0.009247458164501248,0.9403195850233781,0.008700033606040184
49,poly,1.0,0.1,2.0,0.0,balanced,0.9194581660451547,0.023610949094364116,0.8920927125089937,0.03264008043768797,0.8255384615384616,0.047324637365490155,0.9287726358148894,0.02020705824026365,0.9581606837606838,0.02332426259931362,0.9828934068231281,0.0031405703663541476
49,poly,10.0,scale,2.0,0.0,balanced,0.9194581660451547,0.023610949094364116,0.8920927125089937,0.03264008043768797,0.8255384615384616,0.047324637365490155,0.9287726358148894,0.02020705824026365,0.9595692307692307,0.025068475788134294,0.9828934068231281,0.0031405703663541476
51,rbf,1.0,0.3,,,,0.9191245743042646,0.01467443058949098,0.9014199747069658,0.0164251945781241,0.976,0.01959591794226544,0.9230583501006036,0.01465286138378116,0.9811897435897435,0.01695454072410014,0.9938074807480749,0.0030963189891199112
52,rbf,0.3,0.01,,,balanced,0.9166577107688937,0.026510677858610686,0.8890572892740198,0.03622234494348499,0.8329230769230769,0.047623772095866705,0.9258350100603622,0.02302380647352737,0.9711384615384613,0.0077892437321923635,0.935833742691649,0.010606664831326808
53,poly,0.1,0.3,2.0,0.0,,0.9157615703753539,0.016493915600146635,0.8864953886693018,0.02328477400112499,0.8098461538461539,0.04485980792272637,0.9259557344064386,0.013806981204502982,0.9658461538461539,0.023988230976114768,0.9851579442579121,0.004583717845110496
53,poly,10.0,scale,2.0,0.0,,0.9157615703753539,0.016493915600146635,0.8864953886693018,0.02328477400112499,0.8098461538461539,0.04485980792272637,0.9259557344064386,0.013806981204502982,0.9655111111111111,0.022962943847064918,0.9851579442579121,0.004583717845110496
53,poly,10.0,0.03,2.0,0.0,,0.9157615703753539,0.016493915600146635,0.8864953886693018,0.02328477400112499,0.8098461538461539,0.04485980792272637,0.9259557344064386,0.013806981204502982,0.9658461538461539,0.023988230976114768,0.9851579442579121,0.004583717845110496
56,poly,1.0,0.1,2.0,0.0,,0.9155443918927071,0.02052737163424547,0.8860203371842035,0.02959880188441744,0.8095384615384615,0.05292307692307693,0.9259154929577467,0.016699183019069103,0.961982905982906,0.02039051859550815,0.9851579442579121,0.004583717845110496
57,poly,0.1,0.1,2.0,0.5,balanced,0.9137225219922259,0.03673881431988228,0.8855186107745595,0.04974604314261993,0.8406153846153845,0.06767552239444441,0.9229778672032193,0.032201055369602175,0.9686017094017094,0.015835484103665046,0.9556700911600517,0.003193974139061728
57,poly,0.1,0.1,2.0,1.0,balanced,0.9137225219922259,0.03673881431988228,0.8855186107745595,0.04974604314261993,0.8406153846153845,0.06767552239444441,0.9229778672032193,0.032201055369602175,0.9703658119658118,0.019257963981460464,0.9603342060419638,0.0038905698936777147
59,poly,0.3,0.1,2.0,0.5,balanced,0.9132859752257311,0.016317825690071543,0.8841813135985198,0.02154756464242835,0.8175384615384615,0.018553616531300072,0.9230583501006038,0.014652861383781156,0.9751931623931626,0.016278755168085933,0.9736597512033895,0.0029627351269043084
60,poly,0.3,0.1,2.0,1.0,balanced,0.9131173346065472,0.0246220369981742,0.8837958680234351,0.03336224525834902,0.8172307692307692,0.03300206197610318,0.9230181086519114,0.021533349225839066,0.9590017094017094,0.02682844113722337,0.9751896872702366,0.003131726744892928
61,poly,3.0,scale,2.0,0.0,balanced,0.9123946319964313,0.027850295609766523,0.8819129199068408,0.03932939926908307,0.8092307692307692,0.059504860325580666,0.9230583501006038,0.023264499972645115,0.9683897435897435,0.02120330304226469,0.971764614086462,0.005290487877771238
61,poly,3.0,0.03,2.0,0.0,balanced,0.9123946319964313,0.027850295609766523,0.8819129199068408,0.03932939926908307,0.8092307692307692,0.059504860325580666,0.9230583501006038,0.023264499972645115,0.9687452991452992,0.020908529661567882,0.971764614086462,0.005290487877771238
63,poly,0.3,0.1,2.0,0.5,,0.9098045313217394,0.022170482689465303,0.8791859389454209,0.029916234591431282,0.8095384615384615,0.02967915212747689,0.9202012072434609,0.019471040252941635,0.9648615384615384,0.027924357715387736,0.9774062526091261,0.0076318573408348245
64,poly,0.1,0.3,2.0,0.5,,0.9097459913660192,0.02448656925061863,0.8789855072463768,0.03333333333333332,0.8098461538461539,0.044859807922726376,0.920241448692153,0.021321740862369144,0.9604923076923078,0.013958997385429559,0.9844320265939952,0.0035198044797762297
64,poly,0.1,0.3,2.0,0.5,balanced,0.9097459913660192,0.02448656925061863,0.8789855072463768,0.03333333333333332,0.8098461538461539,0.044859807922726376,0.920241448692153,0.021321740862369144,0.9652923076923076,0.013391351308504173,0.9837288100331925,0.002896498630011205
64,poly,0.1,0.3,2.0,1.0,balanced,0.9097459913660192,0.02448656925061863,0.8789855072463768,0.03333333333333332,0.8098461538461539,0.044859807922726376,0.920241448692153,0.021321740862369144,0.9594666666666665,0.016084714007136063,0.9860591461387012,0.0018971008936782628
64,poly,1.0,0.1,2.0,0.5,balanced,0.9097459913660192,0.02448656925061863,0.8789855072463768,0.03333333333333332,0.8098461538461539,0.044859807922726376,0.920241448692153,0.021321740862369144,0.9442735042735043,0.025960007903952798,0.9883860096573193,0.004248115255694212
68,poly,10.0,0.01,2.0,0.5,balanced,0.909415217941006,0.0450733475236582,0.8783644773358003,0.06157470109619201,0.8166153846153845,0.07505674382025515,0.9200804828973844,0.03907264385474417,0.9394256410256411,0.048983846100083515,0.9704635166464574,0.005435800870554096
69,poly,0.3,0.1,2.0,0.0,balanced,0.9093570190246076,0.02973879104405376,0.878074536068457,0.0417856349150021,0.8092307692307692,0.059504860325580666,0.9202012072434609,0.024980379655148304,0.9682119658119659,0.021343241179414652,0.9749498182338374,0.005362084311598241
69,poly,30.0,0.01,2.0,0.0,balanced,0.9093570190246076,0.02973879104405376,0.878074536068457,0.0417856349150021,0.8092307692307692,0.059504860325580666,0.9202012072434609,0.024980379655148304,0.9682119658119659,0.021343241179414652,0.9749498182338374,0.005362084311598241
71,poly,0.1,0.1,2.0,0.5,,0.9092466500045984,0.040189364932706806,0.8778019323671498,0.05518963719380218,0.8092307692307692,0.06943218563725952,0.9201609657947685,0.03463089388067391,0.9687931623931624,0.01527433828954168,0.9512434898731614,0.00551616706974684
72,poly,3.0,scale,2.0,0.5,balanced,0.9090509978306851,0.0401929506749175,0.8774106280193237,0.05519316884952326,0.8086153846153845,0.06982378496433407,0.9200804828973844,0.03464304959951964,0.9492034188034187,0.03855747291016626,0.975954047226305,0.0038248689387079234
72,poly,3.0,0.03,2.0,0.5,balanced,0.9090509978306851,0.0401929506749175,0.8774106280193237,0.05519316884952326,0.8086153846153845,0.06982378496433407,0.9200804828973844,0.03464304959951964,0.9490188034188034,0.039088813200302434,0.975954047226305,0.0038248689387079234
74,poly,0.3,scale,2.0,0.5,balanced,0.9064706187948062,0.04070357212260557,0.8748132387706855,0.05522509553183386,0.8166153846153845,0.07066480590010427,0.9172233400402415,0.03557958558323192,0.9623999999999999,0.02008495536710915,0.9354040596524695,0.004300991680395023
75,poly,1.0,scale,2.0,0.5,balanced,0.9061414510318364,0.046069128776842265,0.8739824822256435,0.0630395462700585,0.8166153846153845,0.08691095899194423,0.9172233400402415,0.0399053570654295,0.9664547008547009,0.025967772470903094,0.9619290844600468,0.0016117111273642544
75,poly,1.0,0.03,2.0,0.5,balanced,0.9061414510318364,0.046069128776842265,0.8739824822256435,0.0630395462700585,0.8166153846153845,0.08691095899194423,0.9172233400402415,0.0399053570654295,0.9659213675213675,0.026073350457155572,0.9619290844600468,0.0016117111273642544
77,poly,3.0,0.01,3.0,1.0,balanced,0.9059176983170927,0.04611222474100194,0.8733403227464283,0.06309381916561597,0.8086153846153845,0.0784561084093875,0.9172233400402415,0.0399053570654295,0.936957264957265,0.04848975075330317,0.9720494251238028,0.003949402040088468
78,poly,1.0,0.1,2.0,0.5,,0.9058929552415449,0.019522416742540866,0.8730229211635316,0.02709677592774269,0.7938461538461539,0.0378348951358508,0.9173843058350102,0.016625417392644008,0.9489572649572648,0.025112678498615513,0.9844320265939952,0.0035198044797762297
79,poly,10.0,0.01,3.0,0.5,balanced,0.9058905211602024,0.040310078917398566,0.8732471144486164,0.055853453073528236,0.8086153846153845,0.0784561084093875,0.9172635814889336,0.03442711793395856,0.9410598290598291,0.043078724694383286,0.9744482552351996,0.003140366854327656
80,poly,0.3,0.3,2.0,0.0,,0.9058031400966182,0.019694481086751942,0.8728019323671496,0.027574175061847825,0.7938461538461539,0.045513506675939924,0.9173843058350102,0.01662541739264401,0.9538393162393163,0.021129581456015428,0.9890926516151867,0.0029341275014242757
80,poly,30.0,scale,2.0,0.0,,0.9058031400966182,0.019694481086751942,0.8728019323671496,0.027574175061847825,0.7938461538461539,0.045513506675939924,0.9173843058350102,0.01662541739264401,0.9534905982905982,0.021316557067933756,0.9890926516151867,0.0029341275014242757
80,poly,30.0,0.03,2.0,0.0,,0.9058031400966182,0.019694481086751942,0.8728019323671496,0.027574175061847825,0.7938461538461539,0.045513506675939924,0.9173843058350102,0.01662541739264401,0.9538393162393163,0.021129581456015428,0.9890926516151867,0.0029341275014242757
83,poly,0.1,0.1,2.0,1.0,,0.9057296970385484,0.04004820311302898,0.8727426438296003,0.05515344205739873,0.8012307692307692,0.07228084608012814,0.9173038229376257,0.03440773292304782,0.9650461538461539,0.020777704015310622,0.9552527515377707,0.004789537859207993
84,poly,1.0,scale,2.0,1.0,balanced,0.9057018886247411,0.03877914817164845,0.8727317884236081,0.05354964107365405,0.8009230769230768,0.06805219020513577,0.9172635814889336,0.0332203822400867,0.9479452991452991,0.04698489586845071,0.9697162797521921,0.0030235244400235273
84,poly,1.0,0.03,2.0,1.0,balanced,0.9057018886247411,0.03877914817164845,0.8727317884236081,0.05354964107365405,0.8009230769230768,0.06805219020513577,0.9172635814889336,0.0332203822400867,0.9479521367521366,0.04665696326907386,0.9689148529503699,0.004433279008659204
86,rbf,0.1,0.01,,,balanced,0.9044368851634055,0.02697443738012972,0.873592822636301,0.03591945471457182,0.8249230769230769,0.04208079014714769,0.9144466800804828,0.024098345519812398,0.9440000000000002,0.0072213674707875,0.9087228710992367,0.009893231090375234
87,poly,0.3,0.03,2.0,0.5,balanced,0.903137136256734,0.03873494964084402,0.8702033096926713,0.05243028030034697,0.8086153846153845,0.06507965078844204,0.9143661971830988,0.033942320166122676,0.9627555555555555,0.02002349237554682,0.9354040596524695,0.004300991680395023
87,poly,1.0,0.01,3.0,0.5,balanced,0.903137136256734,0.03873494964084402,0.8702033096926713,0.05243028030034697,0.8086153846153845,0.06507965078844204,0.9143661971830988,0.033942320166122676,0.9536957264957266,0.022655929183823142,0.9339547728225863,0.006018976734117583
89,poly,0.1,0.3,2.0,1.0,,0.9029149892040337,0.023211440149807597,0.8693514235789905,0.03159124024503379,0.7938461538461539,0.0378348951358508,0.9145271629778673,0.020208821222176522,0.9574837606837606,0.017274041445273284,0.9844320265939952,0.0035198044797762297
90,poly,3.0,0.01,4.0,1.0,balanced,0.9022202659767894,0.045494322417329036,0.8677925689940709,0.06354270937761605,0.8006153846153845,0.08848280680782972,0.9144064386317907,0.03846808877063236,0.9366222222222221,0.046071206293982724,0.9751896872702366,0.003131726744892928
91,poly,0.3,0.3,2.0,0.0,balanced,0.9022119651896539,0.02421041161479799,0.8675494071146245,0.03418461729022969,0.7858461538461539,0.05356321266951125,0.9145271629778673,0.020208821222176522,0.9375521367521367,0.01661853017954251,0.9906886451076048,0.0031069081523633865
91,poly,3.0,0.1,2.0,0.0,,0.9022119651896539,0.02421041161479799,0.8675494071146245,0.03418461729022969,0.7858461538461539,0.05356321266951125,0.9145271629778673,0.020208821222176522,0.9529435897435896,0.020125036569883507,0.9906592685464444,0.001933166928674556
91,poly,3.0,0.1,2.0,0.0,balanced,0.9022119651896539,0.02421041161479799,0.8675494071146245,0.03418461729022969,0.7858461538461539,0.05356321266951125,0.9145271629778673,0.020208821222176522,0.9378735042735041,0.01723020484762852,0.9922411890565108,0.0024494229838367032
91,poly,30.0,scale,2.0,0.0,balanced,0.9022119651896539,0.02421041161479799,0.8675494071146245,0.03418461729022969,0.7858461538461539,0.05356321266951125,0.9145271629778673,0.020208821222176522,0.9373811965811966,0.016764908440399403,0.9906886451076048,0.0031069081523633865
91,poly,30.0,0.03,2.0,0.0,balanced,0.9022119651896539,0.02421041161479799,0.8675494071146245,0.03418461729022969,0.7858461538461539,0.05356321266951125,0.9145271629778673,0.020208821222176522,0.9375521367521367,0.01661853017954251,0.9906886451076048,0.0031069081523633865
96,poly,3.0,scale,2.0,0.5,,0.902130147059913,0.04250159018141639,0.8675143971192604,0.05884876742908953,0.7929230769230768,0.07444373595196044,0.9144064386317907,0.03628399850544041,0.9483076923076922,0.04191737417323608,0.9797480463578461,0.005740446681468096
96,poly,3.0,0.03,2.0,0.5,,0.902130147059913,0.04250159018141639,0.8675143971192604,0.05884876742908953,0.7929230769230768,0.07444373595196044,0.9144064386317907,0.03628399850544041,0.948663247863248,0.041709164073864165,0.9797480463578461,0.005740446681468096
98,poly,0.3,0.3,2.0,0.5,,0.9020456457464349,0.03706149223587434,0.8670839279354221,0.0519408211362788,0.7858461538461539,0.06920272936437757,0.9145674044265595,0.031174684350255426,0.9488820512820512,0.011025869473549312,0.9906941375789315,0.0031111681680357373
99,poly,3.0,scale,2.0,1.0,balanced,0.9019401234602379,0.050967467217774516,0.8671084783403138,0.07195166277910749,0.8006153846153845,0.09873807320680163,0.9144064386317907,0.042500876060501964,0.9431384615384616,0.044188562016388294,0.9790193673630643,0.004679405630217003
99,poly,3.0,0.03,2.0,1.0,balanced,0.9019401234602379,0.050967467217774516,0.8671084783403138,0.07195166277910749,0.8006153846153845,0.09873807320680163,0.9144064386317907,0.042500876060501964,0.9429606837606836,0.04419010248263371,0.9790193673630643,0.004679405630217003
101,poly,3.0,scale,2.0,1.0,,0.901395248196836,0.0433739363692597,0.8656539320029812,0.06105930814456243,0.784923076923077,0.08345441302444367,0.9144064386317907,0.03628399850544041,0.9392547008547009,0.04754757145091923,0.9797480463578461,0.005740446681468096
101,poly,3.0,0.03,2.0,1.0,,0.901395248196836,0.0433739363692597,0.8656539320029812,0.06105930814456243,0.784923076923077,0.08345441302444367,0.9144064386317907,0.03628399850544041,0.9392547008547009,0.04763390425769114,0.9797480463578461,0.005740446681468096
103,poly,10.0,scale,2.0,1.0,balanced,0.9012504598172629,0.04453638465089799,0.8652926783361565,0.06398000727715403,0.7852307692307692,0.09059749072377109,0.9144466800804828,0.036268776300604405,0.9230153846153846,0.05398170170192306,0.9907095719015,0.003966612255069456
104,poly,30.0,0.01,2.0,0.5,balanced,0.9010877454521757,0.04797695583346944,0.8649195040895847,0.06833652635241313,0.784923076923077,0.0942583633066819,0.9144064386317907,0.039514889683845464,0.9349743589743589,0.04832786460102825,0.9797837273191327,0.004567738918841824
105,poly,0.1,scale,3.0,1.0,balanced,0.9005571384409731,0.045359401081246156,0.8675620491798322,0.06114291136745406,0.8166153846153845,0.07505674382025515,0.9115492957746477,0.03993456424398688,0.959391452991453,0.02104473207351133,0.9389769411168544,0.004066073940108481
105,poly,0.1,0.03,3.0,1.0,balanced,0.9005571384409731,0.045359401081246156,0.8675620491798322,0.06114291136745406,0.8166153846153845,0.07505674382025515,0.9115492957746477,0.03993456424398688,0.9595623931623931,0.021271995976927676,0.9389769411168544,0.004066073940108481
107,poly,1.0,0.01,2.0,0.5,balanced,0.8995459613497696,0.040981942325576906,0.8649507844401463,0.05594540695063382,0.8006153846153845,0.07258930431263079,0.9115090543259559,0.03559250925147117,0.9300786324786324,0.0335179905637417,0.9266370676194811,0.004982911835944409
108,poly,10.0,0.01,4.0,0.5,balanced,0.8994891516794077,0.03422774898360927,0.8646036570656632,0.04737253057070143,0.7932307692307692,0.05983488127966395,0.9116297786720322,0.02925816233664601,0.9441025641025641,0.04093456557454984,0.9744652204113242,0.004008671009167615
109,rbf,1.0,0.3,,,balanced,0.8992939504873881,0.03299308317590745,0.8801455242129146,0.03578189154173078,0.976,0.01959591794226544,0.9030985915492957,0.03316066296311622,0.9826119658119659,0.015685022981876615,0.9930396482051158,0.0037820446434094885
110,poly,1.0,0.3,2.0,0.0,,0.8992889821890472,0.020146025625353465,0.8640264345583495,0.028633360905429117,0.7855384615384615,0.041505399948103996,0.9116700201207244,0.0167081990981744,0.9317538461538462,0.018967999550291995,0.996896916882756,0.0015515717717266627
111,poly,0.1,0.1,3.0,1.0,balanced,0.8991705120797061,0.0345706191237346,0.8637036414094693,0.048321104292386376,0.7858461538461539,0.05923696271315138,0.9116700201207243,0.029164918798666447,0.9547897435897437,0.031275946160591116,0.9775274060813496,0.003809559745947717
112,poly,3.0,0.01,4.0,0.5,,0.8988897500088484,0.03894909610955852,0.8630926284117774,0.05395540067625511,0.7852307692307692,0.06609013031795131,0.91158953722334,0.03322798580903806,0.9681025641025641,0.017646166348312477,0.940141364394524,0.004688873829864882
112,poly,3.0,0.01,4.0,1.0,,0.8988897500088484,0.03894909610955852,0.8630926284117774,0.05395540067625511,0.7852307692307692,0.06609013031795131,0.91158953722334,0.03322798580903806,0.9383658119658118,0.04793256226449035,0.9797480463578461,0.005740446681468096
114,poly,1.0,scale,2.0,0.5,,0.8984450905731322,0.04596300581160244,0.8619932898244324,0.06412855325588014,0.7852307692307692,0.08699370853943282,0.91158953722334,0.0388878169383646,0.9609641025641025,0.02987001640524618,0.9599945996793517,0.00683051160785087
114,poly,1.0,0.03,2.0,0.5,,0.8984450905731322,0.04596300581160244,0.8619932898244324,0.06412855325588014,0.7852307692307692,0.08699370853943282,0.91158953722334,0.0388878169383646,0.9611418803418804,0.029675305053228886,0.9599945996793517,0.00683051160785087
116,poly,30.0,scale,2.0,1.0,,0.8984326197905055,0.041656663894329225,0.8619840821704174,0.059346968149337306,0.7852307692307693,0.08699370853943279,0.911629778672032,0.03438852534730778,0.9141538461538461,0.05857371952911558,0.9938074807480749,0.0030963189891199112
116,poly,30.0,0.03,2.0,1.0,,0.8984326197905055,0.041656663894329225,0.8619840821704174,0.059346968149337306,0.7852307692307693,0.08699370853943279,0.911629778672032,0.03438852534730778,0.9136410256410257,0.059399326029785475,0.9938074807480749,0.0030963189891199112
118,poly,1.0,0.1,2.0,1.0,,0.8983506564072364,0.035346266172611225,0.8616309709838527,0.05030802602106894,0.7778461538461539,0.07388204256121883,0.9116700201207244,0.029164918798666426,0.9377435897435896,0.03246675446317657,0.9852223337324123,0.002924037623875736
119,poly,10.0,0.03,2.0,0.5,balanced,0.8983424637250357,0.0493163571852709,0.8617489352575298,0.06983147011017843,0.7852307692307692,0.09059749072377109,0.91158953722334,0.04093320916266162,0.9299145299145298,0.04564213961955621,0.9883860096573193,0.004248115255694212
120,poly,10.0,scale,2.0,0.5,balanced,0.8982916675842226,0.05033116959194979,0.8615607748869987,0.07113191657108882,0.7855384615384615,0.09696751118210713,0.9116297786720322,0.04188077419283222,0.9299213675213676,0.04577877813068603,0.9883860096573193,0.004248115255694212
121,poly,10.0,0.01,3.0,1.0,balanced,0.8981797493599485,0.05243525029809156,0.861375761010958,0.07382566527415312,0.784923076923077,0.0942583633066819,0.9115492957746479,0.04383263662617176,0.9302085470085469,0.049886457859528124,0.9798005192120746,0.0045709979435922055
122,poly,30.0,0.01,3.0,0.5,,0.8981548511457712,0.039839459681949164,0.8612321632954982,0.056212043660053286,0.7772307692307693,0.07528344860018099,0.91158953722334,0.03322798580903806,0.9288615384615385,0.04281005054985267,0.9805421409616842,0.005499137868276089
123,poly,30.0,0.01,2.0,1.0,balanced,0.8981292127568011,0.050358605050011704,0.8612831404532211,0.07115253922990451,0.784923076923077,0.0942583633066819,0.9115492957746479,0.0419289247117019,0.9163623931623931,0.05614992443603076,0.9813445114104722,0.0029122428219247485
124,poly,10.0,scale,2.0,1.0,,0.8980579509523366,0.041733350867671576,0.8609599208312716,0.05943589315186795,0.7775384615384615,0.08286925611749783,0.9116297786720324,0.034388525347307776,0.9183589743589744,0.050271804142750946,0.9860125362843041,0.0018829344323044227
124,poly,10.0,0.03,2.0,1.0,,0.8980579509523366,0.041733350867671576,0.8609599208312716,0.05943589315186795,0.7775384615384615,0.08286925611749783,0.9116297786720324,0.034388525347307776,0.9187076923076922,0.05057331977963768,0.9860125362843041,0.0018829344323044227
126,poly,1.0,0.3,2.0,1.0,balanced,0.8979387529443859,0.0405721587765679,0.8607235142118862,0.0580685757038387,0.7772307692307693,0.08335225031836926,0.91158953722334,0.03322798580903804,0.9225094017094018,0.021321973745288467,0.9953546492479631,0.0028894415812237857
127,poly,3.0,0.1,2.0,0.5,balanced,0.8979376565324554,0.042310163211130236,0.8606827492581424,0.060866955158650794,0.7775384615384615,0.08664475523346728,0.9116297786720322,0.03438852534730778,0.930577777777778,0.02246691944027489,0.9938074807480749,0.0030963189891199112
128,poly,10.0,0.03,2.0,1.0,balanced,0.897916977279191,0.04233559353919714,0.8606827492581424,0.060866955158650794,0.7772307692307692,0.08335225031836929,0.91158953722334,0.034434455041235365,0.923008547008547,0.05433615174285455,0.9899417393585409,0.003961481128237723
129,poly,1.0,0.3,2.0,1.0,,0.897907763143132,0.04350912279915524,0.8606209730829791,0.06236485688092778,0.7772307692307692,0.08710681737462397,0.911629778672032,0.03555563708645446,0.9246632478632479,0.020225285041624887,0.9961257830653597,0.002443925361256807
130,poly,30.0,0.01,4.0,1.0,,0.897622531640572,0.04857479354142476,0.8599337956629082,0.06940001833874866,0.7775384615384615,0.10033600355539109,0.9116297786720322,0.039884006078484045,0.9090529914529915,0.05904461129658309,0.9930244736844402,0.003810791095829059
131,poly,0.3,scale,2.0,1.0,balanced,0.8966694183240964,0.04431590444459734,0.8615819901139051,0.059628467596565905,0.8006153846153845,0.07258930431263079,0.9086519114688129,0.0390961776505421,0.9536820512820514,0.024851012787894974,0.94041196863589,0.007350495676296733
131,poly,0.3,0.03,2.0,1.0,balanced,0.8966694183240964,0.04431590444459734,0.8615819901139051,0.059628467596565905,0.8006153846153845,0.07258930431263079,0.9086519114688129,0.0390961776505421,0.9529709401709402,0.024206572944473627,0.9387827877821794,0.007072592607441519
133,poly,0.1,scale,2.0,1.0,balanced,0.896318065803885,0.040162687630949476,0.8605496525411948,0.05507057697323229,0.7929230769230768,0.06528299795877336,0.9086921529175049,0.034693263612254624,0.9380786324786324,0.03209099779804597,0.9249787393736513,0.005886163918949158
133,poly,0.1,0.03,2.0,1.0,balanced,0.896318065803885,0.040162687630949476,0.8605496525411948,0.05507057697323229,0.7929230769230768,0.06528299795877336,0.9086921529175049,0.034693263612254624,0.9379008547008547,0.032163492057698084,0.9249787393736513,0.005886163918949158
135,poly,1.0,0.01,3.0,1.0,balanced,0.8962831257864758,0.04066289284690143,0.8605434823832822,0.056476417472107056,0.8006153846153845,0.08478919212135307,0.908692152917505,0.0346932636122546,0.9416,0.037501841930072534,0.9477546724506751,0.00472276114489507
136,poly,1.0,scale,4.0,0.5,balanced,0.8960138631151782,0.03792683470882256,0.8595814294657957,0.05286969438980224,0.7855384615384616,0.06544232747123278,0.9088128772635814,0.03211797054734008,0.9624136752136752,0.023534856001285468,0.9713266058317791,0.003136235430592125
137,poly,0.3,0.01,3.0,1.0,balanced,0.8959948885676982,0.04516819377066651,0.8597703959110066,0.061822310143185344,0.7926153846153845,0.07858150707665178,0.9086519114688129,0.0390961776505421,0.9313162393162393,0.03253024059912666,0.9282953065887947,0.003106294538326954
138,poly,3.0,0.01,2.0,0.5,balanced,0.8959547864428051,0.04281179505054979,0.8596982591876209,0.058784902673341834,0.7926153846153845,0.07858150707665178,0.908651911468813,0.03694923274927773,0.9417777777777777,0.035184732940563374,0.9460757876199019,0.00693053518933146
139,poly,0.1,1.0,2.0,0.0,,0.8958953478319408,0.01738092707008444,0.8592128500546632,0.02474000035253711,0.7778461538461539,0.0402312840090613,0.9088531187122737,0.014412956721572539,0.9287726495726496,0.01961589638644904,0.996896916882756,0.0015515717717266627
139,poly,10.0,0.1,2.0,0.0,,0.8958953478319408,0.01738092707008444,0.8592128500546632,0.02474000035253711,0.7778461538461539,0.0402312840090613,0.9088531187122737,0.014412956721572539,0.9287726495726496,0.01961589638644904,0.996896916882756,0.0015515717717266627
141,poly,3.0,scale,3.0,0.5,balanced,0.8957586970537941,0.03316709921716005,0.8588932806324111,0.04625688170222226,0.777846153846154,0.05383824117686005,0.9088128772635814,0.028047568038889394,0.9462700854700856,0.03764973838938265,0.9813965466914084,0.002888911936233332
141,poly,3.0,0.03,3.0,0.5,balanced,0.8957586970537941,0.03316709921716005,0.8588932806324111,0.04625688170222226,0.777846153846154,0.05383824117686005,0.9088128772635814,0.028047568038889394,0.9468034188034187,0.037052940350709114,0.9813965466914084,0.002888911936233332
143,poly,0.3,0.1,2.0,1.0,,0.8957322802001219,0.031254681812450835,0.8588815070221175,0.04330753580414378,0.7775384615384615,0.04886014336314883,0.9087726358148892,0.02665053551965223,0.9619965811965813,0.03496357688611386,0.976639567874263,0.0056025379383640985
144,poly,10.0,0.01,2.0,1.0,balanced,0.8956566926572066,0.04594662070373496,0.8588222957167057,0.06374994739824184,0.7849230769230768,0.07539654536684313,0.908692152917505,0.03911717208994392,0.9210871794871794,0.05963988808678681,0.9758753812013771,0.00579763505801384
145,poly,0.3,0.3,2.0,0.5,balanced,0.8956069831302667,0.03458877480414213,0.8584672815107599,0.04817408267213114,0.778153846153846,0.06812727386140578,0.9088531187122737,0.02933930036568217,0.9388512820512819,0.017191429790350217,0.9922499529363801,0.0024731111201623714
146,poly,0.3,scale,3.0,0.5,,0.8955769467240404,0.036166991947296,0.8584826993337632,0.05002245508765835,0.7775384615384615,0.06055834880070177,0.9087726358148893,0.030905484993248685,0.9682940170940171,0.01375755721767352,0.9384493716260904,0.0020555922646039457
146,poly,0.3,0.03,3.0,0.5,,0.8955769467240404,0.036166991947296,0.8584826993337632,0.05002245508765835,0.7775384615384615,0.06055834880070177,0.9087726358148893,0.030905484993248685,0.9682940170940171,0.01375755721767352,0.9384493716260904,0.0020555922646039457
148,poly,1.0,0.3,2.0,0.5,,0.8955499738181633,0.03005265627969176,0.8583523008411676,0.0427942688393173,0.7778461538461539,0.06464175286158126,0.9088531187122738,0.024817263885530266,0.9307487179487179,0.017217218929236024,0.996896916882756,0.0015515717717266627
149,poly,0.3,0.03,3.0,1.0,,0.8954533173367272,0.04378773969184265,0.8582517932257929,0.06131350603986102,0.7852307692307692,0.08699370853943282,0.9087726358148893,0.036923058757015806,0.9643487179487179,0.025930585198561666,0.9584224089818267,0.008166853474401492
150,rbf,0.1,scale,,,balanced,0.8954350530266083,0.016291949503630318,0.867512568136609,0.017944810582097712,0.8806153846153846,0.04439308011537584,0.9030985915492957,0.016831608287419884,0.9662905982905983,0.006488597077188343,0.9141353437951908,0.012003506610408193
150,rbf,0.1,0.03,,,balanced,0.8954350530266083,0.016291949503630318,0.867512568136609,0.017944810582097712,0.8806153846153846,0.04439308011537584,0.9030985915492957,0.016831608287419884,0.9661128205128205,0.006451397097430108,0.9140600766132877,0.012520862312500491
152,poly,10.0,0.03,2.0,0.5,,0.8954276734066295,0.0323497105152787,0.8581079984275777,0.04626529804797634,0.7775384615384615,0.06563012730040567,0.9088128772635816,0.02655246541914526,0.9281367521367521,0.04241380252987779,0.9852223337324123,0.002924037623875736
153,poly,0.3,0.3,2.0,1.0,balanced,0.8954153000869004,0.039671138948148964,0.8580368906455863,0.05560977494177938,0.7778461538461539,0.07388204256121883,0.9088128772635814,0.033364602277578974,0.935774358974359,0.017045340609575882,0.9938074807480749,0.0030963189891199112
154,poly,1.0,scale,3.0,1.0,,0.8954042111645408,0.04099331951745081,0.8580523084685897,0.057218564401347816,0.7775384615384616,0.070337142460207,0.9087726358148893,0.03464169398068741,0.9410666666666667,0.045137354161943706,0.9789759483479605,0.006358209408326738
154,poly,1.0,0.03,3.0,1.0,,0.8954042111645408,0.04099331951745081,0.8580523084685897,0.057218564401347816,0.7775384615384616,0.070337142460207,0.9087726358148893,0.03464169398068741,0.9414222222222222,0.04474423336870442,0.9789759483479605,0.006358209408326738
156,poly,30.0,scale,2.0,1.0,balanced,0.8953401692693909,0.036985141097096455,0.8579740502501512,0.05207316602800702,0.7772307692307693,0.06623894347841074,0.9087323943661971,0.03095286852550123,0.912259829059829,0.06119277493773525,0.9938074807480749,0.0030963189891199112
156,poly,30.0,0.03,2.0,1.0,balanced,0.8953401692693909,0.036985141097096455,0.8579740502501512,0.05207316602800702,0.7772307692307693,0.06623894347841074,0.9087323943661971,0.03095286852550123,0.911911111111111,0.061208504210234715,0.9938074807480749,0.0030963189891199112
158,poly,1.0,0.3,2.0,0.5,balanced,0.8953019535111612,0.030878324294528255,0.8578689172878754,0.044574514556729596,0.7775384615384616,0.070337142460207,0.9087726358148895,0.025072263368571684,0.9278564102564102,0.01533064645964979,0.9953546492479634,0.0028894415812237857
159,poly,3.0,0.01,3.0,0.5,,0.895298575101884,0.04081236512409726,0.8578401031592522,0.05672249520827867,0.7772307692307692,0.07090555431795238,0.9087323943661971,0.0346839736642248,0.9622222222222223,0.02280480781018029,0.9424113566083525,0.006037184843239083
160,poly,10.0,scale,2.0,0.5,,0.8950677243862497,0.03924709144957119,0.8572210987529492,0.05624363945976042,0.7775384615384615,0.08286925611749783,0.9088128772635816,0.03211797054734003,0.927425641025641,0.04288073844471294,0.9860073346391115,0.0019182124545280696
161,poly,0.3,0.1,2.0,0.0,,0.8949647700009381,0.022831707949737875,0.8567413263065436,0.032264702311247,0.7624615384615383,0.04680160822604691,0.9088933601609657,0.019005470033925553,0.9669948717948718,0.02139405777857224,0.9660514678856252,0.007070220175386326
161,poly,30.0,0.01,2.0,0.0,,0.8949647700009381,0.022831707949737875,0.8567413263065436,0.032264702311247,0.7624615384615383,0.04680160822604691,0.9088933601609657,0.019005470033925553,0.9669948717948718,0.02139405777857224,0.9660514678856252,0.007070220175386326
163,poly,10.0,0.01,3.0,0.5,,0.894845540594497,0.04756765590724577,0.8567650431140924,0.06649320303914444,0.7769230769230768,0.08728922203813977,0.908692152917505,0.040147052262594726,0.9465435897435898,0.04702717691446175,0.9758204951429954,0.006832276109987437
164,poly,30.0,0.01,2.0,0.5,,0.8945906551725109,0.045169618373497776,0.8561402474593965,0.06471603238861248,0.7769230769230769,0.09433667518003624,0.9087323943661971,0.03696272900183493,0.933757264957265,0.04737537730151863,0.9797480463578461,0.005740446681468096
165,poly,10.0,0.01,3.0,1.0,,0.8943498287771977,0.04493876425524697,0.8554735807927297,0.06406868415365584,0.7692307692307693,0.0864828881388012,0.9087323943661971,0.03696272900183493,0.9288410256410258,0.04792862738600122,0.9797480463578461,0.005740446681468096
166,rbf,0.3,0.01,,,,0.8941431509110245,0.0262473244027374,0.8547901373988331,0.0376277023061523,0.7538461538461538,0.05347122214456234,0.9088128772635816,0.021450768299788977,0.9741196581196581,0.008639553671748111,0.9233011476427666,0.006067884320872988
167,poly,0.3,scale,3.0,0.5,balanced,0.8940692395496914,0.03246499815339553,0.8586570048309179,0.04455328408104827,0.8012307692307692,0.05748496072938706,0.9059557344064386,0.028072153100687385,0.9640410256410256,0.015545121324398961,0.9493465387970378,0.004444400532561443
167,poly,0.3,0.03,3.0,0.5,balanced,0.8940692395496914,0.03246499815339553,0.8586570048309179,0.04455328408104827,0.8012307692307692,0.05748496072938706,0.9059557344064386,0.028072153100687385,0.9640410256410256,0.015696863945738455,0.9477366670921861,0.005463478905415474
169,poly,0.3,0.01,4.0,1.0,balanced,0.8937261362789878,0.04325639835004532,0.8579279655124461,0.058354450199010026,0.8006153846153845,0.07258930431263079,0.905835010060362,0.03806849553974012,0.949080341880342,0.023872548330883314,0.9365926238721667,0.0047633514156990315
170,poly,0.1,scale,4.0,1.0,balanced,0.8934667655487163,0.030245061531825105,0.8570949457572954,0.043098545478592355,0.7932307692307693,0.05983488127966393,0.9059557344064386,0.02499560908611718,0.9640410256410258,0.023183464348809177,0.9565380969036129,0.0039375086317393155
170,poly,0.1,0.03,4.0,1.0,balanced,0.8934667655487163,0.030245061531825105,0.8570949457572954,0.043098545478592355,0.7932307692307693,0.05983488127966393,0.9059557344064386,0.02499560908611718,0.9636854700854702,0.023539889348349646,0.9565380969036129,0.0039375086317393155
172,poly,3.0,0.01,3.0,0.5,balanced,0.8934065827608026,0.04380729700492072,0.857174688057041,0.05987951846165777,0.8006153846153845,0.08478919212135307,0.905835010060362,0.03806849553974014,0.9528068376068376,0.033128847955800046,0.949395524115201,0.0036668138886481873
173,poly,0.1,scale,3.0,0.5,balanced,0.8932637065493552,0.04068113754613992,0.8566364477335799,0.05641922964373039,0.792923076923077,0.07001335460099882,0.9058752515090542,0.03469723092239744,0.959425641025641,0.019076829948000473,0.9386813718698068,0.0054740026716966214
173,poly,0.1,0.03,3.0,0.5,balanced,0.8932637065493552,0.04068113754613992,0.8566364477335799,0.05641922964373039,0.792923076923077,0.07001335460099882,0.9058752515090542,0.03469723092239744,0.9592410256410258,0.019097209444739003,0.9386813718698068,0.0054740026716966214
175,poly,1.0,0.03,4.0,0.5,balanced,0.8929414888699055,0.033651922803646164,0.8556807202459377,0.04752436815181569,0.7855384615384616,0.06544232747123278,0.9059557344064386,0.028072153100687385,0.9624136752136753,0.023635358845212864,0.9705419242917269,0.0019197148508943317
176,poly,0.1,scale,2.0,0.5,balanced,0.892851462179195,0.042964867702541036,0.855581188997338,0.05906192615545752,0.784923076923077,0.0663674547745688,0.905835010060362,0.036980774729553585,0.9500376068376069,0.019629453346269945,0.9223549381998085,0.004154515018144851
176,poly,0.1,0.03,2.0,0.5,balanced,0.892851462179195,0.042964867702541036,0.855581188997338,0.05906192615545752,0.784923076923077,0.0663674547745688,0.905835010060362,0.036980774729553585,0.9495042735042736,0.020004061243001338,0.9223549381998085,0.004154515018144851
178,poly,0.3,scale,3.0,1.0,balanced,0.8928256025271708,0.03190228827459871,0.8554504225932797,0.045031662422320304,0.7852307692307692,0.06609013031795131,0.9059154929577463,0.026672097764539705,0.9624,0.029850789430593445,0.9643278257302181,0.005219080423811878
178,poly,0.3,0.03,3.0,1.0,balanced,0.8928256025271708,0.03190228827459871,0.8554504225932797,0.045031662422320304,0.7852307692307692,0.06609013031795131,0.9059154929577463,0.026672097764539705,0.9624068376068375,0.0293306842387567,0.9635433440546949,0.004009925775494478
180,poly,3.0,0.01,2.0,1.0,balanced,0.892656973509807,0.05129283220953606,0.8552119986518368,0.07076553845505172,0.7926153846153847,0.0934615068059459,0.90579476861167,0.04401288759510828,0.9257435897435897,0.055823069797624955,0.9485549938297393,0.014412528259103347
181,poly,0.1,scale,3.0,1.0,,0.8922347605762084,0.03123896704839484,0.8538573524327455,0.043233759376361015,0.7695384615384615,0.04779046969933274,0.9059154929577463,0.026672097764539705,0.9688136752136753,0.013634373203827857,0.9349251358899823,0.007700257143503404
181,poly,0.1,0.03,3.0,1.0,,0.8922347605762084,0.03123896704839484,0.8538573524327455,0.043233759376361015,0.7695384615384615,0.04779046969933274,0.9059154929577463,0.026672097764539705,0.9693470085470086,0.0132565591531697,0.9349251358899823,0.007700257143503404
183,poly,0.1,scale,4.0,1.0,,0.8922277215890302,0.04118181038333126,0.8538965863585923,0.0577300739864711,0.7772307692307693,0.07528344860018099,0.9059154929577465,0.0346582849767341,0.9702495726495727,0.016871334522075444,0.94729254843087,0.005534584579167498
183,poly,0.1,0.03,4.0,1.0,,0.8922277215890302,0.04118181038333126,0.8538965863585923,0.0577300739864711,0.7772307692307693,0.07528344860018099,0.9059154929577465,0.0346582849767341,0.9702495726495727,0.016871334522075444,0.9464806067585141,0.005528850905663959
185,poly,0.3,scale,3.0,1.0,,0.892185111871855,0.0385221223263445,0.8538191691123178,0.05432026282186682,0.7772307692307692,0.07528344860018099,0.9059154929577465,0.03221694292458649,0.965237606837607,0.025267213852013422,0.9599974921077583,0.00680323431281044
186,poly,1.0,scale,3.0,0.5,,0.8921849242302482,0.0344244802169036,0.8536723385567049,0.047505649851506716,0.7698461538461538,0.05865232028280053,0.9059557344064387,0.02949031082863755,0.9689504273504272,0.02678520574299227,0.9664013548023227,0.004741827770878023
186,poly,1.0,0.03,3.0,0.5,,0.8921849242302482,0.0344244802169036,0.8536723385567049,0.047505649851506716,0.7698461538461538,0.05865232028280053,0.9059557344064387,0.02949031082863755,0.9689504273504272,0.0265243486980344,0.965601079113432,0.00462893249849545
188,poly,1.0,scale,3.0,1.0,balanced,0.8921556802997598,0.03493154884990118,0.8536553322307254,0.04866810085243486,0.7695384615384616,0.05407336677221826,0.9059154929577463,0.02957475452617677,0.9428239316239317,0.04369350398961493,0.9775069955565906,0.003823333215298808
188,poly,1.0,0.03,3.0,1.0,balanced,0.8921556802997598,0.03493154884990118,0.8536553322307254,0.04866810085243486,0.7695384615384616,0.05407336677221826,0.9059154929577463,0.02957475452617677,0.9430017094017094,0.043525814155717234,0.9775069955565906,0.003823333215298808
190,poly,1.0,scale,4.0,1.0,balanced,0.8920818175488284,0.03665664171539258,0.8534269615675723,0.05135070237940823,0.7698461538461538,0.0638756187802217,0.9059557344064386,0.030843331302420656,0.9299145299145298,0.04159160611438941,0.9883860096573193,0.004248115255694212
190,poly,1.0,0.03,4.0,1.0,balanced,0.8920818175488284,0.03665664171539258,0.8534269615675723,0.05135070237940823,0.7698461538461538,0.0638756187802217,0.9059557344064386,0.030843331302420656,0.9307897435897436,0.04202639024239638,0.9883860096573193,0.004248115255694212
192,poly,30.0,0.01,4.0,0.5,,0.8920620250167088,0.036703124826182605,0.853426961567572,0.05135070237940823,0.7695384615384616,0.059698651526503,0.9059154929577463,0.030924080557792468,0.9301196581196581,0.040762116600530876,0.9813096262428302,0.0051690022054397666
193,poly,30.0,scale,2.0,0.5,balanced,0.892027365984583,0.03369572310055907,0.853364121172137,0.04749192359160884,0.7695384615384616,0.059698651526503,0.9059154929577466,0.02816084963601753,0.9155350427350427,0.053461968912024975,0.9938074807480749,0.0030963189891199112
193,poly,30.0,0.03,2.0,0.5,balanced,0.892027365984583,0.03369572310055907,0.853364121172137,0.04749192359160884,0.7695384615384616,0.059698651526503,0.9059154929577466,0.02816084963601753,0.9158905982905982,0.054066407869686806,0.9938074807480749,0.0030963189891199112
195,poly,30.0,0.01,2.0,1.0,,0.8918970424693313,0.04476824654925662,0.8531198751470985,0.06374996387248266,0.7772307692307693,0.08710681737462399,0.9059154929577465,0.036938625091507686,0.9130324786324786,0.057728398056271495,0.9805421409616842,0.005499137868276089
196,poly,0.3,scale,2.0,0.5,,0.8918773086776032,0.03969768480139837,0.8530127360562144,0.055475899226352564,0.7692307692307693,0.0654162819245209,0.9058752515090542,0.03350022657566586,0.9673641025641025,0.018080856374330347,0.9356207097898099,0.007185257115113139
196,poly,0.3,0.03,2.0,0.5,,0.8918773086776032,0.03969768480139837,0.8530127360562144,0.055475899226352564,0.7692307692307693,0.0654162819245209,0.9058752515090542,0.03350022657566586,0.9673641025641025,0.01789637757179161,0.9356207097898099,0.007185257115113139
196,poly,0.3,scale,2.0,1.0,,0.8918773086776032,0.03969768480139837,0.8530127360562144,0.055475899226352564,0.7692307692307693,0.0654162819245209,0.9058752515090542,0.03350022657566586,0.9586666666666666,0.022399294521518516,0.9357497941825945,0.008770692515806852
196,poly,10.0,0.01,2.0,1.0,,0.8918773086776032,0.03969768480139837,0.8530127360562144,0.055475899226352564,0.7692307692307692,0.0654162819245209,0.9058752515090542,0.03350022657566586,0.9220034188034187,0.05819930430092651,0.971806832400101,0.008798502877700988
200,poly,1.0,0.1,2.0,1.0,balanced,0.8916376379464357,0.045746878779973826,0.8523286454024573,0.06478209448180026,0.7698461538461538,0.08532347083045914,0.9059557344064386,0.03796191518085234,0.935425641025641,0.037087108892351416,0.9883860096573193,0.004248115255694212
201,poly,1.0,scale,2.0,1.0,,0.8916051435434319,0.043887569694564824,0.8523432744066094,0.0614352632474675,0.7692307692307692,0.07873556973076655,0.9058752515090542,0.036975169232940946,0.9456615384615384,0.049056737029932594,0.9631064062956101,0.008919134317297827
201,poly,1.0,0.03,2.0,1.0,,0.8916051435434319,0.043887569694564824,0.8523432744066094,0.0614352632474675,0.7692307692307692,0.07873556973076655,0.9058752515090542,0.036975169232940946,0.9454837606837607,0.04895764503505235,0.9623432325737804,0.009238908316001873
203,poly,3.0,0.01,3.0,1.0,,0.8915033544466648,0.043881826003208405,0.8521396962130747,0.06141960986098689,0.7689230769230768,0.07890613103424154,0.9058350100603623,0.036980774729553585,0.939097435897436,0.05096997969116028,0.9686872483433959,0.00827992636876178
204,poly,3.0,scale,2.0,0.0,,0.8914526753704223,0.020196995089075076,0.8516908212560386,0.028606267948248214,0.7544615384615383,0.042962485355586645,0.9060362173038229,0.016775423906187505,0.9671726495726496,0.020399875955557152,0.9627355941243518,0.013609455186792102
204,poly,3.0,0.03,2.0,0.0,,0.8914526753704223,0.020196995089075076,0.8516908212560386,0.028606267948248214,0.7544615384615383,0.042962485355586645,0.9060362173038229,0.016775423906187505,0.9671658119658119,0.020440277424576648,0.9619309816825592,0.01336082090773729
206,poly,1.0,0.3,2.0,0.0,balanced,0.8913972380242473,0.028657187337119427,0.8517166610493202,0.04128859288983637,0.7618461538461538,0.06703456672564292,0.9059557344064386,0.023305531972575906,0.9318564102564103,0.0181853400742277,0.9953546492479634,0.0028894415812237857
207,poly,3.0,0.1,2.0,1.0,,0.8908551195062451,0.03986157633482776,0.8503918908022847,0.05791027461084748,0.7618461538461538,0.09128873499011075,0.9059959758551308,0.03202607547012048,0.9261333333333333,0.045356334034366494,0.9938074807480749,0.0030963189891199112
208,poly,30.0,0.03,2.0,0.5,,0.8903413928132711,0.05155142057414845,0.8491910543518486,0.07392042680376464,0.7615384615384616,0.10794695168784632,0.9059154929577463,0.042102556798335695,0.9230700854700855,0.05456743729500868,0.9938074807480749,0.0030963189891199112
209,poly,3.0,0.1,2.0,1.0,balanced,0.8903174510123861,0.05135047848340669,0.8491464315391815,0.0746024810559526,0.7615384615384615,0.10494067075590009,0.9059154929577465,0.04112168084959389,0.9134495726495727,0.04496156542429186,0.9938074807480749,0.0030963189891199112
210,poly,0.3,scale,4.0,1.0,balanced,0.889780741891333,0.022703979708999622,0.8515011820330969,0.03186818225949595,0.7775384615384615,0.041800880486748786,0.903098591549296,0.01910329004654347,0.9496273504273504,0.034429245485489875,0.9744652204113242,0.004008671009167615
210,poly,0.3,0.03,4.0,1.0,balanced,0.889780741891333,0.022703979708999622,0.8515011820330969,0.03186818225949595,0.7775384615384615,0.041800880486748786,0.903098591549296,0.01910329004654347,0.9498051282051282,0.03419930344182761,0.9744652204113242,0.004008671009167615
210,poly,1.0,scale,3.0,0.5,balanced,0.889780741891333,0.022703979708999622,0.8515011820330969,0.03186818225949595,0.7775384615384615,0.041800880486748786,0.903098591549296,0.01910329004654347,0.9688205128205128,0.02290069590725892,0.972164826759724,0.002907825356126188
210,poly,1.0,0.03,3.0,0.5,balanced,0.889780741891333,0.022703979708999622,0.8515011820330969,0.03186818225949595,0.7775384615384615,0.041800880486748786,0.903098591549296,0.01910329004654347,0.9693538461538462,0.02261482617809022,0.9705741129922147,0.005385080167239011
214,poly,0.1,0.01,4.0,1.0,balanced,0.8894087311540597,0.03844159132794376,0.8507151371747644,0.05262353205765917,0.7769230769230768,0.06147689227688456,0.9029778672032192,0.03327225665938851,0.9381196581196581,0.02617030039357115,0.9265726793784378,0.004172301518561431
215,poly,0.1,1.0,2.0,0.5,,0.8887043966495757,0.023265799444341585,0.8486918667126485,0.03355175299589472,0.7618461538461538,0.050730987927446,0.9031388329979879,0.01891801820655374,0.9373401709401709,0.014636286747857349,0.996896916882756,0.0015515717717266627
215,poly,0.1,1.0,2.0,1.0,,0.8887043966495757,0.023265799444341585,0.8486918667126485,0.03355175299589472,0.7618461538461538,0.050730987927446,0.9031388329979879,0.01891801820655374,0.9299076923076923,0.015367776539718053,0.996896916882756,0.0015515717717266627
217,poly,3.0,scale,3.0,0.5,,0.8886700025229164,0.034644877207231924,0.8486166007905138,0.048402433248511074,0.761846153846154,0.056688915460561366,0.9030985915492957,0.029235793284426447,0.9443008547008548,0.029520209619030405,0.9789511899862461,0.0072710778766539004
217,poly,3.0,0.03,3.0,0.5,,0.8886700025229164,0.034644877207231924,0.8486166007905138,0.048402433248511074,0.761846153846154,0.056688915460561366,0.9030985915492957,0.029235793284426447,0.9446495726495726,0.029833364859669628,0.9789511899862461,0.0072710778766539004
217,poly,30.0,0.01,4.0,0.5,balanced,0.8886700025229164,0.034644877207231924,0.8486166007905138,0.048402433248511074,0.761846153846154,0.056688915460561366,0.9030985915492957,0.029235793284426447,0.9354461538461539,0.046538293235079804,0.9845132332907452,0.0024231135196158635
220,poly,10.0,0.01,4.0,0.5,,0.8882923402586244,0.04085184274919684,0.8477333453285952,0.05715106999830023,0.7615384615384615,0.07247443948522972,0.9030583501006036,0.03443864025470787,0.9510017094017094,0.043484182017858995,0.9742388998614793,0.00850362441605646
221,poly,3.0,0.01,2.0,0.5,,0.8882629573955999,0.03959029575901042,0.8477179275055919,0.0555374609338619,0.7612307692307692,0.06843231874283312,0.9030181086519115,0.033269482330662105,0.9520752136752136,0.028634166757226135,0.9413241281370345,0.00628891834687372
222,poly,30.0,0.01,4.0,1.0,balanced,0.8882338262730964,0.04032735317912995,0.8476260957667062,0.057432249296633285,0.7615384615384616,0.07247443948522972,0.9030583501006035,0.03323232296322303,0.9047247863247863,0.055078552449013544,0.9930348443940972,0.003797988383261434
223,poly,10.0,0.01,2.0,0.5,,0.888216752715709,0.05293378072026611,0.8476741340231833,0.07384739496683947,0.768923076923077,0.09373461214937039,0.9029778672032194,0.04477725144402784,0.9403282051282051,0.05055455536504021,0.9678625244290059,0.008406626507325106
224,poly,0.3,0.03,2.0,1.0,,0.8881838771191513,0.04255706026620269,0.8475159073035716,0.059844423984376185,0.7612307692307693,0.07295877088137318,0.9030181086519115,0.03563879572422009,0.9586666666666666,0.022356925074021965,0.9357497941825945,0.008770692515806852
225,poly,1.0,0.01,4.0,1.0,,0.8879117119849802,0.046468328214107305,0.8468464456539667,0.06535068037324711,0.7612307692307692,0.08510571219677741,0.9030181086519115,0.03892327992161454,0.953511111111111,0.036767779775635494,0.9551076228146573,0.007031301880508156
226,poly,3.0,0.1,2.0,0.5,,0.8878836426671726,0.04356639368978316,0.8466752822076273,0.06267746705461748,0.7618461538461538,0.09128873499011075,0.9031388329979879,0.035437982399354626,0.9359726495726495,0.023851454485468854,0.9922499529363801,0.0024731111201623714
227,poly,0.1,1.0,2.0,0.5,balanced,0.8877888538175922,0.03453506156550405,0.8464315415286737,0.05001417028320676,0.7538461538461538,0.06913155283684243,0.903098591549296,0.027804657090287788,0.9311316239316237,0.013427876077128763,0.9953546492479634,0.0028894415812237857
227,poly,0.1,1.0,2.0,1.0,balanced,0.8877888538175922,0.03453506156550405,0.8464315415286737,0.05001417028320676,0.7538461538461538,0.06913155283684243,0.903098591549296,0.027804657090287788,0.9278837606837607,0.014900267076302317,0.9953546492479634,0.0028894415812237857
229,poly,1.0,scale,2.0,0.0,balanced,0.8877592438119704,0.02529780825334742,0.846193992503396,0.03616027619380179,0.7464615384615384,0.05150883189622543,0.90317907444668,0.020741100063052603,0.9728478632478632,0.018568910932270814,0.9397363569081361,0.014059196291802783
230,poly,0.1,1.0,2.0,0.0,balanced,0.8876819182833084,0.03069847176181417,0.8461795624889659,0.04458747688419338,0.7538461538461538,0.07361502290723772,0.9030985915492957,0.024694810179186233,0.9300991452991454,0.018896102269641012,0.9953546492479634,0.0028894415812237857
230,poly,10.0,0.1,2.0,0.0,balanced,0.8876819182833084,0.03069847176181417,0.8461795624889659,0.04458747688419338,0.7538461538461538,0.07361502290723772,0.9030985915492957,0.024694810179186233,0.9300991452991454,0.018896102269641012,0.9953546492479634,0.0028894415812237857
232,poly,3.0,0.01,4.0,0.5,balanced,0.8875937538882669,0.044117947029201916,0.8499613526570048,0.060083540835992835,0.7932307692307693,0.06971522801907398,0.9002414486921528,0.03842550557959284,0.9585230769230769,0.02439853581530258,0.9525409555037754,0.005893540012993926
233,poly,0.1,0.1,2.0,0.0,balanced,0.8875272545304214,0.030531894394258772,0.8456879352531527,0.044226144947275295,0.7461538461538461,0.059153796138820526,0.9031388329979878,0.024551769224379193,0.9726700854700855,0.018584680792071196,0.9457092575999655,0.010131867313611124
233,poly,10.0,0.01,2.0,0.0,balanced,0.8875272545304214,0.030531894394258772,0.8456879352531527,0.044226144947275295,0.7461538461538461,0.059153796138820526,0.9031388329979878,0.024551769224379193,0.9726700854700855,0.018584680792071196,0.9457092575999655,0.010131867313611124
235,poly,30.0,scale,2.0,0.5,,0.8873598698569442,0.050132954475899334,0.8454676500965295,0.07203369202849662,0.7615384615384616,0.10794695168784632,0.903098591549296,0.040878578003423253,0.9232410256410256,0.05459371730226956,0.9938074807480749,0.0030963189891199112
236,poly,0.3,0.3,2.0,1.0,,0.8871509945438717,0.051113885286375116,0.8448174089247169,0.07319585118300174,0.7538461538461538,0.09949458074504929,0.9031388329979878,0.041780934825639285,0.9438495726495727,0.014075070428531414,0.9914720452576559,0.0029159841131002244
237,poly,10.0,0.01,4.0,1.0,,0.8870652223117815,0.04860489830890707,0.8447242267875618,0.06931163623268867,0.7532307692307693,0.09380125029131017,0.9030181086519115,0.039958157776824335,0.9224820512820514,0.048451967158046366,0.9828884374130571,0.003948257339325215
238,poly,1.0,0.01,4.0,1.0,balanced,0.8862298006172555,0.037054709291542,0.8465178706584812,0.051591083941740834,0.7769230769230768,0.07112951767039945,0.9001609657947686,0.03151971676278295,0.946051282051282,0.04493495010198288,0.9627515998480106,0.00400602750511101
239,poly,0.3,scale,4.0,0.5,balanced,0.8862289469813295,0.028697843848181238,0.8462835571253702,0.04054442711377836,0.769846153846154,0.05291592080419853,0.9002816901408449,0.023911210106775643,0.9686974358974358,0.019696172460260834,0.9524377360767102,0.0028874017377187983
239,poly,0.3,0.03,4.0,0.5,balanced,0.8862289469813295,0.028697843848181238,0.8462835571253702,0.04054442711377836,0.769846153846154,0.05291592080419853,0.9002816901408449,0.023911210106775643,0.9678153846153845,0.019014173673782123,0.9516807601708962,0.001844916347633485
241,linear,1.0,,,,,0.88567551285079,0.05378876479405866,0.8452166396662234,0.07428851695286467,0.7766153846153846,0.10393625720666576,0.9001609657947686,0.046220662994630464,0.8833435897435897,0.061506583956261,0.9426828117057446,0.014459920807747257
242,poly,3.0,scale,4.0,0.5,balanced,0.8854641708950381,0.04189125999134778,0.8442755894030555,0.05918170479400387,0.7621538461538461,0.07487488578094832,0.9003219315895372,0.03486698022909907,0.9396923076923077,0.03646797720045424,0.9868268930254335,0.0019050977975136063
242,poly,3.0,0.03,4.0,0.5,balanced,0.8854641708950381,0.04189125999134778,0.8442755894030555,0.05918170479400387,0.7621538461538461,0.07487488578094832,0.9003219315895372,0.03486698022909907,0.940574358974359,0.03634684514735734,0.9860454828939236,0.0019081816144653576
244,poly,0.3,0.1,3.0,1.0,balanced,0.8853355955953249,0.04221774192830044,0.8440184388036291,0.059846721723771194,0.7618461538461538,0.07598442693140925,0.9002816901408451,0.034997245509613535,0.9317128205128204,0.03398284820026387,0.9891537565440516,0.0038084123461644874
245,poly,1.0,scale,4.0,1.0,,0.8851914303828696,0.033841809610543665,0.8435924462011419,0.04725744264405861,0.7541538461538461,0.05776426282029051,0.9002816901408449,0.028576982485105783,0.9303111111111111,0.03796960447776,0.9836559226942029,0.002909519984430626
245,poly,1.0,0.03,4.0,1.0,,0.8851914303828696,0.033841809610543665,0.8435924462011419,0.04725744264405861,0.7541538461538461,0.05776426282029051,0.9002816901408449,0.028576982485105783,0.9311999999999999,0.03801951415773384,0.9836559226942029,0.002909519984430626
247,poly,0.3,scale,4.0,1.0,,0.8851493065239644,0.03229511255685513,0.8435501629030446,0.04515950820548004,0.7538461538461538,0.05347122214456234,0.9002414486921531,0.027236475570387244,0.9501128205128205,0.040882041561418225,0.974272695298691,0.006413876749780074
247,poly,0.3,0.03,4.0,1.0,,0.8851493065239644,0.03229511255685513,0.8435501629030446,0.04515950820548004,0.7538461538461538,0.05347122214456234,0.9002414486921531,0.027236475570387244,0.9515350427350426,0.041406627556592246,0.974272695298691,0.006413876749780074
249,poly,1.0,0.01,3.0,1.0,,0.8849501541107923,0.03588874182940643,0.8431079984275776,0.05033604827849929,0.7535384615384615,0.060109564657495305,0.9002012072434606,0.03015988524285097,0.9520888888888889,0.029355412565889426,0.9406351528389164,0.00693760281359519
250,poly,0.1,0.1,3.0,1.0,,0.8848255832683168,0.04218953428053803,0.8426945617350711,0.05974936183699941,0.7541538461538461,0.07679003880173257,0.9002816901408451,0.034997245509613535,0.9538735042735043,0.025701748269806108,0.9781444879669545,0.005342544868753007
251,poly,30.0,0.01,3.0,1.0,,0.8845635710896834,0.04406265053825724,0.8421715503121607,0.06274574831889021,0.7535384615384616,0.07856945820936789,0.9002012072434606,0.03630126641273089,0.9103726495726496,0.05511391734281881,0.9906940798178707,0.001918457680152539
252,poly,3.0,scale,3.0,1.0,balanced,0.8845209087049849,0.0452684127751881,0.8420008987754184,0.06439412756645045,0.7538461538461539,0.08566896519529774,0.9002414486921528,0.03734818370397813,0.9246632478632479,0.04670539753405001,0.9883860096573193,0.004248115255694212
253,poly,10.0,0.1,2.0,0.5,,0.8844246944859963,0.04415091206601731,0.8418542120405474,0.06302474103222895,0.7532307692307693,0.08293777520655479,0.9002012072434606,0.03630126641273089,0.9127521367521367,0.0294349245895802,0.996896916882756,0.0015515717717266627
254,poly,30.0,0.01,3.0,0.5,balanced,0.8843896378800359,0.04969133677526582,0.8417386498792604,0.07120286081318243,0.7535384615384616,0.08633168458517192,0.9002012072434606,0.04055012398763977,0.9343658119658119,0.04678653351148994,0.9845132332907452,0.0024231135196158635
255,poly,30.0,0.01,3.0,1.0,balanced,0.8842955696543925,0.04517240020012627,0.8415660497030503,0.06550532194420329,0.7535384615384616,0.08633168458517192,0.9002012072434609,0.036301266412730876,0.9149880341880342,0.055686981323842116,0.9914840926495604,0.0051503375703261
256,poly,3.0,scale,3.0,1.0,,0.8841069049162271,0.03876823064323085,0.8409552698733689,0.05587231280959703,0.7458461538461539,0.074677373140541,0.9002414486921528,0.031412156256455485,0.9235555555555557,0.04410537326241879,0.9867887447706213,0.001930647153322827
256,poly,3.0,0.03,3.0,1.0,,0.8841069049162271,0.03876823064323085,0.8409552698733689,0.05587231280959703,0.7458461538461539,0.074677373140541,0.9002414486921528,0.031412156256455485,0.9244444444444445,0.04335737224965396,0.9867887447706213,0.001930647153322827
258,poly,1.0,0.01,4.0,0.5,balanced,0.8839860637935832,0.04238102640050159,0.8447194258523638,0.05799436907399236,0.784923076923077,0.07102562251226267,0.8973440643863178,0.03676390566941263,0.9555008547008548,0.02092108364339169,0.9349074029035818,0.003360849606859004
259,poly,1.0,0.03,2.0,0.0,balanced,0.8839542214433969,0.03151472751876665,0.8404354100006273,0.04560011970114894,0.7384615384615384,0.06302812371234151,0.9003219315895372,0.025382626713321362,0.9728478632478632,0.018746772795541208,0.9388953535858887,0.014396459489839716
260,poly,0.3,0.01,2.0,1.0,balanced,0.883456156701252,0.03975423182019304,0.8433784960175869,0.0542871135171098,0.7769230769230768,0.06147689227688456,0.8972635814889335,0.03449717992940509,0.9165948717948718,0.03652115273539122,0.9044052997588874,0.009511783100652985
261,poly,0.1,scale,4.0,0.5,balanced,0.8816646326610977,0.04025946461817003,0.8386088386391723,0.05730323382647175,0.7538461538461539,0.07784068086568319,0.89738430583501,0.03320224362566469,0.9580444444444444,0.018623442017859988,0.9369335056662731,0.0025920447721514144
261,poly,0.1,0.03,4.0,0.5,balanced,0.8816646326610977,0.04025946461817003,0.8386088386391723,0.05730323382647175,0.7538461538461539,0.07784068086568319,0.89738430583501,0.03320224362566469,0.9584000000000001,0.018452956536508483,0.936107095455893,0.0031640666850483172
263,poly,3.0,scale,4.0,0.5,,0.8812525501812924,0.04268058055449934,0.8374420364825459,0.06051412826607074,0.7464615384615384,0.08058014496954946,0.8974647887323943,0.03535815295803707,0.9479111111111111,0.024177777777777756,0.9805031336135877,0.003503364663569057
263,poly,3.0,0.03,4.0,0.5,,0.8812525501812924,0.04268058055449934,0.8374420364825459,0.06051412826607074,0.7464615384615384,0.08058014496954946,0.8974647887323943,0.03535815295803707,0.9479111111111111,0.024860936684676767,0.9797090390097495,0.0038631365139154736
265,poly,3.0,0.03,3.0,1.0,balanced,0.8811874261669128,0.04179122856202071,0.8373909696974042,0.059524798700989576,0.7458461538461539,0.074677373140541,0.89738430583501,0.034409615441606096,0.9246632478632479,0.04670539753405001,0.9883860096573193,0.004248115255694212
266,poly,10.0,0.03,3.0,1.0,balanced,0.881171548595891,0.04175877714177161,0.8373611895351025,0.059452877675938785,0.7458461538461539,0.074677373140541,0.89738430583501,0.0344096154416061,0.908451282051282,0.05151569521687672,0.9938074807480749,0.0030963189891199112
267,poly,10.0,0.01,4.0,1.0,balanced,0.8811676336347933,0.041826851658904915,0.8373909696974042,0.059524798700989576,0.7455384615384616,0.07103361984250131,0.8973440643863178,0.034472009717262234,0.9231521367521367,0.05168701822528239,0.9883860096573193,0.004248115255694212
268,poly,10.0,0.03,3.0,0.5,balanced,0.8810809215787371,0.05358728216228508,0.8371514726838178,0.07685020003203188,0.7538461538461538,0.10266046755023636,0.8974245472837022,0.04372792170824191,0.9168273504273504,0.042049994560236136,0.9907095719015,0.003966612255069456
269,poly,1.0,scale,4.0,0.5,,0.8805752559515865,0.04524127906009019,0.8357766110957601,0.06381605060562756,0.7381538461538462,0.08205871761180937,0.8974245472837022,0.03771385976739575,0.970208547008547,0.02372006711106399,0.9734714999073513,0.0038542421411473155
269,poly,1.0,0.03,4.0,0.5,,0.8805752559515865,0.04524127906009019,0.8357766110957601,0.06381605060562756,0.7381538461538462,0.08205871761180937,0.8974245472837022,0.03771385976739575,0.970208547008547,0.02401140888396361,0.9726739819373795,0.0049933020990258654
271,poly,10.0,0.1,2.0,0.5,balanced,0.8805751349464238,0.048891754083893915,0.8360021719992032,0.0700150086580116,0.7452307692307693,0.09113927179819534,0.8973038229376258,0.039981170343058446,0.9108034188034188,0.029931056728994876,0.9953497483828674,0.0029013771557306763
272,poly,0.3,0.1,3.0,1.0,,0.8804460744338523,0.048455362885339276,0.8355176785914905,0.06896129221934472,0.7378461538461539,0.08298342316818497,0.89738430583501,0.039902191670951354,0.9388102564102564,0.024837011775155324,0.9883567666788335,3.1966151732938536e-05
273,poly,10.0,scale,3.0,0.5,,0.8790607855538145,0.0590103551444452,0.8322360248447204,0.08658487077510936,0.7378461538461538,0.12069071431021548,0.89738430583501,0.04651465867416323,0.9235350427350427,0.04068938896642765,0.9906941375789315,0.0031111681680357373
273,poly,10.0,0.03,3.0,0.5,,0.8790607855538145,0.0590103551444452,0.8322360248447204,0.08658487077510936,0.7378461538461538,0.12069071431021548,0.89738430583501,0.04651465867416323,0.9244239316239315,0.04028783631914178,0.9906941375789315,0.0031111681680357373
275,poly,0.1,0.1,3.0,0.5,balanced,0.8784611809621617,0.03992448409862781,0.834212703373472,0.05637713597616542,0.7461538461538461,0.06913155283684243,0.8946076458752514,0.033243041590336024,0.9714735042735043,0.01471712238465711,0.9712505229882324,0.0031419356445981984
276,poly,10.0,scale,3.0,0.5,balanced,0.8777474390406651,0.05045730992676401,0.8325415436058036,0.07251096620242796,0.7458461538461538,0.09368409715192645,0.8945674044265595,0.04105081444135296,0.9171760683760682,0.04205879496503007,0.9907095719015,0.003966612255069456
277,poly,0.3,0.01,4.0,1.0,,0.8775864673689272,0.0416657569625564,0.8321566242203895,0.05880408220370198,0.7375384615384616,0.07120667477522297,0.894486921529175,0.0347245696911594,0.9586666666666666,0.019184355766426953,0.9357547959751308,0.008743200177472172
278,poly,0.1,0.1,3.0,0.5,,0.8773808285032908,0.03977588571599604,0.8314459049544995,0.055965247236001124,0.7304615384615384,0.0672601590399758,0.8946076458752514,0.033243041590336024,0.9735931623931624,0.013168769240432669,0.9734714999073513,0.0038542421411473155
279,poly,10.0,0.1,2.0,1.0,,0.8773444793408018,0.046422875167157165,0.8315541300627245,0.06639509575809577,0.7375384615384616,0.08360855537888677,0.8945271629778672,0.03803453472105893,0.9009641025641025,0.037551315035114136,0.996896916882756,0.0015515717717266627
280,poly,10.0,scale,3.0,1.0,balanced,0.8772447746342739,0.04698814901146242,0.8313217005687843,0.06776417118263695,0.7378461538461539,0.08675395391974973,0.8945271629778672,0.03803453472105893,0.9091418803418803,0.0513566527461072,0.9938074807480749,0.0030963189891199112
281,poly,0.3,0.01,4.0,0.5,balanced,0.8755161357539928,0.036520472854361025,0.8307759826173008,0.05080317147240487,0.7455384615384616,0.055908632141459094,0.8916297786720321,0.031016891151909958,0.9412102564102565,0.019390440343407034,0.9188930335024864,0.009743572083210658
282,poly,1.0,0.01,2.0,1.0,balanced,0.8750778566681667,0.04928343702402908,0.8298835291692435,0.06953509901375411,0.7529230769230769,0.09389204426537616,0.8915492957746478,0.04120142690336881,0.9147692307692307,0.03809949871293495,0.9252905289882714,0.003575235334392623
283,poly,0.1,0.01,3.0,1.0,balanced,0.8749247376575777,0.048585527041920686,0.8293712636569779,0.06763284476270447,0.7449230769230769,0.07999053198410791,0.8915492957746478,0.04120142690336879,0.9154119658119659,0.03384299320475225,0.9003626977061081,0.01226380982788874
284,poly,0.3,0.01,3.0,0.5,balanced,0.8747288257230391,0.05117056163069445,0.8288985894937072,0.07159425577717764,0.7449230769230769,0.0876269662096126,0.8915492957746478,0.04313725634525323,0.9347897435897436,0.025391502475902872,0.9139234136352213,0.011436304943718298
285,poly,3.0,0.01,2.0,1.0,,0.87440584946524,0.044494767206530575,0.8280375180375181,0.06289178389728985,0.7372307692307692,0.07593457164953017,0.89158953722334,0.03703730771144547,0.937497435897436,0.038124121619788696,0.9460579286912729,0.009283468591009631
286,linear,3.0,,,,,0.873125527077043,0.05003169457956401,0.8287313093936591,0.06901621564585426,0.7609230769230769,0.08523465695104383,0.8887323943661972,0.04296686345090753,0.8643965811965811,0.07425263751414492,0.9484876410331639,0.012636907282721202
287,poly,30.0,scale,3.0,0.5,balanced,0.8729518109030376,0.04392559013586428,0.824326280529886,0.06439902420702327,0.7218461538461539,0.08486062363538809,0.8916700201207244,0.03468584119026187,0.8919726495726495,0.05325421438025846,0.9938074807480749,0.0030963189891199112
287,poly,30.0,0.03,3.0,0.5,balanced,0.8729518109030376,0.04392559013586428,0.824326280529886,0.06439902420702327,0.7218461538461539,0.08486062363538809,0.8916700201207244,0.03468584119026187,0.8926769230769231,0.05293707891364715,0.9938074807480749,0.0030963189891199112
289,poly,0.3,scale,4.0,0.5,,0.8728708198495045,0.05369701345051354,0.8240288768863128,0.07675855077686089,0.7221538461538461,0.09807423827396139,0.8917102615694166,0.04395084735735767,0.9739829059829059,0.014626246775834425,0.9518103790551798,0.007029691283734903
289,poly,0.3,0.03,4.0,0.5,,0.8728708198495045,0.05369701345051354,0.8240288768863128,0.07675855077686089,0.7221538461538461,0.09807423827396139,0.8917102615694166,0.04395084735735767,0.9736273504273505,0.01470234299761105,0.9518103790551798,0.007029691283734903
291,poly,3.0,0.03,4.0,1.0,,0.8715226825536962,0.06272729893119086,0.8209594291000396,0.09318243474285313,0.7218461538461538,0.12458461158500667,0.8916700201207244,0.048435159976335476,0.9169982905982905,0.04446316712810095,0.9922499529363801,0.0024731111201623714
292,poly,0.3,0.1,3.0,0.5,balanced,0.8713444517207112,0.03691707131097185,0.823884956746433,0.05247924963354058,0.7301538461538463,0.06387561878022173,0.8888933601609658,0.03048257199791804,0.9455726495726495,0.03163780707378462,0.9875945243900442,0.004525326956289388
293,poly,0.3,0.01,2.0,0.5,balanced,0.8712313060991258,0.04970436918668941,0.8238744349043353,0.06941235572481007,0.7369230769230769,0.08398365577819186,0.8886921529175049,0.041994684839021856,0.914523076923077,0.033722272815362477,0.8979984329052177,0.011556143133364534
294,poly,1.0,0.1,3.0,1.0,,0.8706595792275917,0.068419444313807,0.8188052315305763,0.10106479117859013,0.7138461538461538,0.13071673154315572,0.8916700201207244,0.053251860439805815,0.9099076923076923,0.03828665669578503,0.9953546492479631,0.0028894415812237857
295,poly,10.0,0.1,2.0,1.0,balanced,0.8704584941419118,0.039307929231095474,0.8217715213670724,0.056435227605829606,0.7218461538461539,0.06812727386140578,0.8888128772635815,0.0320139883356272,0.8999384615384616,0.038593662672144924,0.9953497483828674,0.0029013771557306763
296,poly,1.0,0.01,3.0,0.5,,0.8699764226317803,0.047525216900767255,0.8206394592148524,0.06791072706217895,0.7215384615384616,0.08541440921633273,0.8887726358148893,0.03896536068385197,0.9595760683760683,0.018285780657967893,0.9322752211507657,0.009525383299538833
297,poly,0.3,0.1,3.0,0.5,,0.8697350512537714,0.04800520912966105,0.8197441699969505,0.06838695655113163,0.715076923076923,0.08902044177184494,0.88897384305835,0.03948451081338963,0.9543111111111111,0.021784851458901883,0.9820732251413622,0.004004117748671683
298,poly,1.0,0.01,2.0,1.0,,0.8697199038535764,0.04955295494493986,0.8200545157030795,0.07162010102823124,0.7215384615384615,0.09260465054075388,0.8887726358148893,0.03999914981951367,0.9213470085470086,0.034683504398930136,0.9249186470370159,0.009771673569412317
299,poly,1.0,0.01,2.0,0.5,,0.8696094094553853,0.049565383167201583,0.8198335269066976,0.0716388713452357,0.7212307692307691,0.09285173012379602,0.8887323943661972,0.04001566437815647,0.9432205128205128,0.02563140013063819,0.9223970341473121,0.010789874153488322
300,poly,10.0,0.03,3.0,1.0,,0.8695056220745576,0.04162441121116749,0.8194169194472531,0.06073874592131871,0.7141538461538463,0.08190859388049151,0.8888531187122736,0.03317579810875619,0.9157880341880341,0.055418364308567926,0.9938074807480749,0.0030963189891199112
301,poly,10.0,scale,4.0,0.5,,0.8679623298665924,0.057926407863561645,0.8156168257334746,0.08497038954669806,0.7061538461538462,0.10950561305221218,0.8888531187122736,0.04560948823312582,0.9145367521367522,0.04093131264014352,0.9906941375789315,0.0031111681680357373
301,poly,10.0,0.03,4.0,0.5,,0.8679623298665924,0.057926407863561645,0.8156168257334746,0.08497038954669806,0.7061538461538462,0.10950561305221218,0.8888531187122736,0.04560948823312582,0.9154256410256411,0.04071349283461999,0.9906941375789315,0.0031111681680357373
303,poly,3.0,scale,4.0,1.0,,0.8675959085920789,0.06574972911338099,0.8149199401337214,0.09768412293906392,0.7138461538461538,0.13071673154315572,0.8888128772635815,0.05075348123347738,0.9162871794871796,0.04467552079088761,0.9922499529363801,0.0024731111201623714
304,linear,10.0,,,,,0.867069272011425,0.05005848539939981,0.8211537192808841,0.06775271696172083,0.7532307692307693,0.07482429121757862,0.8830181086519115,0.04392748134087848,0.8473299145299145,0.07011834826065325,0.9517067804649958,0.013003373639831953
305,poly,1.0,0.01,4.0,0.5,,0.8665844001379881,0.044294070325558814,0.815829098437794,0.06326395758282367,0.7138461538461539,0.07878365252592344,0.8859557344064385,0.036333905749126205,0.9648957264957264,0.016662819981249247,0.9330784105867336,0.006215051110735073
306,poly,0.3,1.0,2.0,0.0,,0.8659121387937428,0.05258758835932562,0.8142874456251217,0.07743354709628178,0.7221538461538461,0.12140245554772668,0.886036217303823,0.04140893954303928,0.8910085470085469,0.03429109934785733,0.996896916882756,0.0015515717717266627
306,poly,30.0,0.1,2.0,0.0,,0.8659121387937428,0.05258758835932562,0.8142874456251217,0.07743354709628178,0.7221538461538461,0.12140245554772668,0.886036217303823,0.04140893954303928,0.8910085470085469,0.03429109934785733,0.996896916882756,0.0015515717717266627
308,poly,30.0,0.03,3.0,1.0,balanced,0.8656370902739934,0.056773795475479095,0.8136545555113214,0.08253496568245076,0.7132307692307692,0.1040054618502055,0.8858752515090542,0.04537968771718964,0.8790769230769231,0.04572146693331909,0.9961257830653597,0.002443925361256807
309,linear,0.3,,,,,0.8656270731500177,0.053043183805965365,0.8174758981382478,0.07421221514304802,0.744923076923077,0.09797185926122147,0.8830181086519113,0.04484703189748963,0.8867760683760683,0.059588911537801346,0.9253739623059755,0.012654707098204435
310,poly,10.0,scale,3.0,1.0,,0.8656108970783496,0.04706147631215799,0.8134368530020705,0.06878961602319049,0.7061538461538462,0.09028554308382286,0.8859959758551307,0.03736469977292797,0.9157811965811966,0.056129196114317215,0.9938074807480749,0.0030963189891199112
311,linear,1.0,,,,balanced,0.8655521052093043,0.042863134277176945,0.8214346759445114,0.06066480486917971,0.7846153846153846,0.09753409356878254,0.8802012072434607,0.035960772679156976,0.8669264957264957,0.08084012546388802,0.9399498483676428,0.0160576167040543
312,poly,0.1,scale,2.0,0.5,,0.8654938337620965,0.03610847003580915,0.8130524268697836,0.052660878694404285,0.6981538461538462,0.06592375010876102,0.8859959758551309,0.028717454930624917,0.9572649572649574,0.02175412312727742,0.9089499799679661,0.01007554863261936
313,poly,30.0,scale,3.0,1.0,,0.8649739585114802,0.05865342368040271,0.811982191250484,0.08490295467385175,0.7052307692307693,0.10471307655859827,0.8858752515090543,0.04714426119298193,0.884348717948718,0.04675576554300971,0.996896916882756,0.0015515717717266627
313,poly,30.0,0.03,3.0,1.0,,0.8649739585114802,0.05865342368040271,0.811982191250484,0.08490295467385175,0.7052307692307693,0.10471307655859827,0.8858752515090543,0.04714426119298193,0.8845196581196582,0.04684120218280073,0.996896916882756,0.0015515717717266627
315,poly,1.0,0.1,3.0,1.0,balanced,0.8646875698447856,0.05690535019469728,0.8113181504485851,0.08505103856476617,0.7058461538461539,0.11011086398200637,0.8859557344064386,0.04349231286578075,0.9009709401709403,0.04603105971641765,0.9938074807480749,0.0030963189891199112
316,poly,3.0,0.3,2.0,1.0,,0.8637635516538076,0.045237932095182,0.812513102923497,0.06381217624251917,0.7138461538461539,0.07878365252592343,0.883138832997988,0.037820411265521936,0.8921299145299144,0.023733001398787364,0.996896916882756,0.0015515717717266627
317,poly,0.3,1.0,2.0,1.0,,0.8634962737285241,0.048744638552858,0.8119332568658428,0.07010596579832505,0.7221538461538461,0.11035649601640021,0.8831790744466801,0.039823706987976326,0.8958974358974359,0.026888074927503385,0.996896916882756,0.0015515717717266627
318,poly,30.0,0.1,2.0,0.5,,0.8632797612075886,0.04620804127940666,0.8112378442813226,0.06473622974897521,0.7061538461538462,0.07477619467411287,0.8831388329979879,0.038884652002486066,0.8813880341880342,0.03210466920088884,0.996896916882756,0.0015515717717266627
319,poly,1.0,0.1,3.0,0.5,balanced,0.8630662495217905,0.042775105390693235,0.8107673003325176,0.06177819526066482,0.7058461538461539,0.07130499538506337,0.8830985915492958,0.03450971122598286,0.9078153846153846,0.03480895024301888,0.9922499529363801,0.0024731111201623714
320,poly,10.0,scale,4.0,0.5,balanced,0.8630342157079699,0.05485641834834289,0.8106848915720557,0.07991551848339137,0.7141538461538463,0.10270841129858492,0.8831790744466801,0.04373166187682664,0.9009846153846153,0.03286226973303461,0.9907095719015,0.003966612255069456
320,poly,10.0,0.03,4.0,0.5,balanced,0.8630342157079699,0.05485641834834289,0.8106848915720557,0.07991551848339137,0.7141538461538463,0.10270841129858492,0.8831790744466801,0.04373166187682664,0.900451282051282,0.03385434693203749,0.9907095719015,0.003966612255069456
322,poly,3.0,0.3,2.0,0.0,,0.8629276630648064,0.04666965623978089,0.8104554865424431,0.06904456150244997,0.7144615384615385,0.10489374731056215,0.8832193158953722,0.036483173471735526,0.8936410256410257,0.03308734834271412,0.996896916882756,0.0015515717717266627
323,poly,0.3,1.0,2.0,0.0,balanced,0.8626501316497481,0.04733370373930918,0.8098656769176387,0.07052125575385945,0.7141538461538461,0.10876128792672182,0.8831790744466801,0.036620072079127826,0.8887247863247865,0.0322133177748423,0.996896916882756,0.0015515717717266627
323,poly,3.0,0.3,2.0,0.0,balanced,0.8626501316497481,0.04733370373930918,0.8098656769176387,0.07052125575385945,0.7141538461538461,0.10876128792672182,0.8831790744466801,0.036620072079127826,0.8920615384615385,0.03158943574793579,0.996896916882756,0.0015515717717266627
323,poly,30.0,0.1,2.0,0.0,balanced,0.8626501316497481,0.04733370373930918,0.8098656769176387,0.07052125575385945,0.7141538461538461,0.10876128792672182,0.8831790744466801,0.036620072079127826,0.8885470085470086,0.03213087416693697,0.996896916882756,0.0015515717717266627
326,poly,30.0,scale,3.0,0.5,,0.8614533217146988,0.050474199823665834,0.8068948230984286,0.07503922085391038,0.6978461538461539,0.09794866425022022,0.8830985915492958,0.03895447061821819,0.8985777777777779,0.05046227780710539,0.9961257830653597,0.002443925361256807
326,poly,30.0,0.03,3.0,0.5,,0.8614533217146988,0.050474199823665834,0.8068948230984286,0.07503922085391038,0.6978461538461539,0.09794866425022022,0.8830985915492958,0.03895447061821819,0.8987555555555555,0.05022528997513524,0.9961257830653597,0.002443925361256807
328,poly,0.3,0.1,4.0,1.0,,0.861380678427671,0.0466642079479363,0.8065223665223666,0.06858562633297137,0.6904615384615383,0.08532790909782048,0.8831790744466801,0.03662007207912785,0.9184547008547007,0.03511656945397,0.9930259283576237,0.0015510805796481828
329,poly,0.3,1.0,2.0,0.5,balanced,0.861335113112262,0.05565045367694295,0.8066439909297053,0.08186969866441242,0.7061538461538461,0.12582320648410145,0.883138832997988,0.04381985196986142,0.8932307692307694,0.030525071159924103,0.996896916882756,0.0015515717717266627
330,poly,30.0,0.1,2.0,1.0,balanced,0.8610234142207874,0.04523565013335668,0.8093459083661954,0.06339039529871551,0.7141538461538463,0.07368186853954838,0.880281690140845,0.038056795672430845,0.8614837606837608,0.04015202959144983,1.0,0.0
331,poly,30.0,0.1,2.0,1.0,,0.8604627249331986,0.03743488747245728,0.8079182114369171,0.0531339152301747,0.7061538461538462,0.06059273297963073,0.880281690140845,0.030960035182244286,0.8695042735042735,0.03776077894227961,0.9984459583788763,0.0019033209249629806
332,poly,3.0,0.3,2.0,1.0,balanced,0.8601898686912867,0.04023074368202007,0.8073039344580841,0.05697233230241574,0.7061538461538462,0.07477619467411287,0.8802816901408452,0.03349311995930288,0.8872888888888889,0.019966589377207713,0.9976714376308161,0.001901285129139305
333,poly,10.0,0.1,3.0,1.0,,0.8595511125146384,0.04702661791564025,0.8058441558441558,0.06767522927821326,0.7052307692307692,0.08440869861789639,0.8801609657947687,0.038171639128280296,0.862557264957265,0.05887927685066665,1.0,0.0
334,poly,0.3,1.0,2.0,0.5,,0.8594366531323182,0.053608680682174475,0.8055917934512087,0.07805897000135371,0.7141538461538461,0.11995423190316919,0.8803219315895372,0.042999903920162216,0.8934769230769231,0.03323665242846289,0.996896916882756,0.0015515717717266627
335,poly,3.0,scale,4.0,1.0,balanced,0.8592311332384532,0.05655119139600434,0.8050189675078345,0.083599809819658,0.7058461538461539,0.10101684199609443,0.880281690140845,0.044024034517755155,0.9024752136752137,0.043094586529190036,0.9930348443940972,0.003797988383261434
335,poly,3.0,0.03,4.0,1.0,balanced,0.8592311332384532,0.05655119139600434,0.8050189675078345,0.083599809819658,0.7058461538461539,0.10101684199609443,0.880281690140845,0.044024034517755155,0.9047794871794871,0.04223340396592034,0.9930348443940972,0.003797988383261434
337,linear,0.1,,,,,0.8591364331835368,0.057534667151662375,0.8048551719283428,0.08264274097159496,0.7052307692307692,0.10161116278424762,0.8801609657947684,0.04681632099269101,0.8940786324786325,0.05118199880790496,0.9150568793444881,0.012531893328642784
338,poly,0.3,1.0,2.0,1.0,balanced,0.8589179565248471,0.05073093279510767,0.804254668222249,0.0734371265024115,0.7064615384615385,0.11717543616405571,0.8803219315895372,0.04105759894368805,0.8919589743589743,0.02939037269016557,0.996896916882756,0.0015515717717266627
339,poly,3.0,0.3,2.0,0.5,balanced,0.858845026106129,0.05406008347556875,0.8040965654554505,0.07783217948258199,0.7061538461538462,0.1179469342117074,0.880281690140845,0.04402403451775518,0.8934700854700853,0.021532447946277195,0.996896916882756,0.0015515717717266627
340,poly,0.3,0.01,3.0,1.0,,0.8585667303909584,0.05194925910215829,0.8034275889595038,0.07589688824800749,0.6975384615384616,0.09504455510770357,0.8802012072434607,0.04124730823930364,0.9428649572649572,0.025144943782459926,0.9223358793888151,0.009761174874183369
341,linear,3.0,,,,balanced,0.858248038704421,0.05108390882757339,0.8106501358378534,0.07208202811232665,0.7686153846153846,0.11227017286873808,0.8744869215291751,0.04301835333729275,0.8568136752136752,0.076164932169571,0.9416753253200018,0.014101363827871081
342,poly,0.1,0.03,2.0,0.5,,0.858115778306499,0.03693126102240105,0.8020413191144897,0.053696962328208364,0.6824615384615386,0.06711361029173245,0.8803219315895372,0.02948558801191674,0.9570871794871796,0.021647245565154783,0.9089499799679661,0.01007554863261936
343,linear,30.0,,,,,0.8580751235270077,0.0511523276180634,0.8099355254674403,0.06788542225220688,0.7455384615384616,0.0663760133476619,0.8744869215291751,0.045776376910321756,0.8508444444444443,0.06635518344764313,0.9587836051994201,0.015781819605695344
344,poly,10.0,0.03,4.0,1.0,,0.85738421408617,0.047716204244191665,0.8004236400852841,0.07062072162453539,0.6818461538461539,0.08572641221630174,0.8802414486921529,0.03703905658150222,0.88528547008547,0.05337955306041358,0.996896916882756,0.0015515717717266627
345,rbf,1.0,1.0,,,balanced,0.8573735211707116,0.026524431717940392,0.8371434137652723,0.025128606031263524,0.992,0.016000000000000014,0.8604426559356136,0.027440006212636314,0.9847452991452992,0.015997638805976953,1.0,0.0
346,linear,0.3,,,,balanced,0.8571106718616278,0.049439482891748626,0.8078213649732888,0.07201346897814201,0.7606153846153847,0.1221410572650429,0.8744869215291751,0.040070946640533615,0.8916170940170941,0.05928698172499634,0.9226333168468683,0.01187039235888154
347,poly,0.1,0.1,4.0,1.0,balanced,0.8567454904218235,0.04196782034244642,0.8022087989529849,0.060049018202511927,0.6987692307692307,0.07228084608012814,0.8775452716297787,0.034298511700861796,0.9365196581196582,0.0317411872851048,0.9891537565440516,0.0038084123461644874
348,poly,0.3,0.01,2.0,0.0,balanced,0.8565801751083917,0.049384670143981874,0.7981900910010111,0.07312115229558597,0.6756923076923077,0.10347980965346408,0.8804828973843059,0.03833576217099338,0.9495931623931624,0.026566241760107585,0.8841538163324513,0.025484640630582235
349,poly,30.0,scale,3.0,1.0,balanced,0.8559187712730448,0.052546830527889596,0.8004767287653085,0.07608439505159213,0.6975384615384616,0.08805377593051476,0.8773440643863178,0.042238878367284675,0.8787145299145299,0.045996259491492414,0.9961257830653597,0.002443925361256807
350,poly,10.0,0.1,3.0,1.0,balanced,0.8558576809561865,0.04698841140480964,0.8003473270915131,0.06756597611998315,0.6972307692307693,0.084525266696173,0.8773038229376258,0.03818368549892996,0.8611623931623932,0.057791410923814,1.0,0.0
350,poly,30.0,0.1,3.0,1.0,,0.8558576809561865,0.04698841140480964,0.8003473270915131,0.06756597611998315,0.6972307692307693,0.084525266696173,0.8773038229376258,0.03818368549892996,0.8611623931623932,0.057791410923814,1.0,0.0
350,poly,30.0,0.1,3.0,1.0,balanced,0.8558576809561865,0.04698841140480964,0.8003473270915131,0.06756597611998315,0.6972307692307693,0.084525266696173,0.8773038229376258,0.03818368549892996,0.8611623931623932,0.057791410923814,1.0,0.0
353,poly,3.0,0.3,2.0,0.5,,0.8557028059271639,0.0525312687794077,0.7999040083832846,0.07531534937402945,0.6981538461538462,0.1036626298547474,0.8774647887323944,0.043021289453318956,0.8984273504273503,0.02010595936209252,0.996896916882756,0.0015515717717266627
354,poly,0.1,scale,2.0,1.0,,0.8551747078971662,0.048214521467577806,0.7986172281824455,0.07060600904672207,0.6898461538461539,0.08703722933285979,0.8773843058350099,0.03814320479877447,0.9433982905982907,0.030858488580635134,0.9152219410993107,0.011430670612819136
354,poly,0.1,0.03,2.0,1.0,,0.8551747078971662,0.048214521467577806,0.7986172281824455,0.07060600904672207,0.6898461538461539,0.08703722933285979,0.8773843058350099,0.03814320479877447,0.9433982905982905,0.030919878881939068,0.9134462556930373,0.014377401951906923
356,poly,3.0,0.1,3.0,1.0,,0.8549937857032566,0.04626785987431601,0.7980243403158889,0.06715249200612378,0.6821538461538462,0.07287567430443055,0.8774245472837021,0.03699049474851091,0.8772512820512821,0.047988376609087,0.996896916882756,0.0015515717717266627
357,poly,0.1,0.1,4.0,1.0,,0.8549615197743334,0.048117867865741425,0.7978431916605484,0.0693179988340287,0.6827692307692307,0.08275950757873418,0.8775050301810865,0.038919826614983125,0.951268376068376,0.021878264858682873,0.9883534096371877,0.004254875149404741
358,poly,10.0,scale,4.0,1.0,balanced,0.8546909019696136,0.03835213284648243,0.79738962110118,0.05691931439016531,0.681846153846154,0.0736818685395484,0.8773843058350101,0.029723315778907976,0.8856273504273503,0.05940273247597123,0.9961257830653597,0.002443925361256807
358,poly,10.0,0.03,4.0,1.0,balanced,0.8546909019696136,0.03835213284648243,0.79738962110118,0.05691931439016531,0.681846153846154,0.0736818685395484,0.8773843058350101,0.029723315778907976,0.8863316239316239,0.06017011032838799,0.9953546492479631,0.0028894415812237857
360,poly,10.0,scale,4.0,1.0,,0.8545082669593519,0.05080112958262022,0.7969393195277928,0.07426107779700064,0.6818461538461539,0.08572641221630174,0.8773843058350101,0.04022647608781681,0.8849230769230768,0.053950321166043196,0.996896916882756,0.0015515717717266627
361,poly,30.0,scale,4.0,0.5,balanced,0.8540687546139175,0.049111872018940746,0.7959580785465518,0.07395471532006961,0.6818461538461539,0.09289250643340016,0.8773843058350101,0.037057676927460356,0.8878222222222222,0.058925757850634426,0.9945835154305669,0.0030879895405508417
361,poly,30.0,0.03,4.0,0.5,balanced,0.8540687546139175,0.049111872018940746,0.7959580785465518,0.07395471532006961,0.6818461538461539,0.09289250643340016,0.8773843058350101,0.037057676927460356,0.8885264957264958,0.057933802785162664,0.9945835154305669,0.0030879895405508417
363,poly,0.3,0.1,4.0,1.0,balanced,0.8515079709098627,0.049486724010930384,0.7931706221005588,0.07257544505724274,0.6818461538461539,0.08572641221630174,0.8745271629778673,0.03900756210765464,0.9065846153846154,0.03214141882828789,0.9945835154305669,0.0030879895405508417
364,poly,0.1,0.1,4.0,0.5,,0.8514907105990364,0.043309248500223996,0.7928386858619417,0.062094730457767415,0.675076923076923,0.07490522611546063,0.8746881287726358,0.03527029258025755,0.9680273504273504,0.0168020244441517,0.9757409129495038,0.004555665918945209
365,poly,0.1,0.1,4.0,0.5,balanced,0.85125678908564,0.048163614016718065,0.792325491361226,0.06962066369283662,0.6747692307692307,0.0806811241058418,0.8746478873239436,0.03873623540493526,0.9660170940170939,0.016964597256779766,0.9805422068976988,0.003479629937721136
366,poly,3.0,0.1,3.0,1.0,balanced,0.8507268110856622,0.04036019850000655,0.7912804457237119,0.060442448499045856,0.673846153846154,0.07971547034934781,0.8745271629778673,0.03082468702442835,0.8806358974358975,0.05261673123793927,0.996896916882756,0.0015515717717266627
367,poly,0.1,scale,3.0,0.5,,0.8506084758960283,0.03645762123741664,0.790737289432695,0.05301818982049388,0.6667692307692309,0.06900544528723761,0.8746478873239436,0.02911073185024319,0.967234188034188,0.01570438579558118,0.9216928943212039,0.005847208001198479
368,poly,30.0,scale,4.0,1.0,,0.8503748096441678,0.04358489009362942,0.7904993027754037,0.06516124953920742,0.6735384615384616,0.08774573271371922,0.8744869215291751,0.033404862614612646,0.8719521367521367,0.05107691209281457,0.9984459583788763,0.0019033209249629806
368,poly,30.0,0.03,4.0,1.0,,0.8503748096441678,0.04358489009362942,0.7904993027754037,0.06516124953920742,0.6735384615384616,0.08774573271371922,0.8744869215291751,0.033404862614612646,0.872102564102564,0.052224654495933866,0.9984459583788763,0.0019033209249629806
370,linear,10.0,,,,balanced,0.8501842022042144,0.04133007100243511,0.8019458083287869,0.05850337891665729,0.7689230769230769,0.09373461214937039,0.8659557344064386,0.03486437924855091,0.8487794871794871,0.08173956286306122,0.9487256562174766,0.015893756157442384
371,poly,1.0,0.1,4.0,0.5,,0.8501686453285068,0.0466375711539192,0.7897006365412491,0.06856501456537031,0.6667692307692308,0.08556723367790932,0.8746478873239436,0.03656816412159775,0.9238495726495726,0.02846589920649965,0.996113850557873,0.002470722992773809
372,poly,1.0,0.1,4.0,1.0,,0.8498821892393321,0.050295472948705545,0.7890909090909091,0.07461194374066618,0.6664615384615385,0.09037148840845634,0.8746076458752515,0.03885632268308692,0.8741606837606838,0.06019397538869803,0.996896916882756,0.0015515717717266627
373,poly,30.0,0.1,3.0,0.5,,0.8486102616427444,0.050747451032571875,0.7897913932757139,0.07497479347224655,0.6892307692307692,0.10117417169293492,0.8716297786720322,0.03967590527159931,0.8615452991452992,0.06701300665431884,1.0,0.0
373,poly,30.0,0.1,3.0,0.5,balanced,0.8486102616427444,0.050747451032571875,0.7897913932757139,0.07497479347224655,0.6892307692307692,0.10117417169293492,0.8716297786720322,0.03967590527159931,0.8615452991452992,0.06701300665431884,1.0,0.0
375,poly,0.1,0.01,4.0,1.0,,0.847316917368703,0.044191275902621355,0.7863489116920768,0.06449182147035948,0.6664615384615385,0.0790380029932422,0.8717505030181087,0.03512979363911898,0.9409299145299146,0.02980945962962157,0.9081299495350471,0.013379769041670831
376,poly,0.1,0.3,4.0,0.0,,0.8467852150156705,0.0675666646960802,0.7849835668569451,0.09961707615528015,0.6836923076923076,0.1458526451005954,0.8719517102615694,0.05290038051751091,0.9096820512820513,0.03959069068734137,0.996113850557873,0.002470722992773809
376,poly,10.0,0.1,4.0,0.0,,0.8467852150156705,0.0675666646960802,0.7849835668569451,0.09961707615528015,0.6836923076923076,0.1458526451005954,0.8719517102615694,0.05290038051751091,0.9040957264957263,0.041069984012920335,0.996896916882756,0.0015515717717266627
378,poly,1.0,0.1,3.0,0.5,,0.84672340788266,0.038915047733369616,0.7848615479812304,0.05765009933249245,0.6584615384615385,0.06607866927038086,0.8717505030181087,0.03012593216619506,0.9249777777777778,0.03657472648269502,0.9914701130001754,0.0028954254741638697
379,poly,3.0,0.1,3.0,0.5,,0.8465811212287454,0.03918175467401958,0.7845769746734013,0.058180900232976014,0.6581538461538462,0.06721791815215684,0.8717102615694164,0.030238603811884684,0.8970393162393162,0.050363277736067295,0.996896916882756,0.0015515717717266627
380,poly,0.1,0.03,3.0,0.5,,0.8465488552998224,0.041501444120469244,0.7843958260180608,0.06099555643625256,0.6587692307692309,0.07801319870123025,0.8717907444668007,0.03258449273863872,0.9668786324786325,0.015982434656426275,0.9208351795007983,0.005922970146896007
381,poly,0.1,0.01,2.0,1.0,balanced,0.8459579377024097,0.055924333654558324,0.7868753739485447,0.0800315265671416,0.6892307692307692,0.09796026244223462,0.8687323943661971,0.045798339989385525,0.8987418803418803,0.03745196642209302,0.874914412313105,0.017975556696035233
382,poly,10.0,0.1,3.0,0.5,,0.845911870827682,0.03208531556483923,0.7829141930106196,0.04846131047549312,0.6504615384615384,0.06031397141565951,0.8717505030181087,0.02410479571863841,0.8682119658119658,0.06943002546427939,0.9984459583788763,0.0019033209249629806
383,poly,0.3,0.1,4.0,0.5,balanced,0.844516908759069,0.049516958351939123,0.7829268292682927,0.07177120210636208,0.6667692307692307,0.08174198113142317,0.86897384305835,0.03968782147774733,0.945080341880342,0.025983748074523277,0.9906941375789315,0.0031111681680357373
384,poly,0.1,0.3,4.0,0.5,balanced,0.8436531030453492,0.04793527238589534,0.7807597079293053,0.06943996314922499,0.6593846153846153,0.08637115450983014,0.8690140845070422,0.03847154053365783,0.8903111111111113,0.02922052382052174,0.996896916882756,0.0015515717717266627
385,poly,30.0,0.1,2.0,0.5,balanced,0.8429235679061918,0.03721981798817532,0.7827533139407661,0.05132605444353592,0.6747692307692308,0.06284460030091885,0.866076458752515,0.03214397651577689,0.8740239316239317,0.03245936918619216,0.9984459583788763,0.0019033209249629806
386,poly,3.0,0.1,4.0,0.0,,0.8428958096453671,0.06540385871651332,0.7789800742992232,0.0955566720641534,0.6673846153846154,0.13040637440404168,0.8690543259557344,0.05185394470081817,0.9365880341880342,0.03569473351942437,0.9906644724874951,0.0019061125752286958
387,poly,0.1,0.01,3.0,1.0,,0.8427860448687975,0.03958354977642835,0.7788026607538804,0.05861423996522058,0.6504615384615385,0.07012685040645268,0.8688933601609659,0.03069306858542731,0.9221401709401711,0.03272738639793543,0.8731883986936152,0.016699219341348128
388,poly,3.0,0.1,4.0,1.0,,0.842663787286454,0.04331337961455412,0.7785200845665962,0.06448675683639062,0.6504615384615385,0.07455048724139224,0.8688933601609659,0.03324650004605288,0.8627829059829061,0.0752132574968975,1.0,0.0
389,poly,10.0,0.1,3.0,0.5,balanced,0.8421965510867432,0.028506909548264976,0.7773770944502651,0.04324189764136324,0.6424615384615385,0.0527367022415472,0.8688933601609659,0.021266606236595414,0.8669675213675214,0.06844149485178513,1.0,0.0
390,poly,30.0,scale,4.0,0.5,,0.8419260811469323,0.05271907402358027,0.7768542568542569,0.07901233956239347,0.6501538461538463,0.09436477128235725,0.8688531187122737,0.04002120817959021,0.8988376068376068,0.04887068694690093,0.9961257830653597,0.002443925361256807
390,poly,30.0,0.03,4.0,0.5,,0.8419260811469323,0.05271907402358027,0.7768542568542569,0.07901233956239347,0.6501538461538463,0.09436477128235725,0.8688531187122737,0.04002120817959021,0.8991863247863247,0.048772369184909674,0.9961257830653597,0.002443925361256807
392,poly,3.0,0.1,4.0,0.5,,0.8419044042702545,0.05574274222154917,0.7766925064599484,0.08298660314877344,0.6507692307692308,0.10238343061211283,0.8689336016096579,0.04279212154156842,0.8839931623931625,0.05784002068878672,0.996896916882756,0.0015515717717266627
393,poly,1.0,0.1,4.0,0.0,balanced,0.8415149545680061,0.07461908056449613,0.7756685811382468,0.1106733918033815,0.6596923076923077,0.14111776944124013,0.8690945674044265,0.05765317513588712,0.9421880341880341,0.035151444472540545,0.9844014487660896,0.00492693669367398
394,linear,0.1,,,,balanced,0.8413775580863574,0.043278525378607005,0.7869168759085503,0.06195333067814776,0.7295384615384615,0.08675831900837962,0.8602816901408451,0.035777024271901936,0.8946324786324785,0.054241093492341616,0.9142249132959472,0.011358241404105582
395,poly,1.0,0.1,4.0,0.0,,0.8413417562401108,0.0640459095939113,0.7752303523035231,0.0950541532179281,0.6516923076923077,0.12395685449037473,0.8690543259557344,0.04943615702956528,0.9453675213675213,0.034686014257454066,0.9843854676424165,0.002464544437790883
396,poly,3.0,0.1,4.0,1.0,balanced,0.8409501912712611,0.04807612037960194,0.7779995072678,0.07150834175007119,0.6661538461538462,0.0876572129504955,0.8659959758551308,0.03707742350178012,0.8567521367521369,0.07854263466333605,1.0,0.0
397,poly,10.0,0.1,4.0,1.0,,0.8408375885043435,0.049310898143181646,0.7777711366046468,0.07312454028767897,0.6658461538461539,0.08827284222543312,0.8659557344064387,0.03821547984221132,0.8565811965811967,0.07829896420796775,1.0,0.0
397,poly,10.0,0.1,4.0,1.0,balanced,0.8408375885043435,0.049310898143181646,0.7777711366046468,0.07312454028767897,0.6658461538461539,0.08827284222543312,0.8659557344064387,0.03821547984221132,0.8565811965811967,0.07829896420796775,1.0,0.0
397,poly,30.0,0.1,4.0,1.0,,0.8408375885043435,0.049310898143181646,0.7777711366046468,0.07312454028767897,0.6658461538461539,0.08827284222543312,0.8659557344064387,0.03821547984221132,0.8565811965811967,0.07829896420796775,1.0,0.0
397,poly,30.0,0.1,4.0,1.0,balanced,0.8408375885043435,0.049310898143181646,0.7777711366046468,0.07312454028767897,0.6658461538461539,0.08827284222543312,0.8659557344064387,0.03821547984221132,0.8565811965811967,0.07829896420796775,1.0,0.0
401,poly,0.1,0.01,3.0,0.5,balanced,0.8400634521683605,0.05104952479589165,0.7758389224773107,0.0748076830668168,0.6578461538461539,0.08843999737728782,0.8659557344064386,0.04029501465061041,0.9087999999999999,0.025815145329729613,0.8589545537883836,0.0163555837914286
402,poly,0.1,0.3,4.0,0.5,,0.8395934824491432,0.05132766999139609,0.7744182445146711,0.07486583332302742,0.6513846153846153,0.0930920521715726,0.8661569416498993,0.04076985075097518,0.8979555555555555,0.030375558725745842,0.996896916882756,0.0015515717717266627
403,poly,0.3,0.1,4.0,0.5,,0.8395791187132652,0.052988194233906535,0.7744208636891564,0.07744041186923503,0.6510769230769231,0.09120573012207396,0.8661167002012071,0.04191675705178148,0.9533743589743591,0.023962630950722066,0.9883534096371877,0.004254875149404741
404,poly,1.0,0.1,4.0,1.0,balanced,0.8389484675455152,0.04043624528724487,0.7729829860062418,0.06025980154979672,0.6424615384615385,0.06856500392557129,0.866036217303823,0.03098758781972323,0.8722666666666667,0.05901686722695427,0.996896916882756,0.0015515717717266627
405,poly,0.3,0.01,2.0,0.5,,0.8385814244067513,0.04562305683044575,0.7721359940872137,0.06829428268796232,0.6424615384615385,0.08137050917447679,0.8660362173038229,0.03471496158817887,0.9198358974358974,0.03288775448049813,0.8695822446732583,0.014741423642603595
406,poly,30.0,0.1,4.0,0.0,,0.8385209739574183,0.07376666915332145,0.7719754367756442,0.10948267638963473,0.6676923076923076,0.15803527431872316,0.8662374245472837,0.05711017287279283,0.887336752136752,0.05311530979032588,0.996896916882756,0.0015515717717266627
407,poly,10.0,0.1,4.0,0.5,,0.8384591668244077,0.04888380776720294,0.7718534178999296,0.07337066202469145,0.6424615384615385,0.08521243901751437,0.8660362173038229,0.0369918080686952,0.8716239316239317,0.0735410093055223,1.0,0.0
408,linear,30.0,,,,balanced,0.8380727757621262,0.047152224069600804,0.7868082788671024,0.06642208470359162,0.7609230769230769,0.10229832230081844,0.8546076458752514,0.040054010149982375,0.8440273504273504,0.07938814424159708,0.9518576930462475,0.020754826592108314
409,poly,30.0,0.03,4.0,1.0,balanced,0.8380102933025665,0.05046014932679814,0.774581990113905,0.07247838797897259,0.6655384615384616,0.0886111110080606,0.8630583501006036,0.041330847693334775,0.8684034188034188,0.05252360288164119,1.0,0.0
410,poly,0.1,0.01,2.0,0.5,balanced,0.8377985509930761,0.06084475952146972,0.7739123899718148,0.0874659464238109,0.6655384615384615,0.09885306770193245,0.8630583501006036,0.04942603411766574,0.8891282051282051,0.03262706522729092,0.8584436463549844,0.01516943764064568
411,poly,10.0,0.3,2.0,1.0,,0.8367253655284763,0.05036150971197246,0.774666088882469,0.07116260184648122,0.6744615384615384,0.07797192636952832,0.8603621730382294,0.04190157149347145,0.8446427350427351,0.048920075642439546,1.0,0.0
412,poly,0.1,0.1,2.0,0.0,,0.8364428526064348,0.044869904940771844,0.7669944030409147,0.06954235533457033,0.6270769230769231,0.08918619576365447,0.8661167002012073,0.03197374929824551,0.9749675213675214,0.01804139071137522,0.9125320875659432,0.007021827170798082
412,poly,10.0,0.01,2.0,0.0,,0.8364428526064348,0.044869904940771844,0.7669944030409147,0.06954235533457033,0.6270769230769231,0.08918619576365447,0.8661167002012073,0.03197374929824551,0.9749675213675214,0.01804139071137522,0.9125320875659432,0.007021827170798082
414,poly,0.3,0.3,4.0,0.0,balanced,0.8356206698079947,0.06150784625360576,0.7682761871096971,0.09101063654571528,0.6516923076923077,0.12134785443158001,0.8633802816901408,0.04780135326102783,0.8905435897435897,0.05560506343711093,0.996896916882756,0.0015515717717266627
415,poly,3.0,0.1,3.0,0.5,balanced,0.8355256696149876,0.041785856325491075,0.7682976102488298,0.06340831751796575,0.6421538461538462,0.07825069710637172,0.8631388329979879,0.03111561868534709,0.8879589743589744,0.06282845612900562,0.9961257830653597,0.002443925361256807
416,poly,0.3,0.3,3.0,1.0,balanced,0.8355007857312504,0.03227989628971346,0.7680204197390811,0.04775398197486275,0.6347692307692309,0.053767855160129906,0.8632193158953723,0.025042793797001712,0.8603760683760685,0.06239035048106965,0.996896916882756,0.0015515717717266627
417,poly,1.0,0.3,3.0,0.5,balanced,0.8353901967485559,0.05074955105114809,0.7678742310321257,0.07686437972659857,0.6427692307692309,0.09138202534532171,0.8632595573440642,0.037852125711074824,0.8640752136752138,0.06584841312878117,1.0,0.0
418,poly,10.0,0.3,2.0,0.0,,0.8352502721720155,0.06038603703369643,0.7712731624069716,0.08557405184883832,0.6750769230769231,0.12841648219527074,0.8604426559356136,0.05048635764537248,0.8582085470085469,0.05304492521321796,0.9984459583788763,0.0019033209249629806
419,poly,1.0,0.1,4.0,0.5,balanced,0.8351274095185669,0.04071166003943059,0.7671609540015665,0.06101052695610932,0.6347692307692308,0.06936124457159566,0.8632193158953723,0.030881582430375,0.9115692307692307,0.027105687906724983,0.9945835154305669,0.0030879895405508417
420,poly,0.1,0.3,3.0,1.0,,0.8350881479387361,0.03937533681775256,0.7671206841938548,0.059242561875410875,0.6344615384615385,0.0660041239522064,0.8631790744466802,0.029672168018311473,0.9049846153846154,0.035244281114869803,0.996896916882756,0.0015515717717266627
421,poly,0.3,0.3,3.0,1.0,,0.8350503661114835,0.04163374885897642,0.7669643685866033,0.06174152748701626,0.6347692307692309,0.07383076762787116,0.8632193158953723,0.03217615244968342,0.8584820512820512,0.06127297566574922,0.996896916882756,0.0015515717717266627
422,poly,0.1,0.3,4.0,1.0,,0.8347831086632997,0.04716432838015145,0.7663565891472869,0.07067387060164573,0.6347692307692308,0.08204256363937383,0.8632193158953723,0.03577992098438653,0.8877470085470087,0.055651288352062046,0.996896916882756,0.0015515717717266627
422,poly,0.1,0.3,4.0,1.0,balanced,0.8347831086632997,0.04716432838015145,0.7663565891472869,0.07067387060164573,0.6347692307692308,0.08204256363937383,0.8632193158953723,0.03577992098438653,0.8784820512820513,0.055590549294526,0.9984459583788763,0.0019033209249629806
424,poly,30.0,scale,4.0,1.0,balanced,0.834181877566256,0.054721121070827314,0.7687234042553192,0.07832054663621632,0.6575384615384616,0.0922851254466191,0.8602012072434608,0.04493987993263007,0.8678700854700854,0.05224444598253123,1.0,0.0
425,poly,0.3,0.3,4.0,0.0,,0.8341665456134549,0.07819675819631818,0.7649201780394024,0.11593677157821632,0.6596923076923077,0.1680304283517453,0.8633802816901408,0.060603007150028414,0.8928547008547009,0.05081285069639882,0.996896916882756,0.0015515717717266627
426,poly,0.3,0.01,2.0,1.0,,0.8341203274383139,0.04534441234219683,0.768279472465519,0.06522419447928263,0.6504615384615385,0.07012685040645268,0.8603219315895372,0.036820463763308,0.9201435897435897,0.03374497455570773,0.8890923107114235,0.015131282305796873
427,poly,10.0,0.3,2.0,1.0,balanced,0.8338479189424909,0.04972163788687725,0.7711878280129039,0.07025861650247253,0.6744615384615384,0.07797192636952832,0.8575452716297788,0.04141175514226427,0.8444717948717949,0.049008493466741174,1.0,0.0
427,poly,30.0,0.3,2.0,1.0,,0.8338479189424909,0.04972163788687725,0.7711878280129039,0.07025861650247253,0.6744615384615384,0.07797192636952832,0.8575452716297788,0.04141175514226427,0.8444717948717949,0.049008493466741174,1.0,0.0
427,poly,30.0,0.3,2.0,1.0,balanced,0.8338479189424909,0.04972163788687725,0.7711878280129039,0.07025861650247253,0.6744615384615384,0.07797192636952832,0.8575452716297788,0.04141175514226427,0.8444717948717949,0.049008493466741174,1.0,0.0
430,poly,3.0,0.1,4.0,0.0,balanced,0.8331305828018614,0.0512122933082135,0.7657287616354423,0.07656638565845074,0.6516923076923077,0.10735595826570564,0.8605231388329979,0.039203805047243814,0.9228786324786326,0.032063713327120484,0.9937833989302426,0.0019139546550747094
431,poly,0.3,0.1,4.0,0.0,,0.8330832660678678,0.052781084105051154,0.7622798153030711,0.08084372085694345,0.6276923076923077,0.1057853134625913,0.8633400402414486,0.03855109781807252,0.963357264957265,0.03717523520238954,0.9780447961474621,0.004747036767274423
432,poly,0.1,0.3,3.0,0.5,,0.832445657420396,0.03982750777496705,0.7640629289409777,0.057915685431277786,0.6350769230769232,0.06765313551907354,0.8604024144869215,0.03178982755981041,0.9010803418803419,0.0272847039389019,0.9937902305526315,0.001908477941724507
433,poly,0.3,0.3,4.0,0.5,,0.8320370393378684,0.04896227900983226,0.7630262760495319,0.07203579168454961,0.6356923076923077,0.088337170100144,0.8604828973843057,0.03837473160806411,0.8822153846153846,0.04575025515809133,0.9984459583788763,0.0019033209249629806
434,poly,0.3,0.1,4.0,0.0,balanced,0.8316838547212141,0.0678914384281016,0.7590687361419068,0.10384303773164572,0.6276923076923077,0.1350204893502416,0.8633400402414486,0.049656610634569984,0.9608478632478633,0.03499707611217675,0.9812247425439973,0.0029358264652702827
435,poly,10.0,0.1,4.0,0.5,balanced,0.8316393769269765,0.04455428983229613,0.762266519010705,0.06754442196210397,0.6347692307692309,0.08585442474631526,0.8603621730382294,0.03320663290869315,0.8680136752136752,0.07387418777787508,1.0,0.0
435,poly,30.0,0.1,4.0,0.5,,0.8316393769269765,0.04455428983229613,0.762266519010705,0.06754442196210397,0.6347692307692309,0.08585442474631526,0.8603621730382294,0.03320663290869315,0.8676717948717949,0.07363400231568844,1.0,0.0
435,poly,30.0,0.1,4.0,0.5,balanced,0.8316393769269765,0.04455428983229613,0.762266519010705,0.06754442196210397,0.6347692307692309,0.08585442474631526,0.8603621730382294,0.03320663290869315,0.8676717948717949,0.07363400231568844,1.0,0.0
438,poly,0.3,0.3,3.0,0.5,balanced,0.8314840272239319,0.037684948446358474,0.7617275747508305,0.05586159614738718,0.6270769230769232,0.06414185462545416,0.8604024144869215,0.02910889606563659,0.8631179487179488,0.05389347056849703,0.996896916882756,0.0015515717717266627
439,poly,3.0,0.1,4.0,0.5,balanced,0.831067788922361,0.04387432585379884,0.7608194905869325,0.06582398434775127,0.6267692307692307,0.07498859873893098,0.8603621730382294,0.03320663290869315,0.8809709401709401,0.054584549860722524,0.996896916882756,0.0015515717717266627
440,poly,1.0,0.3,3.0,1.0,balanced,0.830439797568897,0.037386896532967485,0.7629719689294158,0.057695080114208416,0.6501538461538462,0.08357457782825822,0.8575050301810865,0.027305060993921406,0.8698735042735042,0.06438724397007377,1.0,0.0
440,poly,3.0,0.3,3.0,1.0,,0.830439797568897,0.037386896532967485,0.7629719689294158,0.057695080114208416,0.6501538461538462,0.08357457782825822,0.8575050301810865,0.027305060993921406,0.8698735042735042,0.06438724397007377,1.0,0.0
440,poly,3.0,0.3,3.0,1.0,balanced,0.830439797568897,0.037386896532967485,0.7629719689294158,0.057695080114208416,0.6501538461538462,0.08357457782825822,0.8575050301810865,0.027305060993921406,0.8698735042735042,0.06438724397007377,1.0,0.0
440,poly,10.0,0.3,3.0,1.0,,0.830439797568897,0.037386896532967485,0.7629719689294158,0.057695080114208416,0.6501538461538462,0.08357457782825822,0.8575050301810865,0.027305060993921406,0.8698735042735042,0.06438724397007377,1.0,0.0
440,poly,10.0,0.3,3.0,1.0,balanced,0.830439797568897,0.037386896532967485,0.7629719689294158,0.057695080114208416,0.6501538461538462,0.08357457782825822,0.8575050301810865,0.027305060993921406,0.8698735042735042,0.06438724397007377,1.0,0.0
440,poly,30.0,0.3,3.0,1.0,,0.830439797568897,0.037386896532967485,0.7629719689294158,0.057695080114208416,0.6501538461538462,0.08357457782825822,0.8575050301810865,0.027305060993921406,0.8698735042735042,0.06438724397007377,1.0,0.0
440,poly,30.0,0.3,3.0,1.0,balanced,0.830439797568897,0.037386896532967485,0.7629719689294158,0.057695080114208416,0.6501538461538462,0.08357457782825822,0.8575050301810865,0.027305060993921406,0.8698735042735042,0.06438724397007377,1.0,0.0
447,poly,1.0,0.3,3.0,1.0,,0.8297840674341721,0.036943411304606474,0.7612698412698412,0.056438337734543084,0.6424615384615385,0.07733795810152738,0.8575050301810865,0.027305060993921406,0.8698051282051283,0.06579415330040944,1.0,0.0
448,poly,30.0,scale,4.0,0.0,,0.8296969195248096,0.04748087348370511,0.7574401119076761,0.07259279736493773,0.62,0.09465727652959384,0.8605231388329979,0.034790914301544344,0.9647316239316238,0.03473114992655697,0.9724565261535837,0.007113752106931433
448,poly,30.0,0.03,4.0,0.0,,0.8296969195248096,0.04748087348370511,0.7574401119076761,0.07259279736493773,0.62,0.09465727652959384,0.8605231388329979,0.034790914301544344,0.9654153846153847,0.033408001227038776,0.9716638914811812,0.006358487531365627
450,poly,1.0,1.0,2.0,1.0,,0.8291691936018932,0.05600761343845056,0.7635060862314309,0.07900906692149302,0.6667692307692308,0.11154259939274296,0.854728370221328,0.0471953453322465,0.8410735042735042,0.06017084537677067,1.0,0.0
451,poly,10.0,0.1,4.0,0.0,balanced,0.8289259623398152,0.05528209276776061,0.7590620949687757,0.08316593460695884,0.6436923076923077,0.11510160163188371,0.8576659959758551,0.041858960724096735,0.8903247863247863,0.041622327493265075,0.996896916882756,0.0015515717717266627
452,poly,1.0,scale,2.0,0.0,,0.8288166992734258,0.0424403940939202,0.7554178155142421,0.06573964003098312,0.6113846153846154,0.08376693505365959,0.8604426559356136,0.030269113747712687,0.9751384615384616,0.017623345012496003,0.9081872042967977,0.00586323282803578
452,poly,1.0,0.03,2.0,0.0,,0.8288166992734258,0.0424403940939202,0.7554178155142421,0.06573964003098312,0.6113846153846154,0.08376693505365959,0.8604426559356136,0.030269113747712687,0.9751384615384616,0.017623345012496003,0.9073253522121721,0.004377238037402836
454,poly,30.0,0.01,3.0,0.0,balanced,0.8287568671012497,0.03744526303478228,0.7585452286416552,0.054577603652769056,0.6273846153846153,0.06194022696096884,0.8575855130784709,0.029767358773272093,0.9102017094017093,0.03039310932282678,0.9461539094987257,0.005610044658060953
455,poly,0.1,1.0,3.0,1.0,,0.8283894001852632,0.06888231303462412,0.7583064211375637,0.10756697616702471,0.6507692307692309,0.13237207735736917,0.8575855130784709,0.04853332260868545,0.8548786324786324,0.07153988549471732,1.0,0.0
455,poly,0.1,1.0,3.0,1.0,balanced,0.8283894001852632,0.06888231303462412,0.7583064211375637,0.10756697616702471,0.6507692307692309,0.13237207735736917,0.8575855130784709,0.04853332260868545,0.8548786324786324,0.07153988549471732,1.0,0.0
455,poly,0.3,1.0,3.0,1.0,,0.8283894001852632,0.06888231303462412,0.7583064211375637,0.10756697616702471,0.6507692307692309,0.13237207735736917,0.8575855130784709,0.04853332260868545,0.8548786324786324,0.07153988549471732,1.0,0.0
455,poly,0.3,1.0,3.0,1.0,balanced,0.8283894001852632,0.06888231303462412,0.7583064211375637,0.10756697616702471,0.6507692307692309,0.13237207735736917,0.8575855130784709,0.04853332260868545,0.8548786324786324,0.07153988549471732,1.0,0.0
455,poly,1.0,1.0,3.0,1.0,,0.8283894001852632,0.06888231303462412,0.7583064211375637,0.10756697616702471,0.6507692307692309,0.13237207735736917,0.8575855130784709,0.04853332260868545,0.8548786324786324,0.07153988549471732,1.0,0.0
455,poly,1.0,1.0,3.0,1.0,balanced,0.8283894001852632,0.06888231303462412,0.7583064211375637,0.10756697616702471,0.6507692307692309,0.13237207735736917,0.8575855130784709,0.04853332260868545,0.8548786324786324,0.07153988549471732,1.0,0.0
455,poly,3.0,1.0,3.0,1.0,,0.8283894001852632,0.06888231303462412,0.7583064211375637,0.10756697616702471,0.6507692307692309,0.13237207735736917,0.8575855130784709,0.04853332260868545,0.8548786324786324,0.07153988549471732,1.0,0.0
455,poly,3.0,1.0,3.0,1.0,balanced,0.8283894001852632,0.06888231303462412,0.7583064211375637,0.10756697616702471,0.6507692307692309,0.13237207735736917,0.8575855130784709,0.04853332260868545,0.8548786324786324,0.07153988549471732,1.0,0.0
455,poly,10.0,1.0,3.0,1.0,,0.8283894001852632,0.06888231303462412,0.7583064211375637,0.10756697616702471,0.6507692307692309,0.13237207735736917,0.8575855130784709,0.04853332260868545,0.8548786324786324,0.07153988549471732,1.0,0.0
455,poly,10.0,1.0,3.0,1.0,balanced,0.8283894001852632,0.06888231303462412,0.7583064211375637,0.10756697616702471,0.6507692307692309,0.13237207735736917,0.8575855130784709,0.04853332260868545,0.8548786324786324,0.07153988549471732,1.0,0.0
455,poly,30.0,1.0,3.0,1.0,,0.8283894001852632,0.06888231303462412,0.7583064211375637,0.10756697616702471,0.6507692307692309,0.13237207735736917,0.8575855130784709,0.04853332260868545,0.8548786324786324,0.07153988549471732,1.0,0.0
455,poly,30.0,1.0,3.0,1.0,balanced,0.8283894001852632,0.06888231303462412,0.7583064211375637,0.10756697616702471,0.6507692307692309,0.13237207735736917,0.8575855130784709,0.04853332260868545,0.8548786324786324,0.07153988549471732,1.0,0.0
467,poly,0.3,0.3,4.0,0.5,balanced,0.8280147356639969,0.05246504557612607,0.7567544990460476,0.07718727809399682,0.6276923076923077,0.09290065954759791,0.8576257545271628,0.041080705173776454,0.8723350427350427,0.05043689853109133,1.0,0.0
468,poly,0.1,0.3,3.0,1.0,balanced,0.827507783108729,0.03757429764116221,0.7555951705696459,0.05621250579540911,0.6190769230769231,0.06452447817707375,0.8575452716297786,0.028582761942985542,0.8885743589743591,0.05096252546841148,0.9945835154305669,0.0030879895405508417
469,poly,0.3,0.01,3.0,0.5,,0.827206150493098,0.04385789696600403,0.7548410938654841,0.0653287645367233,0.6193846153846153,0.08031653355399608,0.8575855130784709,0.033630248401110174,0.9423863247863247,0.02419468025030192,0.877040960069864,0.016698088460428258
470,poly,3.0,0.3,3.0,0.5,,0.8272004594813996,0.04868957946867692,0.7586403566733669,0.07438698714784754,0.6507692307692309,0.10238343061211287,0.85476861167002,0.036261185131180075,0.8693538461538461,0.0697559017119987,1.0,0.0
470,poly,3.0,0.3,3.0,0.5,balanced,0.8272004594813996,0.04868957946867692,0.7586403566733669,0.07438698714784754,0.6507692307692309,0.10238343061211287,0.85476861167002,0.036261185131180075,0.8693538461538461,0.0697559017119987,1.0,0.0
470,poly,10.0,0.3,3.0,0.5,,0.8272004594813996,0.04868957946867692,0.7586403566733669,0.07438698714784754,0.6507692307692309,0.10238343061211287,0.85476861167002,0.036261185131180075,0.8693538461538461,0.0697559017119987,1.0,0.0
470,poly,10.0,0.3,3.0,0.5,balanced,0.8272004594813996,0.04868957946867692,0.7586403566733669,0.07438698714784754,0.6507692307692309,0.10238343061211287,0.85476861167002,0.036261185131180075,0.8693538461538461,0.0697559017119987,1.0,0.0
470,poly,30.0,0.3,3.0,0.5,,0.8272004594813996,0.04868957946867692,0.7586403566733669,0.07438698714784754,0.6507692307692309,0.10238343061211287,0.85476861167002,0.036261185131180075,0.8693538461538461,0.0697559017119987,1.0,0.0
470,poly,30.0,0.3,3.0,0.5,balanced,0.8272004594813996,0.04868957946867692,0.7586403566733669,0.07438698714784754,0.6507692307692309,0.10238343061211287,0.85476861167002,0.036261185131180075,0.8693538461538461,0.0697559017119987,1.0,0.0
476,poly,10.0,0.3,2.0,0.5,,0.8257863960164841,0.06630960665665395,0.7586144003341374,0.09349711154891802,0.6584615384615384,0.10680070473805112,0.8518309859154929,0.05544938707945161,0.8441367521367521,0.05335146744084835,1.0,0.0
477,poly,30.0,0.1,4.0,0.0,balanced,0.8256091322360728,0.06370443102794175,0.7544927536231884,0.09474138180642634,0.6436923076923077,0.12825123273569286,0.8548490945674043,0.04921112923329781,0.8887521367521367,0.057577895288558306,0.996896916882756,0.0015515717717266627
478,poly,0.1,0.3,4.0,0.0,balanced,0.8254284427159018,0.05087057000271196,0.7540379403794037,0.07685812681221436,0.6356923076923077,0.10489735755156931,0.8548088531187122,0.03822674988330886,0.887931623931624,0.03580384054041131,0.996896916882756,0.0015515717717266627
479,poly,1.0,0.3,4.0,0.5,,0.8252493395681032,0.03531099106298441,0.7536141906873615,0.05397560752450223,0.6273846153846153,0.07587220647889666,0.854728370221328,0.02600731075806831,0.855528205128205,0.053355692880364805,1.0,0.0
479,poly,1.0,0.3,4.0,0.5,balanced,0.8252493395681032,0.03531099106298441,0.7536141906873615,0.05397560752450223,0.6273846153846153,0.07587220647889666,0.854728370221328,0.02600731075806831,0.855528205128205,0.053355692880364805,1.0,0.0
479,poly,3.0,0.3,4.0,0.5,,0.8252493395681032,0.03531099106298441,0.7536141906873615,0.05397560752450223,0.6273846153846153,0.07587220647889666,0.854728370221328,0.02600731075806831,0.855528205128205,0.053355692880364805,1.0,0.0
479,poly,3.0,0.3,4.0,0.5,balanced,0.8252493395681032,0.03531099106298441,0.7536141906873615,0.05397560752450223,0.6273846153846153,0.07587220647889666,0.854728370221328,0.02600731075806831,0.855528205128205,0.053355692880364805,1.0,0.0
479,poly,10.0,0.3,4.0,0.5,,0.8252493395681032,0.03531099106298441,0.7536141906873615,0.05397560752450223,0.6273846153846153,0.07587220647889666,0.854728370221328,0.02600731075806831,0.855528205128205,0.053355692880364805,1.0,0.0
479,poly,10.0,0.3,4.0,0.5,balanced,0.8252493395681032,0.03531099106298441,0.7536141906873615,0.05397560752450223,0.6273846153846153,0.07587220647889666,0.854728370221328,0.02600731075806831,0.855528205128205,0.053355692880364805,1.0,0.0
479,poly,30.0,0.3,4.0,0.5,,0.8252493395681032,0.03531099106298441,0.7536141906873615,0.05397560752450223,0.6273846153846153,0.07587220647889666,0.854728370221328,0.02600731075806831,0.855528205128205,0.053355692880364805,1.0,0.0
479,poly,30.0,0.3,4.0,0.5,balanced,0.8252493395681032,0.03531099106298441,0.7536141906873615,0.05397560752450223,0.6273846153846153,0.07587220647889666,0.854728370221328,0.02600731075806831,0.855528205128205,0.053355692880364805,1.0,0.0
487,poly,30.0,scale,4.0,0.0,balanced,0.8245625591142594,0.05984062887203726,0.7487328188292454,0.0923421924338648,0.6116923076923076,0.11722067390410511,0.8576257545271628,0.043021966990099275,0.9627418803418804,0.03227476746767378,0.9796378597192252,0.002953117022395585
487,poly,30.0,0.03,4.0,0.0,balanced,0.8245625591142594,0.05984062887203726,0.7487328188292454,0.0923421924338648,0.6116923076923076,0.11722067390410511,0.8576257545271628,0.043021966990099275,0.9629196581196581,0.03242285881422094,0.9780447961474621,0.004747036767274423
489,poly,0.3,0.3,4.0,1.0,,0.8239401611744313,0.04405790938833087,0.7504684475416182,0.06669453720396631,0.6193846153846153,0.08792465844193072,0.854728370221328,0.03293240771903657,0.8619829059829061,0.069062090172005,1.0,0.0
489,poly,0.3,0.3,4.0,1.0,balanced,0.8239401611744313,0.04405790938833087,0.7504684475416182,0.06669453720396631,0.6193846153846153,0.08792465844193072,0.854728370221328,0.03293240771903657,0.8628376068376069,0.06978268721448552,1.0,0.0
489,poly,1.0,0.3,4.0,1.0,,0.8239401611744313,0.04405790938833087,0.7504684475416182,0.06669453720396631,0.6193846153846153,0.08792465844193072,0.854728370221328,0.03293240771903657,0.8628376068376069,0.06978268721448552,1.0,0.0
489,poly,1.0,0.3,4.0,1.0,balanced,0.8239401611744313,0.04405790938833087,0.7504684475416182,0.06669453720396631,0.6193846153846153,0.08792465844193072,0.854728370221328,0.03293240771903657,0.8628376068376069,0.06978268721448552,1.0,0.0
489,poly,3.0,0.3,4.0,1.0,,0.8239401611744313,0.04405790938833087,0.7504684475416182,0.06669453720396631,0.6193846153846153,0.08792465844193072,0.854728370221328,0.03293240771903657,0.8628376068376069,0.06978268721448552,1.0,0.0
489,poly,3.0,0.3,4.0,1.0,balanced,0.8239401611744313,0.04405790938833087,0.7504684475416182,0.06669453720396631,0.6193846153846153,0.08792465844193072,0.854728370221328,0.03293240771903657,0.8628376068376069,0.06978268721448552,1.0,0.0
489,poly,10.0,0.3,4.0,1.0,,0.8239401611744313,0.04405790938833087,0.7504684475416182,0.06669453720396631,0.6193846153846153,0.08792465844193072,0.854728370221328,0.03293240771903657,0.8628376068376069,0.06978268721448552,1.0,0.0
489,poly,10.0,0.3,4.0,1.0,balanced,0.8239401611744313,0.04405790938833087,0.7504684475416182,0.06669453720396631,0.6193846153846153,0.08792465844193072,0.854728370221328,0.03293240771903657,0.8628376068376069,0.06978268721448552,1.0,0.0
489,poly,30.0,0.3,4.0,1.0,,0.8239401611744313,0.04405790938833087,0.7504684475416182,0.06669453720396631,0.6193846153846153,0.08792465844193072,0.854728370221328,0.03293240771903657,0.8628376068376069,0.06978268721448552,1.0,0.0
489,poly,30.0,0.3,4.0,1.0,balanced,0.8239401611744313,0.04405790938833087,0.7504684475416182,0.06669453720396631,0.6193846153846153,0.08792465844193072,0.854728370221328,0.03293240771903657,0.8628376068376069,0.06978268721448552,1.0,0.0
499,poly,10.0,0.3,2.0,0.5,balanced,0.8228149191774113,0.06572175375475268,0.7548977917394801,0.09292132596519329,0.6584615384615384,0.10680070473805112,0.84897384305835,0.054729346659534196,0.8332581196581197,0.06196664105546145,1.0,0.0
499,poly,30.0,0.3,2.0,0.5,,0.8228149191774113,0.06572175375475268,0.7548977917394801,0.09292132596519329,0.6584615384615384,0.10680070473805112,0.84897384305835,0.054729346659534196,0.8332581196581197,0.06196664105546145,1.0,0.0
499,poly,30.0,0.3,2.0,0.5,balanced,0.8228149191774113,0.06572175375475268,0.7548977917394801,0.09292132596519329,0.6584615384615384,0.10680070473805112,0.84897384305835,0.054729346659534196,0.8332581196581197,0.06196664105546145,1.0,0.0
502,poly,1.0,1.0,2.0,1.0,balanced,0.8224710035283607,0.061423393991866984,0.7541192411924119,0.08660585191360719,0.6587692307692308,0.11456901488446879,0.8490140845070423,0.051545604486966795,0.8281777777777777,0.07284204456761298,1.0,0.0
502,poly,3.0,1.0,2.0,1.0,,0.8224710035283607,0.061423393991866984,0.7541192411924119,0.08660585191360719,0.6587692307692308,0.11456901488446879,0.8490140845070423,0.051545604486966795,0.8281777777777777,0.07284204456761298,1.0,0.0
502,poly,3.0,1.0,2.0,1.0,balanced,0.8224710035283607,0.061423393991866984,0.7541192411924119,0.08660585191360719,0.6587692307692308,0.11456901488446879,0.8490140845070423,0.051545604486966795,0.8281777777777777,0.07284204456761298,1.0,0.0
502,poly,10.0,1.0,2.0,1.0,,0.8224710035283607,0.061423393991866984,0.7541192411924119,0.08660585191360719,0.6587692307692308,0.11456901488446879,0.8490140845070423,0.051545604486966795,0.8281777777777777,0.07284204456761298,1.0,0.0
502,poly,10.0,1.0,2.0,1.0,balanced,0.8224710035283607,0.061423393991866984,0.7541192411924119,0.08660585191360719,0.6587692307692308,0.11456901488446879,0.8490140845070423,0.051545604486966795,0.8281777777777777,0.07284204456761298,1.0,0.0
502,poly,30.0,1.0,2.0,1.0,,0.8224710035283607,0.061423393991866984,0.7541192411924119,0.08660585191360719,0.6587692307692308,0.11456901488446879,0.8490140845070423,0.051545604486966795,0.8281777777777777,0.07284204456761298,1.0,0.0
502,poly,30.0,1.0,2.0,1.0,balanced,0.8224710035283607,0.061423393991866984,0.7541192411924119,0.08660585191360719,0.6587692307692308,0.11456901488446879,0.8490140845070423,0.051545604486966795,0.8281777777777777,0.07284204456761298,1.0,0.0
509,poly,3.0,scale,3.0,0.0,balanced,0.8223973987295279,0.05495267746911885,0.7467764940807303,0.08237834510164246,0.6113846153846153,0.10419644623634738,0.854728370221328,0.041684585912092925,0.9114393162393164,0.03492038578768169,0.9654620860562817,0.00687214591775164
510,poly,0.3,0.3,3.0,0.5,,0.8223210122790885,0.057313511202956885,0.7466621098200046,0.0866144479787048,0.6110769230769232,0.10239452648093275,0.8546881287726358,0.04279624620924598,0.8526632478632479,0.049638603223134244,0.996896916882756,0.0015515717717266627
511,poly,0.1,1.0,4.0,0.5,,0.8218950022767888,0.04805880277114272,0.7488667159398867,0.07265908615149966,0.628,0.09765244492586961,0.8519919517102614,0.03603365016296314,0.8585914529914529,0.06595677760873637,1.0,0.0
511,poly,0.1,1.0,4.0,0.5,balanced,0.8218950022767888,0.04805880277114272,0.7488667159398867,0.07265908615149966,0.628,0.09765244492586961,0.8519919517102614,0.03603365016296314,0.8585914529914529,0.06595677760873637,1.0,0.0
511,poly,0.3,1.0,4.0,0.5,,0.8218950022767888,0.04805880277114272,0.7488667159398867,0.07265908615149966,0.628,0.09765244492586961,0.8519919517102614,0.03603365016296314,0.8585914529914529,0.06595677760873637,1.0,0.0
511,poly,0.3,1.0,4.0,0.5,balanced,0.8218950022767888,0.04805880277114272,0.7488667159398867,0.07265908615149966,0.628,0.09765244492586961,0.8519919517102614,0.03603365016296314,0.8585914529914529,0.06595677760873637,1.0,0.0
511,poly,1.0,1.0,4.0,0.5,,0.8218950022767888,0.04805880277114272,0.7488667159398867,0.07265908615149966,0.628,0.09765244492586961,0.8519919517102614,0.03603365016296314,0.8585914529914529,0.06595677760873637,1.0,0.0
511,poly,1.0,1.0,4.0,0.5,balanced,0.8218950022767888,0.04805880277114272,0.7488667159398867,0.07265908615149966,0.628,0.09765244492586961,0.8519919517102614,0.03603365016296314,0.8585914529914529,0.06595677760873637,1.0,0.0
511,poly,3.0,1.0,4.0,0.5,,0.8218950022767888,0.04805880277114272,0.7488667159398867,0.07265908615149966,0.628,0.09765244492586961,0.8519919517102614,0.03603365016296314,0.8585914529914529,0.06595677760873637,1.0,0.0
511,poly,3.0,1.0,4.0,0.5,balanced,0.8218950022767888,0.04805880277114272,0.7488667159398867,0.07265908615149966,0.628,0.09765244492586961,0.8519919517102614,0.03603365016296314,0.8585914529914529,0.06595677760873637,1.0,0.0
511,poly,10.0,1.0,4.0,0.5,,0.8218950022767888,0.04805880277114272,0.7488667159398867,0.07265908615149966,0.628,0.09765244492586961,0.8519919517102614,0.03603365016296314,0.8585914529914529,0.06595677760873637,1.0,0.0
511,poly,10.0,1.0,4.0,0.5,balanced,0.8218950022767888,0.04805880277114272,0.7488667159398867,0.07265908615149966,0.628,0.09765244492586961,0.8519919517102614,0.03603365016296314,0.8585914529914529,0.06595677760873637,1.0,0.0
511,poly,30.0,1.0,4.0,0.5,,0.8218950022767888,0.04805880277114272,0.7488667159398867,0.07265908615149966,0.628,0.09765244492586961,0.8519919517102614,0.03603365016296314,0.8585914529914529,0.06595677760873637,1.0,0.0
511,poly,30.0,1.0,4.0,0.5,balanced,0.8218950022767888,0.04805880277114272,0.7488667159398867,0.07265908615149966,0.628,0.09765244492586961,0.8519919517102614,0.03603365016296314,0.8585914529914529,0.06595677760873637,1.0,0.0
523,poly,1.0,1.0,2.0,0.5,,0.8215518805939611,0.06213789229938085,0.7520341880341881,0.0887489760147282,0.6587692307692308,0.13507797441329075,0.8490140845070423,0.051545604486966795,0.847651282051282,0.06056589260883797,1.0,0.0
524,poly,0.1,1.0,4.0,1.0,,0.8213688221196959,0.052693299835671094,0.7476964769647696,0.07969470466401081,0.6276923076923077,0.1087682515460219,0.8519517102615695,0.03952509272695653,0.8623726495726496,0.06357402838621234,1.0,0.0
524,poly,0.1,1.0,4.0,1.0,balanced,0.8213688221196959,0.052693299835671094,0.7476964769647696,0.07969470466401081,0.6276923076923077,0.1087682515460219,0.8519517102615695,0.03952509272695653,0.8623726495726496,0.06357402838621234,1.0,0.0
524,poly,0.3,1.0,4.0,1.0,,0.8213688221196959,0.052693299835671094,0.7476964769647696,0.07969470466401081,0.6276923076923077,0.1087682515460219,0.8519517102615695,0.03952509272695653,0.8623726495726496,0.06357402838621234,1.0,0.0
524,poly,0.3,1.0,4.0,1.0,balanced,0.8213688221196959,0.052693299835671094,0.7476964769647696,0.07969470466401081,0.6276923076923077,0.1087682515460219,0.8519517102615695,0.03952509272695653,0.8623726495726496,0.06357402838621234,1.0,0.0
524,poly,1.0,1.0,4.0,1.0,,0.8213688221196959,0.052693299835671094,0.7476964769647696,0.07969470466401081,0.6276923076923077,0.1087682515460219,0.8519517102615695,0.03952509272695653,0.8623726495726496,0.06357402838621234,1.0,0.0
524,poly,1.0,1.0,4.0,1.0,balanced,0.8213688221196959,0.052693299835671094,0.7476964769647696,0.07969470466401081,0.6276923076923077,0.1087682515460219,0.8519517102615695,0.03952509272695653,0.8623726495726496,0.06357402838621234,1.0,0.0
524,poly,3.0,1.0,4.0,1.0,,0.8213688221196959,0.052693299835671094,0.7476964769647696,0.07969470466401081,0.6276923076923077,0.1087682515460219,0.8519517102615695,0.03952509272695653,0.8623726495726496,0.06357402838621234,1.0,0.0
524,poly,3.0,1.0,4.0,1.0,balanced,0.8213688221196959,0.052693299835671094,0.7476964769647696,0.07969470466401081,0.6276923076923077,0.1087682515460219,0.8519517102615695,0.03952509272695653,0.8623726495726496,0.06357402838621234,1.0,0.0
524,poly,10.0,1.0,4.0,1.0,,0.8213688221196959,0.052693299835671094,0.7476964769647696,0.07969470466401081,0.6276923076923077,0.1087682515460219,0.8519517102615695,0.03952509272695653,0.8623726495726496,0.06357402838621234,1.0,0.0
524,poly,10.0,1.0,4.0,1.0,balanced,0.8213688221196959,0.052693299835671094,0.7476964769647696,0.07969470466401081,0.6276923076923077,0.1087682515460219,0.8519517102615695,0.03952509272695653,0.8623726495726496,0.06357402838621234,1.0,0.0
524,poly,30.0,1.0,4.0,1.0,,0.8213688221196959,0.052693299835671094,0.7476964769647696,0.07969470466401081,0.6276923076923077,0.1087682515460219,0.8519517102615695,0.03952509272695653,0.8623726495726496,0.06357402838621234,1.0,0.0
524,poly,30.0,1.0,4.0,1.0,balanced,0.8213688221196959,0.052693299835671094,0.7476964769647696,0.07969470466401081,0.6276923076923077,0.1087682515460219,0.8519517102615695,0.03952509272695653,0.8623726495726496,0.06357402838621234,1.0,0.0
536,poly,0.3,0.3,3.0,0.0,,0.8213397293370643,0.06750067929395133,0.7444655615387323,0.10448745817110687,0.6113846153846154,0.12123076923076924,0.854728370221328,0.048052401335325845,0.8272410256410258,0.05793006138927205,0.996896916882756,0.0015515717717266627
537,poly,1.0,scale,3.0,0.0,balanced,0.8209033191780154,0.03859139862159109,0.7464662507090187,0.05622448615826623,0.6113846153846153,0.06178106027160768,0.8518712273641851,0.0306616073478198,0.9102017094017093,0.031183532501106587,0.943694914459196,0.0060786892352689345
537,poly,1.0,0.03,3.0,0.0,balanced,0.8209033191780154,0.03859139862159109,0.7464662507090187,0.05622448615826623,0.6113846153846153,0.06178106027160768,0.8518712273641851,0.0306616073478198,0.9096547008547009,0.03313412558565052,0.9428693163847971,0.00670251387926921
539,poly,0.1,0.3,3.0,0.5,balanced,0.8206095323080392,0.042890612948575976,0.7458390730086704,0.06329830980953446,0.6110769230769232,0.06873600987295113,0.8518309859154929,0.033398366038138234,0.8934017094017094,0.03362837646981947,0.9945835154305669,0.0030879895405508417
540,poly,1.0,1.0,2.0,0.0,,0.8199958257772302,0.060050993630565305,0.751694120419465,0.08507209167297311,0.6670769230769231,0.12910470041264593,0.8462374245472837,0.050313785295055424,0.8490666666666666,0.05953140472177809,0.9992254792519397,0.0015490414961204734
541,poly,0.1,1.0,3.0,0.5,,0.8196545090151683,0.07996240662439898,0.74421204680052,0.12516236171611916,0.6350769230769232,0.149989822139911,0.8519114688128772,0.05594531132008745,0.831131623931624,0.07222033509899878,1.0,0.0
541,poly,0.1,1.0,3.0,0.5,balanced,0.8196545090151683,0.07996240662439898,0.74421204680052,0.12516236171611916,0.6350769230769232,0.149989822139911,0.8519114688128772,0.05594531132008745,0.831131623931624,0.07222033509899878,1.0,0.0
541,poly,0.3,1.0,3.0,0.5,,0.8196545090151683,0.07996240662439898,0.74421204680052,0.12516236171611916,0.6350769230769232,0.149989822139911,0.8519114688128772,0.05594531132008745,0.831131623931624,0.07222033509899878,1.0,0.0
541,poly,0.3,1.0,3.0,0.5,balanced,0.8196545090151683,0.07996240662439898,0.74421204680052,0.12516236171611916,0.6350769230769232,0.149989822139911,0.8519114688128772,0.05594531132008745,0.831131623931624,0.07222033509899878,1.0,0.0
541,poly,1.0,1.0,3.0,0.5,,0.8196545090151683,0.07996240662439898,0.74421204680052,0.12516236171611916,0.6350769230769232,0.149989822139911,0.8519114688128772,0.05594531132008745,0.831131623931624,0.07222033509899878,1.0,0.0
541,poly,1.0,1.0,3.0,0.5,balanced,0.8196545090151683,0.07996240662439898,0.74421204680052,0.12516236171611916,0.6350769230769232,0.149989822139911,0.8519114688128772,0.05594531132008745,0.831131623931624,0.07222033509899878,1.0,0.0
541,poly,3.0,1.0,3.0,0.5,,0.8196545090151683,0.07996240662439898,0.74421204680052,0.12516236171611916,0.6350769230769232,0.149989822139911,0.8519114688128772,0.05594531132008745,0.831131623931624,0.07222033509899878,1.0,0.0
541,poly,3.0,1.0,3.0,0.5,balanced,0.8196545090151683,0.07996240662439898,0.74421204680052,0.12516236171611916,0.6350769230769232,0.149989822139911,0.8519114688128772,0.05594531132008745,0.831131623931624,0.07222033509899878,1.0,0.0
541,poly,10.0,1.0,3.0,0.5,,0.8196545090151683,0.07996240662439898,0.74421204680052,0.12516236171611916,0.6350769230769232,0.149989822139911,0.8519114688128772,0.05594531132008745,0.831131623931624,0.07222033509899878,1.0,0.0
541,poly,10.0,1.0,3.0,0.5,balanced,0.8196545090151683,0.07996240662439898,0.74421204680052,0.12516236171611916,0.6350769230769232,0.149989822139911,0.8519114688128772,0.05594531132008745,0.831131623931624,0.07222033509899878,1.0,0.0
541,poly,30.0,1.0,3.0,0.5,,0.8196545090151683,0.07996240662439898,0.74421204680052,0.12516236171611916,0.6350769230769232,0.149989822139911,0.8519114688128772,0.05594531132008745,0.831131623931624,0.07222033509899878,1.0,0.0
541,poly,30.0,1.0,3.0,0.5,balanced,0.8196545090151683,0.07996240662439898,0.74421204680052,0.12516236171611916,0.6350769230769232,0.149989822139911,0.8519114688128772,0.05594531132008745,0.831131623931624,0.07222033509899878,1.0,0.0
553,poly,3.0,0.03,3.0,0.0,balanced,0.8183011814154888,0.055367780390666206,0.7403662376704739,0.08312177988771197,0.6033846153846154,0.10627818804645606,0.8518712273641851,0.04191015027131401,0.9123282051282052,0.03344168303290586,0.9646955054944757,0.007127720902623753
554,poly,10.0,0.1,3.0,0.0,,0.817412955375447,0.06745769284824842,0.7384260725724141,0.1041771707552659,0.6033846153846154,0.12039540379282704,0.8518712273641851,0.048248204807979034,0.8219418803418804,0.061298328823198064,0.996896916882756,0.0015515717717266627
555,poly,1.0,0.3,3.0,0.5,,0.8171948189097874,0.05112980718518156,0.7410849869995466,0.07656019464694569,0.6110769230769232,0.08535009697273015,0.8490140845070423,0.03891133766744172,0.8584752136752136,0.05947110343736087,1.0,0.0
556,poly,0.1,0.3,3.0,0.0,balanced,0.8171161571992551,0.05190742979983192,0.7408549088908525,0.07745854639010373,0.6113846153846153,0.09108731749417164,0.8490543259557344,0.03976954694440009,0.8542495726495727,0.0567445011854505,0.9914701130001754,0.0028954254741638697
557,poly,0.1,0.3,3.0,0.0,,0.8164590274333146,0.05789421285042105,0.7394381047812699,0.0880285334674907,0.6110769230769232,0.10239452648093275,0.8490140845070423,0.04290248024665435,0.8562940170940172,0.05806617790827001,0.9930122651128463,0.001557799942788
557,poly,3.0,0.1,3.0,0.0,,0.8164590274333146,0.05789421285042105,0.7394381047812699,0.0880285334674907,0.6110769230769232,0.10239452648093275,0.8490140845070423,0.04290248024665435,0.8546940170940172,0.058918211944493135,0.9930122651128463,0.001557799942788
559,poly,1.0,0.3,4.0,0.0,,0.8159666228636594,0.05459758405520381,0.7416666666666666,0.08266397845091497,0.6356923076923077,0.12443253441645305,0.8462776659959758,0.041191010069570225,0.8653470085470086,0.058690910456970245,0.9976714376308161,0.001901285129139305
560,poly,0.1,0.1,3.0,0.0,balanced,0.8142934296525628,0.05749360831443644,0.734093567251462,0.08607972600937168,0.5956923076923076,0.1092650000534773,0.8490543259557344,0.04368234742327548,0.9096547008547009,0.0367218931813093,0.9687043472105732,0.0043133543444198235
561,poly,0.1,0.1,4.0,0.0,balanced,0.8141639609766849,0.042611892108256125,0.7337148600372172,0.06477906920055182,0.588,0.08158431221748455,0.8490945674044266,0.03152449441951334,0.9716991452991453,0.01949697039988279,0.9636303551130047,0.004622501243175121
562,poly,1.0,0.1,3.0,0.0,balanced,0.8134496528921185,0.05155077443256876,0.7353288987435329,0.07577412254172826,0.6036923076923076,0.08822563864098389,0.8462374245472837,0.040416801049111585,0.8746324786324786,0.04781978001775779,0.9844424162279356,0.0024531570188462823
563,poly,3.0,0.1,3.0,0.0,balanced,0.8125801053218342,0.0584064679738967,0.7334580383360871,0.08851712528737893,0.6033846153846153,0.10322331739698096,0.8461971830985915,0.04352677749868581,0.8510974358974359,0.0558097499854639,0.9914701130001754,0.0028954254741638697
564,poly,0.1,1.0,3.0,0.0,balanced,0.8122075585803381,0.08498096777598656,0.7336433387584282,0.13647377661250773,0.6344615384615385,0.16357427786390571,0.8461167002012072,0.05607619524043606,0.7984136752136752,0.0533014219674614,1.0,0.0
564,poly,0.3,1.0,3.0,0.0,,0.8122075585803381,0.08498096777598656,0.7336433387584282,0.13647377661250773,0.6344615384615385,0.16357427786390571,0.8461167002012072,0.05607619524043606,0.7984136752136752,0.0533014219674614,1.0,0.0
564,poly,0.3,1.0,3.0,0.0,balanced,0.8122075585803381,0.08498096777598656,0.7336433387584282,0.13647377661250773,0.6344615384615385,0.16357427786390571,0.8461167002012072,0.05607619524043606,0.7984136752136752,0.0533014219674614,1.0,0.0
564,poly,1.0,1.0,3.0,0.0,,0.8122075585803381,0.08498096777598656,0.7336433387584282,0.13647377661250773,0.6344615384615385,0.16357427786390571,0.8461167002012072,0.05607619524043606,0.7984136752136752,0.0533014219674614,1.0,0.0
564,poly,1.0,1.0,3.0,0.0,balanced,0.8122075585803381,0.08498096777598656,0.7336433387584282,0.13647377661250773,0.6344615384615385,0.16357427786390571,0.8461167002012072,0.05607619524043606,0.7984136752136752,0.0533014219674614,1.0,0.0
564,poly,3.0,1.0,3.0,0.0,,0.8122075585803381,0.08498096777598656,0.7336433387584282,0.13647377661250773,0.6344615384615385,0.16357427786390571,0.8461167002012072,0.05607619524043606,0.7984136752136752,0.0533014219674614,1.0,0.0
564,poly,3.0,1.0,3.0,0.0,balanced,0.8122075585803381,0.08498096777598656,0.7336433387584282,0.13647377661250773,0.6344615384615385,0.16357427786390571,0.8461167002012072,0.05607619524043606,0.7984136752136752,0.0533014219674614,1.0,0.0
564,poly,10.0,0.3,3.0,0.0,,0.8122075585803381,0.08498096777598656,0.7336433387584282,0.13647377661250773,0.6344615384615385,0.16357427786390571,0.8461167002012072,0.05607619524043606,0.7984136752136752,0.0533014219674614,1.0,0.0
564,poly,10.0,1.0,3.0,0.0,,0.8122075585803381,0.08498096777598656,0.7336433387584282,0.13647377661250773,0.6344615384615385,0.16357427786390571,0.8461167002012072,0.05607619524043606,0.7984136752136752,0.0533014219674614,1.0,0.0
564,poly,10.0,0.3,3.0,0.0,balanced,0.8122075585803381,0.08498096777598656,0.7336433387584282,0.13647377661250773,0.6344615384615385,0.16357427786390571,0.8461167002012072,0.05607619524043606,0.7984136752136752,0.0533014219674614,1.0,0.0
564,poly,10.0,1.0,3.0,0.0,balanced,0.8122075585803381,0.08498096777598656,0.7336433387584282,0.13647377661250773,0.6344615384615385,0.16357427786390571,0.8461167002012072,0.05607619524043606,0.7984136752136752,0.0533014219674614,1.0,0.0
564,poly,30.0,0.3,3.0,0.0,,0.8122075585803381,0.08498096777598656,0.7336433387584282,0.13647377661250773,0.6344615384615385,0.16357427786390571,0.8461167002012072,0.05607619524043606,0.7984136752136752,0.0533014219674614,1.0,0.0
564,poly,30.0,1.0,3.0,0.0,,0.8122075585803381,0.08498096777598656,0.7336433387584282,0.13647377661250773,0.6344615384615385,0.16357427786390571,0.8461167002012072,0.05607619524043606,0.7984136752136752,0.0533014219674614,1.0,0.0
564,poly,30.0,0.3,3.0,0.0,balanced,0.8122075585803381,0.08498096777598656,0.7336433387584282,0.13647377661250773,0.6344615384615385,0.16357427786390571,0.8461167002012072,0.05607619524043606,0.7984136752136752,0.0533014219674614,1.0,0.0
564,poly,30.0,1.0,3.0,0.0,balanced,0.8122075585803381,0.08498096777598656,0.7336433387584282,0.13647377661250773,0.6344615384615385,0.16357427786390571,0.8461167002012072,0.05607619524043606,0.7984136752136752,0.0533014219674614,1.0,0.0
579,poly,1.0,1.0,2.0,0.5,balanced,0.8119019716907573,0.06877308941650515,0.7389692042374969,0.09821863906027331,0.6507692307692308,0.1394358880055824,0.8404426559356135,0.05674186963971843,0.8230974358974359,0.08294390138241568,1.0,0.0
579,poly,3.0,1.0,2.0,0.5,,0.8119019716907573,0.06877308941650515,0.7389692042374969,0.09821863906027331,0.6507692307692308,0.1394358880055824,0.8404426559356135,0.05674186963971843,0.8229264957264958,0.08303443350848544,1.0,0.0
579,poly,3.0,1.0,2.0,0.5,balanced,0.8119019716907573,0.06877308941650515,0.7389692042374969,0.09821863906027331,0.6507692307692308,0.1394358880055824,0.8404426559356135,0.05674186963971843,0.8229264957264958,0.08303443350848544,1.0,0.0
579,poly,10.0,1.0,2.0,0.5,,0.8119019716907573,0.06877308941650515,0.7389692042374969,0.09821863906027331,0.6507692307692308,0.1394358880055824,0.8404426559356135,0.05674186963971843,0.8229264957264958,0.08303443350848544,1.0,0.0
579,poly,10.0,1.0,2.0,0.5,balanced,0.8119019716907573,0.06877308941650515,0.7389692042374969,0.09821863906027331,0.6507692307692308,0.1394358880055824,0.8404426559356135,0.05674186963971843,0.8229264957264958,0.08303443350848544,1.0,0.0
579,poly,30.0,1.0,2.0,0.5,,0.8119019716907573,0.06877308941650515,0.7389692042374969,0.09821863906027331,0.6507692307692308,0.1394358880055824,0.8404426559356135,0.05674186963971843,0.8229264957264958,0.08303443350848544,1.0,0.0
579,poly,30.0,1.0,2.0,0.5,balanced,0.8119019716907573,0.06877308941650515,0.7389692042374969,0.09821863906027331,0.6507692307692308,0.1394358880055824,0.8404426559356135,0.05674186963971843,0.8229264957264958,0.08303443350848544,1.0,0.0
586,poly,3.0,0.3,3.0,0.0,balanced,0.8114320013218614,0.08474827359167351,0.731667054173448,0.1358203797147897,0.6267692307692309,0.1615651260044333,0.8461167002012072,0.05607619524043606,0.7964923076923077,0.051835814006383985,1.0,0.0
587,poly,10.0,0.1,3.0,0.0,balanced,0.8107719847444477,0.06406566407283003,0.7292949427833149,0.09934535054151653,0.5950769230769232,0.1118172642829182,0.8461569416498994,0.045516191650611715,0.8302358974358975,0.06600064453117263,0.996896916882756,0.0015515717717266627
588,poly,10.0,scale,4.0,0.0,balanced,0.8102060895797891,0.04044761519876561,0.7276172990616075,0.06143815621861868,0.58,0.0779743547584717,0.8462374245472837,0.02998039241725243,0.9719726495726496,0.016838880944461763,0.9579253846428626,0.008280724397286282
589,poly,30.0,0.1,3.0,0.0,balanced,0.8092554134300294,0.08568381023468805,0.7262022562166035,0.13569160968687005,0.6027692307692308,0.1505065215123633,0.8461569416498994,0.058119240801603786,0.7939418803418803,0.06106597111172439,0.996896916882756,0.0015515717717266627
590,poly,1.0,0.1,3.0,0.0,,0.8090866778949284,0.05587210024609801,0.7283113548838838,0.08308057404988774,0.5956923076923076,0.09684441252176809,0.8433802816901409,0.04299711699361526,0.870208547008547,0.054166490796929576,0.9797121567585098,0.004573308291111488
591,poly,1.0,1.0,2.0,0.0,balanced,0.806325712936696,0.05966433275540481,0.7325330782719591,0.08604907152484172,0.6510769230769231,0.13622953133260274,0.8348088531187121,0.04895401591541484,0.825982905982906,0.0803202589564499,1.0,0.0
591,poly,3.0,1.0,2.0,0.0,,0.806325712936696,0.05966433275540481,0.7325330782719591,0.08604907152484172,0.6510769230769231,0.13622953133260274,0.8348088531187121,0.04895401591541484,0.8171076923076923,0.08873023474371092,1.0,0.0
591,poly,3.0,1.0,2.0,0.0,balanced,0.806325712936696,0.05966433275540481,0.7325330782719591,0.08604907152484172,0.6510769230769231,0.13622953133260274,0.8348088531187121,0.04895401591541484,0.8171076923076923,0.08873023474371092,1.0,0.0
591,poly,10.0,1.0,2.0,0.0,,0.806325712936696,0.05966433275540481,0.7325330782719591,0.08604907152484172,0.6510769230769231,0.13622953133260274,0.8348088531187121,0.04895401591541484,0.8171076923076923,0.08873023474371092,1.0,0.0
591,poly,10.0,1.0,2.0,0.0,balanced,0.806325712936696,0.05966433275540481,0.7325330782719591,0.08604907152484172,0.6510769230769231,0.13622953133260274,0.8348088531187121,0.04895401591541484,0.8171076923076923,0.08873023474371092,1.0,0.0
591,poly,30.0,0.3,2.0,0.0,,0.806325712936696,0.05966433275540481,0.7325330782719591,0.08604907152484172,0.6510769230769231,0.13622953133260274,0.8348088531187121,0.04895401591541484,0.8171076923076923,0.08873023474371092,1.0,0.0
591,poly,30.0,1.0,2.0,0.0,,0.806325712936696,0.05966433275540481,0.7325330782719591,0.08604907152484172,0.6510769230769231,0.13622953133260274,0.8348088531187121,0.04895401591541484,0.8171076923076923,0.08873023474371092,1.0,0.0
591,poly,30.0,0.3,2.0,0.0,balanced,0.806325712936696,0.05966433275540481,0.7325330782719591,0.08604907152484172,0.6510769230769231,0.13622953133260274,0.8348088531187121,0.04895401591541484,0.8171076923076923,0.08873023474371092,1.0,0.0
591,poly,30.0,1.0,2.0,0.0,balanced,0.806325712936696,0.05966433275540481,0.7325330782719591,0.08604907152484172,0.6510769230769231,0.13622953133260274,0.8348088531187121,0.04895401591541484,0.8171076923076923,0.08873023474371092,1.0,0.0
600,poly,10.0,0.03,4.0,0.0,balanced,0.8060014691177427,0.04332023526710219,0.7209506323949408,0.06573169305195126,0.572,0.08158431221748455,0.8433802816901409,0.03213137935337347,0.9719384615384616,0.016021351813467342,0.9579253846428626,0.008280724397286282
601,poly,30.0,scale,3.0,0.0,,0.8056935659214846,0.049203675946451565,0.723458120627718,0.07274045165075892,0.588,0.08158431221748455,0.8405633802816901,0.038186908531046455,0.8730735042735043,0.05022330719767338,0.9789218496200929,0.004005585086192929
601,poly,30.0,0.03,3.0,0.0,,0.8056935659214846,0.049203675946451565,0.723458120627718,0.07274045165075892,0.588,0.08158431221748455,0.8405633802816901,0.038186908531046455,0.8736068376068375,0.05084862996156126,0.9781368487133937,0.0031290485070061963
601,poly,30.0,scale,3.0,0.0,balanced,0.8056935659214846,0.049203675946451565,0.723458120627718,0.07274045165075892,0.588,0.08158431221748455,0.8405633802816901,0.038186908531046455,0.8764239316239317,0.043782716675584275,0.9828687339249715,0.003977548942750122
604,poly,1.0,0.3,3.0,0.0,balanced,0.8054241691806666,0.08355457083573616,0.7203950552874513,0.1325872439806034,0.5947692307692308,0.14721589829247103,0.8432997987927566,0.056430995441309466,0.7973196581196581,0.05853952153762483,0.996896916882756,0.0015515717717266627
605,poly,0.1,1.0,3.0,0.0,,0.8050811854278626,0.0804223768273452,0.7232085561497327,0.12997361430177704,0.6187692307692308,0.1535825433867277,0.8404426559356135,0.05224790763124829,0.7985230769230769,0.0537768210259327,1.0,0.0
606,poly,0.3,0.3,3.0,0.0,balanced,0.8034061192388717,0.05653515678937357,0.7183120402632597,0.08817111841547,0.5793846153846154,0.09634061860347072,0.8404828973843058,0.03966823129942161,0.8296683760683761,0.06925254451260104,0.996896916882756,0.0015515717717266627
607,poly,10.0,0.3,2.0,0.0,balanced,0.8021643431411798,0.062314534057422453,0.7259477124183006,0.09072629982880989,0.6430769230769231,0.1423787764251799,0.8319517102615693,0.050462102755601465,0.8327042735042735,0.07373115325315961,1.0,0.0
608,poly,30.0,0.03,3.0,0.0,balanced,0.8019782461805459,0.043650090714807,0.7179210220673636,0.06445237109206309,0.5800000000000001,0.0692820323027551,0.8377062374245472,0.03393015203946523,0.8766017094017095,0.0436034118339272,0.9828687339249715,0.003977548942750122
609,poly,1.0,0.3,3.0,0.0,,0.801691194578767,0.08318801208870437,0.7147384896308855,0.13156591066804407,0.5870769230769232,0.14491491076126967,0.8404828973843058,0.056623507800637914,0.8029880341880341,0.05583151804742959,0.996896916882756,0.0015515717717266627
609,poly,30.0,0.1,3.0,0.0,,0.801691194578767,0.08318801208870437,0.7147384896308855,0.13156591066804407,0.5870769230769232,0.14491491076126967,0.8404828973843058,0.056623507800637914,0.8001504273504274,0.05675898053679009,0.996896916882756,0.0015515717717266627
611,poly,0.3,0.1,3.0,0.0,balanced,0.8002113497318826,0.049456835051399646,0.7137576499388005,0.07424482261907994,0.572,0.08541662601625048,0.8377062374245472,0.03736513316723091,0.8878358974358974,0.03838183513673791,0.9741932043792719,0.004016220582588648
611,poly,10.0,scale,3.0,0.0,balanced,0.8002113497318826,0.049456835051399646,0.7137576499388005,0.07424482261907994,0.572,0.08541662601625048,0.8377062374245472,0.03736513316723091,0.8895863247863248,0.03868235249787067,0.9741932043792719,0.004016220582588648
611,poly,10.0,0.03,3.0,0.0,balanced,0.8002113497318826,0.049456835051399646,0.7137576499388005,0.07424482261907994,0.572,0.08541662601625048,0.8377062374245472,0.03736513316723091,0.8906393162393161,0.0383934540406455,0.9741932043792719,0.004016220582588648
614,poly,1.0,0.3,4.0,0.0,balanced,0.798799871820034,0.04022630556365158,0.7173066331269986,0.06142710304309703,0.6036923076923076,0.08822563864098389,0.8319919517102615,0.02994109816650105,0.8601572649572651,0.06004484690144952,1.0,0.0
615,poly,0.1,0.1,4.0,0.0,,0.7979231743796139,0.04159394741890914,0.7083959899749374,0.0635371712430767,0.556,0.07418894796396565,0.8376659959758552,0.030399318321052134,0.9713162393162392,0.018612814841502512,0.9505718114386321,0.00416786927708992
616,poly,3.0,0.3,3.0,0.0,,0.7965070832775433,0.07797380247819485,0.7092963197757832,0.125782373904181,0.5947692307692308,0.14721589829247103,0.8347283702213278,0.05087203555305894,0.7998358974358974,0.05713566790295134,1.0,0.0
617,poly,0.1,scale,4.0,0.5,,0.7900097366453401,0.03293490677629154,0.6961785326355288,0.05053569862888943,0.5403076923076923,0.05891644871336088,0.8319919517102615,0.02387338993882426,0.9695384615384617,0.011927655892483133,0.9117388229451576,0.012779812762208787
617,poly,0.1,0.03,4.0,0.5,,0.7900097366453401,0.03293490677629154,0.6961785326355288,0.05053569862888943,0.5403076923076923,0.05891644871336088,0.8319919517102615,0.02387338993882426,0.9693606837606838,0.012333200537101007,0.9108883105054396,0.01209531273763298
619,poly,0.3,0.1,3.0,0.0,,0.7896948800929383,0.03322290775371987,0.6955555555555556,0.052751455424307626,0.54,0.06196773353931866,0.8319517102615694,0.022485717422094098,0.8887794871794872,0.03909058334043178,0.9780524969727583,0.0031582161114001536
620,poly,0.1,1.0,4.0,0.0,,0.7896746035969449,0.03837893909923539,0.7021705426356589,0.060066565643081,0.58,0.08579044235810884,0.8262776659959759,0.02719637264571047,0.8391931623931624,0.06580255623708212,1.0,0.0
620,poly,0.1,1.0,4.0,0.0,balanced,0.7896746035969449,0.03837893909923539,0.7021705426356589,0.060066565643081,0.58,0.08579044235810884,0.8262776659959759,0.02719637264571047,0.8391931623931624,0.06580255623708212,1.0,0.0
620,poly,0.3,1.0,4.0,0.0,,0.7896746035969449,0.03837893909923539,0.7021705426356589,0.060066565643081,0.58,0.08579044235810884,0.8262776659959759,0.02719637264571047,0.8391931623931624,0.06580255623708212,1.0,0.0
620,poly,0.3,1.0,4.0,0.0,balanced,0.7896746035969449,0.03837893909923539,0.7021705426356589,0.060066565643081,0.58,0.08579044235810884,0.8262776659959759,0.02719637264571047,0.8391931623931624,0.06580255623708212,1.0,0.0
620,poly,1.0,1.0,4.0,0.0,,0.7896746035969449,0.03837893909923539,0.7021705426356589,0.060066565643081,0.58,0.08579044235810884,0.8262776659959759,0.02719637264571047,0.8391931623931624,0.06580255623708212,1.0,0.0
620,poly,1.0,1.0,4.0,0.0,balanced,0.7896746035969449,0.03837893909923539,0.7021705426356589,0.060066565643081,0.58,0.08579044235810884,0.8262776659959759,0.02719637264571047,0.8391931623931624,0.06580255623708212,1.0,0.0
620,poly,3.0,0.3,4.0,0.0,,0.7896746035969449,0.03837893909923539,0.7021705426356589,0.060066565643081,0.58,0.08579044235810884,0.8262776659959759,0.02719637264571047,0.8391931623931624,0.06580255623708212,1.0,0.0
620,poly,3.0,1.0,4.0,0.0,,0.7896746035969449,0.03837893909923539,0.7021705426356589,0.060066565643081,0.58,0.08579044235810884,0.8262776659959759,0.02719637264571047,0.8391931623931624,0.06580255623708212,1.0,0.0
620,poly,3.0,0.3,4.0,0.0,balanced,0.7896746035969449,0.03837893909923539,0.7021705426356589,0.060066565643081,0.58,0.08579044235810884,0.8262776659959759,0.02719637264571047,0.8391931623931624,0.06580255623708212,1.0,0.0
620,poly,3.0,1.0,4.0,0.0,balanced,0.7896746035969449,0.03837893909923539,0.7021705426356589,0.060066565643081,0.58,0.08579044235810884,0.8262776659959759,0.02719637264571047,0.8391931623931624,0.06580255623708212,1.0,0.0
620,poly,10.0,0.3,4.0,0.0,,0.7896746035969449,0.03837893909923539,0.7021705426356589,0.060066565643081,0.58,0.08579044235810884,0.8262776659959759,0.02719637264571047,0.8391931623931624,0.06580255623708212,1.0,0.0
620,poly,10.0,1.0,4.0,0.0,,0.7896746035969449,0.03837893909923539,0.7021705426356589,0.060066565643081,0.58,0.08579044235810884,0.8262776659959759,0.02719637264571047,0.8391931623931624,0.06580255623708212,1.0,0.0
620,poly,10.0,0.3,4.0,0.0,balanced,0.7896746035969449,0.03837893909923539,0.7021705426356589,0.060066565643081,0.58,0.08579044235810884,0.8262776659959759,0.02719637264571047,0.8391931623931624,0.06580255623708212,1.0,0.0
620,poly,10.0,1.0,4.0,0.0,balanced,0.7896746035969449,0.03837893909923539,0.7021705426356589,0.060066565643081,0.58,0.08579044235810884,0.8262776659959759,0.02719637264571047,0.8391931623931624,0.06580255623708212,1.0,0.0
620,poly,30.0,0.3,4.0,0.0,,0.7896746035969449,0.03837893909923539,0.7021705426356589,0.060066565643081,0.58,0.08579044235810884,0.8262776659959759,0.02719637264571047,0.8391931623931624,0.06580255623708212,1.0,0.0
620,poly,30.0,1.0,4.0,0.0,,0.7896746035969449,0.03837893909923539,0.7021705426356589,0.060066565643081,0.58,0.08579044235810884,0.8262776659959759,0.02719637264571047,0.8391931623931624,0.06580255623708212,1.0,0.0
620,poly,30.0,0.3,4.0,0.0,balanced,0.7896746035969449,0.03837893909923539,0.7021705426356589,0.060066565643081,0.58,0.08579044235810884,0.8262776659959759,0.02719637264571047,0.8391931623931624,0.06580255623708212,1.0,0.0
620,poly,30.0,1.0,4.0,0.0,balanced,0.7896746035969449,0.03837893909923539,0.7021705426356589,0.060066565643081,0.58,0.08579044235810884,0.8262776659959759,0.02719637264571047,0.8391931623931624,0.06580255623708212,1.0,0.0
638,poly,0.3,0.03,2.0,0.0,balanced,0.7872516953819539,0.04859991664374409,0.689955658376711,0.0770768553725658,0.532,0.0908625335328044,0.8319517102615694,0.03281822754834329,0.9746598290598291,0.020060918546228174,0.8608507708699393,0.015896160712120456
639,poly,0.1,scale,2.0,0.0,balanced,0.7871501839699624,0.05516544340555447,0.6895877080087607,0.08683760939334072,0.5329230769230769,0.10108804528433758,0.8320724346076458,0.03776818070825053,0.9563282051282052,0.023970718738825274,0.8394268034412479,0.029300819605535565
639,poly,0.1,0.03,2.0,0.0,balanced,0.7871501839699624,0.05516544340555447,0.6895877080087607,0.08683760939334072,0.5329230769230769,0.10108804528433758,0.8320724346076458,0.03776818070825053,0.9563282051282052,0.023970718738825274,0.8403856161941026,0.02958098177675579
639,poly,1.0,0.01,2.0,0.0,balanced,0.7871501839699624,0.05516544340555447,0.6895877080087607,0.08683760939334072,0.5329230769230769,0.10108804528433758,0.8320724346076458,0.03776818070825053,0.9568547008547009,0.023670131825231956,0.8394195486008442,0.029287528505836068
642,poly,3.0,0.01,2.0,0.0,balanced,0.7859567091136966,0.06209554834918065,0.6870893955925276,0.09876830989840917,0.5319999999999999,0.11565465835840767,0.8319517102615694,0.041594438136662394,0.975008547008547,0.019415649196096837,0.8665080191231462,0.01437525570008387
643,poly,10.0,scale,4.0,0.0,,0.7855980068559345,0.0376347619941467,0.6890943575154103,0.05809656252998949,0.532,0.061449165982948854,0.8290945674044267,0.02684849624663249,0.9704273504273505,0.019269026333710346,0.9472745429366984,0.004749816488360084
643,poly,10.0,0.03,4.0,0.0,,0.7855980068559345,0.0376347619941467,0.6890943575154103,0.05809656252998949,0.532,0.061449165982948854,0.8290945674044267,0.02684849624663249,0.9702495726495727,0.019121919791040762,0.9472745429366984,0.004749816488360084
645,poly,10.0,scale,3.0,0.0,,0.78530909823906,0.0346590808661336,0.6884952217943232,0.054914734424404706,0.532,0.0664529909033446,0.8290945674044267,0.02361305665480415,0.8875418803418803,0.03744258520444751,0.9780524969727583,0.0031582161114001536
645,poly,10.0,0.03,3.0,0.0,,0.78530909823906,0.0346590808661336,0.6884952217943232,0.054914734424404706,0.532,0.0664529909033446,0.8290945674044267,0.02361305665480415,0.8880683760683761,0.036949683354628386,0.9780524969727583,0.0031582161114001536
647,poly,0.3,scale,2.0,0.0,balanced,0.7822413893727578,0.056511311700479766,0.6815522970321732,0.09063862004218869,0.524,0.10307278981380102,0.8290945674044267,0.037066197204396814,0.9748376068376068,0.01994167842455812,0.8627867407670898,0.013751703302108526
648,poly,0.1,0.01,2.0,1.0,,0.7808816233436332,0.03615582644389902,0.6813828462608951,0.057261857517865736,0.5236923076923077,0.06733893780257229,0.8261971830985916,0.02465306889238627,0.9056752136752136,0.033844012709621056,0.8196950370931282,0.016218718833720724
649,rbf,0.3,0.3,,,balanced,0.7737184978984162,0.022320002016312995,0.7590598406591138,0.014517716799675146,0.984,0.01959591794226544,0.7750503018108652,0.023162790501812868,0.9758905982905983,0.019924396807343002,0.8607810830193898,0.012325644485784645
650,poly,0.1,0.1,3.0,0.0,,0.7717420096243626,0.0399263064655297,0.6665079365079365,0.06530429576684389,0.5076923076923077,0.07534378800228021,0.8204828973843059,0.02509221320796947,0.8953094017094017,0.03518869514771949,0.9538543843012356,0.005479382360050678
651,poly,3.0,scale,3.0,0.0,,0.7634558056360421,0.03313534102766447,0.6534310134310134,0.05481197287016893,0.492,0.06400000000000002,0.8148088531187124,0.020230125117272128,0.8944205128205127,0.03380115043120045,0.9472636758151719,0.005457124551164264
652,poly,3.0,scale,4.0,0.0,balanced,0.7622473642153009,0.03548379480278925,0.6504785873206925,0.056920702032311345,0.48461538461538456,0.06186069480801343,0.8148893360160967,0.02320330446067051,0.9733538461538462,0.01329459373258269,0.9211885497100015,0.0033662717046293754
653,rbf,0.1,0.1,,,balanced,0.7598776371118847,0.014844179224306997,0.7472014839620474,0.01018548164686726,0.984,0.01959591794226544,0.760764587525151,0.01522595184044102,0.9710905982905983,0.011922198417532729,0.7835569228652013,0.007661740367272357
654,poly,3.0,0.03,3.0,0.0,,0.7592511851739958,0.03074816469964665,0.6467643467643468,0.05060840174099645,0.484,0.057131427428342804,0.8119517102615695,0.019059583814546904,0.8942564102564102,0.03297920325260401,0.9472636758151719,0.005457124551164264
655,rbf,0.3,0.3,,,,0.7566685477199974,0.23860041712047914,0.6197634609399315,0.3919124864131522,0.6083076923076922,0.4321029901341117,0.8371830985915494,0.1436397302274062,0.9740717948717948,0.019066916470013837,0.9853100876721207,0.0029283158807181567
656,poly,0.3,0.01,4.0,0.5,,0.7556996416363907,0.015215191622125222,0.6414414414414414,0.02444082876801897,0.47661538461538466,0.030928816918471547,0.8091750503018108,0.01022132796780686,0.9505435897435899,0.020221146845571497,0.8364522082988503,0.02645607700316986
657,rbf,0.1,0.01,,,,0.7538953539652389,0.016947968916301057,0.6373320689110163,0.027327021092618243,0.4683076923076923,0.02985725408174327,0.8091348088531186,0.01105549124096399,0.9663452991452992,0.009390939596855958,0.7760870562638014,0.0138644479947331
658,poly,3.0,0.03,4.0,0.0,balanced,0.7532405901156476,0.034708557776859314,0.635858704279757,0.055754966009039404,0.46861538461538466,0.06097899531660461,0.8091750503018108,0.022641528453962504,0.9730051282051283,0.013525429279610642,0.920326697625376,0.00430406460503695
659,poly,3.0,0.01,2.0,0.0,,0.7432011310719974,0.04821828899039513,0.6189454160042395,0.07765759650093179,0.4529230769230769,0.08465509557670223,0.8035010060362172,0.031199867584736914,0.9758905982905983,0.019442701077100784,0.818147071875942,0.009178293411381128
660,poly,0.1,0.01,4.0,0.5,balanced,0.7416007496111385,0.027601709112605396,0.6181896181896182,0.04542059136182813,0.452923076923077,0.05183131492737369,0.8006438631790743,0.01707034474628362,0.9237128205128204,0.019819857575883126,0.8044806688400119,0.03228484136907527
661,poly,0.3,scale,2.0,0.0,,0.7391049137579582,0.041496837131921246,0.6125351595939831,0.06719286322949666,0.44492307692307687,0.0711986968832283,0.8006438631790743,0.02644919535757364,0.9760683760683759,0.01968922103064592,0.8160927721961999,0.010594305542899175
661,poly,0.3,0.03,2.0,0.0,,0.7391049137579582,0.041496837131921246,0.6125351595939831,0.06719286322949666,0.44492307692307687,0.0711986968832283,0.8006438631790743,0.02644919535757364,0.9760683760683759,0.01968922103064592,0.8160927721961999,0.010594305542899175
663,poly,3.0,scale,4.0,0.0,,0.734947288858787,0.036717782768157625,0.6059369143579669,0.05927662455555088,0.4372307692307692,0.060611479764892236,0.7978269617706237,0.023478186876304163,0.9767111111111111,0.012650984444200665,0.9055633373011585,0.004096359892170256
663,poly,3.0,0.03,4.0,0.0,,0.734947288858787,0.036717782768157625,0.6059369143579669,0.05927662455555088,0.4372307692307692,0.060611479764892236,0.7978269617706237,0.023478186876304163,0.9772376068376069,0.013166830642820298,0.902915005383109,0.006036824607299104
665,poly,10.0,0.01,3.0,0.0,balanced,0.7255688477485923,0.05883042195418503,0.5907226068216781,0.09680159829572836,0.42953846153846154,0.09895262150026723,0.7921529175050303,0.035872492279500595,0.912854700854701,0.03367855595371013,0.894882283589752,0.014041833628955514
666,poly,0.3,scale,3.0,0.0,balanced,0.682337665757476,0.04920497868561092,0.5190716786305021,0.08231003347953283,0.3578461538461538,0.07825069710637175,0.7664788732394365,0.028475367747294558,0.916574358974359,0.033532452130707116,0.882023543802295,0.019360614807598715
667,poly,0.3,0.03,3.0,0.0,balanced,0.6774048208246312,0.0483298917697535,0.5108177103765339,0.08028187874800717,0.3498461538461538,0.07552953104032618,0.7636217303822936,0.028551981365851898,0.9176410256410256,0.03338851798407079,0.876579654365722,0.018075395559107206
668,poly,1.0,scale,4.0,0.0,balanced,0.6754763023979731,0.043773412878954567,0.5064234784823021,0.07309910610683396,0.34215384615384614,0.06310018332853459,0.7636619718309859,0.025028951815939282,0.9815247863247863,0.008280045446993718,0.8620244155642031,0.0036157176946651887
668,poly,1.0,0.03,4.0,0.0,balanced,0.6754763023979731,0.043773412878954567,0.5064234784823021,0.07309910610683396,0.34215384615384614,0.06310018332853459,0.7636619718309859,0.025028951815939282,0.9822290598290598,0.008390844110351115,0.8610778743111428,0.0036083592373841035
670,poly,30.0,0.01,3.0,0.0,,0.6653773608196737,0.033159253582378805,0.48948624904507254,0.05529814937189299,0.32584615384615384,0.04900332074244543,0.757907444668008,0.01915230863153784,0.9068786324786325,0.03129086718986478,0.8877635730487207,0.006373412128552033
671,poly,1.0,scale,3.0,0.0,,0.6541888281899381,0.04210016883604028,0.4701680672268907,0.0706468281730244,0.31015384615384617,0.06111856747291144,0.7522334004024145,0.023732085175434636,0.9072410256410256,0.03203844866721356,0.880510831733561,0.004928508069281604
672,poly,1.0,scale,4.0,0.0,,0.6537234566531918,0.05084002152125062,0.46915389322884576,0.08581739577442798,0.31046153846153846,0.0713448164917164,0.7522736418511066,0.027950691750833388,0.9782905982905982,0.010310013770986066,0.8409963044358049,0.003116968707061514
673,poly,1.0,0.03,4.0,0.0,,0.6479186080786627,0.054148214593733666,0.45907324806755556,0.0917021612406323,0.30246153846153845,0.07637713961403178,0.7494164989939638,0.029456795417261344,0.9789948717948718,0.010338805221981585,0.8409963044358049,0.003116968707061514
674,poly,1.0,0.03,3.0,0.0,,0.6431341407850212,0.04250267808129707,0.4511747660941209,0.07168051380312045,0.29415384615384615,0.061679837604065604,0.7465191146881287,0.023581420262087458,0.9065299145299146,0.032789158812658724,0.8795946822099545,0.005529998622167484
675,poly,1.0,0.01,2.0,0.0,,0.6147747750765358,0.04718900763036241,0.4021114369501467,0.08060645654337778,0.25476923076923075,0.06185763383694308,0.7323138832997989,0.024655761892437168,0.9704820512820513,0.02289158470812505,0.7202722707948939,0.006573183166357272
676,poly,0.1,0.01,2.0,0.5,,0.613077461137806,0.058771661363353205,0.3986247947454844,0.10125632772379907,0.2541538461538462,0.0828052538138227,0.7322334004024145,0.0300933399170059,0.9120888888888888,0.029671318819591206,0.6418839361402361,0.0354274921769327
677,rbf,0.1,0.3,,,balanced,0.5957300833706499,0.03485479546960315,0.641423086335367,0.021548335560858167,0.992,0.016000000000000014,0.6011670020120724,0.03214543746708081,0.9731008547008546,0.018469873395476795,0.6036955932707521,0.010790382434595555
678,poly,0.1,scale,2.0,0.0,,0.5914935064935065,0.03881187097998306,0.3616666666666667,0.06653111218737358,0.22276923076923077,0.04967491955842601,0.7208853118712274,0.019989268766988384,0.9682051282051282,0.024630119046875835,0.7093167248717421,0.010194083922302291
679,poly,0.1,0.03,2.0,0.0,,0.5856886579189776,0.033633492376197595,0.3515860215053763,0.05748015889763969,0.21476923076923077,0.04251946995723003,0.7180281690140846,0.017512013223609377,0.9676923076923076,0.024523112907946374,0.7068914414004709,0.008630300849799554
680,poly,30.0,0.01,4.0,0.0,balanced,0.5838348073515689,0.05895842637048295,0.34768808777429466,0.10204552580052596,0.21507692307692308,0.07539654536684316,0.7180684104627767,0.02914475635288109,0.9747350427350427,0.020268747370035627,0.8100513474952145,0.0037903315581460585
681,poly,3.0,0.01,3.0,0.0,balanced,0.583641370311931,0.058266051255993524,0.3473268398268398,0.10143492939666908,0.21476923076923077,0.07515254703231147,0.7180281690140845,0.028221738527440445,0.9231931623931624,0.033604994949961955,0.7641709932650036,0.00765874805990723
682,poly,0.1,0.03,3.0,0.0,balanced,0.5830863605677901,0.06271281358977442,0.346158850637029,0.10874885691120045,0.21476923076923077,0.08323403946369409,0.7180281690140845,0.03097953891899726,0.9242461538461537,0.03401088050455128,0.7551553481183815,0.010390491733976562
683,poly,0.1,0.01,3.0,0.5,,0.5781330021736666,0.04565251677064636,0.33794891148895595,0.08105069666458707,0.20615384615384613,0.05789196222223625,0.7150905432595573,0.02026707339540349,0.9300102564102563,0.026359895779121657,0.6399772484015154,0.01852180278083016
684,poly,0.1,scale,3.0,0.0,balanced,0.5778365217374021,0.05411674681997897,0.3372461946655495,0.09422056711580003,0.20676923076923076,0.069715228019074,0.7151710261569416,0.0262152576985988,0.9228649572649573,0.032983912339603995,0.7574057526256205,0.011404185802827472
685,poly,0.3,scale,3.0,0.0,,0.573077461137806,0.03528714235115239,0.3293390804597701,0.06085772726093944,0.19876923076923075,0.04499467424106071,0.7123138832997988,0.017798552106864037,0.9190358974358974,0.03516967726803865,0.787029205735607,0.008058826463061964
685,poly,0.3,0.03,3.0,0.0,,0.573077461137806,0.03528714235115239,0.3293390804597701,0.06085772726093944,0.19876923076923075,0.04499467424106071,0.7123138832997988,0.017798552106864037,0.9194119658119659,0.035428110845199694,0.7859561588981417,0.008555237521383385
685,poly,10.0,0.01,3.0,0.0,,0.573077461137806,0.03528714235115239,0.3293390804597701,0.06085772726093944,0.19876923076923075,0.04499467424106071,0.7123138832997988,0.017798552106864037,0.9191794871794873,0.03325434076597194,0.7976253015030849,0.004782645311985928
688,poly,1.0,0.01,3.0,0.0,balanced,0.5702712543082201,0.06735025974504696,0.32345213947648027,0.11671945564809175,0.19907692307692307,0.08849350592962162,0.7123541247484909,0.03323992380075695,0.9199999999999999,0.03397835185911358,0.7190527927729798,0.008768686326941973
689,rbf,1.0,1.0,,,,0.5664265662989691,0.17584405477610554,0.31311420313235194,0.3017052122454749,0.2790769230769231,0.36614040052882485,0.7180684104627766,0.0949351469635522,0.9845675213675215,0.015831202527993873,1.0,0.0
690,rbf,3.0,1.0,,,,0.5654509457414966,0.17998392703244728,0.3110590095309959,0.30915334094082186,0.2793846153846154,0.3686836972786473,0.7181086519114688,0.09647924040524064,0.9833777777777778,0.015276480753024622,1.0,0.0
690,rbf,3.0,1.0,,,balanced,0.5654509457414966,0.17998392703244728,0.3110590095309959,0.30915334094082186,0.2793846153846154,0.3686836972786473,0.7181086519114688,0.09647924040524064,0.9833777777777778,0.015276480753024622,1.0,0.0
690,rbf,10.0,1.0,,,,0.5654509457414966,0.17998392703244728,0.3110590095309959,0.30915334094082186,0.2793846153846154,0.3686836972786473,0.7181086519114688,0.09647924040524064,0.9833777777777778,0.015276480753024622,1.0,0.0
690,rbf,10.0,1.0,,,balanced,0.5654509457414966,0.17998392703244728,0.3110590095309959,0.30915334094082186,0.2793846153846154,0.3686836972786473,0.7181086519114688,0.09647924040524064,0.9833777777777778,0.015276480753024622,1.0,0.0
690,rbf,30.0,1.0,,,,0.5654509457414966,0.17998392703244728,0.3110590095309959,0.30915334094082186,0.2793846153846154,0.3686836972786473,0.7181086519114688,0.09647924040524064,0.9833777777777778,0.015276480753024622,1.0,0.0
690,rbf,30.0,1.0,,,balanced,0.5654509457414966,0.17998392703244728,0.3110590095309959,0.30915334094082186,0.2793846153846154,0.3686836972786473,0.7181086519114688,0.09647924040524064,0.9833777777777778,0.015276480753024622,1.0,0.0
696,poly,0.3,scale,4.0,0.0,balanced,0.5636537467684394,0.07637874608043703,0.3116538952745849,0.13406692989389185,0.1916923076923077,0.08960980504254719,0.7095774647887325,0.03502754021413421,0.9750837606837607,0.02036259980493611,0.7996848326530247,0.007367909534158474
696,poly,0.3,0.03,4.0,0.0,balanced,0.5636537467684394,0.07637874608043703,0.3116538952745849,0.13406692989389185,0.1916923076923077,0.08960980504254719,0.7095774647887325,0.03502754021413421,0.9747350427350426,0.020462730866583435,0.7996848326530247,0.007367909534158474
698,poly,30.0,0.01,4.0,0.0,,0.5444830973281096,0.07328849192832118,0.27776372630377083,0.12883473229768166,0.1676923076923077,0.08587868145817147,0.701006036217304,0.03337008636052069,0.9747623931623931,0.010911166680584932,0.7975965977635167,0.007480829124230177
699,poly,0.3,scale,4.0,0.0,,0.5383561277208204,0.06901252750097914,0.2670110381317278,0.12128322685433642,0.1596923076923077,0.08046256801812261,0.6981488933601611,0.03144358753697237,0.9731760683760683,0.011544051320918175,0.789171978987617,0.005837884932433485
699,poly,0.3,0.03,4.0,0.0,,0.5383561277208204,0.06901252750097914,0.2670110381317278,0.12128322685433642,0.1596923076923077,0.08046256801812261,0.6981488933601611,0.03144358753697237,0.9728205128205127,0.011395892876876574,0.789171978987617,0.005837884932433485
701,rbf,0.1,0.1,,,,0.5326825473051906,0.07600981723542936,0.26004561746497223,0.1343524355307448,0.15784615384615386,0.0884399973772878,0.6921931589537224,0.03419561943300486,0.9723282051282052,0.021043456839460926,0.9162691782704755,0.012365967705212118
702,poly,0.3,0.01,3.0,0.0,balanced,0.5266015093679256,0.0967929142454324,0.24482009925558312,0.17409261327780168,0.15046153846153848,0.11080512239029834,0.6951307847082495,0.03912648553986246,0.9005333333333333,0.036196882752353846,0.6806831255112354,0.07578790923459698
703,rbf,0.3,1.0,,,balanced,0.5226441398452701,0.025867433789325715,0.6088647997591088,0.010738198849451097,1.0,0.0,0.5384708249496981,0.02101027578885848,0.9835008547008547,0.014971698627982874,0.6018440681436541,0.01199495819855182
704,poly,0.1,0.01,4.0,0.5,,0.5139167956264387,0.02697148029849728,0.224210910417807,0.04799900977721433,0.1270769230769231,0.030235368606863378,0.6866398390342052,0.011842614632984388,0.9422700854700855,0.020509374069448794,0.6027942810754784,0.01240889073244057
705,poly,10.0,0.01,4.0,0.0,balanced,0.5049764385971283,0.06358038126482916,0.2075533661740558,0.1128323781970547,0.12,0.06693280212272605,0.6839034205231389,0.027198575675476438,0.9692991452991453,0.019757584117940992,0.7696745216106675,0.01034839532873456
706,poly,0.1,scale,4.0,0.0,balanced,0.4976515568253438,0.06480110062483584,0.1943258529465426,0.11512128190278705,0.11199999999999999,0.06881860213634101,0.681046277665996,0.027605575141750636,0.9671726495726496,0.02086967544206662,0.759731381225871,0.006679478970948213
706,poly,0.1,0.03,4.0,0.0,balanced,0.4976515568253438,0.06480110062483584,0.1943258529465426,0.11512128190278705,0.11199999999999999,0.06881860213634101,0.681046277665996,0.027605575141750636,0.9666393162393161,0.020815144214026995,0.7586048160592549,0.0073233436129063615
708,poly,10.0,0.01,4.0,0.0,,0.4907699831334253,0.06131752677083743,0.182010582010582,0.10886363927920131,0.10400000000000001,0.06499230723708768,0.6781891348088531,0.026199501051844355,0.9652102564102565,0.011149736414164224,0.7472299844663869,0.010688508394381662
709,poly,0.1,scale,3.0,0.0,,0.4769608741877585,0.05176356184231447,0.15728881590950555,0.09188594885971872,0.088,0.0530659966456864,0.6724748490945673,0.022048274681851256,0.9176547008547009,0.028535747612616374,0.7019541143909953,0.007844746744190617
709,poly,0.1,0.03,3.0,0.0,,0.4769608741877585,0.05176356184231447,0.15728881590950555,0.09188594885971872,0.088,0.0530659966456864,0.6724748490945673,0.022048274681851256,0.9167589743589744,0.02931002520669442,0.7007281794887321,0.00669182580888039
709,poly,3.0,0.01,3.0,0.0,,0.4769608741877585,0.05176356184231447,0.15728881590950555,0.09188594885971872,0.088,0.0530659966456864,0.6724748490945673,0.022048274681851256,0.9187282051282051,0.027790396292363996,0.7044392536867381,0.007916229245019177
712,rbf,0.1,1.0,,,balanced,0.46425148003152306,0.04659817777717046,0.5865675951505899,0.016398259309117647,1.0,0.0,0.4929577464788732,0.035490813296108155,0.9685606837606837,0.020132422734856246,0.4821877104370348,0.01672655681941689
713,poly,0.1,scale,4.0,0.0,,0.45493326232348597,0.04118420419693897,0.11750101750101752,0.07307370134437093,0.064,0.040792156108742275,0.6639034205231388,0.017554037645492154,0.9650324786324787,0.010996487528515142,0.7390849373856195,0.014599219598086183
713,poly,0.1,0.03,4.0,0.0,,0.45493326232348597,0.04118420419693897,0.11750101750101752,0.07307370134437093,0.064,0.040792156108742275,0.6639034205231388,0.017554037645492154,0.9644991452991452,0.01049027058283825,0.7390849373856195,0.014599219598086183
715,poly,3.0,0.01,4.0,0.0,balanced,0.4471121059229165,0.040854615036932794,0.10325600325600326,0.07265197813036182,0.05600000000000001,0.040792156108742275,0.661046277665996,0.017256779437864064,0.9615247863247862,0.02909095648127685,0.6980997880801338,0.014479380350154366
716,rbf,0.3,1.0,,,,0.42358726120241963,0.031214216984075848,0.0603988603988604,0.05575317325309428,0.032,0.02993325909419153,0.6524748490945673,0.012992068719677195,0.984034188034188,0.01537047783469899,0.4360401721926889,0.014885963756841996
717,poly,1.0,0.01,3.0,0.0,,0.4073872982537072,0.021110626372450318,0.03076923076923077,0.03768445758127967,0.016,0.019595917942265423,0.6467605633802817,0.009099017803219193,0.8822358974358974,0.04206889826269913,0.5784853929443959,0.012180550159652947
717,poly,3.0,0.01,4.0,0.0,,0.4073872982537072,0.02111062637245032,0.03076923076923077,0.03768445758127967,0.016,0.019595917942265423,0.6467605633802817,0.009099017803219193,0.9517128205128206,0.016381821518549566,0.6633008605883842,0.013311259695609581
719,poly,1.0,0.01,4.0,0.0,balanced,0.40682964810613376,0.03276331633847705,0.029629629629629627,0.059259259259259255,0.016,0.032,0.6467605633802817,0.012822822545934406,0.9513641025641025,0.03373493667141545,0.6402298668533826,0.0077318406662163506
720,rbf,0.1,0.3,,,,0.39062968515742125,0.0013493253373313416,0.0,0.0,0.0,0.0,0.641046277665996,0.003621730382293764,0.971753846153846,0.01722453285596072,0.3906252947279072,0.0003395265490898857
720,rbf,0.1,1.0,,,,0.39062968515742125,0.0013493253373313416,0.0,0.0,0.0,0.0,0.641046277665996,0.003621730382293764,0.984034188034188,0.01537047783469899,0.3906252947279072,0.0003395265490898857
720,poly,0.1,0.01,2.0,0.0,,0.39062968515742125,0.0013493253373313416,0.0,0.0,0.0,0.0,0.641046277665996,0.003621730382293764,0.9652444444444445,0.02939575849138701,0.3906252947279072,0.0003395265490898857
720,poly,0.1,0.01,3.0,0.0,,0.39062968515742125,0.0013493253373313416,0.0,0.0,0.0,0.0,0.641046277665996,0.003621730382293764,0.8783521367521369,0.04179065869384339,0.3906252947279072,0.0003395265490898857
720,poly,0.1,0.01,4.0,0.0,,0.39062968515742125,0.0013493253373313416,0.0,0.0,0.0,0.0,0.641046277665996,0.003621730382293764,0.9351794871794871,0.017172442319628892,0.3906252947279072,0.0003395265490898857
720,poly,0.1,0.01,2.0,0.0,balanced,0.39062968515742125,0.0013493253373313416,0.0,0.0,0.0,0.0,0.641046277665996,0.003621730382293764,0.946748717948718,0.024984970922671112,0.43391178904537914,0.019595562919226078
720,poly,0.1,0.01,3.0,0.0,balanced,0.39062968515742125,0.0013493253373313416,0.0,0.0,0.0,0.0,0.641046277665996,0.003621730382293764,0.9005333333333333,0.036196882752353846,0.3906252947279072,0.0003395265490898857
720,poly,0.1,0.01,4.0,0.0,balanced,0.39062968515742125,0.0013493253373313416,0.0,0.0,0.0,0.0,0.641046277665996,0.003621730382293764,0.9512136752136751,0.03255986243341798,0.3906252947279072,0.0003395265490898857
720,poly,0.3,0.01,2.0,0.0,,0.39062968515742125,0.0013493253373313416,0.0,0.0,0.0,0.0,0.641046277665996,0.003621730382293764,0.96577094017094,0.028794642402295043,0.44203698944558845,0.014362657708519397
720,poly,0.3,0.01,3.0,0.0,,0.39062968515742125,0.0013493253373313416,0.0,0.0,0.0,0.0,0.641046277665996,0.003621730382293764,0.879234188034188,0.041829825315473225,0.3906252947279072,0.0003395265490898857
720,poly,0.3,0.01,4.0,0.0,,0.39062968515742125,0.0013493253373313416,0.0,0.0,0.0,0.0,0.641046277665996,0.003621730382293764,0.938208547008547,0.0202331891857678,0.3970370909080523,0.005384995611331662
720,poly,0.3,0.01,4.0,0.0,balanced,0.39062968515742125,0.0013493253373313416,0.0,0.0,0.0,0.0,0.641046277665996,0.003621730382293764,0.9512136752136751,0.03255986243341798,0.4802554969339984,0.01356216267438665
720,poly,1.0,0.01,4.0,0.0,,0.39062968515742125,0.0013493253373313416,0.0,0.0,0.0,0.0,0.641046277665996,0.003621730382293764,0.9401572649572649,0.02043675469252594,0.5297863008075346,0.014330814452802812
