mean_fit_time,std_fit_time,mean_score_time,std_score_time,param_estimator__class_weight,param_estimator__criterion,param_estimator__max_depth,param_estimator__min_samples_leaf,param_learning_rate,param_n_estimators,params,split0_test_macro_f1,split1_test_macro_f1,split2_test_macro_f1,split3_test_macro_f1,split4_test_macro_f1,mean_test_macro_f1,std_test_macro_f1,rank_test_macro_f1,split0_train_macro_f1,split1_train_macro_f1,split2_train_macro_f1,split3_train_macro_f1,split4_train_macro_f1,mean_train_macro_f1,std_train_macro_f1,split0_test_f1_g,split1_test_f1_g,split2_test_f1_g,split3_test_f1_g,split4_test_f1_g,mean_test_f1_g,std_test_f1_g,rank_test_f1_g,split0_train_f1_g,split1_train_f1_g,split2_train_f1_g,split3_train_f1_g,split4_train_f1_g,mean_train_f1_g,std_train_f1_g,split0_test_f1_b,split1_test_f1_b,split2_test_f1_b,split3_test_f1_b,split4_test_f1_b,mean_test_f1_b,std_test_f1_b,rank_test_f1_b,split0_train_f1_b,split1_train_f1_b,split2_train_f1_b,split3_train_f1_b,split4_train_f1_b,mean_train_f1_b,std_train_f1_b,split0_test_recall_b,split1_test_recall_b,split2_test_recall_b,split3_test_recall_b,split4_test_recall_b,mean_test_recall_b,std_test_recall_b,rank_test_recall_b,split0_train_recall_b,split1_train_recall_b,split2_train_recall_b,split3_train_recall_b,split4_train_recall_b,mean_train_recall_b,std_train_recall_b,split0_test_accuracy,split1_test_accuracy,split2_test_accuracy,split3_test_accuracy,split4_test_accuracy,mean_test_accuracy,std_test_accuracy,rank_test_accuracy,split0_train_accuracy,split1_train_accuracy,split2_train_accuracy,split3_train_accuracy,split4_train_accuracy,mean_train_accuracy,std_train_accuracy,split0_test_roc_auc,split1_test_roc_auc,split2_test_roc_auc,split3_test_roc_auc,split4_test_roc_auc,mean_test_roc_auc,std_test_roc_auc,rank_test_roc_auc,split0_train_roc_auc,split1_train_roc_auc,split2_train_roc_auc,split3_train_roc_auc,split4_train_roc_auc,mean_train_roc_auc,std_train_roc_auc
0.21631178855895997,0.008074787039210043,0.032953739166259766,0.0024286158431202263,,entropy,2,2,0.5,50,"{'estimator__class_weight': None, 'estimator__criterion': 'entropy', 'estimator__max_depth': 2, 'estimator__min_samples_leaf': 2, 'learning_rate': 0.5, 'n_estimators': 50}",0.9541047188106011,0.9519560741249142,0.9199267902081903,0.9519560741249142,0.9215070643642072,0.9398901443265654,0.015682478044733,1,0.9961023956346831,1.0,1.0,0.9961273962596988,1.0,0.9984459583788763,0.0019033209249629806,0.967032967032967,0.967741935483871,0.946236559139785,0.967741935483871,0.945054945054945,0.9587616684390878,0.010718744345390786,4,0.997229916897507,1.0,1.0,0.997229916897507,1.0,0.9988919667590028,0.001357058029242745,0.9411764705882353,0.9361702127659575,0.8936170212765957,0.9361702127659575,0.8979591836734694,0.9210186202140431,0.02072711115097441,1,0.9949748743718593,1.0,1.0,0.9950248756218906,1.0,0.99799994999875,0.002449602013338257,0.9230769230769231,0.88,0.84,0.88,0.88,0.8806153846153846,0.026282038774230947,1,0.99,1.0,1.0,0.9900990099009901,1.0,0.996019801980198,0.004874827659651452,0.9577464788732394,0.9571428571428572,0.9285714285714286,0.9571428571428572,0.9285714285714286,0.9458350100603623,0.014097378424461961,2,0.9964285714285714,1.0,1.0,0.99644128113879,1.0,0.9985739705134723,0.0017465269245972356,0.988034188034188,0.9697777777777777,0.944,0.983111111111111,0.9208888888888889,0.9611623931623932,0.025276737593383065,254,1.0,1.0,1.0,1.0,1.0,1.0,0.0
0.21217937469482423,0.024833898259239033,0.02764129638671875,0.004361417213575942,,entropy,2,5,0.5,50,"{'estimator__class_weight': None, 'estimator__criterion': 'entropy', 'estimator__max_depth': 2, 'estimator__min_samples_leaf': 5, 'learning_rate': 0.5, 'n_estimators': 50}",0.9541047188106011,0.9519560741249142,0.9028677150786308,0.9682971014492754,0.9215070643642072,0.9397465347655258,0.023929441198753607,2,0.9961023956346831,1.0,1.0,1.0,1.0,0.9992204791269366,0.001559041746126777,0.967032967032967,0.967741935483871,0.9361702127659575,0.9782608695652174,0.945054945054945,0.9588521859805915,0.01566834764367833,3,0.997229916897507,1.0,1.0,1.0,1.0,0.9994459833795014,0.0011080332409972194,0.9411764705882353,0.9361702127659575,0.8695652173913043,0.9583333333333334,0.8979591836734694,0.92064088355046,0.03227003053737376,2,0.9949748743718593,1.0,1.0,1.0,1.0,0.9989949748743718,0.0020100502512562903,0.9230769230769231,0.88,0.8,0.92,0.88,0.8806153846153846,0.04439308011537584,1,0.99,1.0,1.0,1.0,1.0,0.998,0.0040000000000000036,0.9577464788732394,0.9571428571428572,0.9142857142857143,0.9714285714285714,0.9285714285714286,0.9458350100603623,0.021062621812731656,2,0.9964285714285714,1.0,1.0,1.0,1.0,0.9992857142857143,0.0014285714285714238,0.988034188034188,0.9697777777777777,0.944,0.9822222222222222,0.9208888888888889,0.9609846153846153,0.025124408341567827,263,1.0,1.0,1.0,1.0,1.0,1.0,0.0
0.11493196487426757,0.0028146567920573112,0.021028709411621094,0.001493401966492467,,entropy,3,5,0.1,25,"{'estimator__class_weight': None, 'estimator__criterion': 'entropy', 'estimator__max_depth': 3, 'estimator__min_samples_leaf': 5, 'learning_rate': 0.1, 'n_estimators': 25}",0.9220978714066272,0.9519560741249142,0.9181286549707601,0.9682971014492754,0.9352451433857539,0.9391449690674663,0.018769490522743702,3,0.9601706970128023,0.9604448198198199,0.9604448198198199,0.9481821921500205,0.9522920203735145,0.9563069098351955,0.005124525817846169,0.946236559139785,0.967741935483871,0.9473684210526315,0.9782608695652174,0.9574468085106383,0.9594109187504285,0.012224317702996014,2,0.972972972972973,0.972972972972973,0.972972972972973,0.9651474530831099,0.967741935483871,0.97036166149718,0.003301750343105681,0.8979591836734694,0.9361702127659575,0.8888888888888888,0.9583333333333334,0.9130434782608695,0.9188790193845037,0.025403658206069248,3,0.9473684210526315,0.9479166666666666,0.9479166666666666,0.9312169312169312,0.9368421052631579,0.9422521581732107,0.0069483000116917415,0.8461538461538461,0.88,0.8,0.92,0.84,0.8572307692307692,0.04038161160990257,58,0.9,0.900990099009901,0.900990099009901,0.8712871287128713,0.8811881188118812,0.8908910891089109,0.012372672753911542,0.9295774647887324,0.9571428571428572,0.9285714285714286,0.9714285714285714,0.9428571428571428,0.9459154929577466,0.016456440191181556,1,0.9642857142857143,0.9644128113879004,0.9644128113879004,0.9537366548042705,0.9572953736654805,0.9608286731062531,0.004481610351073589,0.9876068376068377,0.967111111111111,0.9604444444444444,0.9751111111111112,0.9324444444444444,0.9645435897435897,0.01842463675053844,162,0.991361111111111,0.9988448844884488,0.9946094609460946,0.9946369636963697,0.997057205720572,0.9953019251925191,0.002533190338404827
0.26047115325927733,0.01040656679270888,0.04202494621276855,0.003541414026857399,balanced,gini,2,5,1.5,50,"{'estimator__class_weight': 'balanced', 'estimator__criterion': 'gini', 'estimator__max_depth': 2, 'estimator__min_samples_leaf': 5, 'learning_rate': 1.5, 'n_estimators': 50}",0.9691304347826086,0.9365942028985508,0.8489570846319827,0.9843014128728415,0.9519560741249142,0.9381878418621795,0.04740914981025514,4,1.0,1.0,1.0,1.0,1.0,1.0,0.0,0.9782608695652174,0.9565217391304348,0.9072164948453608,0.989010989010989,0.967741935483871,0.9597504056071745,0.028400421243326483,1,1.0,1.0,1.0,1.0,1.0,1.0,0.0,0.96,0.9166666666666666,0.7906976744186046,0.9795918367346939,0.9361702127659575,0.9166252781171845,0.06646190120549857,4,1.0,1.0,1.0,1.0,1.0,1.0,0.0,0.9230769230769231,0.88,0.68,0.96,0.88,0.8646153846153848,0.09702802620801106,47,1.0,1.0,1.0,1.0,1.0,1.0,0.0,0.971830985915493,0.9428571428571428,0.8714285714285714,0.9857142857142858,0.9571428571428572,0.94579476861167,0.03984769127329398,4,1.0,1.0,1.0,1.0,1.0,1.0,0.0,0.9923076923076923,0.9644444444444444,0.9573333333333333,0.9964444444444445,0.9671111111111111,0.9755282051282052,0.015772069232412558,20,1.0,1.0,1.0,1.0,1.0,1.0,0.0
0.26887927055358884,0.021984919893282332,0.03133397102355957,0.0008041722378224681,,entropy,3,2,1.0,50,"{'estimator__class_weight': None, 'estimator__criterion': 'entropy', 'estimator__max_depth': 3, 'estimator__min_samples_leaf': 2, 'learning_rate': 1.0, 'n_estimators': 50}",0.9055851063829787,0.9529042386185244,0.9199267902081903,0.9682971014492754,0.9365942028985508,0.9366614879115038,0.022407298444222856,5,1.0,1.0,1.0,1.0,1.0,1.0,0.0,0.9361702127659575,0.967032967032967,0.946236559139785,0.9782608695652174,0.9565217391304348,0.9568444695268724,0.014849407276653294,10,1.0,1.0,1.0,1.0,1.0,1.0,0.0,0.875,0.9387755102040817,0.8936170212765957,0.9583333333333334,0.9166666666666666,0.9164785062961356,0.029973762912810765,5,1.0,1.0,1.0,1.0,1.0,1.0,0.0,0.8076923076923077,0.92,0.84,0.92,0.88,0.8735384615384616,0.04431623849203406,4,1.0,1.0,1.0,1.0,1.0,1.0,0.0,0.9154929577464789,0.9571428571428572,0.9285714285714286,0.9714285714285714,0.9428571428571428,0.9430985915492958,0.019864525845508314,5,1.0,1.0,1.0,1.0,1.0,1.0,0.0,0.9871794871794872,0.9466666666666667,0.9706666666666667,0.9822222222222222,0.9733333333333334,0.9720136752136753,0.014001736010000328,70,1.0,1.0,1.0,1.0,1.0,1.0,0.0
0.3607468605041504,0.015678347816035353,0.033936166763305665,0.005534782682066993,balanced,entropy,3,2,1.0,50,"{'estimator__class_weight': 'balanced', 'estimator__criterion': 'entropy', 'estimator__max_depth': 3, 'estimator__min_samples_leaf': 2, 'learning_rate': 1.0, 'n_estimators': 50}",0.9532587228439764,0.9377777777777778,0.9199267902081903,0.9519560741249142,0.9199267902081903,0.9365692310326098,0.014633498116942045,6,1.0,1.0,1.0,1.0,1.0,1.0,0.0,0.967741935483871,0.9555555555555556,0.946236559139785,0.967741935483871,0.946236559139785,0.9567025089605735,0.009634579278228776,14,1.0,1.0,1.0,1.0,1.0,1.0,0.0,0.9387755102040817,0.92,0.8936170212765957,0.9361702127659575,0.8936170212765957,0.9164359531046461,0.019710943892151427,6,1.0,1.0,1.0,1.0,1.0,1.0,0.0,0.8846153846153846,0.92,0.84,0.88,0.84,0.8729230769230769,0.030235368606863402,7,1.0,1.0,1.0,1.0,1.0,1.0,0.0,0.9577464788732394,0.9428571428571428,0.9285714285714286,0.9571428571428572,0.9285714285714286,0.9429778672032194,0.012914057093885982,12,1.0,1.0,1.0,1.0,1.0,1.0,0.0,0.9923076923076923,0.9448888888888889,0.9671111111111111,0.9777777777777777,0.9706666666666666,0.9705504273504273,0.015465898852676067,92,1.0,1.0,1.0,1.0,1.0,1.0,0.0
0.5131631374359131,0.02462515810195443,0.044317197799682614,0.0051847577366791065,,entropy,3,2,0.5,100,"{'estimator__class_weight': None, 'estimator__criterion': 'entropy', 'estimator__max_depth': 3, 'estimator__min_samples_leaf': 2, 'learning_rate': 0.5, 'n_estimators': 100}",0.9382608695652175,0.9365942028985508,0.9028677150786308,0.9682971014492754,0.9365942028985508,0.9365228183780451,0.02071377346701312,7,1.0,1.0,1.0,1.0,1.0,1.0,0.0,0.9565217391304348,0.9565217391304348,0.9361702127659575,0.9782608695652174,0.9565217391304348,0.9567992599444958,0.013314573432245751,11,1.0,1.0,1.0,1.0,1.0,1.0,0.0,0.92,0.9166666666666666,0.8695652173913043,0.9583333333333334,0.9166666666666666,0.9162463768115943,0.028159849176621572,7,1.0,1.0,1.0,1.0,1.0,1.0,0.0,0.8846153846153846,0.88,0.8,0.92,0.88,0.8729230769230769,0.03942305816134637,7,1.0,1.0,1.0,1.0,1.0,1.0,0.0,0.9436619718309859,0.9428571428571428,0.9142857142857143,0.9714285714285714,0.9428571428571428,0.9430181086519115,0.018073025540656994,7,1.0,1.0,1.0,1.0,1.0,1.0,0.0,0.9914529914529914,0.9546666666666667,0.9715555555555555,0.992,0.9600000000000001,0.9739350427350427,0.015519915591565486,47,1.0,1.0,1.0,1.0,1.0,1.0,0.0
1.0564446449279785,0.032644906700571394,0.06568517684936523,0.007142988146630393,,entropy,3,2,0.5,200,"{'estimator__class_weight': None, 'estimator__criterion': 'entropy', 'estimator__max_depth': 3, 'estimator__min_samples_leaf': 2, 'learning_rate': 0.5, 'n_estimators': 200}",0.9382608695652175,0.9365942028985508,0.9028677150786308,0.9682971014492754,0.9365942028985508,0.9365228183780451,0.02071377346701312,7,1.0,1.0,1.0,1.0,1.0,1.0,0.0,0.9565217391304348,0.9565217391304348,0.9361702127659575,0.9782608695652174,0.9565217391304348,0.9567992599444958,0.013314573432245751,11,1.0,1.0,1.0,1.0,1.0,1.0,0.0,0.92,0.9166666666666666,0.8695652173913043,0.9583333333333334,0.9166666666666666,0.9162463768115943,0.028159849176621572,7,1.0,1.0,1.0,1.0,1.0,1.0,0.0,0.8846153846153846,0.88,0.8,0.92,0.88,0.8729230769230769,0.03942305816134637,7,1.0,1.0,1.0,1.0,1.0,1.0,0.0,0.9436619718309859,0.9428571428571428,0.9142857142857143,0.9714285714285714,0.9428571428571428,0.9430181086519115,0.018073025540656994,7,1.0,1.0,1.0,1.0,1.0,1.0,0.0,0.9888888888888888,0.9502222222222223,0.9591111111111111,0.9937777777777778,0.9617777777777777,0.9707555555555555,0.01730116673436705,88,1.0,1.0,1.0,1.0,1.0,1.0,0.0
0.5242257595062256,0.05119813327932395,0.03842620849609375,0.0056829810729532625,,entropy,3,1,0.5,100,"{'estimator__class_weight': None, 'estimator__criterion': 'entropy', 'estimator__max_depth': 3, 'estimator__min_samples_leaf': 1, 'learning_rate': 0.5, 'n_estimators': 100}",0.9541047188106011,0.9365942028985508,0.9028677150786308,0.9519560741249142,0.9365942028985508,0.9364233827622496,0.018329950017138177,9,1.0,1.0,1.0,1.0,1.0,1.0,0.0,0.967032967032967,0.9565217391304348,0.9361702127659575,0.967741935483871,0.9565217391304348,0.956797718708733,0.011403354944528063,13,1.0,1.0,1.0,1.0,1.0,1.0,0.0,0.9411764705882353,0.9166666666666666,0.8695652173913043,0.9361702127659575,0.9166666666666666,0.9160490468157662,0.02528935764767188,9,1.0,1.0,1.0,1.0,1.0,1.0,0.0,0.9230769230769231,0.88,0.8,0.88,0.88,0.8726153846153846,0.03995737373722567,14,1.0,1.0,1.0,1.0,1.0,1.0,0.0,0.9577464788732394,0.9428571428571428,0.9142857142857143,0.9571428571428572,0.9428571428571428,0.9429778672032192,0.015760885878825848,13,1.0,1.0,1.0,1.0,1.0,1.0,0.0,0.9923076923076923,0.9502222222222222,0.9617777777777778,0.9911111111111112,0.9448888888888889,0.9680615384615384,0.02006916697869255,125,1.0,1.0,1.0,1.0,1.0,1.0,0.0
0.6417977809906006,0.17554936787361086,0.05118217468261719,0.009886997677379987,balanced,entropy,3,5,0.5,100,"{'estimator__class_weight': 'balanced', 'estimator__criterion': 'entropy', 'estimator__max_depth': 3, 'estimator__min_samples_leaf': 5, 'learning_rate': 0.5, 'n_estimators': 100}",0.9382608695652175,0.9365942028985508,0.9028677150786308,0.9843014128728415,0.9199267902081903,0.9363901981246862,0.027180236194809033,10,1.0,1.0,1.0,1.0,1.0,1.0,0.0,0.9565217391304348,0.9565217391304348,0.9361702127659575,0.989010989010989,0.946236559139785,0.9568922478355202,0.017747306990653276,8,1.0,1.0,1.0,1.0,1.0,1.0,0.0,0.92,0.9166666666666666,0.8695652173913043,0.9795918367346939,0.8936170212765957,0.915888148413852,0.03665375932233686,10,1.0,1.0,1.0,1.0,1.0,1.0,0.0,0.8846153846153846,0.88,0.8,0.96,0.84,0.8729230769230769,0.05323699385570994,7,1.0,1.0,1.0,1.0,1.0,1.0,0.0,0.9436619718309859,0.9428571428571428,0.9142857142857143,0.9857142857142858,0.9285714285714286,0.9430181086519115,0.023906739873452307,7,1.0,1.0,1.0,1.0,1.0,1.0,0.0,0.9863247863247864,0.9466666666666667,0.944,0.9875555555555555,0.9457777777777778,0.9620649572649572,0.020332398565867812,220,1.0,1.0,1.0,1.0,1.0,1.0,0.0
1.0768932819366455,0.3934239358679003,0.06549863815307617,0.01702806183919753,balanced,entropy,3,5,0.5,200,"{'estimator__class_weight': 'balanced', 'estimator__criterion': 'entropy', 'estimator__max_depth': 3, 'estimator__min_samples_leaf': 5, 'learning_rate': 0.5, 'n_estimators': 200}",0.9382608695652175,0.9365942028985508,0.9028677150786308,0.9843014128728415,0.9199267902081903,0.9363901981246862,0.027180236194809033,10,1.0,1.0,1.0,1.0,1.0,1.0,0.0,0.9565217391304348,0.9565217391304348,0.9361702127659575,0.989010989010989,0.946236559139785,0.9568922478355202,0.017747306990653276,8,1.0,1.0,1.0,1.0,1.0,1.0,0.0,0.92,0.9166666666666666,0.8695652173913043,0.9795918367346939,0.8936170212765957,0.915888148413852,0.03665375932233686,10,1.0,1.0,1.0,1.0,1.0,1.0,0.0,0.8846153846153846,0.88,0.8,0.96,0.84,0.8729230769230769,0.05323699385570994,7,1.0,1.0,1.0,1.0,1.0,1.0,0.0,0.9436619718309859,0.9428571428571428,0.9142857142857143,0.9857142857142858,0.9285714285714286,0.9430181086519115,0.023906739873452307,7,1.0,1.0,1.0,1.0,1.0,1.0,0.0,0.9863247863247864,0.9466666666666667,0.944,0.9875555555555555,0.9457777777777778,0.9620649572649572,0.020332398565867812,220,1.0,1.0,1.0,1.0,1.0,1.0,0.0
1.150202226638794,0.027642671747529844,0.08948283195495606,0.013799229637023855,balanced,gini,3,2,1.5,200,"{'estimator__class_weight': 'balanced', 'estimator__criterion': 'gini', 'estimator__max_depth': 3, 'estimator__min_samples_leaf': 2, 'learning_rate': 1.5, 'n_estimators': 200}",0.9370567375886525,0.9365942028985508,0.9028677150786308,0.9682971014492754,0.9365942028985508,0.936281991982732,0.020699160935866507,12,1.0,1.0,1.0,1.0,1.0,1.0,0.0,0.9574468085106383,0.9565217391304348,0.9361702127659575,0.9782608695652174,0.9565217391304348,0.9569842738205365,0.013315858808841133,7,1.0,1.0,1.0,1.0,1.0,1.0,0.0,0.9166666666666666,0.9166666666666666,0.8695652173913043,0.9583333333333334,0.9166666666666666,0.9155797101449276,0.028102491927051203,12,1.0,1.0,1.0,1.0,1.0,1.0,0.0,0.8461538461538461,0.88,0.8,0.92,0.88,0.8652307692307692,0.040137043345526965,21,1.0,1.0,1.0,1.0,1.0,1.0,0.0,0.9436619718309859,0.9428571428571428,0.9142857142857143,0.9714285714285714,0.9428571428571428,0.9430181086519115,0.018073025540656994,7,1.0,1.0,1.0,1.0,1.0,1.0,0.0,0.9914529914529915,0.9608888888888889,0.9715555555555555,0.9964444444444445,0.968,0.977668376068376,0.013819924930278409,8,1.0,1.0,1.0,1.0,1.0,1.0,0.0
1.0427364826202392,0.090524798097764,0.06508288383483887,0.008411528568088123,,entropy,3,1,1.0,200,"{'estimator__class_weight': None, 'estimator__criterion': 'entropy', 'estimator__max_depth': 3, 'estimator__min_samples_leaf': 1, 'learning_rate': 1.0, 'n_estimators': 200}",0.9532587228439764,0.9365942028985508,0.9028677150786308,0.9682971014492754,0.9199267902081903,0.9361889064957248,0.023226008275708084,13,1.0,1.0,1.0,1.0,1.0,1.0,0.0,0.967741935483871,0.9565217391304348,0.9361702127659575,0.9782608695652174,0.946236559139785,0.9569862632170529,0.014949068452174473,6,1.0,1.0,1.0,1.0,1.0,1.0,0.0,0.9387755102040817,0.9166666666666666,0.8695652173913043,0.9583333333333334,0.8936170212765957,0.9153915497743963,0.03151702757138051,13,1.0,1.0,1.0,1.0,1.0,1.0,0.0,0.8846153846153846,0.88,0.8,0.92,0.84,0.8649230769230769,0.04119401346751892,25,1.0,1.0,1.0,1.0,1.0,1.0,0.0,0.9577464788732394,0.9428571428571428,0.9142857142857143,0.9714285714285714,0.9285714285714286,0.9429778672032192,0.0202896729842504,13,1.0,1.0,1.0,1.0,1.0,1.0,0.0,0.9957264957264957,0.951111111111111,0.9528888888888889,0.9955555555555555,0.9608888888888889,0.9712341880341882,0.02019859150630271,82,1.0,1.0,1.0,1.0,1.0,1.0,0.0
0.4870772361755371,0.020979254071324248,0.035671424865722653,0.0009824199421167852,,entropy,3,2,1.5,100,"{'estimator__class_weight': None, 'estimator__criterion': 'entropy', 'estimator__max_depth': 3, 'estimator__min_samples_leaf': 2, 'learning_rate': 1.5, 'n_estimators': 100}",0.9204927211646137,0.9365942028985508,0.9028677150786308,0.9682971014492754,0.9519560741249142,0.936041562943197,0.022962001237641118,14,1.0,1.0,1.0,1.0,1.0,1.0,0.0,0.9473684210526315,0.9565217391304348,0.9361702127659575,0.9782608695652174,0.967741935483871,0.9572126355996226,0.014792320749712878,5,1.0,1.0,1.0,1.0,1.0,1.0,0.0,0.8936170212765957,0.9166666666666666,0.8695652173913043,0.9583333333333334,0.9361702127659575,0.9148704902867715,0.031145467888819264,14,1.0,1.0,1.0,1.0,1.0,1.0,0.0,0.8076923076923077,0.88,0.8,0.92,0.88,0.8575384615384616,0.04627266756211067,54,1.0,1.0,1.0,1.0,1.0,1.0,0.0,0.9295774647887324,0.9428571428571428,0.9142857142857143,0.9714285714285714,0.9571428571428572,0.9430583501006036,0.02006430722304695,6,1.0,1.0,1.0,1.0,1.0,1.0,0.0,0.9914529914529915,0.9688888888888889,0.9724444444444444,0.992,0.9653333333333334,0.9780239316239318,0.01141315997500658,7,1.0,1.0,1.0,1.0,1.0,1.0,0.0
0.15009522438049316,0.0014139329760717756,0.03455719947814941,0.000740224726371354,balanced,gini,3,5,0.5,25,"{'estimator__class_weight': 'balanced', 'estimator__criterion': 'gini', 'estimator__max_depth': 3, 'estimator__min_samples_leaf': 5, 'learning_rate': 0.5, 'n_estimators': 25}",0.9370567375886525,0.9377777777777778,0.9199267902081903,0.9519560741249142,0.9215070643642072,0.9336448888127483,0.011828220512582279,15,1.0,1.0,1.0,1.0,1.0,1.0,0.0,0.9574468085106383,0.9555555555555556,0.946236559139785,0.967741935483871,0.945054945054945,0.954407160748959,0.008277646470113902,36,1.0,1.0,1.0,1.0,1.0,1.0,0.0,0.9166666666666666,0.92,0.8936170212765957,0.9361702127659575,0.8979591836734694,0.9128826168765378,0.015499421473307885,15,1.0,1.0,1.0,1.0,1.0,1.0,0.0,0.8461538461538461,0.92,0.84,0.88,0.88,0.8732307692307693,0.028693029481537912,6,1.0,1.0,1.0,1.0,1.0,1.0,0.0,0.9436619718309859,0.9428571428571428,0.9285714285714286,0.9571428571428572,0.9285714285714286,0.9401609657947686,0.010738210222173483,18,1.0,1.0,1.0,1.0,1.0,1.0,0.0,0.9923076923076923,0.9706666666666666,0.9457777777777778,0.9884444444444445,0.9457777777777778,0.9685948717948717,0.020009174314821247,119,1.0,1.0,1.0,1.0,1.0,1.0,0.0
0.31910223960876466,0.023350387546886054,0.042274093627929686,0.002641156023692159,balanced,gini,3,1,1.0,50,"{'estimator__class_weight': 'balanced', 'estimator__criterion': 'gini', 'estimator__max_depth': 3, 'estimator__min_samples_leaf': 1, 'learning_rate': 1.0, 'n_estimators': 50}",0.9204927211646137,0.9377777777777778,0.9199267902081903,0.9682971014492754,0.9215070643642072,0.9336002909928128,0.01858138419219221,16,1.0,1.0,1.0,1.0,1.0,1.0,0.0,0.9473684210526315,0.9555555555555556,0.946236559139785,0.9782608695652174,0.945054945054945,0.9544952700736269,0.012442234077632916,32,1.0,1.0,1.0,1.0,1.0,1.0,0.0,0.8936170212765957,0.92,0.8936170212765957,0.9583333333333334,0.8979591836734694,0.9127053119119989,0.02482459582719277,16,1.0,1.0,1.0,1.0,1.0,1.0,0.0,0.8076923076923077,0.92,0.84,0.92,0.88,0.8735384615384616,0.04431623849203406,4,1.0,1.0,1.0,1.0,1.0,1.0,0.0,0.9295774647887324,0.9428571428571428,0.9285714285714286,0.9714285714285714,0.9285714285714286,0.9402012072434609,0.01652615911577075,15,1.0,1.0,1.0,1.0,1.0,1.0,0.0,0.9837606837606838,0.9368888888888889,0.9662222222222222,0.9911111111111112,0.9253333333333333,0.9606632478632479,0.025709488997851478,268,1.0,1.0,1.0,1.0,1.0,1.0,0.0
0.15546574592590331,0.013120630356700887,0.03136286735534668,0.003890100094254107,balanced,gini,3,2,0.5,25,"{'estimator__class_weight': 'balanced', 'estimator__criterion': 'gini', 'estimator__max_depth': 3, 'estimator__min_samples_leaf': 2, 'learning_rate': 0.5, 'n_estimators': 25}",0.9382608695652175,0.9529042386185244,0.9199267902081903,0.9682971014492754,0.8878975062914665,0.9334573012265348,0.027834650941644123,17,1.0,1.0,1.0,1.0,1.0,1.0,0.0,0.9565217391304348,0.967032967032967,0.946236559139785,0.9782608695652174,0.9247311827956989,0.9545566635328205,0.018331352885533853,29,1.0,1.0,1.0,1.0,1.0,1.0,0.0,0.92,0.9387755102040817,0.8936170212765957,0.9583333333333334,0.851063829787234,0.912357938920249,0.03735830796505066,17,1.0,1.0,1.0,1.0,1.0,1.0,0.0,0.8846153846153846,0.92,0.84,0.92,0.8,0.8729230769230769,0.04684204857596324,7,1.0,1.0,1.0,1.0,1.0,1.0,0.0,0.9436619718309859,0.9571428571428572,0.9285714285714286,0.9714285714285714,0.9,0.9401609657947686,0.024598883656437292,18,1.0,1.0,1.0,1.0,1.0,1.0,0.0,0.9863247863247863,0.9582222222222222,0.9635555555555555,0.9822222222222223,0.9582222222222222,0.9697094017094017,0.012119588200345633,107,1.0,1.0,1.0,1.0,1.0,1.0,0.0
0.09658174514770508,0.004554243533514974,0.022149419784545897,0.0004423472518343936,,gini,1,1,1.0,50,"{'estimator__class_weight': None, 'estimator__criterion': 'gini', 'estimator__max_depth': 1, 'estimator__min_samples_leaf': 1, 'learning_rate': 1.0, 'n_estimators': 50}",0.9691304347826086,0.9519560741249142,0.9028677150786308,0.9843014128728415,0.858712715855573,0.9333936705429137,0.0463084362167736,18,0.9843014128728415,0.9844044844044844,0.9844044844044844,0.976497156239545,0.9766067266067266,0.9812428529056163,0.003830454814979494,0.9782608695652174,0.967741935483871,0.9361702127659575,0.989010989010989,0.9010989010989011,0.9544565815849871,0.03199557837722983,33,0.989010989010989,0.989010989010989,0.989010989010989,0.9836065573770492,0.9835164835164835,0.9868312015853,0.0026698354184900904,0.96,0.9361702127659575,0.8695652173913043,0.9795918367346939,0.8163265306122449,0.9123307595008401,0.06068019790478793,18,0.9795918367346939,0.9797979797979798,0.9797979797979798,0.9693877551020408,0.9696969696969697,0.9756545042259328,0.004992068292049606,0.9230769230769231,0.88,0.8,0.96,0.8,0.8726153846153846,0.06447163497210481,14,0.96,0.9603960396039604,0.9603960396039604,0.9405940594059405,0.9504950495049505,0.9543762376237623,0.00786275769265957,0.971830985915493,0.9571428571428572,0.9142857142857143,0.9857142857142858,0.8714285714285714,0.9400804828973843,0.041857181110004686,33,0.9857142857142858,0.9857651245551602,0.9857651245551602,0.9786476868327402,0.9786476868327402,0.9829079816980173,0.0034785657251856865,0.9846153846153847,0.9773333333333334,0.9413333333333334,0.98,0.9208888888888889,0.9608341880341881,0.025223028020505283,264,1.0,0.9998349834983499,1.0,0.9993949394939494,0.9993674367436743,0.9997194719471947,0.0002828374066486823
0.10375466346740722,0.005161752318885912,0.022756481170654298,0.0006703737016951907,,gini,1,2,1.0,50,"{'estimator__class_weight': None, 'estimator__criterion': 'gini', 'estimator__max_depth': 1, 'estimator__min_samples_leaf': 2, 'learning_rate': 1.0, 'n_estimators': 50}",0.9691304347826086,0.9519560741249142,0.9028677150786308,0.9843014128728415,0.858712715855573,0.9333936705429137,0.0463084362167736,18,0.9843014128728415,0.9844044844044844,0.9844044844044844,0.976497156239545,0.9766067266067266,0.9812428529056163,0.003830454814979494,0.9782608695652174,0.967741935483871,0.9361702127659575,0.989010989010989,0.9010989010989011,0.9544565815849871,0.03199557837722983,33,0.989010989010989,0.989010989010989,0.989010989010989,0.9836065573770492,0.9835164835164835,0.9868312015853,0.0026698354184900904,0.96,0.9361702127659575,0.8695652173913043,0.9795918367346939,0.8163265306122449,0.9123307595008401,0.06068019790478793,18,0.9795918367346939,0.9797979797979798,0.9797979797979798,0.9693877551020408,0.9696969696969697,0.9756545042259328,0.004992068292049606,0.9230769230769231,0.88,0.8,0.96,0.8,0.8726153846153846,0.06447163497210481,14,0.96,0.9603960396039604,0.9603960396039604,0.9405940594059405,0.9504950495049505,0.9543762376237623,0.00786275769265957,0.971830985915493,0.9571428571428572,0.9142857142857143,0.9857142857142858,0.8714285714285714,0.9400804828973843,0.041857181110004686,33,0.9857142857142858,0.9857651245551602,0.9857651245551602,0.9786476868327402,0.9786476868327402,0.9829079816980173,0.0034785657251856865,0.9846153846153847,0.9773333333333334,0.9413333333333334,0.98,0.9208888888888889,0.9608341880341881,0.025223028020505283,264,1.0,0.9998349834983499,1.0,0.9993949394939494,0.9993674367436743,0.9997194719471947,0.0002828374066486823
0.1031125545501709,0.001679900851802245,0.023693275451660157,0.0005206605739326584,,gini,1,5,1.0,50,"{'estimator__class_weight': None, 'estimator__criterion': 'gini', 'estimator__max_depth': 1, 'estimator__min_samples_leaf': 5, 'learning_rate': 1.0, 'n_estimators': 50}",0.9691304347826086,0.9519560741249142,0.9028677150786308,0.9843014128728415,0.858712715855573,0.9333936705429137,0.0463084362167736,18,0.9843014128728415,0.9844044844044844,0.9844044844044844,0.976497156239545,0.9766067266067266,0.9812428529056163,0.003830454814979494,0.9782608695652174,0.967741935483871,0.9361702127659575,0.989010989010989,0.9010989010989011,0.9544565815849871,0.03199557837722983,33,0.989010989010989,0.989010989010989,0.989010989010989,0.9836065573770492,0.9835164835164835,0.9868312015853,0.0026698354184900904,0.96,0.9361702127659575,0.8695652173913043,0.9795918367346939,0.8163265306122449,0.9123307595008401,0.06068019790478793,18,0.9795918367346939,0.9797979797979798,0.9797979797979798,0.9693877551020408,0.9696969696969697,0.9756545042259328,0.004992068292049606,0.9230769230769231,0.88,0.8,0.96,0.8,0.8726153846153846,0.06447163497210481,14,0.96,0.9603960396039604,0.9603960396039604,0.9405940594059405,0.9504950495049505,0.9543762376237623,0.00786275769265957,0.971830985915493,0.9571428571428572,0.9142857142857143,0.9857142857142858,0.8714285714285714,0.9400804828973843,0.041857181110004686,33,0.9857142857142858,0.9857651245551602,0.9857651245551602,0.9786476868327402,0.9786476868327402,0.9829079816980173,0.0034785657251856865,0.9846153846153847,0.9773333333333334,0.9413333333333334,0.98,0.9208888888888889,0.9608341880341881,0.025223028020505283,264,1.0,0.9998349834983499,1.0,0.9993949394939494,0.9993674367436743,0.9997194719471947,0.0002828374066486823
0.30691051483154297,0.01555445341956594,0.040367650985717776,0.0032396793832202156,balanced,gini,3,1,0.5,50,"{'estimator__class_weight': 'balanced', 'estimator__criterion': 'gini', 'estimator__max_depth': 3, 'estimator__min_samples_leaf': 1, 'learning_rate': 0.5, 'n_estimators': 50}",0.9541047188106011,0.9365942028985508,0.9028677150786308,0.9682971014492754,0.9048913043478262,0.9333510085169768,0.026083136898099837,21,1.0,1.0,1.0,1.0,1.0,1.0,0.0,0.967032967032967,0.9565217391304348,0.9361702127659575,0.9782608695652174,0.9347826086956522,0.9545536794380457,0.017032227257407873,30,1.0,1.0,1.0,1.0,1.0,1.0,0.0,0.9411764705882353,0.9166666666666666,0.8695652173913043,0.9583333333333334,0.875,0.9121483375959081,0.035183583519525635,21,1.0,1.0,1.0,1.0,1.0,1.0,0.0,0.9230769230769231,0.88,0.8,0.92,0.84,0.8726153846153846,0.0472926179860698,14,1.0,1.0,1.0,1.0,1.0,1.0,0.0,0.9577464788732394,0.9428571428571428,0.9142857142857143,0.9714285714285714,0.9142857142857143,0.9401207243460764,0.022948777690754825,32,1.0,1.0,1.0,1.0,1.0,1.0,0.0,0.9871794871794872,0.9644444444444444,0.9653333333333334,0.9848888888888889,0.9306666666666666,0.9665025641025642,0.02027514039030179,141,1.0,1.0,1.0,1.0,1.0,1.0,0.0
0.4391739845275879,0.020277991391734647,0.04436473846435547,0.0037616102827571804,,entropy,2,5,0.5,100,"{'estimator__class_weight': None, 'estimator__criterion': 'entropy', 'estimator__max_depth': 2, 'estimator__min_samples_leaf': 5, 'learning_rate': 0.5, 'n_estimators': 100}",0.9541047188106011,0.9028677150786308,0.9199267902081903,0.9682971014492754,0.9215070643642072,0.9333406779821809,0.02409010252252564,22,1.0,1.0,1.0,1.0,1.0,1.0,0.0,0.967032967032967,0.9361702127659575,0.946236559139785,0.9782608695652174,0.945054945054945,0.9545511107117743,0.015589199732064952,31,1.0,1.0,1.0,1.0,1.0,1.0,0.0,0.9411764705882353,0.8695652173913043,0.8936170212765957,0.9583333333333334,0.8979591836734694,0.9121302452525877,0.032661134700259865,22,1.0,1.0,1.0,1.0,1.0,1.0,0.0,0.9230769230769231,0.8,0.84,0.92,0.88,0.8726153846153846,0.0472926179860698,14,1.0,1.0,1.0,1.0,1.0,1.0,0.0,0.9577464788732394,0.9142857142857143,0.9285714285714286,0.9714285714285714,0.9285714285714286,0.9401207243460765,0.021095348881648324,30,1.0,1.0,1.0,1.0,1.0,1.0,0.0,0.9871794871794872,0.9591111111111111,0.9511111111111111,0.9928888888888888,0.9377777777777777,0.9656136752136751,0.02114930929506711,149,1.0,1.0,1.0,1.0,1.0,1.0,0.0
1.1321131229400634,0.08618180298083404,0.07350811958312989,0.017628284306835964,,entropy,3,5,0.5,200,"{'estimator__class_weight': None, 'estimator__criterion': 'entropy', 'estimator__max_depth': 3, 'estimator__min_samples_leaf': 5, 'learning_rate': 0.5, 'n_estimators': 200}",0.9220978714066272,0.9365942028985508,0.9028677150786308,0.9682971014492754,0.9365942028985508,0.933290218746327,0.0214388051323657,23,1.0,1.0,1.0,1.0,1.0,1.0,0.0,0.946236559139785,0.9565217391304348,0.9361702127659575,0.9782608695652174,0.9565217391304348,0.9547422239463659,0.013976594530950032,26,1.0,1.0,1.0,1.0,1.0,1.0,0.0,0.8979591836734694,0.9166666666666666,0.8695652173913043,0.9583333333333334,0.9166666666666666,0.911838213546288,0.02894151950818389,23,1.0,1.0,1.0,1.0,1.0,1.0,0.0,0.8461538461538461,0.88,0.8,0.92,0.88,0.8652307692307692,0.040137043345526965,21,1.0,1.0,1.0,1.0,1.0,1.0,0.0,0.9295774647887324,0.9428571428571428,0.9142857142857143,0.9714285714285714,0.9428571428571428,0.9402012072434607,0.018834717629446895,17,1.0,1.0,1.0,1.0,1.0,1.0,0.0,0.9923076923076923,0.952,0.9688888888888889,0.9928888888888889,0.9591111111111111,0.9730393162393163,0.016847252736191292,56,1.0,1.0,1.0,1.0,1.0,1.0,0.0
0.5779029846191406,0.02343490288512913,0.05525527000427246,0.006639083495918427,,gini,3,5,0.5,100,"{'estimator__class_weight': None, 'estimator__criterion': 'gini', 'estimator__max_depth': 3, 'estimator__min_samples_leaf': 5, 'learning_rate': 0.5, 'n_estimators': 100}",0.9370567375886525,0.9529042386185244,0.9028677150786308,0.9519560741249142,0.9215070643642072,0.9332583659549858,0.019035109562874363,24,1.0,1.0,1.0,1.0,1.0,1.0,0.0,0.9574468085106383,0.967032967032967,0.9361702127659575,0.967741935483871,0.945054945054945,0.9546893737696758,0.012378357316251466,28,1.0,1.0,1.0,1.0,1.0,1.0,0.0,0.9166666666666666,0.9387755102040817,0.8695652173913043,0.9361702127659575,0.8979591836734694,0.9118273581402958,0.025770569189376986,24,1.0,1.0,1.0,1.0,1.0,1.0,0.0,0.8461538461538461,0.92,0.8,0.88,0.88,0.8652307692307692,0.040137043345526965,21,1.0,1.0,1.0,1.0,1.0,1.0,0.0,0.9436619718309859,0.9571428571428572,0.9142857142857143,0.9571428571428572,0.9285714285714286,0.9401609657947686,0.016690550167626016,18,1.0,1.0,1.0,1.0,1.0,1.0,0.0,0.9846153846153847,0.9440000000000001,0.9742222222222223,0.9982222222222222,0.96,0.9722119658119658,0.018865134461982583,67,1.0,1.0,1.0,1.0,1.0,1.0,0.0
0.6124062061309814,0.018877839987613006,0.0591280460357666,0.007942553598146638,balanced,gini,3,2,1.5,100,"{'estimator__class_weight': 'balanced', 'estimator__criterion': 'gini', 'estimator__max_depth': 3, 'estimator__min_samples_leaf': 2, 'learning_rate': 1.5, 'n_estimators': 100}",0.9382608695652175,0.9199267902081903,0.9028677150786308,0.9682971014492754,0.9365942028985508,0.933189335839973,0.021749319908081582,25,1.0,1.0,1.0,1.0,1.0,1.0,0.0,0.9565217391304348,0.946236559139785,0.9361702127659575,0.9782608695652174,0.9565217391304348,0.9547422239463659,0.013976594530950032,26,1.0,1.0,1.0,1.0,1.0,1.0,0.0,0.92,0.8936170212765957,0.8695652173913043,0.9583333333333334,0.9166666666666666,0.91163644773358,0.02956531544257852,25,1.0,1.0,1.0,1.0,1.0,1.0,0.0,0.8846153846153846,0.84,0.8,0.92,0.88,0.8649230769230769,0.04119401346751892,25,1.0,1.0,1.0,1.0,1.0,1.0,0.0,0.9436619718309859,0.9285714285714286,0.9142857142857143,0.9714285714285714,0.9428571428571428,0.9401609657947686,0.018979123213659386,18,1.0,1.0,1.0,1.0,1.0,1.0,0.0,0.994017094017094,0.9582222222222222,0.9626666666666667,0.9964444444444445,0.96,0.9742700854700855,0.017189852381870905,40,1.0,1.0,1.0,1.0,1.0,1.0,0.0
0.6392023086547851,0.0183855147221145,0.06141529083251953,0.002999737775914273,balanced,gini,3,1,1.0,100,"{'estimator__class_weight': 'balanced', 'estimator__criterion': 'gini', 'estimator__max_depth': 3, 'estimator__min_samples_leaf': 1, 'learning_rate': 1.0, 'n_estimators': 100}",0.9204927211646137,0.9365942028985508,0.9199267902081903,0.9519560741249142,0.9365942028985508,0.9331127982589639,0.011936888673953431,26,1.0,1.0,1.0,1.0,1.0,1.0,0.0,0.9473684210526315,0.9565217391304348,0.946236559139785,0.967741935483871,0.9565217391304348,0.9548780787874314,0.007771137225237455,19,1.0,1.0,1.0,1.0,1.0,1.0,0.0,0.8936170212765957,0.9166666666666666,0.8936170212765957,0.9361702127659575,0.9166666666666666,0.9113475177304965,0.016133777540535233,29,1.0,1.0,1.0,1.0,1.0,1.0,0.0,0.8076923076923077,0.88,0.84,0.88,0.88,0.8575384615384616,0.029345523735547975,54,1.0,1.0,1.0,1.0,1.0,1.0,0.0,0.9295774647887324,0.9428571428571428,0.9285714285714286,0.9571428571428572,0.9428571428571428,0.9402012072434609,0.010480869667986725,15,1.0,1.0,1.0,1.0,1.0,1.0,0.0,0.9931623931623932,0.9422222222222222,0.9608888888888889,0.9937777777777778,0.952,0.9684102564102564,0.021297230024600038,120,1.0,1.0,1.0,1.0,1.0,1.0,0.0
0.11375198364257813,0.009366120022562045,0.02577176094055176,0.0034766806231030013,,entropy,2,1,0.5,25,"{'estimator__class_weight': None, 'estimator__criterion': 'entropy', 'estimator__max_depth': 2, 'estimator__min_samples_leaf': 1, 'learning_rate': 0.5, 'n_estimators': 25}",0.9382608695652175,0.9519560741249142,0.8853801169590643,0.9682971014492754,0.9215070643642072,0.9330802452925357,0.028399308087902135,27,0.9723285002329489,0.9725144973101376,0.9883300801528303,0.9646614965416056,0.9804603296015576,0.9756589807678161,0.008068881537891974,0.9565217391304348,0.967741935483871,0.9263157894736842,0.9782608695652174,0.945054945054945,0.9547790557416305,0.01803987046704006,22,0.9809264305177112,0.9809264305177112,0.9917355371900827,0.9754768392370572,0.9863013698630136,0.9830733214651151,0.005520490946398516,0.92,0.9361702127659575,0.8444444444444444,0.9583333333333334,0.8979591836734694,0.911381434843441,0.03886891163436407,26,0.9637305699481865,0.9641025641025641,0.9849246231155779,0.9538461538461539,0.9746192893401016,0.9682446400705169,0.010617984890180612,0.8846153846153846,0.88,0.76,0.92,0.88,0.8649230769230769,0.054561403442013205,25,0.93,0.9306930693069307,0.9702970297029703,0.9207920792079208,0.9504950495049505,0.9404554455445545,0.01779090835114459,0.9436619718309859,0.9571428571428572,0.9,0.9714285714285714,0.9285714285714286,0.9401609657947686,0.024598883656437292,18,0.975,0.9750889679715302,0.9893238434163701,0.9679715302491103,0.9822064056939501,0.9779181494661922,0.007265453792385287,0.985042735042735,0.9697777777777778,0.952,0.9804444444444445,0.9302222222222223,0.963497435897436,0.020150804378156,192,0.9993611111111111,0.9996974697469747,1.0,0.9992574257425743,0.9995049504950494,0.9995641914191419,0.00026326735868187893
0.10078926086425781,0.012405936304986077,0.02331967353820801,0.0040525238457468915,,entropy,2,2,0.5,25,"{'estimator__class_weight': None, 'estimator__criterion': 'entropy', 'estimator__max_depth': 2, 'estimator__min_samples_leaf': 2, 'learning_rate': 0.5, 'n_estimators': 25}",0.9382608695652175,0.9519560741249142,0.8853801169590643,0.9682971014492754,0.9215070643642072,0.9330802452925357,0.028399308087902135,27,0.9723285002329489,0.9725144973101376,0.9883300801528303,0.9646614965416056,0.9804603296015576,0.9756589807678161,0.008068881537891974,0.9565217391304348,0.967741935483871,0.9263157894736842,0.9782608695652174,0.945054945054945,0.9547790557416305,0.01803987046704006,22,0.9809264305177112,0.9809264305177112,0.9917355371900827,0.9754768392370572,0.9863013698630136,0.9830733214651151,0.005520490946398516,0.92,0.9361702127659575,0.8444444444444444,0.9583333333333334,0.8979591836734694,0.911381434843441,0.03886891163436407,26,0.9637305699481865,0.9641025641025641,0.9849246231155779,0.9538461538461539,0.9746192893401016,0.9682446400705169,0.010617984890180612,0.8846153846153846,0.88,0.76,0.92,0.88,0.8649230769230769,0.054561403442013205,25,0.93,0.9306930693069307,0.9702970297029703,0.9207920792079208,0.9504950495049505,0.9404554455445545,0.01779090835114459,0.9436619718309859,0.9571428571428572,0.9,0.9714285714285714,0.9285714285714286,0.9401609657947686,0.024598883656437292,18,0.975,0.9750889679715302,0.9893238434163701,0.9679715302491103,0.9822064056939501,0.9779181494661922,0.007265453792385287,0.985042735042735,0.9697777777777778,0.952,0.9804444444444445,0.9302222222222223,0.963497435897436,0.020150804378156,192,0.9993611111111111,0.9996974697469747,1.0,0.9992574257425743,0.9995049504950494,0.9995641914191419,0.00026326735868187893
0.113555908203125,0.00369566581667321,0.02621121406555176,0.0032722547556447218,,entropy,2,5,0.5,25,"{'estimator__class_weight': None, 'estimator__criterion': 'entropy', 'estimator__max_depth': 2, 'estimator__min_samples_leaf': 5, 'learning_rate': 0.5, 'n_estimators': 25}",0.9382608695652175,0.9519560741249142,0.8853801169590643,0.9682971014492754,0.9215070643642072,0.9330802452925357,0.028399308087902135,27,0.9723285002329489,0.9725144973101376,0.9883300801528303,0.9644888158726146,0.9804603296015576,0.9756244446340178,0.008116109993343171,0.9565217391304348,0.967741935483871,0.9263157894736842,0.9782608695652174,0.945054945054945,0.9547790557416305,0.01803987046704006,22,0.9809264305177112,0.9809264305177112,0.9917355371900827,0.975609756097561,0.9863013698630136,0.983099904837216,0.005484046568411553,0.92,0.9361702127659575,0.8444444444444444,0.9583333333333334,0.8979591836734694,0.911381434843441,0.03886891163436407,26,0.9637305699481865,0.9641025641025641,0.9849246231155779,0.9533678756476683,0.9746192893401016,0.9681489844308198,0.010748618327703807,0.8846153846153846,0.88,0.76,0.92,0.88,0.8649230769230769,0.054561403442013205,25,0.93,0.9306930693069307,0.9702970297029703,0.9108910891089109,0.9504950495049505,0.9384752475247524,0.02025033024210279,0.9436619718309859,0.9571428571428572,0.9,0.9714285714285714,0.9285714285714286,0.9401609657947686,0.024598883656437292,18,0.975,0.9750889679715302,0.9893238434163701,0.9679715302491103,0.9822064056939501,0.9779181494661922,0.007265453792385287,0.985042735042735,0.9697777777777778,0.952,0.9724444444444444,0.9302222222222223,0.9618974358974359,0.019027992267611517,223,0.9993611111111111,0.9996974697469747,1.0,0.9993399339933994,0.9995049504950494,0.999580693069307,0.0002455089412328931
0.8202861785888672,0.030943227417318732,0.07272701263427735,0.0027925913899506643,,entropy,2,1,0.1,200,"{'estimator__class_weight': None, 'estimator__criterion': 'entropy', 'estimator__max_depth': 2, 'estimator__min_samples_leaf': 1, 'learning_rate': 0.1, 'n_estimators': 200}",0.9382608695652175,0.9519560741249142,0.9181286549707601,0.9519560741249142,0.9048913043478262,0.9330385954267264,0.018748815787943143,30,0.9723285002329489,0.9804603296015576,0.9804603296015576,0.976497156239545,0.9804603296015576,0.9780413290554334,0.0032427017675631395,0.9565217391304348,0.967741935483871,0.9473684210526315,0.967741935483871,0.9347826086956522,0.9548313279692922,0.012600564962291791,20,0.9809264305177112,0.9863013698630136,0.9863013698630136,0.9836065573770492,0.9863013698630136,0.9846874194967604,0.0021507118996529026,0.92,0.9361702127659575,0.8888888888888888,0.9361702127659575,0.875,0.9112458628841609,0.025030694010138837,30,0.9637305699481865,0.9746192893401016,0.9746192893401016,0.9693877551020408,0.9746192893401016,0.9713952386141065,0.00433498892872679,0.8846153846153846,0.88,0.8,0.88,0.84,0.8569230769230769,0.032737073423434786,67,0.93,0.9504950495049505,0.9504950495049505,0.9405940594059405,0.9504950495049505,0.9444158415841585,0.008164469541004549,0.9436619718309859,0.9571428571428572,0.9285714285714286,0.9571428571428572,0.9142857142857143,0.9401609657947686,0.016690550167626016,18,0.975,0.9822064056939501,0.9822064056939501,0.9786476868327402,0.9822064056939501,0.9800533807829181,0.002878165444212906,0.982905982905983,0.9608888888888889,0.9431111111111111,0.9804444444444445,0.92,0.9574700854700854,0.02365029266307636,361,0.9998888888888889,1.0,1.0,0.9997249724972497,0.9996699669966996,0.9998567656765676,0.00013735154349570191
0.8580430030822754,0.03001610241946954,0.06929163932800293,0.008086854609321811,,entropy,2,2,0.1,200,"{'estimator__class_weight': None, 'estimator__criterion': 'entropy', 'estimator__max_depth': 2, 'estimator__min_samples_leaf': 2, 'learning_rate': 0.1, 'n_estimators': 200}",0.9382608695652175,0.9519560741249142,0.9181286549707601,0.9519560741249142,0.9048913043478262,0.9330385954267264,0.018748815787943143,30,0.9723285002329489,0.9804603296015576,0.9804603296015576,0.976497156239545,0.9804603296015576,0.9780413290554334,0.0032427017675631395,0.9565217391304348,0.967741935483871,0.9473684210526315,0.967741935483871,0.9347826086956522,0.9548313279692922,0.012600564962291791,20,0.9809264305177112,0.9863013698630136,0.9863013698630136,0.9836065573770492,0.9863013698630136,0.9846874194967604,0.0021507118996529026,0.92,0.9361702127659575,0.8888888888888888,0.9361702127659575,0.875,0.9112458628841609,0.025030694010138837,30,0.9637305699481865,0.9746192893401016,0.9746192893401016,0.9693877551020408,0.9746192893401016,0.9713952386141065,0.00433498892872679,0.8846153846153846,0.88,0.8,0.88,0.84,0.8569230769230769,0.032737073423434786,67,0.93,0.9504950495049505,0.9504950495049505,0.9405940594059405,0.9504950495049505,0.9444158415841585,0.008164469541004549,0.9436619718309859,0.9571428571428572,0.9285714285714286,0.9571428571428572,0.9142857142857143,0.9401609657947686,0.016690550167626016,18,0.975,0.9822064056939501,0.9822064056939501,0.9786476868327402,0.9822064056939501,0.9800533807829181,0.002878165444212906,0.982905982905983,0.9608888888888889,0.9457777777777777,0.9804444444444445,0.92,0.9580034188034189,0.023348616265438566,346,0.9998888888888889,1.0,1.0,0.9997249724972497,0.9996699669966996,0.9998567656765676,0.00013735154349570191
0.22262935638427733,0.010344672623070181,0.03093438148498535,0.0029843570522787586,,entropy,2,1,0.5,50,"{'estimator__class_weight': None, 'estimator__criterion': 'entropy', 'estimator__max_depth': 2, 'estimator__min_samples_leaf': 1, 'learning_rate': 0.5, 'n_estimators': 50}",0.9541047188106011,0.9519560741249142,0.8853801169590643,0.9519560741249142,0.9215070643642072,0.9329808096767402,0.026697616513656673,32,0.9961023956346831,1.0,1.0,0.9961273962596988,1.0,0.9984459583788763,0.0019033209249629806,0.967032967032967,0.967741935483871,0.9263157894736842,0.967741935483871,0.945054945054945,0.9547775145058678,0.016679008890035433,25,0.997229916897507,1.0,1.0,0.997229916897507,1.0,0.9988919667590028,0.001357058029242745,0.9411764705882353,0.9361702127659575,0.8444444444444444,0.9361702127659575,0.8979591836734694,0.9111841048476128,0.0368163930643026,32,0.9949748743718593,1.0,1.0,0.9950248756218906,1.0,0.99799994999875,0.002449602013338257,0.9230769230769231,0.88,0.76,0.88,0.88,0.8646153846153846,0.05490389667248114,48,0.99,1.0,1.0,0.9900990099009901,1.0,0.996019801980198,0.004874827659651452,0.9577464788732394,0.9571428571428572,0.9,0.9571428571428572,0.9285714285714286,0.9401207243460765,0.022948777690754815,30,0.9964285714285714,1.0,1.0,0.99644128113879,1.0,0.9985739705134723,0.0017465269245972356,0.988034188034188,0.9697777777777777,0.9484444444444444,0.983111111111111,0.9208888888888889,0.962051282051282,0.024729800565599334,222,1.0,1.0,1.0,1.0,1.0,1.0,0.0
0.5975894451141357,0.009491982142185704,0.048014354705810544,0.002736562939751475,,entropy,3,2,0.1,100,"{'estimator__class_weight': None, 'estimator__criterion': 'entropy', 'estimator__max_depth': 3, 'estimator__min_samples_leaf': 2, 'learning_rate': 0.1, 'n_estimators': 100}",0.9370567375886525,0.9519560741249142,0.9352451433857539,0.9519560741249142,0.8878975062914665,0.9328223071031403,0.023555213206611404,33,0.980330172110994,0.9961273962596988,0.9883300801528303,0.9961273962596988,0.9961273962596988,0.9914084882085842,0.0063088820451880166,0.9574468085106383,0.967741935483871,0.9574468085106383,0.967741935483871,0.9247311827956989,0.9550217341569436,0.01582963370773456,16,0.9863013698630136,0.997229916897507,0.9917355371900827,0.997229916897507,0.997229916897507,0.9939453315491236,0.00437444497280306,0.9166666666666666,0.9361702127659575,0.9130434782608695,0.9361702127659575,0.851063829787234,0.9106228800493371,0.03128897421894366,33,0.9743589743589743,0.9950248756218906,0.9849246231155779,0.9950248756218906,0.9950248756218906,0.9888716448680448,0.008243583348878208,0.8461538461538461,0.88,0.84,0.88,0.8,0.8492307692307692,0.02970466064282379,107,0.95,0.9900990099009901,0.9702970297029703,0.9900990099009901,0.9900990099009901,0.9781188118811881,0.016015138412353084,0.9436619718309859,0.9571428571428572,0.9428571428571428,0.9571428571428572,0.9,0.9401609657947686,0.02101998503854104,18,0.9821428571428571,0.99644128113879,0.9893238434163701,0.99644128113879,0.99644128113879,0.9921581087951195,0.005716205417443897,0.9923076923076922,0.968,0.9359999999999999,0.9777777777777777,0.9279999999999999,0.960417094017094,0.024588479122829424,277,1.0,1.0,1.0,1.0,1.0,1.0,0.0
0.5154389858245849,0.027570066839375497,0.03805961608886719,0.005100249095291059,,entropy,3,2,1.0,100,"{'estimator__class_weight': None, 'estimator__criterion': 'entropy', 'estimator__max_depth': 3, 'estimator__min_samples_leaf': 2, 'learning_rate': 1.0, 'n_estimators': 100}",0.9370567375886525,0.9365942028985508,0.8853801169590643,0.9682971014492754,0.9365942028985508,0.9327844723588188,0.026666833631113235,34,1.0,1.0,1.0,1.0,1.0,1.0,0.0,0.9574468085106383,0.9565217391304348,0.9263157894736842,0.9782608695652174,0.9565217391304348,0.9550133891620819,0.016579923654526773,17,1.0,1.0,1.0,1.0,1.0,1.0,0.0,0.9166666666666666,0.9166666666666666,0.8444444444444444,0.9583333333333334,0.9166666666666666,0.9105555555555556,0.03678432301610412,34,1.0,1.0,1.0,1.0,1.0,1.0,0.0,0.8461538461538461,0.88,0.76,0.92,0.88,0.8572307692307692,0.05395066780136293,58,1.0,1.0,1.0,1.0,1.0,1.0,0.0,0.9436619718309859,0.9428571428571428,0.9,0.9714285714285714,0.9428571428571428,0.9401609657947686,0.022879519751990273,18,1.0,1.0,1.0,1.0,1.0,1.0,0.0,0.9914529914529915,0.9484444444444444,0.9697777777777778,0.992,0.9697777777777778,0.9742905982905983,0.016229143012287745,38,1.0,1.0,1.0,1.0,1.0,1.0,0.0
0.22357468605041503,0.007421250791557923,0.032675313949584964,0.0032494673340899677,,gini,3,1,1.0,50,"{'estimator__class_weight': None, 'estimator__criterion': 'gini', 'estimator__max_depth': 3, 'estimator__min_samples_leaf': 1, 'learning_rate': 1.0, 'n_estimators': 50}",0.9847015729368671,0.9199267902081903,0.8853801169590643,0.9365942028985508,0.9365942028985508,0.9326393771802447,0.032052460323976746,35,1.0,1.0,1.0,1.0,1.0,1.0,0.0,0.989010989010989,0.946236559139785,0.9263157894736842,0.9565217391304348,0.9565217391304348,0.9549213631770656,0.020302362739083826,18,1.0,1.0,1.0,1.0,1.0,1.0,0.0,0.9803921568627451,0.8936170212765957,0.8444444444444444,0.9166666666666666,0.9166666666666666,0.9103573911834237,0.043838884224937334,35,1.0,1.0,1.0,1.0,1.0,1.0,0.0,0.9615384615384616,0.84,0.76,0.88,0.88,0.8643076923076922,0.06544811396290788,52,1.0,1.0,1.0,1.0,1.0,1.0,0.0,0.9859154929577465,0.9285714285714286,0.9,0.9428571428571428,0.9428571428571428,0.9400402414486922,0.027767474397907006,36,1.0,1.0,1.0,1.0,1.0,1.0,0.0,0.9905982905982906,0.9324444444444444,0.9742222222222222,0.9875555555555555,0.9635555555555556,0.9696752136752137,0.020984458312902736,108,1.0,1.0,1.0,1.0,1.0,1.0,0.0
1.047670030593872,0.05299648163760575,0.06373052597045899,0.008889232680091895,,entropy,3,1,0.1,200,"{'estimator__class_weight': None, 'estimator__criterion': 'entropy', 'estimator__max_depth': 3, 'estimator__min_samples_leaf': 1, 'learning_rate': 0.1, 'n_estimators': 200}",0.9382608695652175,0.9519560741249142,0.9181286549707601,0.9519560741249142,0.9028677150786308,0.9326338775728873,0.019363798751504374,36,1.0,1.0,1.0,1.0,1.0,1.0,0.0,0.9565217391304348,0.967741935483871,0.9473684210526315,0.967741935483871,0.9361702127659575,0.9551088487833532,0.012163652197858994,15,1.0,1.0,1.0,1.0,1.0,1.0,0.0,0.92,0.9361702127659575,0.8888888888888888,0.9361702127659575,0.8695652173913043,0.9101589063624216,0.026646892776566036,36,1.0,1.0,1.0,1.0,1.0,1.0,0.0,0.8846153846153846,0.88,0.8,0.88,0.8,0.8489230769230769,0.039981060604998835,118,1.0,1.0,1.0,1.0,1.0,1.0,0.0,0.9436619718309859,0.9571428571428572,0.9285714285714286,0.9571428571428572,0.9142857142857143,0.9401609657947686,0.016690550167626016,18,1.0,1.0,1.0,1.0,1.0,1.0,0.0,0.9897435897435898,0.9564444444444444,0.9386666666666668,0.9928888888888888,0.9217777777777778,0.9599042735042737,0.02791059183677558,295,1.0,1.0,1.0,1.0,1.0,1.0,0.0
0.13902082443237304,0.02409814008914499,0.032410812377929685,0.001938351912671754,balanced,entropy,2,5,1.0,25,"{'estimator__class_weight': 'balanced', 'estimator__criterion': 'entropy', 'estimator__max_depth': 2, 'estimator__min_samples_leaf': 5, 'learning_rate': 1.0, 'n_estimators': 25}",0.9532587228439764,0.9215070643642072,0.9199267902081903,0.9377777777777778,0.9199267902081903,0.9304794290804684,0.013231642536062934,37,1.0,1.0,1.0,1.0,0.9961273962596988,0.9992254792519397,0.0015490414961204734,0.967741935483871,0.945054945054945,0.946236559139785,0.9555555555555556,0.946236559139785,0.9521651108747884,0.008660051840149187,71,1.0,1.0,1.0,1.0,0.997229916897507,0.9994459833795014,0.0011080332409972194,0.9387755102040817,0.8979591836734694,0.8936170212765957,0.92,0.8936170212765957,0.9087937472861485,0.01790273722629655,37,1.0,1.0,1.0,1.0,0.9950248756218906,0.9990049751243781,0.0019900497512437723,0.8846153846153846,0.88,0.84,0.92,0.84,0.8729230769230769,0.0302353686068634,7,1.0,1.0,1.0,1.0,0.9900990099009901,0.998019801980198,0.003960396039603964,0.9577464788732394,0.9285714285714286,0.9285714285714286,0.9428571428571428,0.9285714285714286,0.9372635814889337,0.011640425946328557,61,1.0,1.0,1.0,1.0,0.99644128113879,0.9992882562277581,0.0014234875444839813,0.9931623931623932,0.9662222222222222,0.9475555555555556,0.9831111111111112,0.9311111111111111,0.9642324786324787,0.022682356792553426,167,1.0,1.0,1.0,0.9999999999999999,1.0,1.0,4.965068306494546e-17
0.5686480045318604,0.18825651148164632,0.05106253623962402,0.009571233143871758,balanced,entropy,3,5,0.1,100,"{'estimator__class_weight': 'balanced', 'estimator__criterion': 'entropy', 'estimator__max_depth': 3, 'estimator__min_samples_leaf': 5, 'learning_rate': 0.1, 'n_estimators': 100}",0.9382608695652175,0.9365942028985508,0.9352451433857539,0.9519560741249142,0.8901098901098901,0.9304332360168652,0.02103135087325652,38,0.9642446686246967,0.9646614965416056,0.9883300801528303,0.9883300801528303,0.9922375690607734,0.9795607789065475,0.01241832634831665,0.9565217391304348,0.9565217391304348,0.9574468085106383,0.967741935483871,0.9230769230769231,0.9522618290664605,0.015195855432685151,70,0.975609756097561,0.9754768392370572,0.9917355371900827,0.9917355371900827,0.994475138121547,0.9858065615672661,0.00843952283669592,0.92,0.9166666666666666,0.9130434782608695,0.9361702127659575,0.8571428571428571,0.9086046429672701,0.026917390978179082,38,0.9528795811518325,0.9538461538461539,0.9849246231155779,0.9849246231155779,0.99,0.9733149962458285,0.01639876969064217,0.8846153846153846,0.88,0.84,0.88,0.84,0.8649230769230769,0.02041927387450716,25,0.91,0.9207920792079208,0.9702970297029703,0.9702970297029703,0.9801980198019802,0.9503168316831683,0.028942909165826345,0.9436619718309859,0.9428571428571428,0.9428571428571428,0.9571428571428572,0.9,0.9373038229376258,0.019428161341543473,46,0.9678571428571429,0.9679715302491103,0.9893238434163701,0.9893238434163701,0.9928825622775801,0.9814717844433147,0.011145679340836037,0.9918803418803419,0.9657777777777778,0.9413333333333334,0.9786666666666667,0.9404444444444444,0.9636205128205129,0.020315053487572638,187,0.9959444444444445,0.9984048404840484,1.0,0.9998899889988999,0.9998899889988999,0.9988258525852587,0.0015571229128449535
0.8775010108947754,0.02628414361543669,0.07268705368041992,0.0033096243992697806,,entropy,2,5,1.0,200,"{'estimator__class_weight': None, 'estimator__criterion': 'entropy', 'estimator__max_depth': 2, 'estimator__min_samples_leaf': 5, 'learning_rate': 1.0, 'n_estimators': 200}",0.9220978714066272,0.9365942028985508,0.9028677150786308,0.9682971014492754,0.9215070643642072,0.9302727910394584,0.02181977952959919,39,1.0,1.0,1.0,1.0,1.0,1.0,0.0,0.946236559139785,0.9565217391304348,0.9361702127659575,0.9782608695652174,0.945054945054945,0.9524488651312678,0.014429866237556124,65,1.0,1.0,1.0,1.0,1.0,1.0,0.0,0.8979591836734694,0.9166666666666666,0.8695652173913043,0.9583333333333334,0.8979591836734694,0.9080967169476486,0.029282681857711358,39,1.0,1.0,1.0,1.0,1.0,1.0,0.0,0.8461538461538461,0.88,0.8,0.92,0.88,0.8652307692307692,0.040137043345526965,21,1.0,1.0,1.0,1.0,1.0,1.0,0.0,0.9295774647887324,0.9428571428571428,0.9142857142857143,0.9714285714285714,0.9285714285714286,0.9373440643863178,0.019293078408334968,41,1.0,1.0,1.0,1.0,1.0,1.0,0.0,0.9837606837606837,0.9431111111111112,0.9608888888888889,0.9964444444444445,0.9697777777777777,0.9707965811965812,0.018393294569473886,87,1.0,1.0,1.0,1.0,1.0,1.0,0.0
0.2996201992034912,0.012161050265338121,0.0342198371887207,0.0031357809979606437,,entropy,3,2,1.5,50,"{'estimator__class_weight': None, 'estimator__criterion': 'entropy', 'estimator__max_depth': 3, 'estimator__min_samples_leaf': 2, 'learning_rate': 1.5, 'n_estimators': 50}",0.9382608695652175,0.9365942028985508,0.9028677150786308,0.9519560741249142,0.9215070643642072,0.9302371852063042,0.016743979368579912,40,1.0,1.0,1.0,1.0,1.0,1.0,0.0,0.9565217391304348,0.9565217391304348,0.9361702127659575,0.967741935483871,0.945054945054945,0.9524021143131286,0.010832435134968883,67,1.0,1.0,1.0,1.0,1.0,1.0,0.0,0.92,0.9166666666666666,0.8695652173913043,0.9361702127659575,0.8979591836734694,0.9080722560994795,0.022762672955308583,40,1.0,1.0,1.0,1.0,1.0,1.0,0.0,0.8846153846153846,0.88,0.8,0.88,0.88,0.8649230769230769,0.032510717395377926,25,1.0,1.0,1.0,1.0,1.0,1.0,0.0,0.9436619718309859,0.9428571428571428,0.9142857142857143,0.9571428571428572,0.9285714285714286,0.9373038229376258,0.014635168157236726,46,1.0,1.0,1.0,1.0,1.0,1.0,0.0,0.9914529914529915,0.9546666666666667,0.9573333333333334,0.9688888888888889,0.951111111111111,0.9646905982905982,0.014648292437255064,161,1.0,1.0,1.0,1.0,1.0,1.0,0.0
0.7808846473693848,0.02268124501047277,0.06408920288085937,0.0024302871904420035,,entropy,3,5,1.5,100,"{'estimator__class_weight': None, 'estimator__criterion': 'entropy', 'estimator__max_depth': 3, 'estimator__min_samples_leaf': 5, 'learning_rate': 1.5, 'n_estimators': 100}",0.9382608695652175,0.9215070643642072,0.9028677150786308,0.9519560741249142,0.9365942028985508,0.9302371852063042,0.016743979368579912,40,1.0,1.0,1.0,1.0,1.0,1.0,0.0,0.9565217391304348,0.945054945054945,0.9361702127659575,0.967741935483871,0.9565217391304348,0.9524021143131286,0.010832435134968883,67,1.0,1.0,1.0,1.0,1.0,1.0,0.0,0.92,0.8979591836734694,0.8695652173913043,0.9361702127659575,0.9166666666666666,0.9080722560994795,0.022762672955308583,40,1.0,1.0,1.0,1.0,1.0,1.0,0.0,0.8846153846153846,0.88,0.8,0.88,0.88,0.8649230769230769,0.032510717395377926,25,1.0,1.0,1.0,1.0,1.0,1.0,0.0,0.9436619718309859,0.9285714285714286,0.9142857142857143,0.9571428571428572,0.9428571428571428,0.9373038229376258,0.014635168157236724,46,1.0,1.0,1.0,1.0,1.0,1.0,0.0,0.9948717948717949,0.9440000000000001,0.9662222222222223,0.9902222222222222,0.9813333333333333,0.9753299145299146,0.018461963907728345,22,1.0,1.0,1.0,1.0,1.0,1.0,0.0
0.20972957611083984,0.0160994799365754,0.030152034759521485,0.003611435796611819,,entropy,2,5,1.0,50,"{'estimator__class_weight': None, 'estimator__criterion': 'entropy', 'estimator__max_depth': 2, 'estimator__min_samples_leaf': 5, 'learning_rate': 1.0, 'n_estimators': 50}",0.9541047188106011,0.9529042386185244,0.8853801169590643,0.9682971014492754,0.8901098901098901,0.9301592131894711,0.03508372181078245,42,1.0,1.0,1.0,1.0,1.0,1.0,0.0,0.967032967032967,0.967032967032967,0.9263157894736842,0.9782608695652174,0.9230769230769231,0.9523439032363518,0.02296625858875745,69,1.0,1.0,1.0,1.0,1.0,1.0,0.0,0.9411764705882353,0.9387755102040817,0.8444444444444444,0.9583333333333334,0.8571428571428571,0.9079745231425903,0.047343445268957465,42,1.0,1.0,1.0,1.0,1.0,1.0,0.0,0.9230769230769231,0.92,0.76,0.92,0.84,0.8726153846153846,0.06447163497210485,14,1.0,1.0,1.0,1.0,1.0,1.0,0.0,0.9577464788732394,0.9571428571428572,0.9,0.9714285714285714,0.9,0.9372635814889337,0.03085167818489302,61,1.0,1.0,1.0,1.0,1.0,1.0,0.0,0.9863247863247864,0.9448888888888889,0.9191111111111111,0.992,0.9653333333333334,0.961531623931624,0.02695906665198458,231,1.0,1.0,1.0,1.0,1.0,1.0,0.0
0.7364865303039551,0.05012510392618359,0.05443077087402344,0.007178160474108049,balanced,entropy,3,5,1.0,100,"{'estimator__class_weight': 'balanced', 'estimator__criterion': 'entropy', 'estimator__max_depth': 3, 'estimator__min_samples_leaf': 5, 'learning_rate': 1.0, 'n_estimators': 100}",0.9204927211646137,0.9365942028985508,0.9199267902081903,0.9519560741249142,0.9215070643642072,0.9300953705520951,0.01256578757748406,43,1.0,1.0,1.0,1.0,1.0,1.0,0.0,0.9473684210526315,0.9565217391304348,0.946236559139785,0.967741935483871,0.945054945054945,0.9525847199723335,0.008595902891454383,64,1.0,1.0,1.0,1.0,1.0,1.0,0.0,0.8936170212765957,0.9166666666666666,0.8936170212765957,0.9361702127659575,0.8979591836734694,0.907606021131857,0.01662801279808644,44,1.0,1.0,1.0,1.0,1.0,1.0,0.0,0.8076923076923077,0.88,0.84,0.88,0.88,0.8575384615384616,0.029345523735547975,54,1.0,1.0,1.0,1.0,1.0,1.0,0.0,0.9295774647887324,0.9428571428571428,0.9285714285714286,0.9571428571428572,0.9285714285714286,0.937344064386318,0.011283834245791085,37,1.0,1.0,1.0,1.0,1.0,1.0,0.0,0.9837606837606838,0.9466666666666667,0.9724444444444444,0.9902222222222222,0.9724444444444444,0.9731076923076923,0.014875489864192246,54,1.0,1.0,1.0,1.0,1.0,1.0,0.0
0.42009425163269043,0.026987098123379558,0.0430091381072998,0.0044443045873468505,,entropy,2,2,0.5,100,"{'estimator__class_weight': None, 'estimator__criterion': 'entropy', 'estimator__max_depth': 2, 'estimator__min_samples_leaf': 2, 'learning_rate': 0.5, 'n_estimators': 100}",0.9541047188106011,0.9028677150786308,0.9199267902081903,0.9519560741249142,0.9215070643642072,0.9300724725173086,0.019863739803299557,44,1.0,1.0,1.0,1.0,1.0,1.0,0.0,0.967032967032967,0.9361702127659575,0.946236559139785,0.967741935483871,0.945054945054945,0.9524473238955051,0.0126872482427772,66,1.0,1.0,1.0,1.0,1.0,1.0,0.0,0.9411764705882353,0.8695652173913043,0.8936170212765957,0.9361702127659575,0.8979591836734694,0.9076976211391126,0.027124536887226353,43,1.0,1.0,1.0,1.0,1.0,1.0,0.0,0.9230769230769231,0.8,0.84,0.88,0.88,0.8646153846153846,0.041646582930925866,48,1.0,1.0,1.0,1.0,1.0,1.0,0.0,0.9577464788732394,0.9142857142857143,0.9285714285714286,0.9571428571428572,0.9285714285714286,0.9372635814889337,0.01728481479028366,61,1.0,1.0,1.0,1.0,1.0,1.0,0.0,0.9923076923076922,0.9591111111111111,0.9528888888888889,0.9902222222222222,0.9377777777777777,0.9664615384615385,0.02141773791525792,142,1.0,1.0,1.0,1.0,1.0,1.0,0.0
1.1333088874816895,0.05106302495662154,0.09236173629760742,0.009663509359260095,balanced,gini,3,5,0.5,200,"{'estimator__class_weight': 'balanced', 'estimator__criterion': 'gini', 'estimator__max_depth': 3, 'estimator__min_samples_leaf': 5, 'learning_rate': 0.5, 'n_estimators': 200}",0.9220978714066272,0.9365942028985508,0.9028677150786308,0.9519560741249142,0.9365942028985508,0.9300220132814548,0.016538671731133627,45,1.0,1.0,1.0,1.0,1.0,1.0,0.0,0.946236559139785,0.9565217391304348,0.9361702127659575,0.967741935483871,0.9565217391304348,0.9526384371300965,0.010681406151669258,61,1.0,1.0,1.0,1.0,1.0,1.0,0.0,0.8979591836734694,0.9166666666666666,0.8695652173913043,0.9361702127659575,0.9166666666666666,0.9074055894328129,0.022450242745103825,45,1.0,1.0,1.0,1.0,1.0,1.0,0.0,0.8461538461538461,0.88,0.8,0.88,0.88,0.8572307692307692,0.03147498302164779,58,1.0,1.0,1.0,1.0,1.0,1.0,0.0,0.9295774647887324,0.9428571428571428,0.9142857142857143,0.9571428571428572,0.9428571428571428,0.9373440643863178,0.014455364690927468,41,1.0,1.0,1.0,1.0,1.0,1.0,0.0,0.9905982905982906,0.952,0.9617777777777778,0.991111111111111,0.9715555555555555,0.973408547008547,0.015529985935138232,50,1.0,1.0,1.0,1.0,1.0,1.0,0.0
0.3493503570556641,0.030951873259804613,0.03766102790832519,0.005722107957265016,balanced,entropy,3,5,0.5,50,"{'estimator__class_weight': 'balanced', 'estimator__criterion': 'entropy', 'estimator__max_depth': 3, 'estimator__min_samples_leaf': 5, 'learning_rate': 0.5, 'n_estimators': 50}",0.9382608695652175,0.9365942028985508,0.9028677150786308,0.9843014128728415,0.8878975062914665,0.9299843413413414,0.03337408741341429,46,1.0,1.0,1.0,1.0,1.0,1.0,0.0,0.9565217391304348,0.9565217391304348,0.9361702127659575,0.989010989010989,0.9247311827956989,0.9525911725667029,0.021923178089307657,63,1.0,1.0,1.0,1.0,1.0,1.0,0.0,0.92,0.9166666666666666,0.8695652173913043,0.9795918367346939,0.851063829787234,0.9073775101159798,0.04485872205614954,46,1.0,1.0,1.0,1.0,1.0,1.0,0.0,0.8846153846153846,0.88,0.8,0.96,0.8,0.8649230769230769,0.06014105707054147,25,1.0,1.0,1.0,1.0,1.0,1.0,0.0,0.9436619718309859,0.9428571428571428,0.9142857142857143,0.9857142857142858,0.9,0.9373038229376258,0.02944909797396844,46,1.0,1.0,1.0,1.0,1.0,1.0,0.0,0.9846153846153846,0.9511111111111111,0.944,0.9875555555555555,0.9271111111111111,0.9588786324786325,0.02356111132427085,331,1.0,1.0,1.0,1.0,1.0,1.0,0.0
0.936359167098999,0.5897021793035653,0.06845922470092773,0.03351789957973491,balanced,entropy,3,1,0.5,200,"{'estimator__class_weight': 'balanced', 'estimator__criterion': 'entropy', 'estimator__max_depth': 3, 'estimator__min_samples_leaf': 1, 'learning_rate': 0.5, 'n_estimators': 200}",0.9204927211646137,0.9529042386185244,0.8878975062914665,0.9519560741249142,0.9365942028985508,0.9299689486196139,0.024137772705575208,47,1.0,1.0,1.0,1.0,1.0,1.0,0.0,0.9473684210526315,0.967032967032967,0.9247311827956989,0.967741935483871,0.9565217391304348,0.9526792490991207,0.01585545820170676,59,1.0,1.0,1.0,1.0,1.0,1.0,0.0,0.8936170212765957,0.9387755102040817,0.851063829787234,0.9361702127659575,0.9166666666666666,0.9072586481401071,0.032439647252293244,47,1.0,1.0,1.0,1.0,1.0,1.0,0.0,0.8076923076923077,0.92,0.8,0.88,0.88,0.8575384615384616,0.04627266756211067,54,1.0,1.0,1.0,1.0,1.0,1.0,0.0,0.9295774647887324,0.9571428571428572,0.9,0.9571428571428572,0.9428571428571428,0.937344064386318,0.021303885268452463,37,1.0,1.0,1.0,1.0,1.0,1.0,0.0,0.9948717948717949,0.9555555555555556,0.9706666666666667,0.9893333333333334,0.9466666666666667,0.9714188034188034,0.01863249745157053,79,1.0,1.0,1.0,1.0,1.0,1.0,0.0
0.5875725746154785,0.02602937417501853,0.05679821968078613,0.005863520528612398,balanced,entropy,2,5,1.5,100,"{'estimator__class_weight': 'balanced', 'estimator__criterion': 'entropy', 'estimator__max_depth': 2, 'estimator__min_samples_leaf': 5, 'learning_rate': 1.5, 'n_estimators': 100}",0.9220978714066272,0.9529042386185244,0.9028677150786308,0.9519560741249142,0.9199267902081903,0.9299505378873775,0.019528108879461274,48,1.0,1.0,1.0,1.0,1.0,1.0,0.0,0.946236559139785,0.967032967032967,0.9361702127659575,0.967741935483871,0.946236559139785,0.9526836467124731,0.01255769430611131,58,1.0,1.0,1.0,1.0,1.0,1.0,0.0,0.8979591836734694,0.9387755102040817,0.8695652173913043,0.9361702127659575,0.8936170212765957,0.9072174290622816,0.026542612580063636,48,1.0,1.0,1.0,1.0,1.0,1.0,0.0,0.8461538461538461,0.92,0.8,0.88,0.84,0.8572307692307692,0.040381611609902564,58,1.0,1.0,1.0,1.0,1.0,1.0,0.0,0.9295774647887324,0.9571428571428572,0.9142857142857143,0.9571428571428572,0.9285714285714286,0.937344064386318,0.017046707054705238,37,1.0,1.0,1.0,1.0,1.0,1.0,0.0,0.9811965811965812,0.935111111111111,0.968,0.9848888888888889,0.9502222222222223,0.9638837606837607,0.0188276158219683,177,1.0,1.0,1.0,1.0,1.0,1.0,0.0
0.28176054954528806,0.005288431757170837,0.030434083938598634,0.0030029601325077837,,entropy,3,1,0.5,50,"{'estimator__class_weight': None, 'estimator__criterion': 'entropy', 'estimator__max_depth': 3, 'estimator__min_samples_leaf': 1, 'learning_rate': 0.5, 'n_estimators': 50}",0.9382608695652175,0.9365942028985508,0.9028677150786308,0.9519560741249142,0.9199267902081903,0.9299211303751008,0.01691977545533644,49,1.0,1.0,1.0,1.0,1.0,1.0,0.0,0.9565217391304348,0.9565217391304348,0.9361702127659575,0.967741935483871,0.946236559139785,0.9526384371300967,0.010681406151669258,60,1.0,1.0,1.0,1.0,1.0,1.0,0.0,0.92,0.9166666666666666,0.8695652173913043,0.9361702127659575,0.8936170212765957,0.9072038236201049,0.023210364518406454,49,1.0,1.0,1.0,1.0,1.0,1.0,0.0,0.8846153846153846,0.88,0.8,0.88,0.84,0.8569230769230769,0.032737073423434786,67,1.0,1.0,1.0,1.0,1.0,1.0,0.0,0.9436619718309859,0.9428571428571428,0.9142857142857143,0.9571428571428572,0.9285714285714286,0.9373038229376258,0.014635168157236726,46,1.0,1.0,1.0,1.0,1.0,1.0,0.0,0.9914529914529915,0.96,0.959111111111111,0.984,0.9244444444444444,0.9638017094017094,0.023486222998974175,181,1.0,1.0,1.0,1.0,1.0,1.0,0.0
0.8156907558441162,0.020964943117826495,0.06897215843200684,0.010224461863229917,,entropy,2,5,0.5,200,"{'estimator__class_weight': None, 'estimator__criterion': 'entropy', 'estimator__max_depth': 2, 'estimator__min_samples_leaf': 5, 'learning_rate': 0.5, 'n_estimators': 200}",0.9382608695652175,0.9199267902081903,0.9028677150786308,0.9519560741249142,0.9365942028985508,0.9299211303751008,0.01691977545533644,49,1.0,1.0,1.0,1.0,1.0,1.0,0.0,0.9565217391304348,0.946236559139785,0.9361702127659575,0.967741935483871,0.9565217391304348,0.9526384371300965,0.010681406151669258,61,1.0,1.0,1.0,1.0,1.0,1.0,0.0,0.92,0.8936170212765957,0.8695652173913043,0.9361702127659575,0.9166666666666666,0.9072038236201049,0.023210364518406454,49,1.0,1.0,1.0,1.0,1.0,1.0,0.0,0.8846153846153846,0.84,0.8,0.88,0.88,0.8569230769230769,0.032737073423434786,67,1.0,1.0,1.0,1.0,1.0,1.0,0.0,0.9436619718309859,0.9285714285714286,0.9142857142857143,0.9571428571428572,0.9428571428571428,0.9373038229376258,0.014635168157236724,46,1.0,1.0,1.0,1.0,1.0,1.0,0.0,0.9897435897435897,0.9546666666666668,0.9591111111111111,0.9964444444444445,0.9351111111111111,0.9670153846153846,0.022871344137216705,135,1.0,1.0,1.0,1.0,1.0,1.0,0.0
0.45056471824645994,0.013099898615156284,0.04488272666931152,0.0033716520456682415,,entropy,2,5,1.0,100,"{'estimator__class_weight': None, 'estimator__criterion': 'entropy', 'estimator__max_depth': 2, 'estimator__min_samples_leaf': 5, 'learning_rate': 1.0, 'n_estimators': 100}",0.9382608695652175,0.9199267902081903,0.9028677150786308,0.9682971014492754,0.9199267902081903,0.929855853301901,0.02224367797874596,51,1.0,1.0,1.0,1.0,1.0,1.0,0.0,0.9565217391304348,0.946236559139785,0.9361702127659575,0.9782608695652174,0.946236559139785,0.9526851879482358,0.014316065433187123,57,1.0,1.0,1.0,1.0,1.0,1.0,0.0,0.92,0.8936170212765957,0.8695652173913043,0.9583333333333334,0.8936170212765957,0.9070265186555659,0.030211516952639565,51,1.0,1.0,1.0,1.0,1.0,1.0,0.0,0.8846153846153846,0.84,0.8,0.92,0.84,0.8569230769230769,0.04137288938823781,67,1.0,1.0,1.0,1.0,1.0,1.0,0.0,0.9436619718309859,0.9285714285714286,0.9142857142857143,0.9714285714285714,0.9285714285714286,0.9373038229376258,0.019428161341543473,46,1.0,1.0,1.0,1.0,1.0,1.0,0.0,0.9923076923076923,0.9466666666666667,0.9511111111111111,0.9946666666666667,0.9626666666666667,0.9694837606837607,0.020296587945070853,110,1.0,1.0,1.0,1.0,1.0,1.0,0.0
0.502082109451294,0.06042532599654307,0.04864735603332519,0.006238600423828287,,entropy,3,5,0.5,100,"{'estimator__class_weight': None, 'estimator__criterion': 'entropy', 'estimator__max_depth': 3, 'estimator__min_samples_leaf': 5, 'learning_rate': 0.5, 'n_estimators': 100}",0.9220978714066272,0.9365942028985508,0.9005681818181819,0.9682971014492754,0.9215070643642072,0.9298128843873685,0.02240884621540526,52,1.0,1.0,1.0,1.0,1.0,1.0,0.0,0.946236559139785,0.9565217391304348,0.9375,0.9782608695652174,0.945054945054945,0.9527148225780764,0.01413665856723898,56,1.0,1.0,1.0,1.0,1.0,1.0,0.0,0.8979591836734694,0.9166666666666666,0.8636363636363636,0.9583333333333334,0.8979591836734694,0.9069109461966605,0.03089463895576034,52,1.0,1.0,1.0,1.0,1.0,1.0,0.0,0.8461538461538461,0.88,0.76,0.92,0.88,0.8572307692307692,0.05395066780136293,58,1.0,1.0,1.0,1.0,1.0,1.0,0.0,0.9295774647887324,0.9428571428571428,0.9142857142857143,0.9714285714285714,0.9285714285714286,0.9373440643863178,0.019293078408334968,41,1.0,1.0,1.0,1.0,1.0,1.0,0.0,0.9846153846153847,0.9502222222222222,0.9511111111111111,0.9857777777777779,0.9564444444444444,0.9656341880341881,0.016118001564462855,148,1.0,1.0,1.0,1.0,1.0,1.0,0.0
0.8650137901306152,0.018393505532748017,0.07161040306091308,0.010817185615481359,,entropy,2,5,0.1,200,"{'estimator__class_weight': None, 'estimator__criterion': 'entropy', 'estimator__max_depth': 2, 'estimator__min_samples_leaf': 5, 'learning_rate': 0.1, 'n_estimators': 200}",0.9220978714066272,0.9519560741249142,0.9181286549707601,0.9519560741249142,0.9048913043478262,0.9298059957950084,0.018961905285401228,53,0.9763393611627513,0.9804603296015576,0.9883300801528303,0.976497156239545,0.9804603296015576,0.9804174513516484,0.004350009310074728,0.946236559139785,0.967741935483871,0.9473684210526315,0.967741935483871,0.9347826086956522,0.952774291971162,0.012990202174682395,47,0.9836065573770492,0.9863013698630136,0.9917355371900827,0.9836065573770492,0.9863013698630136,0.9863102783340416,0.0029682926541473096,0.8979591836734694,0.9361702127659575,0.8888888888888888,0.9361702127659575,0.875,0.9068376996188547,0.025041643812189856,53,0.9690721649484536,0.9746192893401016,0.9849246231155779,0.9693877551020408,0.9746192893401016,0.974524624369255,0.005732270692157954,0.8461538461538461,0.88,0.8,0.88,0.84,0.8492307692307692,0.029704660642823795,107,0.94,0.9504950495049505,0.9702970297029703,0.9405940594059405,0.9504950495049505,0.9503762376237624,0.010956491295111458,0.9295774647887324,0.9571428571428572,0.9285714285714286,0.9571428571428572,0.9142857142857143,0.937344064386318,0.017046707054705238,37,0.9785714285714285,0.9822064056939501,0.9893238434163701,0.9786476868327402,0.9822064056939501,0.9821911540416878,0.003912398120908213,0.9897435897435898,0.9608888888888889,0.9475555555555556,0.9813333333333333,0.92,0.9599042735042735,0.024881321287760494,296,1.0,1.0,1.0,0.9996699669966996,0.9996699669966996,0.9998679867986798,0.0001616824912728353
0.4403966426849365,0.03424609642487763,0.06123175621032715,0.0027588735354609714,,gini,2,5,0.5,100,"{'estimator__class_weight': None, 'estimator__criterion': 'gini', 'estimator__max_depth': 2, 'estimator__min_samples_leaf': 5, 'learning_rate': 0.5, 'n_estimators': 100}",0.9382608695652175,0.9365942028985508,0.9028677150786308,0.9682971014492754,0.9028677150786308,0.9297775208140611,0.024700071831574556,54,1.0,1.0,1.0,1.0,1.0,1.0,0.0,0.9565217391304348,0.9565217391304348,0.9361702127659575,0.9782608695652174,0.9361702127659575,0.9527289546716003,0.015678220390290758,49,1.0,1.0,1.0,1.0,1.0,1.0,0.0,0.92,0.9166666666666666,0.8695652173913043,0.9583333333333334,0.8695652173913043,0.9068260869565219,0.03376427172246636,54,1.0,1.0,1.0,1.0,1.0,1.0,0.0,0.8846153846153846,0.88,0.8,0.92,0.8,0.8569230769230769,0.04849449428885056,67,1.0,1.0,1.0,1.0,1.0,1.0,0.0,0.9436619718309859,0.9428571428571428,0.9142857142857143,0.9714285714285714,0.9142857142857143,0.9373038229376258,0.0214262947374078,46,1.0,1.0,1.0,1.0,1.0,1.0,0.0,0.9923076923076923,0.9537777777777778,0.9368888888888889,0.9902222222222222,0.952,0.9650393162393162,0.022212769587206197,158,1.0,1.0,1.0,1.0,1.0,1.0,0.0
0.2526700973510742,0.010181016093890131,0.03638272285461426,0.005090290552608929,,gini,3,5,0.5,50,"{'estimator__class_weight': None, 'estimator__criterion': 'gini', 'estimator__max_depth': 3, 'estimator__min_samples_leaf': 5, 'learning_rate': 0.5, 'n_estimators': 50}",0.9370567375886525,0.9365942028985508,0.8853801169590643,0.9682971014492754,0.9215070643642072,0.92976704465195,0.026917435293905792,55,1.0,1.0,1.0,1.0,1.0,1.0,0.0,0.9574468085106383,0.9565217391304348,0.9263157894736842,0.9782608695652174,0.945054945054945,0.9527200303469838,0.017000396219404322,54,1.0,1.0,1.0,1.0,1.0,1.0,0.0,0.9166666666666666,0.9166666666666666,0.8444444444444444,0.9583333333333334,0.8979591836734694,0.9068140589569161,0.03692359955463917,55,1.0,1.0,1.0,1.0,1.0,1.0,0.0,0.8461538461538461,0.88,0.76,0.92,0.88,0.8572307692307692,0.05395066780136293,58,1.0,1.0,1.0,1.0,1.0,1.0,0.0,0.9436619718309859,0.9428571428571428,0.9,0.9714285714285714,0.9285714285714286,0.9373038229376258,0.023253360170854723,46,1.0,1.0,1.0,1.0,1.0,1.0,0.0,0.9931623931623932,0.9475555555555555,0.9715555555555555,0.9928888888888888,0.9333333333333333,0.9676991452991454,0.024018931340738577,129,1.0,1.0,1.0,1.0,1.0,1.0,0.0
0.6047170639038086,0.020099623149423946,0.07421069145202637,0.0037587403076797927,,entropy,1,1,0.5,200,"{'estimator__class_weight': None, 'estimator__criterion': 'entropy', 'estimator__max_depth': 1, 'estimator__min_samples_leaf': 1, 'learning_rate': 0.5, 'n_estimators': 200}",0.9382608695652175,0.9519560741249142,0.8853801169590643,0.9682971014492754,0.9048913043478262,0.9297570932892596,0.030456738755021095,56,0.9601706970128023,0.9685118780815778,0.9725144973101376,0.9725144973101376,0.976497156239545,0.9700417451908401,0.005543995371568553,0.9565217391304348,0.967741935483871,0.9263157894736842,0.9782608695652174,0.9347826086956522,0.9527245884697718,0.01955187980373209,51,0.972972972972973,0.9782608695652174,0.9809264305177112,0.9809264305177112,0.9836065573770492,0.9793386521901326,0.0036039029399225625,0.92,0.9361702127659575,0.8444444444444444,0.9583333333333334,0.875,0.906789598108747,0.04145356102919827,56,0.9473684210526315,0.9587628865979382,0.9641025641025641,0.9641025641025641,0.9693877551020408,0.9607448381915479,0.007484722131147034,0.8846153846153846,0.88,0.76,0.92,0.84,0.8569230769230769,0.0546965810296344,67,0.9,0.9207920792079208,0.9306930693069307,0.9306930693069307,0.9405940594059405,0.9245544554455446,0.013781950606974494,0.9436619718309859,0.9571428571428572,0.9,0.9714285714285714,0.9142857142857143,0.9373038229376258,0.026532698041434506,46,0.9642857142857143,0.9715302491103203,0.9750889679715302,0.9750889679715302,0.9786476868327402,0.972928317234367,0.004872313455153293,0.9931623931623932,0.9675555555555555,0.9448888888888889,0.975111111111111,0.9146666666666667,0.9590769230769232,0.02707165622608427,326,0.9991944444444444,0.9998349834983499,0.9997799779977998,0.9996149614961496,0.9987348734873488,0.9994318481848184,0.00041457862881381035
0.5535736560821534,0.026421844213373017,0.06518678665161133,0.008893770021274524,,entropy,1,2,0.5,200,"{'estimator__class_weight': None, 'estimator__criterion': 'entropy', 'estimator__max_depth': 1, 'estimator__min_samples_leaf': 2, 'learning_rate': 0.5, 'n_estimators': 200}",0.9382608695652175,0.9519560741249142,0.8853801169590643,0.9682971014492754,0.9048913043478262,0.9297570932892596,0.030456738755021095,56,0.9601706970128023,0.9685118780815778,0.9725144973101376,0.9725144973101376,0.976497156239545,0.9700417451908401,0.005543995371568553,0.9565217391304348,0.967741935483871,0.9263157894736842,0.9782608695652174,0.9347826086956522,0.9527245884697718,0.01955187980373209,51,0.972972972972973,0.9782608695652174,0.9809264305177112,0.9809264305177112,0.9836065573770492,0.9793386521901326,0.0036039029399225625,0.92,0.9361702127659575,0.8444444444444444,0.9583333333333334,0.875,0.906789598108747,0.04145356102919827,56,0.9473684210526315,0.9587628865979382,0.9641025641025641,0.9641025641025641,0.9693877551020408,0.9607448381915479,0.007484722131147034,0.8846153846153846,0.88,0.76,0.92,0.84,0.8569230769230769,0.0546965810296344,67,0.9,0.9207920792079208,0.9306930693069307,0.9306930693069307,0.9405940594059405,0.9245544554455446,0.013781950606974494,0.9436619718309859,0.9571428571428572,0.9,0.9714285714285714,0.9142857142857143,0.9373038229376258,0.026532698041434506,46,0.9642857142857143,0.9715302491103203,0.9750889679715302,0.9750889679715302,0.9786476868327402,0.972928317234367,0.004872313455153293,0.9931623931623932,0.9675555555555555,0.9448888888888889,0.975111111111111,0.9146666666666667,0.9590769230769232,0.02707165622608427,326,0.9991944444444444,0.9998349834983499,0.9997799779977998,0.9996149614961496,0.9987348734873488,0.9994318481848184,0.00041457862881381035
0.5966132164001465,0.05570070895049638,0.06875653266906738,0.008850707744511722,,entropy,1,5,0.5,200,"{'estimator__class_weight': None, 'estimator__criterion': 'entropy', 'estimator__max_depth': 1, 'estimator__min_samples_leaf': 5, 'learning_rate': 0.5, 'n_estimators': 200}",0.9382608695652175,0.9519560741249142,0.8853801169590643,0.9682971014492754,0.9048913043478262,0.9297570932892596,0.030456738755021095,56,0.9601706970128023,0.9685118780815778,0.9725144973101376,0.9725144973101376,0.976497156239545,0.9700417451908401,0.005543995371568553,0.9565217391304348,0.967741935483871,0.9263157894736842,0.9782608695652174,0.9347826086956522,0.9527245884697718,0.01955187980373209,51,0.972972972972973,0.9782608695652174,0.9809264305177112,0.9809264305177112,0.9836065573770492,0.9793386521901326,0.0036039029399225625,0.92,0.9361702127659575,0.8444444444444444,0.9583333333333334,0.875,0.906789598108747,0.04145356102919827,56,0.9473684210526315,0.9587628865979382,0.9641025641025641,0.9641025641025641,0.9693877551020408,0.9607448381915479,0.007484722131147034,0.8846153846153846,0.88,0.76,0.92,0.84,0.8569230769230769,0.0546965810296344,67,0.9,0.9207920792079208,0.9306930693069307,0.9306930693069307,0.9405940594059405,0.9245544554455446,0.013781950606974494,0.9436619718309859,0.9571428571428572,0.9,0.9714285714285714,0.9142857142857143,0.9373038229376258,0.026532698041434506,46,0.9642857142857143,0.9715302491103203,0.9750889679715302,0.9750889679715302,0.9786476868327402,0.972928317234367,0.004872313455153293,0.9931623931623932,0.9675555555555555,0.9448888888888889,0.975111111111111,0.9146666666666667,0.9590769230769232,0.02707165622608427,326,0.9991944444444444,0.9998349834983499,0.9997799779977998,0.9996149614961496,0.9987348734873488,0.9994318481848184,0.00041457862881381035
0.21727347373962402,0.005923017385226592,0.02492036819458008,0.0019571091774188876,,entropy,3,5,0.5,50,"{'estimator__class_weight': None, 'estimator__criterion': 'entropy', 'estimator__max_depth': 3, 'estimator__min_samples_leaf': 5, 'learning_rate': 0.5, 'n_estimators': 50}",0.9382608695652175,0.9365942028985508,0.9005681818181819,0.9682971014492754,0.9048913043478262,0.9297223320158103,0.024797929262544306,59,1.0,1.0,1.0,1.0,1.0,1.0,0.0,0.9565217391304348,0.9565217391304348,0.9375,0.9782608695652174,0.9347826086956522,0.9527173913043478,0.015713948146522782,55,1.0,1.0,1.0,1.0,1.0,1.0,0.0,0.92,0.9166666666666666,0.8636363636363636,0.9583333333333334,0.875,0.9067272727272726,0.034063436742075216,59,1.0,1.0,1.0,1.0,1.0,1.0,0.0,0.8846153846153846,0.88,0.76,0.92,0.84,0.8569230769230769,0.0546965810296344,67,1.0,1.0,1.0,1.0,1.0,1.0,0.0,0.9436619718309859,0.9428571428571428,0.9142857142857143,0.9714285714285714,0.9142857142857143,0.9373038229376258,0.0214262947374078,46,1.0,1.0,1.0,1.0,1.0,1.0,0.0,0.9829059829059829,0.9626666666666667,0.9448888888888889,0.9644444444444444,0.9520000000000001,0.9613811965811966,0.012917859028901359,240,1.0,1.0,1.0,1.0,1.0,1.0,0.0
1.4907400131225585,0.06566687017876091,0.09364924430847169,0.006508621157713787,balanced,entropy,3,2,1.0,200,"{'estimator__class_weight': 'balanced', 'estimator__criterion': 'entropy', 'estimator__max_depth': 3, 'estimator__min_samples_leaf': 2, 'learning_rate': 1.0, 'n_estimators': 200}",0.9204927211646137,0.9365942028985508,0.9028677150786308,0.9519560741249142,0.9365942028985508,0.9297009832330521,0.01670412162004815,60,1.0,1.0,1.0,1.0,1.0,1.0,0.0,0.9473684210526315,0.9565217391304348,0.9361702127659575,0.967741935483871,0.9565217391304348,0.952864809512666,0.010554572395512222,43,1.0,1.0,1.0,1.0,1.0,1.0,0.0,0.8936170212765957,0.9166666666666666,0.8695652173913043,0.9361702127659575,0.9166666666666666,0.9065371569534382,0.022878750629100178,61,1.0,1.0,1.0,1.0,1.0,1.0,0.0,0.8076923076923077,0.88,0.8,0.88,0.88,0.8495384615384616,0.037386831210053005,100,1.0,1.0,1.0,1.0,1.0,1.0,0.0,0.9295774647887324,0.9428571428571428,0.9142857142857143,0.9571428571428572,0.9428571428571428,0.9373440643863178,0.014455364690927468,41,1.0,1.0,1.0,1.0,1.0,1.0,0.0,0.9931623931623932,0.9493333333333333,0.968,0.9955555555555556,0.9582222222222222,0.9728547008547009,0.01854002940886045,59,1.0,1.0,1.0,1.0,1.0,1.0,0.0
1.0875013828277589,0.047992619391046105,0.09050168991088867,0.008247491006070862,,gini,3,5,0.1,200,"{'estimator__class_weight': None, 'estimator__criterion': 'gini', 'estimator__max_depth': 3, 'estimator__min_samples_leaf': 5, 'learning_rate': 0.1, 'n_estimators': 200}",0.9541047188106011,0.9365942028985508,0.9028677150786308,0.9519560741249142,0.9028677150786308,0.9296780851982656,0.022708561364361966,61,1.0,1.0,1.0,1.0,1.0,1.0,0.0,0.967032967032967,0.9565217391304348,0.9361702127659575,0.967741935483871,0.9361702127659575,0.9527274134358376,0.01409087244689457,50,1.0,1.0,1.0,1.0,1.0,1.0,0.0,0.9411764705882353,0.9166666666666666,0.8695652173913043,0.9361702127659575,0.8695652173913043,0.9066287569606937,0.031350960719166564,60,1.0,1.0,1.0,1.0,1.0,1.0,0.0,0.9230769230769231,0.88,0.8,0.88,0.8,0.8566153846153846,0.048829130892005836,89,1.0,1.0,1.0,1.0,1.0,1.0,0.0,0.9577464788732394,0.9428571428571428,0.9142857142857143,0.9571428571428572,0.9142857142857143,0.9372635814889335,0.019503781053827326,66,1.0,1.0,1.0,1.0,1.0,1.0,0.0,0.9923076923076923,0.9511111111111111,0.9386666666666666,0.9884444444444445,0.936,0.9613059829059829,0.024308306819020253,244,1.0,1.0,1.0,1.0,1.0,1.0,0.0
1.5958568572998046,0.021247588191715128,0.10094914436340333,0.0032469566051258644,,entropy,3,5,1.5,200,"{'estimator__class_weight': None, 'estimator__criterion': 'entropy', 'estimator__max_depth': 3, 'estimator__min_samples_leaf': 5, 'learning_rate': 1.5, 'n_estimators': 200}",0.9370567375886525,0.9365942028985508,0.9028677150786308,0.9352451433857539,0.9365942028985508,0.9296716003700277,0.013415645729790697,62,1.0,1.0,1.0,1.0,1.0,1.0,0.0,0.9574468085106383,0.9565217391304348,0.9361702127659575,0.9574468085106383,0.9565217391304348,0.9528214616096207,0.008335896633538443,45,1.0,1.0,1.0,1.0,1.0,1.0,0.0,0.9166666666666666,0.9166666666666666,0.8695652173913043,0.9130434782608695,0.9166666666666666,0.9065217391304348,0.018531466452962924,62,1.0,1.0,1.0,1.0,1.0,1.0,0.0,0.8461538461538461,0.88,0.8,0.84,0.88,0.8492307692307692,0.02970466064282379,107,1.0,1.0,1.0,1.0,1.0,1.0,0.0,0.9436619718309859,0.9428571428571428,0.9142857142857143,0.9428571428571428,0.9428571428571428,0.9373038229376258,0.011513274683137332,46,1.0,1.0,1.0,1.0,1.0,1.0,0.0,0.9965811965811966,0.9475555555555556,0.9662222222222222,0.9937777777777778,0.9644444444444444,0.9737162393162393,0.018717796041995288,48,1.0,1.0,1.0,1.0,1.0,1.0,0.0
0.5580372333526611,0.010192449688230885,0.046603965759277347,0.004942605234018406,,entropy,3,1,1.0,100,"{'estimator__class_weight': None, 'estimator__criterion': 'entropy', 'estimator__max_depth': 3, 'estimator__min_samples_leaf': 1, 'learning_rate': 1.0, 'n_estimators': 100}",0.9204927211646137,0.9365942028985508,0.9028677150786308,0.9682971014492754,0.9199267902081903,0.9296357061598522,0.022079432658886185,63,1.0,1.0,1.0,1.0,1.0,1.0,0.0,0.9473684210526315,0.9565217391304348,0.9361702127659575,0.9782608695652174,0.946236559139785,0.9529115603308054,0.014220939644563134,40,1.0,1.0,1.0,1.0,1.0,1.0,0.0,0.8936170212765957,0.9166666666666666,0.8695652173913043,0.9583333333333334,0.8936170212765957,0.9063598519888991,0.029953556704196135,63,1.0,1.0,1.0,1.0,1.0,1.0,0.0,0.8076923076923077,0.88,0.8,0.92,0.84,0.8495384615384616,0.04514172291715275,100,1.0,1.0,1.0,1.0,1.0,1.0,0.0,0.9295774647887324,0.9428571428571428,0.9142857142857143,0.9714285714285714,0.9285714285714286,0.9373440643863178,0.019293078408334968,41,1.0,1.0,1.0,1.0,1.0,1.0,0.0,0.9914529914529915,0.9617777777777777,0.9502222222222222,0.9928888888888889,0.9635555555555555,0.9719794871794871,0.017116287714791182,72,1.0,1.0,1.0,1.0,1.0,1.0,0.0
0.5143184661865234,0.026615557520678852,0.06062912940979004,0.0027288704669710664,,gini,3,5,0.1,100,"{'estimator__class_weight': None, 'estimator__criterion': 'gini', 'estimator__max_depth': 3, 'estimator__min_samples_leaf': 5, 'learning_rate': 0.1, 'n_estimators': 100}",0.9532587228439764,0.9519560741249142,0.9028677150786308,0.9519560741249142,0.8878975062914665,0.9295872184927804,0.028330321173464713,64,0.9882535553970717,1.0,1.0,0.9961273962596988,1.0,0.9968761903313542,0.00456475818219169,0.967741935483871,0.967741935483871,0.9361702127659575,0.967741935483871,0.9247311827956989,0.9528254404026539,0.018623583944236126,44,0.9917355371900827,1.0,1.0,0.997229916897507,1.0,0.997793090817518,0.003213174916888454,0.9387755102040817,0.9361702127659575,0.8695652173913043,0.9361702127659575,0.851063829787234,0.906348996582907,0.038051503870776646,64,0.9847715736040609,1.0,1.0,0.9950248756218906,1.0,0.9959592898451902,0.00591642020648099,0.8846153846153846,0.88,0.8,0.88,0.8,0.8489230769230769,0.039981060604998835,118,0.97,1.0,1.0,0.9900990099009901,1.0,0.992019801980198,0.011658574550642424,0.9577464788732394,0.9571428571428572,0.9142857142857143,0.9571428571428572,0.9,0.9372635814889337,0.025005907993498395,61,0.9892857142857143,1.0,1.0,0.99644128113879,1.0,0.9971453990849009,0.004164532779989941,0.9846153846153847,0.9582222222222222,0.9359999999999999,0.9813333333333333,0.9342222222222223,0.9588786324786325,0.021440127174399824,331,1.0,1.0,1.0,1.0,1.0,1.0,0.0
0.2854636192321777,0.013577581876046168,0.03982419967651367,0.003502526281027768,,gini,3,2,1.0,50,"{'estimator__class_weight': None, 'estimator__criterion': 'gini', 'estimator__max_depth': 3, 'estimator__min_samples_leaf': 2, 'learning_rate': 1.0, 'n_estimators': 50}",0.9691304347826086,0.9365942028985508,0.8853801169590643,0.9365942028985508,0.9199267902081903,0.929525149549393,0.02723759920901577,65,1.0,1.0,1.0,1.0,1.0,1.0,0.0,0.9782608695652174,0.9565217391304348,0.9263157894736842,0.9565217391304348,0.946236559139785,0.9527713392879112,0.016854949535805217,48,1.0,1.0,1.0,1.0,1.0,1.0,0.0,0.96,0.9166666666666666,0.8444444444444444,0.9166666666666666,0.8936170212765957,0.9062789598108747,0.03764463054538457,65,1.0,1.0,1.0,1.0,1.0,1.0,0.0,0.9230769230769231,0.88,0.76,0.88,0.84,0.8566153846153846,0.054993490739074204,89,1.0,1.0,1.0,1.0,1.0,1.0,0.0,0.971830985915493,0.9428571428571428,0.9,0.9428571428571428,0.9285714285714286,0.9372233400402414,0.02333067181716756,70,1.0,1.0,1.0,1.0,1.0,1.0,0.0,0.9948717948717949,0.9359999999999999,0.9608888888888889,0.9955555555555555,0.9653333333333334,0.9705299145299146,0.022499238548490695,93,1.0,1.0,1.0,1.0,1.0,1.0,0.0
0.8715766429901123,0.019957611336263014,0.07582988739013671,0.004611772138328124,,gini,3,5,1.5,200,"{'estimator__class_weight': None, 'estimator__criterion': 'gini', 'estimator__max_depth': 3, 'estimator__min_samples_leaf': 5, 'learning_rate': 1.5, 'n_estimators': 200}",0.9370567375886525,0.9529042386185244,0.8853801169590643,0.9352451433857539,0.9365942028985508,0.9294360878901091,0.022955351059577172,66,1.0,1.0,1.0,1.0,1.0,1.0,0.0,0.9574468085106383,0.967032967032967,0.9263157894736842,0.9574468085106383,0.9565217391304348,0.9529528225316726,0.013862979369218585,38,1.0,1.0,1.0,1.0,1.0,1.0,0.0,0.9166666666666666,0.9387755102040817,0.8444444444444444,0.9130434782608695,0.9166666666666666,0.9059193532485459,0.03206385538566828,68,1.0,1.0,1.0,1.0,1.0,1.0,0.0,0.8461538461538461,0.92,0.76,0.84,0.88,0.8492307692307692,0.052937386258723865,107,1.0,1.0,1.0,1.0,1.0,1.0,0.0,0.9436619718309859,0.9571428571428572,0.9,0.9428571428571428,0.9428571428571428,0.9373038229376258,0.019428161341543473,46,1.0,1.0,1.0,1.0,1.0,1.0,0.0,0.9957264957264957,0.9724444444444444,0.9671111111111111,0.9866666666666666,0.9626666666666667,0.9769230769230768,0.012394225713299532,11,1.0,1.0,1.0,1.0,1.0,1.0,0.0
1.419015884399414,0.0650311227170612,0.07623000144958496,0.0102494118946166,balanced,entropy,3,1,1.0,200,"{'estimator__class_weight': 'balanced', 'estimator__criterion': 'entropy', 'estimator__max_depth': 3, 'estimator__min_samples_leaf': 1, 'learning_rate': 1.0, 'n_estimators': 200}",0.9532587228439764,0.9365942028985508,0.8853801169590643,0.9519560741249142,0.9199267902081903,0.9294231814069394,0.025128711908209637,67,1.0,1.0,1.0,1.0,1.0,1.0,0.0,0.967741935483871,0.9565217391304348,0.9263157894736842,0.967741935483871,0.946236559139785,0.9529115917423292,0.015522912830434317,39,1.0,1.0,1.0,1.0,1.0,1.0,0.0,0.9387755102040817,0.9166666666666666,0.8444444444444444,0.9361702127659575,0.8936170212765957,0.9059347710715493,0.03475818433983748,66,1.0,1.0,1.0,1.0,1.0,1.0,0.0,0.8846153846153846,0.88,0.76,0.88,0.84,0.8489230769230769,0.04731263263760104,118,1.0,1.0,1.0,1.0,1.0,1.0,0.0,0.9577464788732394,0.9428571428571428,0.9,0.9571428571428572,0.9285714285714286,0.9372635814889335,0.02149488610011361,66,1.0,1.0,1.0,1.0,1.0,1.0,0.0,0.994017094017094,0.9395555555555555,0.9697777777777778,0.9937777777777778,0.9635555555555556,0.9721367521367522,0.020434379937009053,69,1.0,1.0,1.0,1.0,1.0,1.0,0.0
0.13330869674682616,0.01113954931166995,0.033677196502685545,0.004693390154825687,,gini,3,2,1.0,25,"{'estimator__class_weight': None, 'estimator__criterion': 'gini', 'estimator__max_depth': 3, 'estimator__min_samples_leaf': 2, 'learning_rate': 1.0, 'n_estimators': 25}",0.9696581196581197,0.9215070643642072,0.8674242424242424,0.9682971014492754,0.9199267902081903,0.9293626636208071,0.03775375052451378,68,1.0,1.0,1.0,1.0,1.0,1.0,0.0,0.9777777777777777,0.945054945054945,0.9166666666666666,0.9782608695652174,0.946236559139785,0.9527993636408784,0.023155248517403297,46,1.0,1.0,1.0,1.0,1.0,1.0,0.0,0.9615384615384616,0.8979591836734694,0.8181818181818182,0.9583333333333334,0.8936170212765957,0.9059259636007356,0.05244672921738283,67,1.0,1.0,1.0,1.0,1.0,1.0,0.0,0.9615384615384616,0.88,0.72,0.92,0.84,0.8643076923076922,0.08272518130111157,52,1.0,1.0,1.0,1.0,1.0,1.0,0.0,0.971830985915493,0.9285714285714286,0.8857142857142857,0.9714285714285714,0.9285714285714286,0.9372233400402414,0.03215767662328429,70,1.0,1.0,1.0,1.0,1.0,1.0,0.0,0.9871794871794872,0.9395555555555555,0.9582222222222222,0.9946666666666667,0.9386666666666666,0.9636581196581198,0.023451396621661295,186,1.0,1.0,1.0,1.0,1.0,1.0,0.0
1.0368223190307617,0.008934985256606139,0.06054034233093262,0.00877130823383615,,entropy,3,2,0.1,200,"{'estimator__class_weight': None, 'estimator__criterion': 'entropy', 'estimator__max_depth': 3, 'estimator__min_samples_leaf': 2, 'learning_rate': 0.1, 'n_estimators': 200}",0.9541047188106011,0.9352451433857539,0.9005681818181819,0.9519560741249142,0.9048913043478262,0.9293530844974555,0.022738532096676443,69,1.0,1.0,1.0,1.0,1.0,1.0,0.0,0.967032967032967,0.9574468085106383,0.9375,0.967741935483871,0.9347826086956522,0.9529008639446257,0.014185183380115962,41,1.0,1.0,1.0,1.0,1.0,1.0,0.0,0.9411764705882353,0.9130434782608695,0.8636363636363636,0.9361702127659575,0.875,0.9058053050502852,0.03147292348267843,70,1.0,1.0,1.0,1.0,1.0,1.0,0.0,0.9230769230769231,0.84,0.76,0.88,0.84,0.8486153846153845,0.053908535293725,134,1.0,1.0,1.0,1.0,1.0,1.0,0.0,0.9577464788732394,0.9428571428571428,0.9142857142857143,0.9571428571428572,0.9142857142857143,0.9372635814889335,0.019503781053827326,66,1.0,1.0,1.0,1.0,1.0,1.0,0.0,0.9931623931623932,0.9671111111111111,0.9413333333333334,0.9813333333333334,0.9297777777777778,0.9625435897435898,0.023811347081499495,214,1.0,1.0,1.0,1.0,1.0,1.0,0.0
0.5636670112609863,0.03805027902426482,0.0541877269744873,0.00536255931950912,balanced,gini,3,5,1.0,100,"{'estimator__class_weight': 'balanced', 'estimator__criterion': 'gini', 'estimator__max_depth': 3, 'estimator__min_samples_leaf': 5, 'learning_rate': 1.0, 'n_estimators': 100}",0.9541047188106011,0.9365942028985508,0.8674242424242424,0.9519560741249142,0.9365942028985508,0.9293346882313719,0.03182321769112605,70,1.0,1.0,1.0,1.0,1.0,1.0,0.0,0.967032967032967,0.9565217391304348,0.9166666666666666,0.967741935483871,0.9565217391304348,0.9528970094888749,0.018756930422906787,42,1.0,1.0,1.0,1.0,1.0,1.0,0.0,0.9411764705882353,0.9166666666666666,0.8181818181818182,0.9361702127659575,0.9166666666666666,0.9057723669738689,0.04491537676747682,71,1.0,1.0,1.0,1.0,1.0,1.0,0.0,0.9230769230769231,0.88,0.72,0.88,0.88,0.8566153846153846,0.07031560298872962,89,1.0,1.0,1.0,1.0,1.0,1.0,0.0,0.9577464788732394,0.9428571428571428,0.8857142857142857,0.9571428571428572,0.9428571428571428,0.9372635814889335,0.02658811929491313,66,1.0,1.0,1.0,1.0,1.0,1.0,0.0,0.9811965811965813,0.9368888888888889,0.9520000000000001,0.9866666666666667,0.9582222222222222,0.9629948717948718,0.018530212253576935,199,1.0,1.0,1.0,1.0,1.0,1.0,0.0
0.13043632507324218,0.003897729596758255,0.037144804000854494,0.004071121990532059,,gini,2,5,0.5,25,"{'estimator__class_weight': None, 'estimator__criterion': 'gini', 'estimator__max_depth': 2, 'estimator__min_samples_leaf': 5, 'learning_rate': 0.5, 'n_estimators': 25}",0.9541047188106011,0.9181286549707601,0.9199267902081903,0.9682971014492754,0.8853801169590643,0.9291674764795783,0.029249178867769305,71,0.9882535553970717,0.9922375690607734,1.0,0.9883300801528303,0.9961273962596988,0.9929897201740747,0.0045540809759120286,0.967032967032967,0.9473684210526315,0.946236559139785,0.9782608695652174,0.9263157894736842,0.9530429212528571,0.018025162350960088,37,0.9917355371900827,0.994475138121547,1.0,0.9917355371900827,0.997229916897507,0.9950352258798439,0.003211082058211938,0.9411764705882353,0.8888888888888888,0.8936170212765957,0.9583333333333334,0.8444444444444444,0.9052920317062995,0.04051881160787542,72,0.9847715736040609,0.99,1.0,0.9849246231155779,0.9950248756218906,0.9909442144683058,0.005897246192950712,0.9230769230769231,0.8,0.84,0.92,0.76,0.8486153846153845,0.06470031049009575,134,0.97,0.9801980198019802,1.0,0.9702970297029703,0.9900990099009901,0.9821188118811881,0.0116080147007832,0.9577464788732394,0.9285714285714286,0.9285714285714286,0.9714285714285714,0.9,0.9372635814889337,0.02500590799349837,61,0.9892857142857143,0.9928825622775801,1.0,0.9893238434163701,0.99644128113879,0.993586680223691,0.004158011175194242,0.9931623931623932,0.9617777777777778,0.9355555555555555,0.9813333333333333,0.9075555555555556,0.955876923076923,0.03105146607138323,400,1.0,1.0,1.0,1.0,1.0,1.0,0.0
0.19223971366882325,0.011401493934213948,0.03414096832275391,0.002962137644826831,balanced,entropy,3,2,1.0,25,"{'estimator__class_weight': 'balanced', 'estimator__criterion': 'entropy', 'estimator__max_depth': 3, 'estimator__min_samples_leaf': 2, 'learning_rate': 1.0, 'n_estimators': 25}",0.9541047188106011,0.9066666666666667,0.9215070643642072,0.9365942028985508,0.9199267902081903,0.9277598885896433,0.016232525624925533,72,1.0,1.0,1.0,1.0,1.0,1.0,0.0,0.967032967032967,0.9333333333333333,0.945054945054945,0.9565217391304348,0.946236559139785,0.949635908738293,0.011387599117400081,130,1.0,1.0,1.0,1.0,1.0,1.0,0.0,0.9411764705882353,0.88,0.8979591836734694,0.9166666666666666,0.8936170212765957,0.9058838684409934,0.021190032172646915,69,1.0,1.0,1.0,1.0,1.0,1.0,0.0,0.9230769230769231,0.88,0.88,0.88,0.84,0.8806153846153846,0.026282038774230944,1,1.0,1.0,1.0,1.0,1.0,1.0,0.0,0.9577464788732394,0.9142857142857143,0.9285714285714286,0.9428571428571428,0.9285714285714286,0.9344064386317908,0.01475879475700286,118,1.0,1.0,1.0,1.0,1.0,1.0,0.0,0.9905982905982906,0.9457777777777778,0.9351111111111111,0.983111111111111,0.9688888888888889,0.9646974358974358,0.021264007453985257,160,0.9999999999999999,1.0,1.0,1.0,1.0,1.0,4.965068306494546e-17
0.579374885559082,0.02395603321563722,0.056888246536254884,0.004784258694447546,balanced,gini,3,2,0.1,100,"{'estimator__class_weight': 'balanced', 'estimator__criterion': 'gini', 'estimator__max_depth': 3, 'estimator__min_samples_leaf': 2, 'learning_rate': 0.1, 'n_estimators': 100}",0.9382608695652175,0.9519560741249142,0.9199267902081903,0.9519560741249142,0.8755555555555555,0.9275310727157583,0.028522164800837396,73,0.9921870640102685,1.0,1.0,0.9961273962596988,1.0,0.9976628920539934,0.0031218155215387866,0.9565217391304348,0.967741935483871,0.946236559139785,0.967741935483871,0.9111111111111111,0.9498706560698146,0.020969077936678234,129,0.994475138121547,1.0,1.0,0.997229916897507,1.0,0.9983410110038108,0.002210711954249875,0.92,0.9361702127659575,0.8936170212765957,0.9361702127659575,0.84,0.905191489361702,0.0361180098883905,73,0.98989898989899,1.0,1.0,0.9950248756218906,1.0,0.996984773104176,0.004032971645619811,0.8846153846153846,0.88,0.84,0.88,0.84,0.8649230769230769,0.02041927387450716,25,0.98,1.0,1.0,0.9900990099009901,1.0,0.9940198019801979,0.007990191026007764,0.9436619718309859,0.9571428571428572,0.9285714285714286,0.9571428571428572,0.8857142857142857,0.9344466800804829,0.026550025798471055,94,0.9928571428571429,1.0,1.0,0.99644128113879,1.0,0.9978596847991866,0.0028558761283442105,0.9871794871794872,0.9662222222222222,0.9404444444444444,0.9795555555555555,0.9262222222222223,0.9599247863247863,0.023165448689873046,294,1.0,1.0,1.0,1.0,1.0,1.0,0.0
0.7795722007751464,0.4123004544715751,0.06425371170043945,0.020694899708100074,balanced,entropy,3,5,0.1,200,"{'estimator__class_weight': 'balanced', 'estimator__criterion': 'entropy', 'estimator__max_depth': 3, 'estimator__min_samples_leaf': 5, 'learning_rate': 0.1, 'n_estimators': 200}",0.9382608695652175,0.9365942028985508,0.9199267902081903,0.9519560741249142,0.8901098901098901,0.9273695653813526,0.02122210715249305,74,0.9642446686246967,0.9646614965416056,1.0,0.9922375690607734,0.9922375690607734,0.9826762606575699,0.015147306642350056,0.9565217391304348,0.9565217391304348,0.946236559139785,0.967741935483871,0.9230769230769231,0.9500197791922897,0.01509209090428985,128,0.975609756097561,0.9754768392370572,1.0,0.994475138121547,0.994475138121547,0.9880073743155424,0.01037499161387624,0.92,0.9166666666666666,0.8936170212765957,0.9361702127659575,0.8571428571428571,0.9047193515704153,0.027394078865139768,74,0.9528795811518325,0.9538461538461539,1.0,0.99,0.99,0.9773451469995973,0.01992134315185778,0.8846153846153846,0.88,0.84,0.88,0.84,0.8649230769230769,0.02041927387450716,25,0.91,0.9207920792079208,1.0,0.9801980198019802,0.9801980198019802,0.9582376237623762,0.035882171647395066,0.9436619718309859,0.9428571428571428,0.9285714285714286,0.9571428571428572,0.9,0.9344466800804829,0.019451818877795957,94,0.9678571428571429,0.9679715302491103,1.0,0.9928825622775801,0.9928825622775801,0.9843187595322826,0.01364401309236364,0.9918803418803419,0.9657777777777778,0.9413333333333334,0.9795555555555555,0.9404444444444444,0.9637982905982906,0.02044939024875233,183,0.9959444444444445,0.9984048404840484,1.0,0.99994499449945,0.9998899889988999,0.9988368536853687,0.001564777685473442
0.16003856658935547,0.01261000585772584,0.03179125785827637,0.004418455926842289,balanced,gini,3,1,0.5,25,"{'estimator__class_weight': 'balanced', 'estimator__criterion': 'gini', 'estimator__max_depth': 3, 'estimator__min_samples_leaf': 1, 'learning_rate': 0.5, 'n_estimators': 25}",0.9382608695652175,0.9215070643642072,0.9028677150786308,0.9682971014492754,0.9048913043478262,0.9271648109610314,0.024221708854157087,75,1.0,1.0,1.0,1.0,1.0,1.0,0.0,0.9565217391304348,0.945054945054945,0.9361702127659575,0.9782608695652174,0.9347826086956522,0.9501580750424413,0.01605223020474476,118,1.0,1.0,1.0,1.0,1.0,1.0,0.0,0.92,0.8979591836734694,0.8695652173913043,0.9583333333333334,0.875,0.9041715468796214,0.032469092025033855,75,1.0,1.0,1.0,1.0,1.0,1.0,0.0,0.8846153846153846,0.88,0.8,0.92,0.84,0.8649230769230769,0.04119401346751892,25,1.0,1.0,1.0,1.0,1.0,1.0,0.0,0.9436619718309859,0.9285714285714286,0.9142857142857143,0.9714285714285714,0.9142857142857143,0.9344466800804829,0.02144774838335726,94,1.0,1.0,1.0,1.0,1.0,1.0,0.0,0.9854700854700855,0.9724444444444444,0.9675555555555555,0.9786666666666668,0.9093333333333333,0.9626940170940171,0.02734937946710561,212,1.0,1.0,1.0,1.0,1.0,1.0,0.0
0.26450538635253906,0.018086650428078447,0.029865741729736328,0.004285281240310877,,entropy,3,2,0.5,50,"{'estimator__class_weight': None, 'estimator__criterion': 'entropy', 'estimator__max_depth': 3, 'estimator__min_samples_leaf': 2, 'learning_rate': 0.5, 'n_estimators': 50}",0.9073913043478261,0.9365942028985508,0.9028677150786308,0.9519560741249142,0.9365942028985508,0.9270806998696945,0.018834747954810625,76,1.0,1.0,1.0,1.0,1.0,1.0,0.0,0.9347826086956522,0.9565217391304348,0.9361702127659575,0.967741935483871,0.9565217391304348,0.95034764704127,0.012822403503296378,110,1.0,1.0,1.0,1.0,1.0,1.0,0.0,0.88,0.9166666666666666,0.8695652173913043,0.9361702127659575,0.9166666666666666,0.903813752698119,0.024969550621974358,85,1.0,1.0,1.0,1.0,1.0,1.0,0.0,0.8461538461538461,0.88,0.8,0.88,0.88,0.8572307692307692,0.03147498302164779,58,1.0,1.0,1.0,1.0,1.0,1.0,0.0,0.9154929577464789,0.9428571428571428,0.9142857142857143,0.9571428571428572,0.9428571428571428,0.9345271629778672,0.0168657283631055,73,1.0,1.0,1.0,1.0,1.0,1.0,0.0,0.9854700854700855,0.9653333333333334,0.9457777777777778,0.984,0.9368888888888889,0.9634940170940173,0.019639368537505888,194,1.0,1.0,1.0,1.0,1.0,1.0,0.0
0.14006404876708983,0.02293022072148112,0.031374883651733396,0.0009196873541654618,balanced,entropy,2,1,1.0,25,"{'estimator__class_weight': 'balanced', 'estimator__criterion': 'entropy', 'estimator__max_depth': 2, 'estimator__min_samples_leaf': 1, 'learning_rate': 1.0, 'n_estimators': 25}",0.9532587228439764,0.9215070643642072,0.9028677150786308,0.9377777777777778,0.9199267902081903,0.9270676140545566,0.017136090424050156,77,1.0,1.0,1.0,1.0,0.9961273962596988,0.9992254792519397,0.0015490414961204734,0.967741935483871,0.945054945054945,0.9361702127659575,0.9555555555555556,0.946236559139785,0.9501518416000229,0.010727583729284545,119,1.0,1.0,1.0,1.0,0.997229916897507,0.9994459833795014,0.0011080332409972194,0.9387755102040817,0.8979591836734694,0.8695652173913043,0.92,0.8936170212765957,0.9039833865090902,0.02364481631260207,77,1.0,1.0,1.0,1.0,0.9950248756218906,0.9990049751243781,0.0019900497512437723,0.8846153846153846,0.88,0.8,0.92,0.84,0.8649230769230769,0.04119401346751892,25,1.0,1.0,1.0,1.0,0.9900990099009901,0.998019801980198,0.003960396039603964,0.9577464788732394,0.9285714285714286,0.9142857142857143,0.9428571428571428,0.9285714285714286,0.9344064386317907,0.014758794757002857,119,1.0,1.0,1.0,1.0,0.99644128113879,0.9992882562277581,0.0014234875444839813,0.9931623931623932,0.9662222222222222,0.9484444444444445,0.9831111111111112,0.9311111111111111,0.9644102564102564,0.022554071844529715,164,1.0,1.0,1.0,0.9999999999999999,1.0,1.0,4.965068306494546e-17
0.14611420631408692,0.04246319393900036,0.02855820655822754,0.0052772553856004385,balanced,entropy,2,1,1.0,50,"{'estimator__class_weight': 'balanced', 'estimator__criterion': 'entropy', 'estimator__max_depth': 2, 'estimator__min_samples_leaf': 1, 'learning_rate': 1.0, 'n_estimators': 50}",0.9532587228439764,0.9215070643642072,0.9028677150786308,0.9377777777777778,0.9199267902081903,0.9270676140545566,0.017136090424050156,77,1.0,1.0,1.0,1.0,0.9961273962596988,0.9992254792519397,0.0015490414961204734,0.967741935483871,0.945054945054945,0.9361702127659575,0.9555555555555556,0.946236559139785,0.9501518416000229,0.010727583729284545,119,1.0,1.0,1.0,1.0,0.997229916897507,0.9994459833795014,0.0011080332409972194,0.9387755102040817,0.8979591836734694,0.8695652173913043,0.92,0.8936170212765957,0.9039833865090902,0.02364481631260207,77,1.0,1.0,1.0,1.0,0.9950248756218906,0.9990049751243781,0.0019900497512437723,0.8846153846153846,0.88,0.8,0.92,0.84,0.8649230769230769,0.04119401346751892,25,1.0,1.0,1.0,1.0,0.9900990099009901,0.998019801980198,0.003960396039603964,0.9577464788732394,0.9285714285714286,0.9142857142857143,0.9428571428571428,0.9285714285714286,0.9344064386317907,0.014758794757002857,119,1.0,1.0,1.0,1.0,0.99644128113879,0.9992882562277581,0.0014234875444839813,0.9931623931623932,0.9662222222222222,0.9466666666666667,0.9831111111111112,0.9311111111111111,0.9640547008547008,0.022815461907823693,171,1.0,1.0,1.0,0.9999999999999999,1.0,1.0,4.965068306494546e-17
0.14548177719116212,0.03661120570552826,0.03249807357788086,0.0033892595941374675,balanced,entropy,2,1,1.0,100,"{'estimator__class_weight': 'balanced', 'estimator__criterion': 'entropy', 'estimator__max_depth': 2, 'estimator__min_samples_leaf': 1, 'learning_rate': 1.0, 'n_estimators': 100}",0.9532587228439764,0.9215070643642072,0.9028677150786308,0.9377777777777778,0.9199267902081903,0.9270676140545566,0.017136090424050156,77,1.0,1.0,1.0,1.0,0.9961273962596988,0.9992254792519397,0.0015490414961204734,0.967741935483871,0.945054945054945,0.9361702127659575,0.9555555555555556,0.946236559139785,0.9501518416000229,0.010727583729284545,119,1.0,1.0,1.0,1.0,0.997229916897507,0.9994459833795014,0.0011080332409972194,0.9387755102040817,0.8979591836734694,0.8695652173913043,0.92,0.8936170212765957,0.9039833865090902,0.02364481631260207,77,1.0,1.0,1.0,1.0,0.9950248756218906,0.9990049751243781,0.0019900497512437723,0.8846153846153846,0.88,0.8,0.92,0.84,0.8649230769230769,0.04119401346751892,25,1.0,1.0,1.0,1.0,0.9900990099009901,0.998019801980198,0.003960396039603964,0.9577464788732394,0.9285714285714286,0.9142857142857143,0.9428571428571428,0.9285714285714286,0.9344064386317907,0.014758794757002857,119,1.0,1.0,1.0,1.0,0.99644128113879,0.9992882562277581,0.0014234875444839813,0.9931623931623932,0.9662222222222222,0.9466666666666667,0.9831111111111112,0.9311111111111111,0.9640547008547008,0.022815461907823693,171,1.0,1.0,1.0,0.9999999999999999,1.0,1.0,4.965068306494546e-17
0.1426091194152832,0.03307693124243893,0.026680850982666017,0.0032961705745883168,balanced,entropy,2,1,1.0,200,"{'estimator__class_weight': 'balanced', 'estimator__criterion': 'entropy', 'estimator__max_depth': 2, 'estimator__min_samples_leaf': 1, 'learning_rate': 1.0, 'n_estimators': 200}",0.9532587228439764,0.9215070643642072,0.9028677150786308,0.9377777777777778,0.9199267902081903,0.9270676140545566,0.017136090424050156,77,1.0,1.0,1.0,1.0,0.9961273962596988,0.9992254792519397,0.0015490414961204734,0.967741935483871,0.945054945054945,0.9361702127659575,0.9555555555555556,0.946236559139785,0.9501518416000229,0.010727583729284545,119,1.0,1.0,1.0,1.0,0.997229916897507,0.9994459833795014,0.0011080332409972194,0.9387755102040817,0.8979591836734694,0.8695652173913043,0.92,0.8936170212765957,0.9039833865090902,0.02364481631260207,77,1.0,1.0,1.0,1.0,0.9950248756218906,0.9990049751243781,0.0019900497512437723,0.8846153846153846,0.88,0.8,0.92,0.84,0.8649230769230769,0.04119401346751892,25,1.0,1.0,1.0,1.0,0.9900990099009901,0.998019801980198,0.003960396039603964,0.9577464788732394,0.9285714285714286,0.9142857142857143,0.9428571428571428,0.9285714285714286,0.9344064386317907,0.014758794757002857,119,1.0,1.0,1.0,1.0,0.99644128113879,0.9992882562277581,0.0014234875444839813,0.9931623931623932,0.9662222222222222,0.9466666666666667,0.9831111111111112,0.9311111111111111,0.9640547008547008,0.022815461907823693,171,1.0,1.0,1.0,0.9999999999999999,1.0,1.0,4.965068306494546e-17
0.12423219680786132,0.02066323548901742,0.03296027183532715,0.0019332861926189076,balanced,entropy,2,2,1.0,25,"{'estimator__class_weight': 'balanced', 'estimator__criterion': 'entropy', 'estimator__max_depth': 2, 'estimator__min_samples_leaf': 2, 'learning_rate': 1.0, 'n_estimators': 25}",0.9532587228439764,0.9215070643642072,0.9028677150786308,0.9377777777777778,0.9199267902081903,0.9270676140545566,0.017136090424050156,77,1.0,1.0,1.0,1.0,0.9961273962596988,0.9992254792519397,0.0015490414961204734,0.967741935483871,0.945054945054945,0.9361702127659575,0.9555555555555556,0.946236559139785,0.9501518416000229,0.010727583729284545,119,1.0,1.0,1.0,1.0,0.997229916897507,0.9994459833795014,0.0011080332409972194,0.9387755102040817,0.8979591836734694,0.8695652173913043,0.92,0.8936170212765957,0.9039833865090902,0.02364481631260207,77,1.0,1.0,1.0,1.0,0.9950248756218906,0.9990049751243781,0.0019900497512437723,0.8846153846153846,0.88,0.8,0.92,0.84,0.8649230769230769,0.04119401346751892,25,1.0,1.0,1.0,1.0,0.9900990099009901,0.998019801980198,0.003960396039603964,0.9577464788732394,0.9285714285714286,0.9142857142857143,0.9428571428571428,0.9285714285714286,0.9344064386317907,0.014758794757002857,119,1.0,1.0,1.0,1.0,0.99644128113879,0.9992882562277581,0.0014234875444839813,0.9931623931623932,0.9662222222222222,0.9484444444444445,0.9831111111111112,0.9311111111111111,0.9644102564102564,0.022554071844529715,164,1.0,1.0,1.0,0.9999999999999999,1.0,1.0,4.965068306494546e-17
0.13872342109680175,0.04139086031029729,0.027348136901855467,0.005255046489267234,balanced,entropy,2,2,1.0,50,"{'estimator__class_weight': 'balanced', 'estimator__criterion': 'entropy', 'estimator__max_depth': 2, 'estimator__min_samples_leaf': 2, 'learning_rate': 1.0, 'n_estimators': 50}",0.9532587228439764,0.9215070643642072,0.9028677150786308,0.9377777777777778,0.9199267902081903,0.9270676140545566,0.017136090424050156,77,1.0,1.0,1.0,1.0,0.9961273962596988,0.9992254792519397,0.0015490414961204734,0.967741935483871,0.945054945054945,0.9361702127659575,0.9555555555555556,0.946236559139785,0.9501518416000229,0.010727583729284545,119,1.0,1.0,1.0,1.0,0.997229916897507,0.9994459833795014,0.0011080332409972194,0.9387755102040817,0.8979591836734694,0.8695652173913043,0.92,0.8936170212765957,0.9039833865090902,0.02364481631260207,77,1.0,1.0,1.0,1.0,0.9950248756218906,0.9990049751243781,0.0019900497512437723,0.8846153846153846,0.88,0.8,0.92,0.84,0.8649230769230769,0.04119401346751892,25,1.0,1.0,1.0,1.0,0.9900990099009901,0.998019801980198,0.003960396039603964,0.9577464788732394,0.9285714285714286,0.9142857142857143,0.9428571428571428,0.9285714285714286,0.9344064386317907,0.014758794757002857,119,1.0,1.0,1.0,1.0,0.99644128113879,0.9992882562277581,0.0014234875444839813,0.9931623931623932,0.9662222222222222,0.9457777777777778,0.9831111111111112,0.9311111111111111,0.9638769230769231,0.02295330333473127,178,1.0,1.0,1.0,0.9999999999999999,1.0,1.0,4.965068306494546e-17
0.13035526275634765,0.029598975320073006,0.028737497329711915,0.005275947821463868,balanced,entropy,2,2,1.0,100,"{'estimator__class_weight': 'balanced', 'estimator__criterion': 'entropy', 'estimator__max_depth': 2, 'estimator__min_samples_leaf': 2, 'learning_rate': 1.0, 'n_estimators': 100}",0.9532587228439764,0.9215070643642072,0.9028677150786308,0.9377777777777778,0.9199267902081903,0.9270676140545566,0.017136090424050156,77,1.0,1.0,1.0,1.0,0.9961273962596988,0.9992254792519397,0.0015490414961204734,0.967741935483871,0.945054945054945,0.9361702127659575,0.9555555555555556,0.946236559139785,0.9501518416000229,0.010727583729284545,119,1.0,1.0,1.0,1.0,0.997229916897507,0.9994459833795014,0.0011080332409972194,0.9387755102040817,0.8979591836734694,0.8695652173913043,0.92,0.8936170212765957,0.9039833865090902,0.02364481631260207,77,1.0,1.0,1.0,1.0,0.9950248756218906,0.9990049751243781,0.0019900497512437723,0.8846153846153846,0.88,0.8,0.92,0.84,0.8649230769230769,0.04119401346751892,25,1.0,1.0,1.0,1.0,0.9900990099009901,0.998019801980198,0.003960396039603964,0.9577464788732394,0.9285714285714286,0.9142857142857143,0.9428571428571428,0.9285714285714286,0.9344064386317907,0.014758794757002857,119,1.0,1.0,1.0,1.0,0.99644128113879,0.9992882562277581,0.0014234875444839813,0.9931623931623932,0.9662222222222222,0.9457777777777778,0.9831111111111112,0.9311111111111111,0.9638769230769231,0.02295330333473127,178,1.0,1.0,1.0,0.9999999999999999,1.0,1.0,4.965068306494546e-17
0.14438838958740235,0.03046282400390494,0.02968430519104004,0.0019348629952814808,balanced,entropy,2,2,1.0,200,"{'estimator__class_weight': 'balanced', 'estimator__criterion': 'entropy', 'estimator__max_depth': 2, 'estimator__min_samples_leaf': 2, 'learning_rate': 1.0, 'n_estimators': 200}",0.9532587228439764,0.9215070643642072,0.9028677150786308,0.9377777777777778,0.9199267902081903,0.9270676140545566,0.017136090424050156,77,1.0,1.0,1.0,1.0,0.9961273962596988,0.9992254792519397,0.0015490414961204734,0.967741935483871,0.945054945054945,0.9361702127659575,0.9555555555555556,0.946236559139785,0.9501518416000229,0.010727583729284545,119,1.0,1.0,1.0,1.0,0.997229916897507,0.9994459833795014,0.0011080332409972194,0.9387755102040817,0.8979591836734694,0.8695652173913043,0.92,0.8936170212765957,0.9039833865090902,0.02364481631260207,77,1.0,1.0,1.0,1.0,0.9950248756218906,0.9990049751243781,0.0019900497512437723,0.8846153846153846,0.88,0.8,0.92,0.84,0.8649230769230769,0.04119401346751892,25,1.0,1.0,1.0,1.0,0.9900990099009901,0.998019801980198,0.003960396039603964,0.9577464788732394,0.9285714285714286,0.9142857142857143,0.9428571428571428,0.9285714285714286,0.9344064386317907,0.014758794757002857,119,1.0,1.0,1.0,1.0,0.99644128113879,0.9992882562277581,0.0014234875444839813,0.9931623931623932,0.9662222222222222,0.9457777777777778,0.9831111111111112,0.9311111111111111,0.9638769230769231,0.02295330333473127,178,1.0,1.0,1.0,0.9999999999999999,1.0,1.0,4.965068306494546e-17
0.1532353401184082,0.003934075255389145,0.030927467346191406,0.0037166680978061735,balanced,gini,3,5,0.1,25,"{'estimator__class_weight': 'balanced', 'estimator__criterion': 'gini', 'estimator__max_depth': 3, 'estimator__min_samples_leaf': 5, 'learning_rate': 0.1, 'n_estimators': 25}",0.9532587228439764,0.9519560741249142,0.9005681818181819,0.9682971014492754,0.8612029081295439,0.9270565976731783,0.0401139852015718,85,0.9642446686246967,0.984475138121547,0.96866287498606,0.9646614965416056,0.9688089688089687,0.9701706294165756,0.007405592058230194,0.967741935483871,0.967741935483871,0.9375,0.9782608695652174,0.898876404494382,0.9500242290054682,0.028976191537910666,127,0.975609756097561,0.988950276243094,0.9781420765027322,0.9754768392370572,0.978021978021978,0.9792401852204845,0.0049863519292045,0.9387755102040817,0.9361702127659575,0.8636363636363636,0.9583333333333334,0.8235294117647058,0.9040889663408885,0.051577260390318035,76,0.9528795811518325,0.98,0.9591836734693877,0.9538461538461539,0.9595959595959596,0.9611010736126667,0.00983196836049292,0.8846153846153846,0.88,0.76,0.92,0.84,0.8569230769230769,0.0546965810296344,67,0.91,0.9702970297029703,0.9306930693069307,0.9207920792079208,0.9405940594059405,0.9344752475247524,0.02059714371420009,0.9577464788732394,0.9571428571428572,0.9142857142857143,0.9714285714285714,0.8714285714285714,0.9344064386317907,0.036887384910514846,119,0.9678571428571429,0.9857651245551602,0.9715302491103203,0.9679715302491103,0.9715302491103203,0.9729308591764108,0.006617844447011408,0.9893162393162394,0.9595555555555556,0.9440000000000001,0.98,0.9235555555555556,0.9592854700854702,0.023838138284612825,325,0.9936944444444444,0.9995049504950495,0.9941144114411441,0.9973872387238724,0.9951045104510451,0.9959611111111112,0.002185153527178015
0.35645451545715334,0.060478176019687836,0.03701019287109375,0.004582482986304157,balanced,entropy,3,5,0.1,50,"{'estimator__class_weight': 'balanced', 'estimator__criterion': 'entropy', 'estimator__max_depth': 3, 'estimator__min_samples_leaf': 5, 'learning_rate': 0.1, 'n_estimators': 50}",0.9220978714066272,0.9365942028985508,0.9181286549707601,0.9682971014492754,0.8901098901098901,0.9270455441670208,0.025538601297223483,86,0.9601706970128023,0.9646614965416056,0.9725144973101376,0.9644888158726146,0.9804603296015576,0.9684591672677436,0.007202198711883947,0.946236559139785,0.9565217391304348,0.9473684210526315,0.9782608695652174,0.9230769230769231,0.9502929023929984,0.017814160865328676,114,0.972972972972973,0.9754768392370572,0.9809264305177112,0.975609756097561,0.9863013698630136,0.9782574737376631,0.004785308358483751,0.8979591836734694,0.9166666666666666,0.8888888888888888,0.9583333333333334,0.8571428571428571,0.9037981859410431,0.033384969338375974,86,0.9473684210526315,0.9538461538461539,0.9641025641025641,0.9533678756476683,0.9746192893401016,0.9586608607978239,0.00962288799295544,0.8461538461538461,0.88,0.8,0.92,0.84,0.8572307692307692,0.04038161160990257,58,0.9,0.9207920792079208,0.9306930693069307,0.9108910891089109,0.9504950495049505,0.9225742574257426,0.017290201942925184,0.9295774647887324,0.9428571428571428,0.9285714285714286,0.9714285714285714,0.9,0.9344869215291751,0.023165447033664775,76,0.9642857142857143,0.9679715302491103,0.9750889679715302,0.9679715302491103,0.9822064056939501,0.9715048296898832,0.006394588544821774,0.9888888888888889,0.9657777777777778,0.9484444444444444,0.9795555555555556,0.928888888888889,0.9623111111111113,0.021564305211605104,218,0.9935833333333334,0.9984048404840484,0.9983498349834984,0.9985698569856986,0.998954895489549,0.9975725522552257,0.002005803045425673
0.21754355430603028,0.014185244229397495,0.028900671005249023,0.004313927679718632,,entropy,2,1,1.0,50,"{'estimator__class_weight': None, 'estimator__criterion': 'entropy', 'estimator__max_depth': 2, 'estimator__min_samples_leaf': 1, 'learning_rate': 1.0, 'n_estimators': 50}",0.9382608695652175,0.9529042386185244,0.8853801169590643,0.9682971014492754,0.8901098901098901,0.9269904433403944,0.03345558777029295,87,1.0,1.0,1.0,1.0,1.0,1.0,0.0,0.9565217391304348,0.967032967032967,0.9263157894736842,0.9782608695652174,0.9230769230769231,0.9502416576558452,0.02198560302998959,115,1.0,1.0,1.0,1.0,1.0,1.0,0.0,0.92,0.9387755102040817,0.8444444444444444,0.9583333333333334,0.8571428571428571,0.9037392290249434,0.04507674178070928,87,1.0,1.0,1.0,1.0,1.0,1.0,0.0,0.8846153846153846,0.92,0.76,0.92,0.84,0.8649230769230769,0.06014105707054152,25,1.0,1.0,1.0,1.0,1.0,1.0,0.0,0.9436619718309859,0.9571428571428572,0.9,0.9714285714285714,0.9,0.9344466800804829,0.02946471068960165,94,1.0,1.0,1.0,1.0,1.0,1.0,0.0,0.9871794871794872,0.9448888888888889,0.9191111111111111,0.9920000000000001,0.9653333333333334,0.9617025641025642,0.027117972854724632,226,1.0,1.0,1.0,1.0,1.0,1.0,0.0
0.22552986145019532,0.010955532851915329,0.0313326358795166,0.0048239192697263405,,entropy,2,2,1.0,50,"{'estimator__class_weight': None, 'estimator__criterion': 'entropy', 'estimator__max_depth': 2, 'estimator__min_samples_leaf': 2, 'learning_rate': 1.0, 'n_estimators': 50}",0.9382608695652175,0.9529042386185244,0.8853801169590643,0.9682971014492754,0.8901098901098901,0.9269904433403944,0.03345558777029295,87,1.0,1.0,1.0,1.0,1.0,1.0,0.0,0.9565217391304348,0.967032967032967,0.9263157894736842,0.9782608695652174,0.9230769230769231,0.9502416576558452,0.02198560302998959,115,1.0,1.0,1.0,1.0,1.0,1.0,0.0,0.92,0.9387755102040817,0.8444444444444444,0.9583333333333334,0.8571428571428571,0.9037392290249434,0.04507674178070928,87,1.0,1.0,1.0,1.0,1.0,1.0,0.0,0.8846153846153846,0.92,0.76,0.92,0.84,0.8649230769230769,0.06014105707054152,25,1.0,1.0,1.0,1.0,1.0,1.0,0.0,0.9436619718309859,0.9571428571428572,0.9,0.9714285714285714,0.9,0.9344466800804829,0.02946471068960165,94,1.0,1.0,1.0,1.0,1.0,1.0,0.0,0.9871794871794872,0.9448888888888889,0.9191111111111111,0.9920000000000001,0.9653333333333334,0.9617025641025642,0.027117972854724632,226,1.0,1.0,1.0,1.0,1.0,1.0,0.0
0.11183538436889648,0.0039983390765007355,0.026865768432617187,0.0012368078762117548,,gini,3,5,1.5,25,"{'estimator__class_weight': None, 'estimator__criterion': 'gini', 'estimator__max_depth': 3, 'estimator__min_samples_leaf': 5, 'learning_rate': 1.5, 'n_estimators': 25}",0.9382608695652175,0.9365942028985508,0.9181286549707601,0.9352451433857539,0.9066666666666667,0.9269791074973899,0.012481837418136623,89,1.0,1.0,1.0,1.0,1.0,1.0,0.0,0.9565217391304348,0.9565217391304348,0.9473684210526315,0.9574468085106383,0.9333333333333333,0.9502384082314945,0.009218892695706934,117,1.0,1.0,1.0,1.0,1.0,1.0,0.0,0.92,0.9166666666666666,0.8888888888888888,0.9130434782608695,0.88,0.903719806763285,0.01613804251613006,89,1.0,1.0,1.0,1.0,1.0,1.0,0.0,0.8846153846153846,0.88,0.8,0.84,0.88,0.8569230769230769,0.032737073423434786,67,1.0,1.0,1.0,1.0,1.0,1.0,0.0,0.9436619718309859,0.9428571428571428,0.9285714285714286,0.9428571428571428,0.9142857142857143,0.9344466800804829,0.011553151019133515,94,1.0,1.0,1.0,1.0,1.0,1.0,0.0,0.9675213675213674,0.9768888888888889,0.9653333333333334,0.9928888888888889,0.9697777777777777,0.9744820512820512,0.009988842632403737,32,1.0,1.0,1.0,1.0,1.0,1.0,0.0
1.202290678024292,0.02576582027377274,0.09044437408447266,0.008360924153522764,balanced,gini,3,2,0.1,200,"{'estimator__class_weight': 'balanced', 'estimator__criterion': 'gini', 'estimator__max_depth': 3, 'estimator__min_samples_leaf': 2, 'learning_rate': 0.1, 'n_estimators': 200}",0.9382608695652175,0.9365942028985508,0.9028677150786308,0.9519560741249142,0.9048913043478262,0.9269140332030279,0.019559070508934205,90,0.9921870640102685,1.0,1.0,0.9961273962596988,1.0,0.9976628920539934,0.0031218155215387866,0.9565217391304348,0.9565217391304348,0.9361702127659575,0.967741935483871,0.9347826086956522,0.95034764704127,0.012822403503296378,110,0.994475138121547,1.0,1.0,0.997229916897507,1.0,0.9983410110038108,0.002210711954249875,0.92,0.9166666666666666,0.8695652173913043,0.9361702127659575,0.875,0.9034804193647858,0.02636957135403266,90,0.98989898989899,1.0,1.0,0.9950248756218906,1.0,0.996984773104176,0.004032971645619811,0.8846153846153846,0.88,0.8,0.88,0.84,0.8569230769230769,0.032737073423434786,67,0.98,1.0,1.0,0.9900990099009901,1.0,0.9940198019801979,0.007990191026007764,0.9436619718309859,0.9428571428571428,0.9142857142857143,0.9571428571428572,0.9142857142857143,0.9344466800804829,0.017226160471601196,94,0.9928571428571429,1.0,1.0,0.99644128113879,1.0,0.9978596847991866,0.0028558761283442105,0.9871794871794872,0.9644444444444444,0.9493333333333334,0.9795555555555555,0.9333333333333333,0.9627692307692308,0.01963386389108724,207,1.0,1.0,1.0,1.0,1.0,1.0,0.0
0.18827381134033203,0.010714127615759208,0.03280625343322754,0.0016638644084095142,balanced,entropy,3,5,0.5,25,"{'estimator__class_weight': 'balanced', 'estimator__criterion': 'entropy', 'estimator__max_depth': 3, 'estimator__min_samples_leaf': 5, 'learning_rate': 0.5, 'n_estimators': 25}",0.9382608695652175,0.9365942028985508,0.9028677150786308,0.9519560741249142,0.9048913043478262,0.9269140332030279,0.019559070508934205,90,1.0,1.0,1.0,0.9961273962596988,1.0,0.9992254792519397,0.0015490414961204734,0.9565217391304348,0.9565217391304348,0.9361702127659575,0.967741935483871,0.9347826086956522,0.95034764704127,0.012822403503296378,110,1.0,1.0,1.0,0.997229916897507,1.0,0.9994459833795014,0.0011080332409972194,0.92,0.9166666666666666,0.8695652173913043,0.9361702127659575,0.875,0.9034804193647858,0.02636957135403266,90,1.0,1.0,1.0,0.9950248756218906,1.0,0.9990049751243781,0.0019900497512437723,0.8846153846153846,0.88,0.8,0.88,0.84,0.8569230769230769,0.032737073423434786,67,1.0,1.0,1.0,0.9900990099009901,1.0,0.998019801980198,0.003960396039603964,0.9436619718309859,0.9428571428571428,0.9142857142857143,0.9571428571428572,0.9142857142857143,0.9344466800804829,0.017226160471601196,94,1.0,1.0,1.0,0.99644128113879,1.0,0.9992882562277579,0.001423487544483981,0.9923076923076923,0.9440000000000001,0.9400000000000001,0.9822222222222222,0.9244444444444445,0.9565948717948718,0.026076185239178453,383,1.0,1.0,1.0,1.0,1.0,1.0,0.0
0.5735314369201661,0.01722696544594798,0.0636631965637207,0.0032717937610202575,balanced,gini,3,1,0.5,100,"{'estimator__class_weight': 'balanced', 'estimator__criterion': 'gini', 'estimator__max_depth': 3, 'estimator__min_samples_leaf': 1, 'learning_rate': 0.5, 'n_estimators': 100}",0.9382608695652175,0.9215070643642072,0.9028677150786308,0.9519560741249142,0.9199267902081903,0.9269037026682321,0.016805572096162527,92,1.0,1.0,1.0,1.0,1.0,1.0,0.0,0.9565217391304348,0.945054945054945,0.9361702127659575,0.967741935483871,0.946236559139785,0.9503450783149987,0.010831380625190016,113,1.0,1.0,1.0,1.0,1.0,1.0,0.0,0.92,0.8979591836734694,0.8695652173913043,0.9361702127659575,0.8936170212765957,0.9034623270214655,0.022888989014884068,92,1.0,1.0,1.0,1.0,1.0,1.0,0.0,0.8846153846153846,0.88,0.8,0.88,0.84,0.8569230769230769,0.032737073423434786,67,1.0,1.0,1.0,1.0,1.0,1.0,0.0,0.9436619718309859,0.9285714285714286,0.9142857142857143,0.9571428571428572,0.9285714285714286,0.9344466800804829,0.014666558953351354,94,1.0,1.0,1.0,1.0,1.0,1.0,0.0,0.9931623931623931,0.9466666666666665,0.9617777777777777,0.991111111111111,0.9457777777777777,0.9676991452991451,0.020757992386940975,130,1.0,1.0,1.0,1.0,1.0,1.0,0.0
0.745072603225708,0.032055691431668414,0.05587787628173828,0.008264404716288688,balanced,entropy,3,2,1.0,100,"{'estimator__class_weight': 'balanced', 'estimator__criterion': 'entropy', 'estimator__max_depth': 3, 'estimator__min_samples_leaf': 2, 'learning_rate': 1.0, 'n_estimators': 100}",0.9055851063829787,0.9365942028985508,0.9199267902081903,0.9519560741249142,0.9199267902081903,0.926797792764565,0.015958121370027892,93,1.0,1.0,1.0,1.0,1.0,1.0,0.0,0.9361702127659575,0.9565217391304348,0.946236559139785,0.967741935483871,0.946236559139785,0.9505814011319667,0.010725755999215929,103,1.0,1.0,1.0,1.0,1.0,1.0,0.0,0.875,0.9166666666666666,0.8936170212765957,0.9361702127659575,0.8936170212765957,0.9030141843971631,0.0211996243654399,93,1.0,1.0,1.0,1.0,1.0,1.0,0.0,0.8076923076923077,0.88,0.84,0.88,0.84,0.8495384615384616,0.02752771599550159,100,1.0,1.0,1.0,1.0,1.0,1.0,0.0,0.9154929577464789,0.9428571428571428,0.9285714285714286,0.9571428571428572,0.9285714285714286,0.9345271629778672,0.014241493606951363,73,1.0,1.0,1.0,1.0,1.0,1.0,0.0,0.9931623931623932,0.9457777777777778,0.9555555555555555,0.9937777777777779,0.9671111111111111,0.9710769230769232,0.019492480910311655,86,1.0,1.0,1.0,1.0,1.0,1.0,0.0
0.8613877773284913,0.0233142363915765,0.07113213539123535,0.00689879418222961,,gini,3,1,0.5,200,"{'estimator__class_weight': None, 'estimator__criterion': 'gini', 'estimator__max_depth': 3, 'estimator__min_samples_leaf': 1, 'learning_rate': 0.5, 'n_estimators': 200}",0.9220978714066272,0.9365942028985508,0.9028677150786308,0.9519560741249142,0.9199267902081903,0.9266885307433828,0.016557763354564176,94,1.0,1.0,1.0,1.0,1.0,1.0,0.0,0.946236559139785,0.9565217391304348,0.9361702127659575,0.967741935483871,0.946236559139785,0.9505814011319667,0.010725755999215929,103,1.0,1.0,1.0,1.0,1.0,1.0,0.0,0.8979591836734694,0.9166666666666666,0.8695652173913043,0.9361702127659575,0.8936170212765957,0.9027956603547986,0.022441777230496132,96,1.0,1.0,1.0,1.0,1.0,1.0,0.0,0.8461538461538461,0.88,0.8,0.88,0.84,0.8492307692307692,0.029704660642823795,107,1.0,1.0,1.0,1.0,1.0,1.0,0.0,0.9295774647887324,0.9428571428571428,0.9142857142857143,0.9571428571428572,0.9285714285714286,0.934486921529175,0.014495079303840709,86,1.0,1.0,1.0,1.0,1.0,1.0,0.0,0.9854700854700854,0.9431111111111111,0.9573333333333334,0.9937777777777779,0.9537777777777777,0.966694017094017,0.01947652910340288,140,1.0,1.0,1.0,1.0,1.0,1.0,0.0
0.9603641510009766,0.07969502882368384,0.0938103199005127,0.006199294733169075,balanced,gini,2,5,1.5,200,"{'estimator__class_weight': 'balanced', 'estimator__criterion': 'gini', 'estimator__max_depth': 2, 'estimator__min_samples_leaf': 5, 'learning_rate': 1.5, 'n_estimators': 200}",0.9382608695652175,0.9365942028985508,0.8853801169590643,0.9682971014492754,0.9048913043478262,0.9266847190439869,0.028791729986614705,95,1.0,1.0,1.0,1.0,1.0,1.0,0.0,0.9565217391304348,0.9565217391304348,0.9263157894736842,0.9782608695652174,0.9347826086956522,0.9504805491990845,0.018303546650056124,108,1.0,1.0,1.0,1.0,1.0,1.0,0.0,0.92,0.9166666666666666,0.8444444444444444,0.9583333333333334,0.875,0.902888888888889,0.03937066652618483,94,1.0,1.0,1.0,1.0,1.0,1.0,0.0,0.8846153846153846,0.88,0.76,0.92,0.84,0.8569230769230769,0.0546965810296344,67,1.0,1.0,1.0,1.0,1.0,1.0,0.0,0.9436619718309859,0.9428571428571428,0.9,0.9714285714285714,0.9142857142857143,0.9344466800804829,0.024965400394110493,94,1.0,1.0,1.0,1.0,1.0,1.0,0.0,0.9931623931623932,0.9395555555555555,0.9724444444444444,0.9973333333333333,0.968,0.9740991452991452,0.02067090764033214,43,1.0,1.0,1.0,1.0,1.0,1.0,0.0
1.1791013717651366,0.026136871078945627,0.08905367851257324,0.007633696747366753,balanced,gini,3,1,1.0,200,"{'estimator__class_weight': 'balanced', 'estimator__criterion': 'gini', 'estimator__max_depth': 3, 'estimator__min_samples_leaf': 1, 'learning_rate': 1.0, 'n_estimators': 200}",0.9220978714066272,0.9365942028985508,0.9028677150786308,0.9352451433857539,0.9365942028985508,0.9266798271336227,0.013099353685728506,96,1.0,1.0,1.0,1.0,1.0,1.0,0.0,0.946236559139785,0.9565217391304348,0.9361702127659575,0.9574468085106383,0.9565217391304348,0.9505794117354501,0.00829781937398423,107,1.0,1.0,1.0,1.0,1.0,1.0,0.0,0.8979591836734694,0.9166666666666666,0.8695652173913043,0.9130434782608695,0.9166666666666666,0.9027802425317952,0.017985994894564546,97,1.0,1.0,1.0,1.0,1.0,1.0,0.0,0.8461538461538461,0.88,0.8,0.84,0.88,0.8492307692307692,0.02970466064282379,107,1.0,1.0,1.0,1.0,1.0,1.0,0.0,0.9295774647887324,0.9428571428571428,0.9142857142857143,0.9428571428571428,0.9428571428571428,0.934486921529175,0.011334666777784263,86,1.0,1.0,1.0,1.0,1.0,1.0,0.0,0.9905982905982906,0.9386666666666666,0.9671111111111111,0.9946666666666666,0.9662222222222222,0.9714529914529914,0.020132427379390364,77,1.0,1.0,1.0,1.0,1.0,1.0,0.0
0.432770824432373,0.0028970347348483767,0.04884581565856934,0.0026010027923427325,,entropy,2,1,0.5,100,"{'estimator__class_weight': None, 'estimator__criterion': 'entropy', 'estimator__max_depth': 2, 'estimator__min_samples_leaf': 1, 'learning_rate': 0.5, 'n_estimators': 100}",0.9541047188106011,0.9028677150786308,0.9028677150786308,0.9519560741249142,0.9215070643642072,0.9266606574913968,0.02259115908398897,97,1.0,1.0,1.0,1.0,1.0,1.0,0.0,0.967032967032967,0.9361702127659575,0.9361702127659575,0.967741935483871,0.945054945054945,0.9504340546207397,0.014219253298808908,109,1.0,1.0,1.0,1.0,1.0,1.0,0.0,0.9411764705882353,0.8695652173913043,0.8695652173913043,0.9361702127659575,0.8979591836734694,0.9028872603620541,0.031044553711731,95,1.0,1.0,1.0,1.0,1.0,1.0,0.0,0.9230769230769231,0.8,0.8,0.88,0.88,0.8566153846153846,0.048829130892005836,89,1.0,1.0,1.0,1.0,1.0,1.0,0.0,0.9577464788732394,0.9142857142857143,0.9142857142857143,0.9571428571428572,0.9285714285714286,0.9344064386317907,0.019521458162795748,119,1.0,1.0,1.0,1.0,1.0,1.0,0.0,0.9923076923076922,0.9591111111111111,0.9528888888888889,0.9902222222222222,0.9377777777777777,0.9664615384615385,0.02141773791525792,142,1.0,1.0,1.0,1.0,1.0,1.0,0.0
1.1975633144378661,0.03522341173600404,0.09590773582458496,0.005587620077821419,balanced,gini,3,1,0.5,200,"{'estimator__class_weight': 'balanced', 'estimator__criterion': 'gini', 'estimator__max_depth': 3, 'estimator__min_samples_leaf': 1, 'learning_rate': 0.5, 'n_estimators': 200}",0.9055851063829787,0.9365942028985508,0.9028677150786308,0.9682971014492754,0.9199267902081903,0.9266541832035253,0.024032879611066645,98,1.0,1.0,1.0,1.0,1.0,1.0,0.0,0.9361702127659575,0.9565217391304348,0.9361702127659575,0.9782608695652174,0.946236559139785,0.9506719186734702,0.015720317893318774,100,1.0,1.0,1.0,1.0,1.0,1.0,0.0,0.875,0.9166666666666666,0.8695652173913043,0.9583333333333334,0.8936170212765957,0.90263644773358,0.03236609238730576,98,1.0,1.0,1.0,1.0,1.0,1.0,0.0,0.8076923076923077,0.88,0.8,0.92,0.84,0.8495384615384616,0.04514172291715275,100,1.0,1.0,1.0,1.0,1.0,1.0,0.0,0.9154929577464789,0.9428571428571428,0.9142857142857143,0.9714285714285714,0.9285714285714286,0.9345271629778672,0.02115935016347406,73,1.0,1.0,1.0,1.0,1.0,1.0,0.0,0.9871794871794871,0.9493333333333333,0.9644444444444444,0.9937777777777778,0.9564444444444444,0.9702358974358974,0.017331864601709542,96,1.0,1.0,1.0,1.0,1.0,1.0,0.0
0.5682119369506836,0.017050246652417493,0.056470632553100586,0.008164116555821934,balanced,gini,3,5,0.5,100,"{'estimator__class_weight': 'balanced', 'estimator__criterion': 'gini', 'estimator__max_depth': 3, 'estimator__min_samples_leaf': 5, 'learning_rate': 0.5, 'n_estimators': 100}",0.8886898096304592,0.9365942028985508,0.9028677150786308,0.9682971014492754,0.9365942028985508,0.9266086063910933,0.028067133674531133,99,1.0,1.0,1.0,1.0,1.0,1.0,0.0,0.9263157894736842,0.9565217391304348,0.9361702127659575,0.9782608695652174,0.9565217391304348,0.9507580700131457,0.0180724896105805,95,1.0,1.0,1.0,1.0,1.0,1.0,0.0,0.851063829787234,0.9166666666666666,0.8695652173913043,0.9583333333333334,0.9166666666666666,0.902459142769041,0.03807655752578499,101,1.0,1.0,1.0,1.0,1.0,1.0,0.0,0.7692307692307693,0.88,0.8,0.92,0.88,0.8498461538461539,0.056077714461019154,99,1.0,1.0,1.0,1.0,1.0,1.0,0.0,0.9014084507042254,0.9428571428571428,0.9142857142857143,0.9714285714285714,0.9428571428571428,0.9345674044265593,0.024523655217664222,72,1.0,1.0,1.0,1.0,1.0,1.0,0.0,0.9897435897435898,0.9573333333333333,0.9502222222222222,0.992,0.9626666666666667,0.9703931623931623,0.017195459683739676,95,1.0,1.0,1.0,1.0,1.0,1.0,0.0
0.9121898174285888,0.04702670030309185,0.10126299858093261,0.007874087179293145,,gini,2,5,0.5,200,"{'estimator__class_weight': None, 'estimator__criterion': 'gini', 'estimator__max_depth': 2, 'estimator__min_samples_leaf': 5, 'learning_rate': 0.5, 'n_estimators': 200}",0.9382608695652175,0.9199267902081903,0.9028677150786308,0.9519560741249142,0.9199267902081903,0.9265876478370287,0.01691857214191295,100,1.0,1.0,1.0,1.0,1.0,1.0,0.0,0.9565217391304348,0.946236559139785,0.9361702127659575,0.967741935483871,0.946236559139785,0.9505814011319667,0.010725755999215929,103,1.0,1.0,1.0,1.0,1.0,1.0,0.0,0.92,0.8936170212765957,0.8695652173913043,0.9361702127659575,0.8936170212765957,0.9025938945420906,0.02316205377017601,99,1.0,1.0,1.0,1.0,1.0,1.0,0.0,0.8846153846153846,0.84,0.8,0.88,0.84,0.8489230769230769,0.03095941225379756,118,1.0,1.0,1.0,1.0,1.0,1.0,0.0,0.9436619718309859,0.9285714285714286,0.9142857142857143,0.9571428571428572,0.9285714285714286,0.9344466800804829,0.014666558953351354,94,1.0,1.0,1.0,1.0,1.0,1.0,0.0,0.9923076923076922,0.9520000000000001,0.9484444444444444,0.9946666666666667,0.9688888888888889,0.9712615384615384,0.01943191564050898,81,1.0,1.0,1.0,1.0,1.0,1.0,0.0
0.7975595474243165,0.17080680884638827,0.07521929740905761,0.02193050166173111,,gini,2,2,0.5,200,"{'estimator__class_weight': None, 'estimator__criterion': 'gini', 'estimator__max_depth': 2, 'estimator__min_samples_leaf': 2, 'learning_rate': 0.5, 'n_estimators': 200}",0.9382608695652175,0.9028677150786308,0.9199267902081903,0.9519560741249142,0.9199267902081903,0.9265876478370286,0.01691857214191295,101,1.0,1.0,1.0,1.0,1.0,1.0,0.0,0.9565217391304348,0.9361702127659575,0.946236559139785,0.967741935483871,0.946236559139785,0.9505814011319667,0.010725755999215929,103,1.0,1.0,1.0,1.0,1.0,1.0,0.0,0.92,0.8695652173913043,0.8936170212765957,0.9361702127659575,0.8936170212765957,0.9025938945420906,0.02316205377017601,99,1.0,1.0,1.0,1.0,1.0,1.0,0.0,0.8846153846153846,0.8,0.84,0.88,0.84,0.8489230769230769,0.03095941225379756,118,1.0,1.0,1.0,1.0,1.0,1.0,0.0,0.9436619718309859,0.9142857142857143,0.9285714285714286,0.9571428571428572,0.9285714285714286,0.9344466800804829,0.014666558953351354,94,1.0,1.0,1.0,1.0,1.0,1.0,0.0,0.9871794871794872,0.9475555555555556,0.9422222222222223,0.9955555555555556,0.9617777777777777,0.9668581196581197,0.021174640974773316,136,1.0,1.0,1.0,1.0,1.0,1.0,0.0
0.4115354061126709,0.011695027081112532,0.043717575073242185,0.004883374046840301,,gini,3,1,0.5,100,"{'estimator__class_weight': None, 'estimator__criterion': 'gini', 'estimator__max_depth': 3, 'estimator__min_samples_leaf': 1, 'learning_rate': 0.5, 'n_estimators': 100}",0.9220978714066272,0.9365942028985508,0.8853801169590643,0.9682971014492754,0.9199267902081903,0.9264592165843416,0.0268414340514926,102,1.0,1.0,1.0,1.0,1.0,1.0,0.0,0.946236559139785,0.9565217391304348,0.9263157894736842,0.9782608695652174,0.946236559139785,0.9507143032897811,0.016899275051849023,97,1.0,1.0,1.0,1.0,1.0,1.0,0.0,0.8979591836734694,0.9166666666666666,0.8444444444444444,0.9583333333333334,0.8936170212765957,0.902204129878902,0.03684451577830466,103,1.0,1.0,1.0,1.0,1.0,1.0,0.0,0.8461538461538461,0.88,0.76,0.92,0.84,0.8492307692307692,0.052937386258723865,107,1.0,1.0,1.0,1.0,1.0,1.0,0.0,0.9295774647887324,0.9428571428571428,0.9,0.9714285714285714,0.9285714285714286,0.934486921529175,0.023165447033664775,86,1.0,1.0,1.0,1.0,1.0,1.0,0.0,0.982905982905983,0.9466666666666668,0.9573333333333333,0.9928888888888889,0.9564444444444444,0.9672478632478633,0.017556971954945755,132,1.0,1.0,1.0,1.0,1.0,1.0,0.0
0.28944921493530273,0.010921387791966658,0.04139785766601563,0.004215980982034756,balanced,gini,3,5,0.5,50,"{'estimator__class_weight': 'balanced', 'estimator__criterion': 'gini', 'estimator__max_depth': 3, 'estimator__min_samples_leaf': 5, 'learning_rate': 0.5, 'n_estimators': 50}",0.9220978714066272,0.9529042386185244,0.8853801169590643,0.9519560741249142,0.9199267902081903,0.926453018263464,0.02489423666184295,103,1.0,1.0,1.0,1.0,1.0,1.0,0.0,0.946236559139785,0.967032967032967,0.9263157894736842,0.967741935483871,0.946236559139785,0.9507127620540186,0.015437790608783756,98,1.0,1.0,1.0,1.0,1.0,1.0,0.0,0.8979591836734694,0.9387755102040817,0.8444444444444444,0.9361702127659575,0.8936170212765957,0.9021932744729098,0.03440668342140048,104,1.0,1.0,1.0,1.0,1.0,1.0,0.0,0.8461538461538461,0.92,0.76,0.88,0.84,0.8492307692307692,0.052937386258723865,107,1.0,1.0,1.0,1.0,1.0,1.0,0.0,0.9295774647887324,0.9571428571428572,0.9,0.9571428571428572,0.9285714285714286,0.9344869215291751,0.02133085284765484,76,1.0,1.0,1.0,1.0,1.0,1.0,0.0,0.9914529914529915,0.9671111111111111,0.9511111111111111,0.9911111111111112,0.9662222222222222,0.9734017094017094,0.01566817875674657,51,1.0,1.0,1.0,1.0,1.0,1.0,0.0
1.0711420059204102,0.04454227701327702,0.0659224510192871,0.006962656242926963,,entropy,3,2,1.0,200,"{'estimator__class_weight': None, 'estimator__criterion': 'entropy', 'estimator__max_depth': 3, 'estimator__min_samples_leaf': 2, 'learning_rate': 1.0, 'n_estimators': 200}",0.9204927211646137,0.9199267902081903,0.9199267902081903,0.9519560741249142,0.9199267902081903,0.9264458331828198,0.012757003563064627,104,1.0,1.0,1.0,1.0,1.0,1.0,0.0,0.9473684210526315,0.946236559139785,0.946236559139785,0.967741935483871,0.946236559139785,0.9507640067911716,0.008500275429776384,90,1.0,1.0,1.0,1.0,1.0,1.0,0.0,0.8936170212765957,0.8936170212765957,0.8936170212765957,0.9361702127659575,0.8936170212765957,0.902127659574468,0.017021276595744705,105,1.0,1.0,1.0,1.0,1.0,1.0,0.0,0.8076923076923077,0.84,0.84,0.88,0.84,0.8415384615384616,0.02294320231668584,142,1.0,1.0,1.0,1.0,1.0,1.0,0.0,0.9295774647887324,0.9285714285714286,0.9285714285714286,0.9571428571428572,0.9285714285714286,0.9344869215291751,0.011334666777784266,76,1.0,1.0,1.0,1.0,1.0,1.0,0.0,0.9888888888888889,0.9475555555555556,0.9626666666666667,0.9911111111111112,0.9688888888888889,0.9718222222222224,0.01639897618002681,74,1.0,1.0,1.0,1.0,1.0,1.0,0.0
0.2770044803619385,0.010504212415767733,0.032664012908935544,0.0020072689269181577,,gini,2,1,1.0,100,"{'estimator__class_weight': None, 'estimator__criterion': 'gini', 'estimator__max_depth': 2, 'estimator__min_samples_leaf': 1, 'learning_rate': 1.0, 'n_estimators': 100}",0.9382608695652175,0.9199267902081903,0.9028677150786308,0.9682971014492754,0.9028677150786308,0.926444038275989,0.02467985799025186,105,1.0,1.0,1.0,1.0,1.0,1.0,0.0,0.9565217391304348,0.946236559139785,0.9361702127659575,0.9782608695652174,0.9361702127659575,0.9506719186734702,0.015720317893318774,100,1.0,1.0,1.0,1.0,1.0,1.0,0.0,0.92,0.8936170212765957,0.8695652173913043,0.9583333333333334,0.8695652173913043,0.9022161578785075,0.033679416269662366,102,1.0,1.0,1.0,1.0,1.0,1.0,0.0,0.8846153846153846,0.84,0.8,0.92,0.8,0.8489230769230769,0.047312632637601035,118,1.0,1.0,1.0,1.0,1.0,1.0,0.0,0.9436619718309859,0.9285714285714286,0.9142857142857143,0.9714285714285714,0.9142857142857143,0.9344466800804829,0.02144774838335726,94,1.0,1.0,1.0,1.0,1.0,1.0,0.0,0.9948717948717948,0.9564444444444444,0.9413333333333334,0.9937777777777779,0.9777777777777779,0.9728410256410257,0.021022161896851726,60,1.0,1.0,1.0,1.0,1.0,1.0,0.0
0.3069903373718262,0.017579817113177507,0.03976740837097168,0.007977008244661922,balanced,gini,3,2,1.5,50,"{'estimator__class_weight': 'balanced', 'estimator__criterion': 'gini', 'estimator__max_depth': 3, 'estimator__min_samples_leaf': 2, 'learning_rate': 1.5, 'n_estimators': 50}",0.9370567375886525,0.8878975062914665,0.9199267902081903,0.9843014128728415,0.9028677150786308,0.9264100324079564,0.03329940559788881,106,1.0,1.0,1.0,1.0,1.0,1.0,0.0,0.9574468085106383,0.9247311827956989,0.946236559139785,0.989010989010989,0.9361702127659575,0.9507191504446137,0.0219939353402309,96,1.0,1.0,1.0,1.0,1.0,1.0,0.0,0.9166666666666666,0.851063829787234,0.8936170212765957,0.9795918367346939,0.8695652173913043,0.9021009143712989,0.044614652775780035,106,1.0,1.0,1.0,1.0,1.0,1.0,0.0,0.8461538461538461,0.8,0.84,0.96,0.8,0.8492307692307692,0.05867168707226103,107,1.0,1.0,1.0,1.0,1.0,1.0,0.0,0.9436619718309859,0.9,0.9285714285714286,0.9857142857142858,0.9142857142857143,0.9344466800804829,0.029464710689601672,94,1.0,1.0,1.0,1.0,1.0,1.0,0.0,0.994017094017094,0.9591111111111112,0.9546666666666667,0.9955555555555555,0.9359999999999999,0.9678700854700855,0.02331052791165826,127,1.0,1.0,1.0,1.0,1.0,1.0,0.0
0.23241825103759767,0.011535232715132496,0.027174615859985353,0.0022947289553091185,,entropy,3,5,0.1,50,"{'estimator__class_weight': None, 'estimator__criterion': 'entropy', 'estimator__max_depth': 3, 'estimator__min_samples_leaf': 5, 'learning_rate': 0.1, 'n_estimators': 50}",0.9220978714066272,0.9519560741249142,0.9181286549707601,0.9519560741249142,0.8878975062914665,0.9264072361837364,0.023981622415286074,107,0.9601706970128023,0.9685118780815778,0.9644888158726146,0.9563793906380096,0.9685118780815778,0.9636125319373164,0.004752675446970523,0.946236559139785,0.967741935483871,0.9473684210526315,0.967741935483871,0.9247311827956989,0.9507640067911713,0.016038926618149072,91,0.972972972972973,0.9782608695652174,0.975609756097561,0.9703504043126685,0.9782608695652174,0.9750909745027275,0.0030765090594520278,0.8979591836734694,0.9361702127659575,0.8888888888888888,0.9361702127659575,0.851063829787234,0.9020504655763014,0.03199349000708167,107,0.9473684210526315,0.9587628865979382,0.9533678756476683,0.9424083769633508,0.9587628865979382,0.9521340893719052,0.006429699997437279,0.8461538461538461,0.88,0.8,0.88,0.8,0.8412307692307692,0.035861667161436205,151,0.9,0.9207920792079208,0.9108910891089109,0.8910891089108911,0.9207920792079208,0.9087128712871287,0.011688201634355421,0.9295774647887324,0.9571428571428572,0.9285714285714286,0.9571428571428572,0.9,0.9344869215291751,0.02133085284765484,76,0.9642857142857143,0.9715302491103203,0.9679715302491103,0.9608540925266904,0.9715302491103203,0.9672343670564312,0.004167854869152924,0.9905982905982905,0.968,0.9431111111111111,0.9746666666666668,0.9457777777777778,0.9644307692307692,0.017914877011056454,163,0.9979722222222221,0.9998349834983498,0.9991749174917491,0.9991749174917492,0.9991474147414742,0.9990608910891089,0.0006029775025968383
0.4298872470855713,0.006330514398412159,0.03356280326843262,0.0010515971120121348,,entropy,3,5,0.1,100,"{'estimator__class_weight': None, 'estimator__criterion': 'entropy', 'estimator__max_depth': 3, 'estimator__min_samples_leaf': 5, 'learning_rate': 0.1, 'n_estimators': 100}",0.9220978714066272,0.9519560741249142,0.9181286549707601,0.9519560741249142,0.8878975062914665,0.9264072361837364,0.023981622415286074,107,0.9843014128728415,0.9961273962596988,0.9883300801528303,0.9961273962596988,1.0,0.9929772571090141,0.005762502892366512,0.946236559139785,0.967741935483871,0.9473684210526315,0.967741935483871,0.9247311827956989,0.9507640067911713,0.016038926618149072,91,0.989010989010989,0.997229916897507,0.9917355371900827,0.997229916897507,1.0,0.9950412719992171,0.004036372428649379,0.8979591836734694,0.9361702127659575,0.8888888888888888,0.9361702127659575,0.851063829787234,0.9020504655763014,0.03199349000708167,107,0.9795918367346939,0.9950248756218906,0.9849246231155779,0.9950248756218906,1.0,0.9909132422188106,0.007488898535245941,0.8461538461538461,0.88,0.8,0.88,0.8,0.8412307692307692,0.035861667161436205,151,0.96,0.9900990099009901,0.9702970297029703,0.9900990099009901,1.0,0.9820990099009901,0.014670367559971784,0.9295774647887324,0.9571428571428572,0.9285714285714286,0.9571428571428572,0.9,0.9344869215291751,0.02133085284765484,76,0.9857142857142858,0.99644128113879,0.9893238434163701,0.99644128113879,1.0,0.9935841382816472,0.005245464783455917,0.9897435897435898,0.9617777777777778,0.9422222222222222,0.9795555555555555,0.9404444444444445,0.962748717948718,0.019651734079938105,208,1.0,1.0,1.0,1.0,1.0,1.0,0.0
0.8344989776611328,0.03499705200719052,0.06492013931274414,0.00685098305875636,,entropy,2,1,1.5,200,"{'estimator__class_weight': None, 'estimator__criterion': 'entropy', 'estimator__max_depth': 2, 'estimator__min_samples_leaf': 1, 'learning_rate': 1.5, 'n_estimators': 200}",0.9220978714066272,0.9365942028985508,0.9181286549707601,0.9352451433857539,0.9199267902081903,0.9263985325739765,0.007886497670323612,109,1.0,1.0,1.0,1.0,1.0,1.0,0.0,0.946236559139785,0.9565217391304348,0.9473684210526315,0.9574468085106383,0.946236559139785,0.9507620173946549,0.005105621758487042,93,1.0,1.0,1.0,1.0,1.0,1.0,0.0,0.8979591836734694,0.9166666666666666,0.8888888888888888,0.9130434782608695,0.8936170212765957,0.9020350477532981,0.010913909885224997,109,1.0,1.0,1.0,1.0,1.0,1.0,0.0,0.8461538461538461,0.88,0.8,0.84,0.84,0.8412307692307692,0.025417694065308766,151,1.0,1.0,1.0,1.0,1.0,1.0,0.0,0.9295774647887324,0.9428571428571428,0.9285714285714286,0.9428571428571428,0.9285714285714286,0.9344869215291751,0.0068441228731066376,76,1.0,1.0,1.0,1.0,1.0,1.0,0.0,0.976068376068376,0.9484444444444444,0.9644444444444444,0.9857777777777778,0.9644444444444444,0.9678358974358974,0.012559594981867617,128,1.0,1.0,1.0,1.0,1.0,1.0,0.0
1.134609079360962,0.022612776169848692,0.09134221076965332,0.012568848800832621,balanced,gini,3,5,1.5,200,"{'estimator__class_weight': 'balanced', 'estimator__criterion': 'gini', 'estimator__max_depth': 3, 'estimator__min_samples_leaf': 5, 'learning_rate': 1.5, 'n_estimators': 200}",0.9204927211646137,0.9365942028985508,0.9028677150786308,0.9519560741249142,0.9199267902081903,0.92636750069498,0.016658908957426232,110,1.0,1.0,1.0,1.0,1.0,1.0,0.0,0.9473684210526315,0.9565217391304348,0.9361702127659575,0.967741935483871,0.946236559139785,0.9508077735145359,0.010643294372973164,87,1.0,1.0,1.0,1.0,1.0,1.0,0.0,0.8936170212765957,0.9166666666666666,0.8695652173913043,0.9361702127659575,0.8936170212765957,0.901927227875424,0.022694721236881415,110,1.0,1.0,1.0,1.0,1.0,1.0,0.0,0.8076923076923077,0.88,0.8,0.88,0.84,0.8415384615384616,0.03415246012433625,142,1.0,1.0,1.0,1.0,1.0,1.0,0.0,0.9295774647887324,0.9428571428571428,0.9142857142857143,0.9571428571428572,0.9285714285714286,0.934486921529175,0.014495079303840709,86,1.0,1.0,1.0,1.0,1.0,1.0,0.0,0.9957264957264957,0.9493333333333334,0.9733333333333334,0.9777777777777779,0.9706666666666666,0.9733675213675215,0.014861440545175955,52,1.0,1.0,1.0,1.0,1.0,1.0,0.0
0.2690666675567627,0.019049188508531725,0.0329500675201416,0.0017673504074676618,,entropy,3,1,1.0,50,"{'estimator__class_weight': None, 'estimator__criterion': 'entropy', 'estimator__max_depth': 3, 'estimator__min_samples_leaf': 1, 'learning_rate': 1.0, 'n_estimators': 50}",0.9204927211646137,0.9199267902081903,0.9028677150786308,0.9682971014492754,0.9199267902081903,0.9263022236217802,0.02203537417711461,111,1.0,1.0,1.0,1.0,1.0,1.0,0.0,0.9473684210526315,0.946236559139785,0.9361702127659575,0.9782608695652174,0.946236559139785,0.9508545243326753,0.014293641147855581,82,1.0,1.0,1.0,1.0,1.0,1.0,0.0,0.8936170212765957,0.8936170212765957,0.8695652173913043,0.9583333333333334,0.8936170212765957,0.901749922910885,0.029785801555091453,114,1.0,1.0,1.0,1.0,1.0,1.0,0.0,0.8076923076923077,0.84,0.8,0.92,0.84,0.8415384615384616,0.042501653291894176,142,1.0,1.0,1.0,1.0,1.0,1.0,0.0,0.9295774647887324,0.9285714285714286,0.9142857142857143,0.9714285714285714,0.9285714285714286,0.934486921529175,0.019322852536493663,86,1.0,1.0,1.0,1.0,1.0,1.0,0.0,0.9880341880341881,0.9528888888888889,0.9448888888888889,0.9795555555555555,0.9377777777777778,0.9606290598290599,0.019693133885802364,270,1.0,1.0,1.0,1.0,1.0,1.0,0.0
0.6145008087158204,0.1126831364777014,0.06459412574768067,0.013520473627523419,,gini,2,2,0.1,200,"{'estimator__class_weight': None, 'estimator__criterion': 'gini', 'estimator__max_depth': 2, 'estimator__min_samples_leaf': 2, 'learning_rate': 0.1, 'n_estimators': 200}",0.9382608695652175,0.9352451433857539,0.9181286549707601,0.9519560741249142,0.8878975062914665,0.9262976496676224,0.02201288034515913,112,0.9843014128728415,0.9961273962596988,0.9922375690607734,0.9844044844044844,0.9922375690607734,0.9898616863317145,0.004716915352179528,0.9565217391304348,0.9574468085106383,0.9473684210526315,0.967741935483871,0.9247311827956989,0.9507620173946549,0.014527899305166146,93,0.989010989010989,0.997229916897507,0.994475138121547,0.989010989010989,0.994475138121547,0.9928404342325157,0.0032845509003586243,0.92,0.9130434782608695,0.8888888888888888,0.9361702127659575,0.851063829787234,0.9018332819405901,0.029596680721068035,113,0.9795918367346939,0.9950248756218906,0.99,0.9797979797979798,0.99,0.9868829384309128,0.006149472979821385,0.8846153846153846,0.84,0.8,0.88,0.8,0.8409230769230769,0.03684093426977416,172,0.96,0.9900990099009901,0.9801980198019802,0.9603960396039604,0.9801980198019802,0.9741782178217822,0.01197428869888033,0.9436619718309859,0.9428571428571428,0.9285714285714286,0.9571428571428572,0.9,0.9344466800804829,0.019451818877795957,94,0.9857142857142858,0.99644128113879,0.9928825622775801,0.9857651245551602,0.9928825622775801,0.9907371631926793,0.004282356883447827,0.9837606837606838,0.9635555555555555,0.9440000000000001,0.9786666666666667,0.9137777777777778,0.9567521367521369,0.025555458365307,379,1.0,1.0,1.0,0.99994499449945,1.0,0.99998899889989,2.2002200220017087e-05
1.080606174468994,0.5089383383218914,0.07487273216247559,0.029298938357098844,balanced,entropy,3,2,0.5,200,"{'estimator__class_weight': 'balanced', 'estimator__criterion': 'entropy', 'estimator__max_depth': 3, 'estimator__min_samples_leaf': 2, 'learning_rate': 0.5, 'n_estimators': 200}",0.9393162393162393,0.9365942028985508,0.9181286549707601,0.9519560741249142,0.8853801169590643,0.9262750576539057,0.023129339963884995,113,1.0,1.0,1.0,1.0,1.0,1.0,0.0,0.9555555555555556,0.9565217391304348,0.9473684210526315,0.967741935483871,0.9263157894736842,0.9507006881392354,0.013810038162140647,99,1.0,1.0,1.0,1.0,1.0,1.0,0.0,0.9230769230769231,0.9166666666666666,0.8888888888888888,0.9361702127659575,0.8444444444444444,0.9018494271685761,0.032592579176742596,112,1.0,1.0,1.0,1.0,1.0,1.0,0.0,0.9230769230769231,0.88,0.8,0.88,0.76,0.8486153846153845,0.0595493927552145,134,1.0,1.0,1.0,1.0,1.0,1.0,0.0,0.9436619718309859,0.9428571428571428,0.9285714285714286,0.9571428571428572,0.9,0.9344466800804829,0.019451818877795957,94,1.0,1.0,1.0,1.0,1.0,1.0,0.0,0.9871794871794872,0.9493333333333334,0.9546666666666668,0.9902222222222222,0.9048888888888889,0.9572581196581197,0.03096441341432711,370,1.0,1.0,1.0,1.0,1.0,1.0,0.0
0.18732104301452637,0.012530968008071113,0.029845666885375977,0.0036199481571710704,balanced,entropy,3,1,1.0,25,"{'estimator__class_weight': 'balanced', 'estimator__criterion': 'entropy', 'estimator__max_depth': 3, 'estimator__min_samples_leaf': 1, 'learning_rate': 1.0, 'n_estimators': 25}",0.9541047188106011,0.9048913043478262,0.8674242424242424,0.9682971014492754,0.9365942028985508,0.9262623139860992,0.03624226678910252,114,1.0,1.0,1.0,1.0,1.0,1.0,0.0,0.967032967032967,0.9347826086956522,0.9166666666666666,0.9782608695652174,0.9565217391304348,0.9506529702181876,0.022234567927015676,102,1.0,1.0,1.0,1.0,1.0,1.0,0.0,0.9411764705882353,0.875,0.8181818181818182,0.9583333333333334,0.9166666666666666,0.9018716577540108,0.05035425830642662,111,1.0,1.0,1.0,1.0,1.0,1.0,0.0,0.9230769230769231,0.84,0.72,0.92,0.88,0.8566153846153846,0.0747280671747145,89,1.0,1.0,1.0,1.0,1.0,1.0,0.0,0.9577464788732394,0.9142857142857143,0.8857142857142857,0.9714285714285714,0.9428571428571428,0.9344064386317907,0.030862856320022555,119,1.0,1.0,1.0,1.0,1.0,1.0,0.0,0.9905982905982906,0.9244444444444444,0.9431111111111111,0.9831111111111112,0.9733333333333333,0.9629196581196581,0.02511958082131288,204,0.9999999999999999,1.0,1.0,1.0,1.0,1.0,4.965068306494546e-17
0.7177468299865722,0.04859544010946961,0.05422515869140625,0.006809151950836575,balanced,entropy,3,1,1.0,100,"{'estimator__class_weight': 'balanced', 'estimator__criterion': 'entropy', 'estimator__max_depth': 3, 'estimator__min_samples_leaf': 1, 'learning_rate': 1.0, 'n_estimators': 100}",0.9370567375886525,0.9365942028985508,0.8853801169590643,0.9519560741249142,0.9199267902081903,0.9261827843558745,0.02278112416000972,115,1.0,1.0,1.0,1.0,1.0,1.0,0.0,0.9574468085106383,0.9565217391304348,0.9263157894736842,0.967741935483871,0.946236559139785,0.9508525663476826,0.014030219395794066,83,1.0,1.0,1.0,1.0,1.0,1.0,0.0,0.9166666666666666,0.9166666666666666,0.8444444444444444,0.9361702127659575,0.8936170212765957,0.9015130023640662,0.03155806121038392,117,1.0,1.0,1.0,1.0,1.0,1.0,0.0,0.8461538461538461,0.88,0.76,0.88,0.84,0.8412307692307692,0.0438868906576626,151,1.0,1.0,1.0,1.0,1.0,1.0,0.0,0.9436619718309859,0.9428571428571428,0.9,0.9571428571428572,0.9285714285714286,0.9344466800804829,0.019451818877795957,94,1.0,1.0,1.0,1.0,1.0,1.0,0.0,0.994017094017094,0.9351111111111111,0.9724444444444443,0.9928888888888888,0.9564444444444444,0.9701811965811965,0.02239428874312202,98,1.0,1.0,1.0,1.0,1.0,1.0,0.0
0.979092025756836,0.023741676535182443,0.05398573875427246,0.00436629451551514,,entropy,3,2,1.5,200,"{'estimator__class_weight': None, 'estimator__criterion': 'entropy', 'estimator__max_depth': 3, 'estimator__min_samples_leaf': 2, 'learning_rate': 1.5, 'n_estimators': 200}",0.9370567375886525,0.9365942028985508,0.8853801169590643,0.9352451433857539,0.9365942028985508,0.9261740807461145,0.020405988190564325,116,1.0,1.0,1.0,1.0,1.0,1.0,0.0,0.9574468085106383,0.9565217391304348,0.9263157894736842,0.9574468085106383,0.9565217391304348,0.9508505769511661,0.01227436759319757,84,1.0,1.0,1.0,1.0,1.0,1.0,0.0,0.9166666666666666,0.9166666666666666,0.8444444444444444,0.9130434782608695,0.9166666666666666,0.9014975845410629,0.02856106305540245,118,1.0,1.0,1.0,1.0,1.0,1.0,0.0,0.8461538461538461,0.88,0.76,0.84,0.88,0.8412307692307692,0.0438868906576626,151,1.0,1.0,1.0,1.0,1.0,1.0,0.0,0.9436619718309859,0.9428571428571428,0.9,0.9428571428571428,0.9428571428571428,0.9344466800804829,0.017226160471601158,94,1.0,1.0,1.0,1.0,1.0,1.0,0.0,0.9982905982905983,0.9528888888888889,0.9715555555555555,0.9884444444444445,0.9688888888888889,0.9760136752136752,0.01585041626627381,17,1.0,1.0,1.0,1.0,1.0,1.0,0.0
0.8655089378356934,0.02372733671676527,0.08013243675231933,0.008831416056487906,,gini,2,5,1.5,200,"{'estimator__class_weight': None, 'estimator__criterion': 'gini', 'estimator__max_depth': 2, 'estimator__min_samples_leaf': 5, 'learning_rate': 1.5, 'n_estimators': 200}",0.9382608695652175,0.9365942028985508,0.8674242424242424,0.9519560741249142,0.9365942028985508,0.9261659183822951,0.029931597710816053,117,1.0,1.0,1.0,1.0,1.0,1.0,0.0,0.9565217391304348,0.9565217391304348,0.9166666666666666,0.967741935483871,0.9565217391304348,0.9507947639083684,0.01760868184351721,88,1.0,1.0,1.0,1.0,1.0,1.0,0.0,0.92,0.9166666666666666,0.8181818181818182,0.9361702127659575,0.9166666666666666,0.9015370728562218,0.042299507699964,115,1.0,1.0,1.0,1.0,1.0,1.0,0.0,0.8846153846153846,0.88,0.72,0.88,0.88,0.8489230769230769,0.06448631798374437,118,1.0,1.0,1.0,1.0,1.0,1.0,0.0,0.9436619718309859,0.9428571428571428,0.8857142857142857,0.9571428571428572,0.9428571428571428,0.9344466800804829,0.024965400394110517,94,1.0,1.0,1.0,1.0,1.0,1.0,0.0,0.9794871794871794,0.9608888888888889,0.9608888888888889,0.9928888888888889,0.976,0.9740307692307691,0.012121856273601874,44,1.0,1.0,1.0,1.0,1.0,1.0,0.0
1.132841157913208,0.05546940545001075,0.09234066009521484,0.013510629828312457,balanced,gini,3,5,1.0,200,"{'estimator__class_weight': 'balanced', 'estimator__criterion': 'gini', 'estimator__max_depth': 3, 'estimator__min_samples_leaf': 5, 'learning_rate': 1.0, 'n_estimators': 200}",0.9382608695652175,0.9365942028985508,0.8674242424242424,0.9519560741249142,0.9365942028985508,0.9261659183822951,0.029931597710816053,117,1.0,1.0,1.0,1.0,1.0,1.0,0.0,0.9565217391304348,0.9565217391304348,0.9166666666666666,0.967741935483871,0.9565217391304348,0.9507947639083684,0.01760868184351721,88,1.0,1.0,1.0,1.0,1.0,1.0,0.0,0.92,0.9166666666666666,0.8181818181818182,0.9361702127659575,0.9166666666666666,0.9015370728562218,0.042299507699964,115,1.0,1.0,1.0,1.0,1.0,1.0,0.0,0.8846153846153846,0.88,0.72,0.88,0.88,0.8489230769230769,0.06448631798374437,118,1.0,1.0,1.0,1.0,1.0,1.0,0.0,0.9436619718309859,0.9428571428571428,0.8857142857142857,0.9571428571428572,0.9428571428571428,0.9344466800804829,0.024965400394110517,94,1.0,1.0,1.0,1.0,1.0,1.0,0.0,0.9871794871794871,0.9466666666666667,0.9608888888888889,0.9937777777777778,0.9715555555555555,0.9720136752136753,0.017147125704785462,70,1.0,1.0,1.0,1.0,1.0,1.0,0.0
0.4365730285644531,0.023015015115789357,0.0471613883972168,0.003659283065805224,,gini,3,5,1.5,100,"{'estimator__class_weight': None, 'estimator__criterion': 'gini', 'estimator__max_depth': 3, 'estimator__min_samples_leaf': 5, 'learning_rate': 1.5, 'n_estimators': 100}",0.9204927211646137,0.9529042386185244,0.8853801169590643,0.9352451433857539,0.9365942028985508,0.9261232846053014,0.022811299348707778,119,1.0,1.0,1.0,1.0,1.0,1.0,0.0,0.9473684210526315,0.967032967032967,0.9263157894736842,0.9574468085106383,0.9565217391304348,0.9509371450400712,0.013795548819138245,81,1.0,1.0,1.0,1.0,1.0,1.0,0.0,0.8936170212765957,0.9387755102040817,0.8444444444444444,0.9130434782608695,0.9166666666666666,0.9013094241705316,0.03184349072160395,121,1.0,1.0,1.0,1.0,1.0,1.0,0.0,0.8076923076923077,0.92,0.76,0.84,0.88,0.8415384615384616,0.05555529257005474,142,1.0,1.0,1.0,1.0,1.0,1.0,0.0,0.9295774647887324,0.9571428571428572,0.9,0.9428571428571428,0.9428571428571428,0.9344869215291751,0.019322852536493663,76,1.0,1.0,1.0,1.0,1.0,1.0,0.0,0.9854700854700854,0.9795555555555555,0.9688888888888889,0.9902222222222222,0.9582222222222222,0.9764717948717948,0.011576704462004673,13,1.0,1.0,1.0,1.0,1.0,1.0,0.0
1.1677478790283202,0.05031023341154351,0.0870471477508545,0.011386066488395201,balanced,entropy,2,1,1.5,200,"{'estimator__class_weight': 'balanced', 'estimator__criterion': 'entropy', 'estimator__max_depth': 2, 'estimator__min_samples_leaf': 1, 'learning_rate': 1.5, 'n_estimators': 200}",0.9382608695652175,0.9365942028985508,0.8674242424242424,0.9682971014492754,0.9199267902081903,0.9261006413090953,0.033225181588503024,120,1.0,1.0,1.0,1.0,1.0,1.0,0.0,0.9565217391304348,0.9565217391304348,0.9166666666666666,0.9782608695652174,0.946236559139785,0.9508415147265076,0.020027365149704157,85,1.0,1.0,1.0,1.0,1.0,1.0,0.0,0.92,0.9166666666666666,0.8181818181818182,0.9583333333333334,0.8936170212765957,0.9013597678916827,0.04648928479849047,119,1.0,1.0,1.0,1.0,1.0,1.0,0.0,0.8846153846153846,0.88,0.72,0.92,0.84,0.8489230769230769,0.06927109936402477,118,1.0,1.0,1.0,1.0,1.0,1.0,0.0,0.9436619718309859,0.9428571428571428,0.8857142857142857,0.9714285714285714,0.9285714285714286,0.9344466800804829,0.028045258475555224,94,1.0,1.0,1.0,1.0,1.0,1.0,0.0,0.9923076923076923,0.9324444444444444,0.9582222222222222,0.9964444444444445,0.9706666666666667,0.970017094017094,0.023437237738080256,103,1.0,1.0,1.0,1.0,1.0,1.0,0.0
1.2927603721618652,0.023716845041625197,0.09219594001770019,0.006730523927564571,balanced,entropy,2,2,1.5,200,"{'estimator__class_weight': 'balanced', 'estimator__criterion': 'entropy', 'estimator__max_depth': 2, 'estimator__min_samples_leaf': 2, 'learning_rate': 1.5, 'n_estimators': 200}",0.9382608695652175,0.9365942028985508,0.8674242424242424,0.9682971014492754,0.9199267902081903,0.9261006413090953,0.033225181588503024,120,1.0,1.0,1.0,1.0,1.0,1.0,0.0,0.9565217391304348,0.9565217391304348,0.9166666666666666,0.9782608695652174,0.946236559139785,0.9508415147265076,0.020027365149704157,85,1.0,1.0,1.0,1.0,1.0,1.0,0.0,0.92,0.9166666666666666,0.8181818181818182,0.9583333333333334,0.8936170212765957,0.9013597678916827,0.04648928479849047,119,1.0,1.0,1.0,1.0,1.0,1.0,0.0,0.8846153846153846,0.88,0.72,0.92,0.84,0.8489230769230769,0.06927109936402477,118,1.0,1.0,1.0,1.0,1.0,1.0,0.0,0.9436619718309859,0.9428571428571428,0.8857142857142857,0.9714285714285714,0.9285714285714286,0.9344466800804829,0.028045258475555224,94,1.0,1.0,1.0,1.0,1.0,1.0,0.0,0.9923076923076923,0.9324444444444444,0.9582222222222222,0.9964444444444445,0.9706666666666667,0.970017094017094,0.023437237738080256,103,1.0,1.0,1.0,1.0,1.0,1.0,0.0
0.30550785064697267,0.013623273206036094,0.03770813941955566,0.0025343690433556154,,entropy,3,2,0.1,50,"{'estimator__class_weight': None, 'estimator__criterion': 'entropy', 'estimator__max_depth': 3, 'estimator__min_samples_leaf': 2, 'learning_rate': 0.1, 'n_estimators': 50}",0.9370567375886525,0.9519560741249142,0.9181286549707601,0.9519560741249142,0.8704902867715079,0.9259175655161498,0.030374131665344906,122,0.9642446686246967,0.976497156239545,0.9644888158726146,0.9644888158726146,0.9804603296015576,0.9700359572422057,0.0070070708597728066,0.9574468085106383,0.967741935483871,0.9473684210526315,0.967741935483871,0.9148936170212766,0.9510385435104578,0.019590803847271108,79,0.975609756097561,0.9836065573770492,0.975609756097561,0.975609756097561,0.9863013698630136,0.9793474391065491,0.004656351881781424,0.9166666666666666,0.9361702127659575,0.8888888888888888,0.9361702127659575,0.8260869565217391,0.9007965875218419,0.04117710137634753,122,0.9528795811518325,0.9693877551020408,0.9533678756476683,0.9533678756476683,0.9746192893401016,0.9607244753778623,0.009358416054255943,0.8461538461538461,0.88,0.8,0.88,0.76,0.8332307692307692,0.046922824715589534,221,0.91,0.9405940594059405,0.9108910891089109,0.9108910891089109,0.9504950495049505,0.9245742574257425,0.017409127993001736,0.9436619718309859,0.9571428571428572,0.9285714285714286,0.9571428571428572,0.8857142857142857,0.9344466800804829,0.026550025798471055,94,0.9678571428571429,0.9786476868327402,0.9679715302491103,0.9679715302491103,0.9822064056939501,0.9729308591764108,0.0062233490301915875,0.9935897435897436,0.9715555555555555,0.9484444444444445,0.9848888888888888,0.9213333333333333,0.9639623931623932,0.02619693763090428,175,0.9981944444444445,0.99994499449945,0.9997249724972497,0.9998349834983498,0.9996149614961496,0.9994628712871286,0.0006436839940323999
0.13492107391357422,0.0025684449172536875,0.023797130584716795,0.0008536838508984014,,gini,2,1,0.1,50,"{'estimator__class_weight': None, 'estimator__criterion': 'gini', 'estimator__max_depth': 2, 'estimator__min_samples_leaf': 1, 'learning_rate': 0.1, 'n_estimators': 50}",0.9204927211646137,0.9352451433857539,0.9005681818181819,0.9682971014492754,0.9048913043478262,0.9258988904331302,0.0244832631805923,123,0.9478143682527849,0.9565974416220846,0.9563793906380096,0.9481821921500205,0.9563793906380096,0.9530705566601817,0.00414389445518125,0.9473684210526315,0.9574468085106383,0.9375,0.9782608695652174,0.9347826086956522,0.9510717415648278,0.015767896254943594,76,0.9651474530831099,0.9701897018970189,0.9703504043126685,0.9651474530831099,0.9703504043126685,0.9682370833377151,0.0025233549312309337,0.8936170212765957,0.9130434782608695,0.8636363636363636,0.9583333333333334,0.875,0.9007260393014324,0.03334165834074137,123,0.93048128342246,0.9430051813471503,0.9424083769633508,0.9312169312169312,0.9424083769633508,0.9379040299826485,0.005769133125313216,0.8076923076923077,0.84,0.76,0.92,0.84,0.8335384615384616,0.05222074221188133,200,0.87,0.900990099009901,0.8910891089108911,0.8712871287128713,0.8910891089108911,0.8848910891089108,0.012188693876131229,0.9295774647887324,0.9428571428571428,0.9142857142857143,0.9714285714285714,0.9142857142857143,0.934486921529175,0.02133085284765484,86,0.9535714285714286,0.9608540925266904,0.9608540925266904,0.9537366548042705,0.9608540925266904,0.9579740721911542,0.003527677092713584,0.982051282051282,0.9657777777777777,0.9546666666666668,0.9724444444444443,0.9262222222222222,0.9602324786324786,0.019202179241752874,285,0.9927222222222223,0.9971397139713971,0.9967271727172717,0.9944994499449945,0.9956820682068206,0.9953541254125412,0.001602405469093372
0.1357743263244629,0.006568281572495473,0.023755311965942383,0.0013776102125982663,,gini,2,2,0.1,50,"{'estimator__class_weight': None, 'estimator__criterion': 'gini', 'estimator__max_depth': 2, 'estimator__min_samples_leaf': 2, 'learning_rate': 0.1, 'n_estimators': 50}",0.9204927211646137,0.9352451433857539,0.9005681818181819,0.9682971014492754,0.9048913043478262,0.9258988904331302,0.0244832631805923,123,0.9478143682527849,0.9565974416220846,0.9563793906380096,0.9481821921500205,0.9563793906380096,0.9530705566601817,0.00414389445518125,0.9473684210526315,0.9574468085106383,0.9375,0.9782608695652174,0.9347826086956522,0.9510717415648278,0.015767896254943594,76,0.9651474530831099,0.9701897018970189,0.9703504043126685,0.9651474530831099,0.9703504043126685,0.9682370833377151,0.0025233549312309337,0.8936170212765957,0.9130434782608695,0.8636363636363636,0.9583333333333334,0.875,0.9007260393014324,0.03334165834074137,123,0.93048128342246,0.9430051813471503,0.9424083769633508,0.9312169312169312,0.9424083769633508,0.9379040299826485,0.005769133125313216,0.8076923076923077,0.84,0.76,0.92,0.84,0.8335384615384616,0.05222074221188133,200,0.87,0.900990099009901,0.8910891089108911,0.8712871287128713,0.8910891089108911,0.8848910891089108,0.012188693876131229,0.9295774647887324,0.9428571428571428,0.9142857142857143,0.9714285714285714,0.9142857142857143,0.934486921529175,0.02133085284765484,86,0.9535714285714286,0.9608540925266904,0.9608540925266904,0.9537366548042705,0.9608540925266904,0.9579740721911542,0.003527677092713584,0.982051282051282,0.9657777777777777,0.9546666666666668,0.9724444444444443,0.9262222222222222,0.9602324786324786,0.019202179241752874,285,0.9927222222222223,0.9971397139713971,0.9967271727172717,0.9944994499449945,0.9956820682068206,0.9953541254125412,0.001602405469093372
0.24315528869628905,0.0141890983397548,0.043476533889770505,0.004258931606723007,,gini,2,5,0.1,50,"{'estimator__class_weight': None, 'estimator__criterion': 'gini', 'estimator__max_depth': 2, 'estimator__min_samples_leaf': 5, 'learning_rate': 0.1, 'n_estimators': 50}",0.9204927211646137,0.9352451433857539,0.9005681818181819,0.9682971014492754,0.9048913043478262,0.9258988904331302,0.0244832631805923,123,0.9478143682527849,0.9565974416220846,0.9563793906380096,0.9481821921500205,0.9563793906380096,0.9530705566601817,0.00414389445518125,0.9473684210526315,0.9574468085106383,0.9375,0.9782608695652174,0.9347826086956522,0.9510717415648278,0.015767896254943594,76,0.9651474530831099,0.9701897018970189,0.9703504043126685,0.9651474530831099,0.9703504043126685,0.9682370833377151,0.0025233549312309337,0.8936170212765957,0.9130434782608695,0.8636363636363636,0.9583333333333334,0.875,0.9007260393014324,0.03334165834074137,123,0.93048128342246,0.9430051813471503,0.9424083769633508,0.9312169312169312,0.9424083769633508,0.9379040299826485,0.005769133125313216,0.8076923076923077,0.84,0.76,0.92,0.84,0.8335384615384616,0.05222074221188133,200,0.87,0.900990099009901,0.8910891089108911,0.8712871287128713,0.8910891089108911,0.8848910891089108,0.012188693876131229,0.9295774647887324,0.9428571428571428,0.9142857142857143,0.9714285714285714,0.9142857142857143,0.934486921529175,0.02133085284765484,86,0.9535714285714286,0.9608540925266904,0.9608540925266904,0.9537366548042705,0.9608540925266904,0.9579740721911542,0.003527677092713584,0.982051282051282,0.9657777777777777,0.9546666666666668,0.9773333333333334,0.9262222222222222,0.9612102564102564,0.01991052643078817,253,0.9927222222222223,0.9971397139713971,0.9967271727172717,0.9945819581958196,0.9956820682068206,0.9953706270627063,0.0015939213889250802
0.32285847663879397,0.029373503094249475,0.04759712219238281,0.003906719624356596,,entropy,1,1,0.5,100,"{'estimator__class_weight': None, 'estimator__criterion': 'entropy', 'estimator__max_depth': 1, 'estimator__min_samples_leaf': 1, 'learning_rate': 0.5, 'n_estimators': 100}",0.9204927211646137,0.9519560741249142,0.9005681818181819,0.9682971014492754,0.8878975062914665,0.9258423169696902,0.030303616214276095,126,0.9601706970128023,0.9563793906380096,0.9604448198198199,0.9481821921500205,0.9440493799067016,0.9538452959054707,0.0066032835101654565,0.9473684210526315,0.967741935483871,0.9375,0.9782608695652174,0.9247311827956989,0.9511204817794837,0.019539006918806872,72,0.972972972972973,0.9703504043126685,0.972972972972973,0.9651474530831099,0.9625668449197861,0.9688021296523022,0.004229053297277144,0.8936170212765957,0.9361702127659575,0.8636363636363636,0.9583333333333334,0.851063829787234,0.9005641521598969,0.041151612248070776,128,0.9473684210526315,0.9424083769633508,0.9479166666666666,0.9312169312169312,0.925531914893617,0.9388884621586394,0.00897839319196203,0.8076923076923077,0.88,0.76,0.92,0.8,0.8335384615384616,0.058025907292861556,200,0.9,0.8910891089108911,0.900990099009901,0.8712871287128713,0.8613861386138614,0.884950495049505,0.01589594632902138,0.9295774647887324,0.9571428571428572,0.9142857142857143,0.9714285714285714,0.9,0.9344869215291751,0.026455684500537455,76,0.9642857142857143,0.9608540925266904,0.9644128113879004,0.9537366548042705,0.9501779359430605,0.9586934417895272,0.0057573724722450904,0.9905982905982906,0.9613333333333334,0.9484444444444444,0.9777777777777777,0.9248888888888889,0.9606085470085471,0.02288471930515003,271,0.9932222222222221,0.996974697469747,0.9963421342134214,0.9965896589658966,0.996067106710671,0.9958391639163917,0.001342087935864726
0.2878756523132324,0.0228599875946335,0.04501471519470215,0.003091195517590662,,entropy,1,2,0.5,100,"{'estimator__class_weight': None, 'estimator__criterion': 'entropy', 'estimator__max_depth': 1, 'estimator__min_samples_leaf': 2, 'learning_rate': 0.5, 'n_estimators': 100}",0.9204927211646137,0.9519560741249142,0.9005681818181819,0.9682971014492754,0.8878975062914665,0.9258423169696902,0.030303616214276095,126,0.9601706970128023,0.9563793906380096,0.9604448198198199,0.9481821921500205,0.9440493799067016,0.9538452959054707,0.0066032835101654565,0.9473684210526315,0.967741935483871,0.9375,0.9782608695652174,0.9247311827956989,0.9511204817794837,0.019539006918806872,72,0.972972972972973,0.9703504043126685,0.972972972972973,0.9651474530831099,0.9625668449197861,0.9688021296523022,0.004229053297277144,0.8936170212765957,0.9361702127659575,0.8636363636363636,0.9583333333333334,0.851063829787234,0.9005641521598969,0.041151612248070776,128,0.9473684210526315,0.9424083769633508,0.9479166666666666,0.9312169312169312,0.925531914893617,0.9388884621586394,0.00897839319196203,0.8076923076923077,0.88,0.76,0.92,0.8,0.8335384615384616,0.058025907292861556,200,0.9,0.8910891089108911,0.900990099009901,0.8712871287128713,0.8613861386138614,0.884950495049505,0.01589594632902138,0.9295774647887324,0.9571428571428572,0.9142857142857143,0.9714285714285714,0.9,0.9344869215291751,0.026455684500537455,76,0.9642857142857143,0.9608540925266904,0.9644128113879004,0.9537366548042705,0.9501779359430605,0.9586934417895272,0.0057573724722450904,0.9905982905982906,0.9613333333333334,0.9484444444444444,0.9777777777777777,0.9248888888888889,0.9606085470085471,0.02288471930515003,271,0.9932222222222221,0.996974697469747,0.9963421342134214,0.9965896589658966,0.996067106710671,0.9958391639163917,0.001342087935864726
0.2958691120147705,0.02418487762472285,0.0439422607421875,0.006916326448698414,,entropy,1,5,0.5,100,"{'estimator__class_weight': None, 'estimator__criterion': 'entropy', 'estimator__max_depth': 1, 'estimator__min_samples_leaf': 5, 'learning_rate': 0.5, 'n_estimators': 100}",0.9204927211646137,0.9519560741249142,0.9005681818181819,0.9682971014492754,0.8878975062914665,0.9258423169696902,0.030303616214276095,126,0.9601706970128023,0.9563793906380096,0.9604448198198199,0.9481821921500205,0.9440493799067016,0.9538452959054707,0.0066032835101654565,0.9473684210526315,0.967741935483871,0.9375,0.9782608695652174,0.9247311827956989,0.9511204817794837,0.019539006918806872,72,0.972972972972973,0.9703504043126685,0.972972972972973,0.9651474530831099,0.9625668449197861,0.9688021296523022,0.004229053297277144,0.8936170212765957,0.9361702127659575,0.8636363636363636,0.9583333333333334,0.851063829787234,0.9005641521598969,0.041151612248070776,128,0.9473684210526315,0.9424083769633508,0.9479166666666666,0.9312169312169312,0.925531914893617,0.9388884621586394,0.00897839319196203,0.8076923076923077,0.88,0.76,0.92,0.8,0.8335384615384616,0.058025907292861556,200,0.9,0.8910891089108911,0.900990099009901,0.8712871287128713,0.8613861386138614,0.884950495049505,0.01589594632902138,0.9295774647887324,0.9571428571428572,0.9142857142857143,0.9714285714285714,0.9,0.9344869215291751,0.026455684500537455,76,0.9642857142857143,0.9608540925266904,0.9644128113879004,0.9537366548042705,0.9501779359430605,0.9586934417895272,0.0057573724722450904,0.9905982905982906,0.9613333333333334,0.9484444444444444,0.9777777777777777,0.9248888888888889,0.9606085470085471,0.02288471930515003,271,0.9932222222222221,0.996974697469747,0.9963421342134214,0.9965896589658966,0.996067106710671,0.9958391639163917,0.001342087935864726
1.514442539215088,0.04147500003684744,0.09293451309204101,0.002902599241308228,balanced,entropy,3,1,1.5,200,"{'estimator__class_weight': 'balanced', 'estimator__criterion': 'entropy', 'estimator__max_depth': 3, 'estimator__min_samples_leaf': 1, 'learning_rate': 1.5, 'n_estimators': 200}",0.9532587228439764,0.9365942028985508,0.8674242424242424,0.9352451433857539,0.9365942028985508,0.9258233028902149,0.029946446145244283,129,1.0,1.0,1.0,1.0,1.0,1.0,0.0,0.967741935483871,0.9565217391304348,0.9166666666666666,0.9574468085106383,0.9565217391304348,0.9509797777844092,0.017672626759233336,80,1.0,1.0,1.0,1.0,1.0,1.0,0.0,0.9387755102040817,0.9166666666666666,0.8181818181818182,0.9130434782608695,0.9166666666666666,0.9006668279960206,0.042240311671283476,126,1.0,1.0,1.0,1.0,1.0,1.0,0.0,0.8846153846153846,0.88,0.72,0.84,0.88,0.8409230769230769,0.0625879735881409,172,1.0,1.0,1.0,1.0,1.0,1.0,0.0,0.9577464788732394,0.9428571428571428,0.8857142857142857,0.9428571428571428,0.9428571428571428,0.9344064386317907,0.025019697999485488,119,1.0,1.0,1.0,1.0,1.0,1.0,0.0,0.9974358974358974,0.9635555555555555,0.9733333333333334,0.9964444444444445,0.9804444444444445,0.9822427350427351,0.01314794811761181,1,1.0,1.0,1.0,1.0,1.0,1.0,0.0
0.47715210914611816,0.012452714875896545,0.0641507625579834,0.0023106709675162476,,gini,2,5,0.1,100,"{'estimator__class_weight': None, 'estimator__criterion': 'gini', 'estimator__max_depth': 2, 'estimator__min_samples_leaf': 5, 'learning_rate': 0.1, 'n_estimators': 100}",0.9370567375886525,0.9352451433857539,0.9005681818181819,0.9682971014492754,0.8878975062914665,0.925812934106666,0.028618774774393865,130,0.9642446686246967,0.9644888158726146,0.9725144973101376,0.9563793906380096,0.976497156239545,0.9668249057370009,0.007030613161688379,0.9574468085106383,0.9574468085106383,0.9375,0.9782608695652174,0.9247311827956989,0.9510771338764386,0.018431216446756785,75,0.975609756097561,0.975609756097561,0.9809264305177112,0.9703504043126685,0.9836065573770492,0.9772205808805102,0.004623912983262966,0.9166666666666666,0.9130434782608695,0.8636363636363636,0.9583333333333334,0.851063829787234,0.9005487343368935,0.03890050163819094,131,0.9528795811518325,0.9533678756476683,0.9641025641025641,0.9424083769633508,0.9693877551020408,0.9564292305934913,0.00943779260591104,0.8461538461538461,0.84,0.76,0.92,0.8,0.8332307692307692,0.05330808080666515,221,0.91,0.9108910891089109,0.9306930693069307,0.8910891089108911,0.9405940594059405,0.9166534653465346,0.017327852863364968,0.9436619718309859,0.9428571428571428,0.9142857142857143,0.9714285714285714,0.9,0.9344466800804829,0.024965400394110493,94,0.9678571428571429,0.9679715302491103,0.9750889679715302,0.9608540925266904,0.9786476868327402,0.9700838840874428,0.006212874530313423,0.9854700854700855,0.967111111111111,0.9502222222222223,0.9795555555555555,0.9191111111111111,0.9602940170940173,0.02386959090875284,284,0.9980000000000001,0.9995049504950495,0.9998899889988999,0.9988998899889988,0.9989548954895489,0.9990499449944993,0.0006397873614571241
0.28152894973754883,0.021906599717918817,0.038453292846679685,0.007194924607645375,balanced,gini,3,5,0.1,50,"{'estimator__class_weight': 'balanced', 'estimator__criterion': 'gini', 'estimator__max_depth': 3, 'estimator__min_samples_leaf': 5, 'learning_rate': 0.1, 'n_estimators': 50}",0.9532587228439764,0.9519560741249142,0.9028677150786308,0.9682971014492754,0.8444444444444444,0.9241648115882481,0.045552984998128564,131,0.980330172110994,0.9961273962596988,0.9844044844044844,0.9805501335880504,0.9806369812984936,0.9844098335323442,0.006051060069673152,0.967741935483871,0.967741935483871,0.9361702127659575,0.9782608695652174,0.8888888888888888,0.9477607684375611,0.032646560076774585,191,0.9863013698630136,0.997229916897507,0.989010989010989,0.9862258953168044,0.9861495844875346,0.9889835511151697,0.00426223955386025,0.9387755102040817,0.9361702127659575,0.8695652173913043,0.9583333333333334,0.8,0.9005688547389354,0.058547861232956695,127,0.9743589743589743,0.9950248756218906,0.9797979797979798,0.9748743718592965,0.9751243781094527,0.9798361159495187,0.00784242733653758,0.8846153846153846,0.88,0.8,0.92,0.8,0.8569230769230769,0.04849449428885056,67,0.95,0.9900990099009901,0.9603960396039604,0.9603960396039604,0.9702970297029703,0.9662376237623762,0.013548085927205814,0.9577464788732394,0.9571428571428572,0.9142857142857143,0.9714285714285714,0.8571428571428571,0.9315492957746478,0.041871299879947706,177,0.9821428571428571,0.99644128113879,0.9857651245551602,0.9822064056939501,0.9822064056939501,0.9857524148449415,0.0055214000540988045,0.9884615384615385,0.9591111111111111,0.9386666666666666,0.9786666666666667,0.9199999999999999,0.9569811965811965,0.025174745203092295,376,0.9965555555555555,1.0,0.9992299229922992,0.9992299229922993,0.9993399339933994,0.9988710671067107,0.0011927677453519422
0.5599585056304932,0.026604457306873826,0.057358169555664064,0.007284567328111109,balanced,gini,3,5,0.1,100,"{'estimator__class_weight': 'balanced', 'estimator__criterion': 'gini', 'estimator__max_depth': 3, 'estimator__min_samples_leaf': 5, 'learning_rate': 0.1, 'n_estimators': 100}",0.9541047188106011,0.9365942028985508,0.8878975062914665,0.9682971014492754,0.8731884057971014,0.924016387049399,0.03718157622495426,132,0.9882535553970717,1.0,1.0,0.9961273962596988,1.0,0.9968761903313542,0.00456475818219169,0.967032967032967,0.9565217391304348,0.9247311827956989,0.9782608695652174,0.9130434782608695,0.9479180473570376,0.024955788040994957,190,0.9917355371900827,1.0,1.0,0.997229916897507,1.0,0.997793090817518,0.003213174916888454,0.9411764705882353,0.9166666666666666,0.851063829787234,0.9583333333333334,0.8333333333333334,0.9001147267417606,0.04942708705572326,132,0.9847715736040609,1.0,1.0,0.9950248756218906,1.0,0.9959592898451902,0.00591642020648099,0.9230769230769231,0.88,0.8,0.92,0.8,0.8646153846153846,0.05490389667248114,48,0.97,1.0,1.0,0.9900990099009901,1.0,0.992019801980198,0.011658574550642424,0.9577464788732394,0.9428571428571428,0.9,0.9714285714285714,0.8857142857142857,0.9315492957746478,0.03316842669085634,177,0.9892857142857143,1.0,1.0,0.99644128113879,1.0,0.9971453990849009,0.004164532779989941,0.9923076923076922,0.9617777777777778,0.9431111111111111,0.9866666666666666,0.9191111111111111,0.9605948717948719,0.0272522477142501,274,1.0,1.0,1.0,1.0,1.0,1.0,0.0
0.3643322944641113,0.010616809700794578,0.0359595775604248,0.006095308061494693,balanced,entropy,3,2,0.1,50,"{'estimator__class_weight': 'balanced', 'estimator__criterion': 'entropy', 'estimator__max_depth': 3, 'estimator__min_samples_leaf': 2, 'learning_rate': 0.1, 'n_estimators': 50}",0.9220978714066272,0.9365942028985508,0.9028677150786308,0.9682971014492754,0.8901098901098901,0.9239933561885948,0.027274816334133183,133,0.9601706970128023,0.976497156239545,0.9804603296015576,0.9725144973101376,0.976497156239545,0.9732279672807176,0.006995478595282069,0.946236559139785,0.9565217391304348,0.9361702127659575,0.9782608695652174,0.9230769230769231,0.9480532607356634,0.018721855859418778,189,0.972972972972973,0.9836065573770492,0.9863013698630136,0.9809264305177112,0.9836065573770492,0.9814827776215592,0.004581833898039557,0.8979591836734694,0.9166666666666666,0.8695652173913043,0.9583333333333334,0.8571428571428571,0.8999334516415262,0.03591019083694832,133,0.9473684210526315,0.9693877551020408,0.9746192893401016,0.9641025641025641,0.9693877551020408,0.9649731569398758,0.009409674613901065,0.8461538461538461,0.88,0.8,0.92,0.84,0.8572307692307692,0.04038161160990257,58,0.9,0.9405940594059405,0.9504950495049505,0.9306930693069307,0.9405940594059405,0.9324752475247525,0.01740322577641172,0.9295774647887324,0.9428571428571428,0.9142857142857143,0.9714285714285714,0.9,0.9316297786720321,0.02455796845008615,141,0.9642857142857143,0.9786476868327402,0.9822064056939501,0.9750889679715302,0.9786476868327402,0.9757752923233352,0.006169958901313407,0.9918803418803418,0.9706666666666667,0.9386666666666666,0.9777777777777779,0.9342222222222223,0.9626427350427351,0.02249830240103643,213,0.9952500000000001,0.9991749174917491,0.999009900990099,0.9983498349834983,0.9991474147414742,0.9981864136413641,0.0014985343505184595
0.29595284461975097,0.00800631531550442,0.0404022216796875,0.0037742721014989407,balanced,gini,3,2,0.1,50,"{'estimator__class_weight': 'balanced', 'estimator__criterion': 'gini', 'estimator__max_depth': 3, 'estimator__min_samples_leaf': 2, 'learning_rate': 0.1, 'n_estimators': 50}",0.9382608695652175,0.9519560741249142,0.8878975062914665,0.9682971014492754,0.8731884057971014,0.923919991445595,0.03696572420124375,134,0.9882535553970717,0.9961273962596988,0.9804603296015576,0.9922375690607734,0.9922375690607734,0.9898632838759749,0.0053201567476157206,0.9565217391304348,0.967741935483871,0.9247311827956989,0.9782608695652174,0.9130434782608695,0.9480598410472183,0.025065764072656677,188,0.9917355371900827,0.997229916897507,0.9863013698630136,0.994475138121547,0.994475138121547,0.9928434200387395,0.003703840909206582,0.92,0.9361702127659575,0.851063829787234,0.9583333333333334,0.8333333333333334,0.8997801418439716,0.048887654025951785,134,0.9847715736040609,0.9950248756218906,0.9746192893401016,0.99,0.99,0.9868831477132106,0.006936544342947936,0.8846153846153846,0.88,0.8,0.92,0.8,0.8569230769230769,0.04849449428885056,67,0.97,0.9900990099009901,0.9504950495049505,0.9801980198019802,0.9801980198019802,0.9741980198019802,0.0134483876898943,0.9436619718309859,0.9571428571428572,0.9,0.9714285714285714,0.8857142857142857,0.93158953722334,0.033130958469909835,149,0.9892857142857143,0.99644128113879,0.9822064056939501,0.9928825622775801,0.9928825622775801,0.9907397051347229,0.004829553418990955,0.9905982905982906,0.9662222222222222,0.9520000000000001,0.9768888888888889,0.9182222222222223,0.9607863247863249,0.024764883151441784,267,0.9997222222222222,0.99994499449945,1.0,0.9998349834983499,0.99994499449945,0.9998894389438944,9.932110972962093e-05
0.6478698253631592,0.15545911136999085,0.05370907783508301,0.010965946452652892,balanced,entropy,3,2,0.1,100,"{'estimator__class_weight': 'balanced', 'estimator__criterion': 'entropy', 'estimator__max_depth': 3, 'estimator__min_samples_leaf': 2, 'learning_rate': 0.1, 'n_estimators': 100}",0.9382608695652175,0.9519560741249142,0.9028677150786308,0.9519560741249142,0.8731884057971014,0.9236458277381556,0.03096520932657877,135,0.9723285002329489,0.9961273962596988,0.9883300801528303,0.9725144973101376,1.0,0.9858600947911231,0.011598829681144422,0.9565217391304348,0.967741935483871,0.9361702127659575,0.967741935483871,0.9130434782608695,0.9482438602250006,0.021041449618123577,184,0.9809264305177112,0.997229916897507,0.9917355371900827,0.9809264305177112,1.0,0.9901636630246025,0.007997614470012303,0.92,0.9361702127659575,0.8695652173913043,0.9361702127659575,0.8333333333333334,0.8990477952513105,0.04094570930032874,135,0.9637305699481865,0.9950248756218906,0.9849246231155779,0.9641025641025641,1.0,0.9815565265576438,0.015200708851790092,0.8846153846153846,0.88,0.8,0.88,0.8,0.8489230769230769,0.039981060604998835,118,0.93,0.9900990099009901,0.9702970297029703,0.9306930693069307,1.0,0.9642178217821783,0.029264057481631037,0.9436619718309859,0.9571428571428572,0.9142857142857143,0.9571428571428572,0.8857142857142857,0.93158953722334,0.02776922391587481,149,0.975,0.99644128113879,0.9893238434163701,0.9750889679715302,1.0,0.987170818505338,0.0104810765376452,0.9923076923076922,0.9724444444444444,0.9404444444444444,0.9777777777777779,0.9253333333333333,0.9616615384615385,0.02483986530987546,229,0.9978055555555556,1.0,1.0,0.9985148514851485,1.0,0.9992640814081408,0.0009288026336847307
0.2798454284667969,0.013589459181977338,0.042685651779174806,0.0032775747410869636,,gini,3,5,0.1,50,"{'estimator__class_weight': None, 'estimator__criterion': 'gini', 'estimator__max_depth': 3, 'estimator__min_samples_leaf': 5, 'learning_rate': 0.1, 'n_estimators': 50}",0.9204927211646137,0.9519560741249142,0.9181286549707601,0.9519560741249142,0.8755555555555555,0.9236178159881515,0.02812824819526886,136,0.9723285002329489,0.9961273962596988,0.9804603296015576,0.9883300801528303,0.984475138121547,0.9843442888737165,0.00792728944347684,0.9473684210526315,0.967741935483871,0.9473684210526315,0.967741935483871,0.9111111111111111,0.9482663648368233,0.02069164657323085,183,0.9809264305177112,0.997229916897507,0.9863013698630136,0.9917355371900827,0.988950276243094,0.9890287061422818,0.005434669758113531,0.8936170212765957,0.9361702127659575,0.8888888888888888,0.9361702127659575,0.84,0.8989692671394799,0.035708418445591736,136,0.9637305699481865,0.9950248756218906,0.9746192893401016,0.9849246231155779,0.98,0.9796598716051512,0.010421773026460046,0.8076923076923077,0.88,0.8,0.88,0.84,0.8415384615384616,0.03415246012433625,142,0.93,0.9900990099009901,0.9504950495049505,0.9702970297029703,0.9702970297029703,0.9622376237623762,0.020412336083021905,0.9295774647887324,0.9571428571428572,0.9285714285714286,0.9571428571428572,0.8857142857142857,0.9316297786720323,0.026167278564204054,134,0.975,0.99644128113879,0.9822064056939501,0.9893238434163701,0.9857651245551602,0.985747330960854,0.007144166891843563,0.9905982905982906,0.96,0.9275555555555557,0.9795555555555556,0.9231111111111112,0.9561641025641027,0.02705008944050152,393,0.9998333333333334,1.0,1.0,0.9998899889988999,0.9998349834983499,0.9999116611661167,7.495584846867001e-05
0.8971793174743652,0.015704422137845928,0.07375988960266114,0.002663910097438154,,entropy,2,2,0.5,200,"{'estimator__class_weight': None, 'estimator__criterion': 'entropy', 'estimator__max_depth': 2, 'estimator__min_samples_leaf': 2, 'learning_rate': 0.5, 'n_estimators': 200}",0.9382608695652175,0.9199267902081903,0.9199267902081903,0.9519560741249142,0.8878975062914665,0.9235936060795957,0.021543726832338128,137,1.0,1.0,1.0,1.0,1.0,1.0,0.0,0.9565217391304348,0.946236559139785,0.946236559139785,0.967741935483871,0.9247311827956989,0.9482935951379149,0.014209787931940459,182,1.0,1.0,1.0,1.0,1.0,1.0,0.0,0.92,0.8936170212765957,0.8936170212765957,0.9361702127659575,0.851063829787234,0.8988936170212767,0.028908121574797125,140,1.0,1.0,1.0,1.0,1.0,1.0,0.0,0.8846153846153846,0.84,0.84,0.88,0.8,0.8489230769230769,0.030959412253797565,118,1.0,1.0,1.0,1.0,1.0,1.0,0.0,0.9436619718309859,0.9285714285714286,0.9285714285714286,0.9571428571428572,0.9,0.93158953722334,0.019051680544872395,149,1.0,1.0,1.0,1.0,1.0,1.0,0.0,0.9914529914529914,0.9546666666666668,0.952,0.9937777777777778,0.9271111111111111,0.9638017094017094,0.02542474160286307,181,1.0,1.0,1.0,1.0,1.0,1.0,0.0
0.16408886909484863,0.07953706673255265,0.029020118713378906,0.007971271714946299,balanced,entropy,2,5,1.0,50,"{'estimator__class_weight': 'balanced', 'estimator__criterion': 'entropy', 'estimator__max_depth': 2, 'estimator__min_samples_leaf': 5, 'learning_rate': 1.0, 'n_estimators': 50}",0.9532587228439764,0.9215070643642072,0.8853801169590643,0.9377777777777778,0.9199267902081903,0.9235700944306432,0.022624221803852124,138,1.0,1.0,1.0,1.0,0.9961273962596988,0.9992254792519397,0.0015490414961204734,0.967741935483871,0.945054945054945,0.9263157894736842,0.9555555555555556,0.946236559139785,0.9481809569415681,0.013628314406230559,185,1.0,1.0,1.0,1.0,0.997229916897507,0.9994459833795014,0.0011080332409972194,0.9387755102040817,0.8979591836734694,0.8444444444444444,0.92,0.8936170212765957,0.8989592319197183,0.031715773054903335,137,1.0,1.0,1.0,1.0,0.9950248756218906,0.9990049751243781,0.0019900497512437723,0.8846153846153846,0.88,0.76,0.92,0.84,0.8569230769230769,0.0546965810296344,67,1.0,1.0,1.0,1.0,0.9900990099009901,0.998019801980198,0.003960396039603964,0.9577464788732394,0.9285714285714286,0.9,0.9428571428571428,0.9285714285714286,0.9315492957746478,0.01911676362765648,177,1.0,1.0,1.0,1.0,0.99644128113879,0.9992882562277581,0.0014234875444839813,0.9931623931623932,0.9662222222222222,0.9413333333333334,0.9831111111111112,0.9311111111111111,0.9629880341880342,0.02371056486279772,200,1.0,1.0,1.0,0.9999999999999999,1.0,1.0,4.965068306494546e-17
0.15873923301696777,0.08290359390791632,0.025568819046020506,0.004930366973732545,balanced,entropy,2,5,1.0,100,"{'estimator__class_weight': 'balanced', 'estimator__criterion': 'entropy', 'estimator__max_depth': 2, 'estimator__min_samples_leaf': 5, 'learning_rate': 1.0, 'n_estimators': 100}",0.9532587228439764,0.9215070643642072,0.8853801169590643,0.9377777777777778,0.9199267902081903,0.9235700944306432,0.022624221803852124,138,1.0,1.0,1.0,1.0,0.9961273962596988,0.9992254792519397,0.0015490414961204734,0.967741935483871,0.945054945054945,0.9263157894736842,0.9555555555555556,0.946236559139785,0.9481809569415681,0.013628314406230559,185,1.0,1.0,1.0,1.0,0.997229916897507,0.9994459833795014,0.0011080332409972194,0.9387755102040817,0.8979591836734694,0.8444444444444444,0.92,0.8936170212765957,0.8989592319197183,0.031715773054903335,137,1.0,1.0,1.0,1.0,0.9950248756218906,0.9990049751243781,0.0019900497512437723,0.8846153846153846,0.88,0.76,0.92,0.84,0.8569230769230769,0.0546965810296344,67,1.0,1.0,1.0,1.0,0.9900990099009901,0.998019801980198,0.003960396039603964,0.9577464788732394,0.9285714285714286,0.9,0.9428571428571428,0.9285714285714286,0.9315492957746478,0.01911676362765648,177,1.0,1.0,1.0,1.0,0.99644128113879,0.9992882562277581,0.0014234875444839813,0.9931623931623932,0.9662222222222222,0.9413333333333334,0.9831111111111112,0.9311111111111111,0.9629880341880342,0.02371056486279772,200,1.0,1.0,1.0,0.9999999999999999,1.0,1.0,4.965068306494546e-17
0.16186647415161132,0.07688667624938429,0.02825021743774414,0.008477820240851124,balanced,entropy,2,5,1.0,200,"{'estimator__class_weight': 'balanced', 'estimator__criterion': 'entropy', 'estimator__max_depth': 2, 'estimator__min_samples_leaf': 5, 'learning_rate': 1.0, 'n_estimators': 200}",0.9532587228439764,0.9215070643642072,0.8853801169590643,0.9377777777777778,0.9199267902081903,0.9235700944306432,0.022624221803852124,138,1.0,1.0,1.0,1.0,0.9961273962596988,0.9992254792519397,0.0015490414961204734,0.967741935483871,0.945054945054945,0.9263157894736842,0.9555555555555556,0.946236559139785,0.9481809569415681,0.013628314406230559,185,1.0,1.0,1.0,1.0,0.997229916897507,0.9994459833795014,0.0011080332409972194,0.9387755102040817,0.8979591836734694,0.8444444444444444,0.92,0.8936170212765957,0.8989592319197183,0.031715773054903335,137,1.0,1.0,1.0,1.0,0.9950248756218906,0.9990049751243781,0.0019900497512437723,0.8846153846153846,0.88,0.76,0.92,0.84,0.8569230769230769,0.0546965810296344,67,1.0,1.0,1.0,1.0,0.9900990099009901,0.998019801980198,0.003960396039603964,0.9577464788732394,0.9285714285714286,0.9,0.9428571428571428,0.9285714285714286,0.9315492957746478,0.01911676362765648,177,1.0,1.0,1.0,1.0,0.99644128113879,0.9992882562277581,0.0014234875444839813,0.9931623931623932,0.9662222222222222,0.9413333333333334,0.9831111111111112,0.9311111111111111,0.9629880341880342,0.02371056486279772,200,1.0,1.0,1.0,0.9999999999999999,1.0,1.0,4.965068306494546e-17
0.30108180046081545,0.005938053898071127,0.038151788711547854,0.004603732289461227,,gini,2,2,1.0,100,"{'estimator__class_weight': None, 'estimator__criterion': 'gini', 'estimator__max_depth': 2, 'estimator__min_samples_leaf': 2, 'learning_rate': 1.0, 'n_estimators': 100}",0.9382608695652175,0.9199267902081903,0.8878975062914665,0.9682971014492754,0.9028677150786308,0.9234499965185561,0.028038001477980783,141,1.0,1.0,1.0,1.0,1.0,1.0,0.0,0.9565217391304348,0.946236559139785,0.9247311827956989,0.9782608695652174,0.9361702127659575,0.9483841126794186,0.018287121127477695,179,1.0,1.0,1.0,1.0,1.0,1.0,0.0,0.92,0.8936170212765957,0.851063829787234,0.9583333333333334,0.8695652173913043,0.8985158803576935,0.037824679475520165,141,1.0,1.0,1.0,1.0,1.0,1.0,0.0,0.8846153846153846,0.84,0.8,0.92,0.8,0.8489230769230769,0.047312632637601035,118,1.0,1.0,1.0,1.0,1.0,1.0,0.0,0.9436619718309859,0.9285714285714286,0.9,0.9714285714285714,0.9142857142857143,0.93158953722334,0.024654908046219566,149,1.0,1.0,1.0,1.0,1.0,1.0,0.0,0.9948717948717948,0.9564444444444444,0.9635555555555555,0.9937777777777779,0.9777777777777779,0.9772854700854701,0.015520156585166315,10,1.0,1.0,1.0,1.0,1.0,1.0,0.0
1.080251407623291,0.20095732354496018,0.08075933456420899,0.01130664732072373,balanced,gini,3,1,0.1,200,"{'estimator__class_weight': 'balanced', 'estimator__criterion': 'gini', 'estimator__max_depth': 3, 'estimator__min_samples_leaf': 1, 'learning_rate': 0.1, 'n_estimators': 200}",0.9382608695652175,0.9365942028985508,0.8704902867715079,0.9519560741249142,0.9199267902081903,0.9234456447136761,0.028361496176224184,142,1.0,1.0,1.0,1.0,1.0,1.0,0.0,0.9565217391304348,0.9565217391304348,0.9148936170212766,0.967741935483871,0.946236559139785,0.9483831179811604,0.018074249710168515,180,1.0,1.0,1.0,1.0,1.0,1.0,0.0,0.92,0.9166666666666666,0.8260869565217391,0.9361702127659575,0.8936170212765957,0.8985081714461918,0.038675094623660165,142,1.0,1.0,1.0,1.0,1.0,1.0,0.0,0.8846153846153846,0.88,0.76,0.88,0.84,0.8489230769230769,0.04731263263760104,118,1.0,1.0,1.0,1.0,1.0,1.0,0.0,0.9436619718309859,0.9428571428571428,0.8857142857142857,0.9571428571428572,0.9285714285714286,0.93158953722334,0.024654908046219594,149,1.0,1.0,1.0,1.0,1.0,1.0,0.0,0.9923076923076922,0.9644444444444444,0.9351111111111111,0.9875555555555555,0.9359999999999999,0.9630837606837606,0.024375223490230788,198,1.0,1.0,1.0,1.0,1.0,1.0,0.0
0.5435967445373535,0.025950131522003463,0.05319046974182129,0.007123393228104812,,gini,3,2,0.5,100,"{'estimator__class_weight': None, 'estimator__criterion': 'gini', 'estimator__max_depth': 3, 'estimator__min_samples_leaf': 2, 'learning_rate': 0.5, 'n_estimators': 100}",0.9220978714066272,0.9215070643642072,0.8853801169590643,0.9682971014492754,0.9199267902081903,0.9234417888774729,0.026376483555979983,143,1.0,1.0,1.0,1.0,1.0,1.0,0.0,0.946236559139785,0.945054945054945,0.9263157894736842,0.9782608695652174,0.946236559139785,0.9484209444746833,0.016732794373344805,178,1.0,1.0,1.0,1.0,1.0,1.0,0.0,0.8979591836734694,0.8979591836734694,0.8444444444444444,0.9583333333333334,0.8936170212765957,0.8984626332802625,0.03612880382368096,143,1.0,1.0,1.0,1.0,1.0,1.0,0.0,0.8461538461538461,0.88,0.76,0.92,0.84,0.8492307692307692,0.052937386258723865,107,1.0,1.0,1.0,1.0,1.0,1.0,0.0,0.9295774647887324,0.9285714285714286,0.9,0.9714285714285714,0.9285714285714286,0.9316297786720321,0.022835524109032442,141,1.0,1.0,1.0,1.0,1.0,1.0,0.0,0.9888888888888889,0.952,0.9635555555555555,0.9928888888888889,0.9537777777777777,0.9702222222222222,0.017373173587281878,97,1.0,1.0,1.0,1.0,1.0,1.0,0.0
0.13709602355957032,0.009047353723233313,0.02510080337524414,0.0011759832647394628,,entropy,3,1,0.5,25,"{'estimator__class_weight': None, 'estimator__criterion': 'entropy', 'estimator__max_depth': 3, 'estimator__min_samples_leaf': 1, 'learning_rate': 0.5, 'n_estimators': 25}",0.9220978714066272,0.9352451433857539,0.9028677150786308,0.9519560741249142,0.9048913043478262,0.9234116216687506,0.01855585187293488,144,1.0,1.0,1.0,1.0,1.0,1.0,0.0,0.946236559139785,0.9574468085106383,0.9361702127659575,0.967741935483871,0.9347826086956522,0.9484756249191808,0.01261434211467015,175,1.0,1.0,1.0,1.0,1.0,1.0,0.0,0.8979591836734694,0.9130434782608695,0.8695652173913043,0.9361702127659575,0.875,0.8983476184183201,0.024577248486908506,144,1.0,1.0,1.0,1.0,1.0,1.0,0.0,0.8461538461538461,0.84,0.8,0.88,0.84,0.8412307692307692,0.025417694065308766,151,1.0,1.0,1.0,1.0,1.0,1.0,0.0,0.9295774647887324,0.9428571428571428,0.9142857142857143,0.9571428571428572,0.9142857142857143,0.9316297786720321,0.016630189480295456,141,1.0,1.0,1.0,1.0,1.0,1.0,0.0,0.9914529914529915,0.9511111111111111,0.9582222222222223,0.9768888888888888,0.9022222222222223,0.9559794871794873,0.030378107468991836,396,1.0,1.0,1.0,1.0,1.0,1.0,0.0
1.0121772289276123,0.04986449063417993,0.06449947357177735,0.008705033585376682,,entropy,3,1,0.5,200,"{'estimator__class_weight': None, 'estimator__criterion': 'entropy', 'estimator__max_depth': 3, 'estimator__min_samples_leaf': 1, 'learning_rate': 0.5, 'n_estimators': 200}",0.9055851063829787,0.9365942028985508,0.9028677150786308,0.9519560741249142,0.9199267902081903,0.923385977738653,0.018657672531013327,145,1.0,1.0,1.0,1.0,1.0,1.0,0.0,0.9361702127659575,0.9565217391304348,0.9361702127659575,0.967741935483871,0.946236559139785,0.9485681318572011,0.012196291576488173,168,1.0,1.0,1.0,1.0,1.0,1.0,0.0,0.875,0.9166666666666666,0.8695652173913043,0.9361702127659575,0.8936170212765957,0.8982038236201048,0.025147362610007197,146,1.0,1.0,1.0,1.0,1.0,1.0,0.0,0.8076923076923077,0.88,0.8,0.88,0.84,0.8415384615384616,0.03415246012433625,142,1.0,1.0,1.0,1.0,1.0,1.0,0.0,0.9154929577464789,0.9428571428571428,0.9142857142857143,0.9571428571428572,0.9285714285714286,0.9316700201207244,0.01641663697040654,131,1.0,1.0,1.0,1.0,1.0,1.0,0.0,0.9905982905982906,0.9511111111111111,0.9608888888888889,0.9946666666666666,0.9555555555555555,0.9705641025641025,0.018328051756509086,91,1.0,1.0,1.0,1.0,1.0,1.0,0.0
1.0051269054412841,0.09307212514466952,0.06856861114501953,0.009234570341162903,,gini,3,5,0.5,200,"{'estimator__class_weight': None, 'estimator__criterion': 'gini', 'estimator__max_depth': 3, 'estimator__min_samples_leaf': 5, 'learning_rate': 0.5, 'n_estimators': 200}",0.9055851063829787,0.9365942028985508,0.9028677150786308,0.9352451433857539,0.9365942028985508,0.923377274128893,0.015667954419370144,146,1.0,1.0,1.0,1.0,1.0,1.0,0.0,0.9361702127659575,0.9565217391304348,0.9361702127659575,0.9574468085106383,0.9565217391304348,0.9485661424606846,0.010126869330918794,170,1.0,1.0,1.0,1.0,1.0,1.0,0.0,0.875,0.9166666666666666,0.8695652173913043,0.9130434782608695,0.9166666666666666,0.8981884057971014,0.021262899639306086,147,1.0,1.0,1.0,1.0,1.0,1.0,0.0,0.8076923076923077,0.88,0.8,0.84,0.88,0.8415384615384616,0.03415246012433625,142,1.0,1.0,1.0,1.0,1.0,1.0,0.0,0.9154929577464789,0.9428571428571428,0.9142857142857143,0.9428571428571428,0.9428571428571428,0.9316700201207244,0.013706688745167223,131,1.0,1.0,1.0,1.0,1.0,1.0,0.0,0.9871794871794871,0.9431111111111111,0.9653333333333333,0.9964444444444445,0.9635555555555555,0.9711247863247863,0.018838464311071973,83,1.0,1.0,1.0,1.0,1.0,1.0,0.0
1.5184949398040772,0.03658901446783537,0.09104952812194825,0.0014373285034893516,balanced,entropy,3,5,1.0,200,"{'estimator__class_weight': 'balanced', 'estimator__criterion': 'entropy', 'estimator__max_depth': 3, 'estimator__min_samples_leaf': 5, 'learning_rate': 1.0, 'n_estimators': 200}",0.9055851063829787,0.9365942028985508,0.9028677150786308,0.9352451433857539,0.9365942028985508,0.923377274128893,0.015667954419370144,146,1.0,1.0,1.0,1.0,1.0,1.0,0.0,0.9361702127659575,0.9565217391304348,0.9361702127659575,0.9574468085106383,0.9565217391304348,0.9485661424606846,0.010126869330918794,170,1.0,1.0,1.0,1.0,1.0,1.0,0.0,0.875,0.9166666666666666,0.8695652173913043,0.9130434782608695,0.9166666666666666,0.8981884057971014,0.021262899639306086,147,1.0,1.0,1.0,1.0,1.0,1.0,0.0,0.8076923076923077,0.88,0.8,0.84,0.88,0.8415384615384616,0.03415246012433625,142,1.0,1.0,1.0,1.0,1.0,1.0,0.0,0.9154929577464789,0.9428571428571428,0.9142857142857143,0.9428571428571428,0.9428571428571428,0.9316700201207244,0.013706688745167223,131,1.0,1.0,1.0,1.0,1.0,1.0,0.0,0.988034188034188,0.944,0.9715555555555555,0.992,0.967111111111111,0.9725401709401709,0.017109851128076906,64,1.0,1.0,1.0,1.0,1.0,1.0,0.0
0.21281070709228517,0.013975390310483567,0.030156993865966798,0.003322636658730213,,gini,3,5,1.0,50,"{'estimator__class_weight': None, 'estimator__criterion': 'gini', 'estimator__max_depth': 3, 'estimator__min_samples_leaf': 5, 'learning_rate': 1.0, 'n_estimators': 50}",0.9204927211646137,0.9365942028985508,0.8853801169590643,0.9529042386185244,0.9215070643642072,0.9233756688009921,0.022370208351935823,148,1.0,1.0,1.0,1.0,1.0,1.0,0.0,0.9473684210526315,0.9565217391304348,0.9263157894736842,0.967032967032967,0.945054945054945,0.9484587723489326,0.01351368741898528,177,1.0,1.0,1.0,1.0,1.0,1.0,0.0,0.8936170212765957,0.9166666666666666,0.8444444444444444,0.9387755102040817,0.8979591836734694,0.8982925652530517,0.03129878081982642,145,1.0,1.0,1.0,1.0,1.0,1.0,0.0,0.8076923076923077,0.88,0.76,0.92,0.88,0.8495384615384616,0.057600131492289104,100,1.0,1.0,1.0,1.0,1.0,1.0,0.0,0.9295774647887324,0.9428571428571428,0.9,0.9571428571428572,0.9285714285714286,0.9316297786720321,0.018926062855537426,141,1.0,1.0,1.0,1.0,1.0,1.0,0.0,0.9905982905982906,0.96,0.9706666666666666,0.9946666666666666,0.9564444444444444,0.9744752136752135,0.015599960664605353,33,1.0,1.0,1.0,1.0,1.0,1.0,0.0
1.1363248825073242,0.020307149014566317,0.09009251594543458,0.009563978097985157,,gini,3,2,0.5,200,"{'estimator__class_weight': None, 'estimator__criterion': 'gini', 'estimator__max_depth': 3, 'estimator__min_samples_leaf': 2, 'learning_rate': 0.5, 'n_estimators': 200}",0.9220978714066272,0.9365942028985508,0.9028677150786308,0.9352451433857539,0.9199267902081903,0.9233463445955508,0.012245108955570362,149,1.0,1.0,1.0,1.0,1.0,1.0,0.0,0.946236559139785,0.9565217391304348,0.9361702127659575,0.9574468085106383,0.946236559139785,0.9485223757373202,0.007831489770494714,172,1.0,1.0,1.0,1.0,1.0,1.0,0.0,0.8979591836734694,0.9166666666666666,0.8695652173913043,0.9130434782608695,0.8936170212765957,0.8981703134537812,0.01674726652163338,149,1.0,1.0,1.0,1.0,1.0,1.0,0.0,0.8461538461538461,0.88,0.8,0.84,0.84,0.8412307692307692,0.025417694065308766,151,1.0,1.0,1.0,1.0,1.0,1.0,0.0,0.9295774647887324,0.9428571428571428,0.9142857142857143,0.9428571428571428,0.9285714285714286,0.9316297786720321,0.010644148440719904,141,1.0,1.0,1.0,1.0,1.0,1.0,0.0,0.9871794871794872,0.9475555555555555,0.9653333333333333,0.9928888888888889,0.9635555555555555,0.9713025641025641,0.01659888174851964,80,1.0,1.0,1.0,1.0,1.0,1.0,0.0
0.5421581268310547,0.011165714567943939,0.051859378814697266,0.0027071311785665775,,gini,2,1,0.1,200,"{'estimator__class_weight': None, 'estimator__criterion': 'gini', 'estimator__max_depth': 2, 'estimator__min_samples_leaf': 1, 'learning_rate': 0.1, 'n_estimators': 200}",0.9382608695652175,0.9352451433857539,0.9028677150786308,0.9519560741249142,0.8878975062914665,0.9232454616891965,0.023910184477164916,150,0.9843014128728415,0.9961273962596988,0.9922375690607734,0.9844044844044844,0.9922375690607734,0.9898616863317145,0.004716915352179528,0.9565217391304348,0.9574468085106383,0.9361702127659575,0.967741935483871,0.9247311827956989,0.94852237573732,0.015694735318114602,173,0.989010989010989,0.997229916897507,0.994475138121547,0.989010989010989,0.994475138121547,0.9928404342325157,0.0032845509003586243,0.92,0.9130434782608695,0.8695652173913043,0.9361702127659575,0.851063829787234,0.8979685476410731,0.0321832483468491,151,0.9795918367346939,0.9950248756218906,0.99,0.9797979797979798,0.99,0.9868829384309128,0.006149472979821385,0.8846153846153846,0.84,0.8,0.88,0.8,0.8409230769230769,0.03684093426977416,172,0.96,0.9900990099009901,0.9801980198019802,0.9603960396039604,0.9801980198019802,0.9741782178217822,0.01197428869888033,0.9436619718309859,0.9428571428571428,0.9142857142857143,0.9571428571428572,0.9,0.93158953722334,0.021085520734501532,149,0.9857142857142858,0.99644128113879,0.9928825622775801,0.9857651245551602,0.9928825622775801,0.9907371631926793,0.004282356883447827,0.9837606837606838,0.9653333333333334,0.9431111111111112,0.9786666666666667,0.9137777777777778,0.9569299145299146,0.02575290373048324,377,1.0,1.0,1.0,0.99994499449945,1.0,0.99998899889989,2.2002200220017087e-05
0.9471098423004151,0.005369639696412257,0.09499135017395019,0.017365299661264755,,gini,2,5,0.1,200,"{'estimator__class_weight': None, 'estimator__criterion': 'gini', 'estimator__max_depth': 2, 'estimator__min_samples_leaf': 5, 'learning_rate': 0.1, 'n_estimators': 200}",0.9382608695652175,0.9352451433857539,0.9028677150786308,0.9519560741249142,0.8878975062914665,0.9232454616891965,0.023910184477164916,150,0.9921870640102685,0.9961273962596988,0.9922375690607734,0.9883300801528303,0.9922375690607734,0.9922239357088689,0.0024657999360006492,0.9565217391304348,0.9574468085106383,0.9361702127659575,0.967741935483871,0.9247311827956989,0.94852237573732,0.015694735318114602,173,0.994475138121547,0.997229916897507,0.994475138121547,0.9917355371900827,0.994475138121547,0.994478173690446,0.0017374793981378262,0.92,0.9130434782608695,0.8695652173913043,0.9361702127659575,0.851063829787234,0.8979685476410731,0.0321832483468491,151,0.98989898989899,0.9950248756218906,0.99,0.9849246231155779,0.99,0.9899696977272917,0.0031941959062100614,0.8846153846153846,0.84,0.8,0.88,0.8,0.8409230769230769,0.03684093426977416,172,0.98,0.9900990099009901,0.9801980198019802,0.9702970297029703,0.9801980198019802,0.9801584158415843,0.006262436895569735,0.9436619718309859,0.9428571428571428,0.9142857142857143,0.9571428571428572,0.9,0.93158953722334,0.021085520734501532,149,0.9928571428571429,0.99644128113879,0.9928825622775801,0.9893238434163701,0.9928825622775801,0.9928774783934926,0.0022507543972548946,0.9863247863247864,0.9635555555555555,0.9448888888888889,0.9786666666666667,0.9155555555555556,0.9577982905982905,0.025430287038641627,352,1.0,1.0,1.0,0.9998349834983499,1.0,0.9999669966996698,6.600660066005126e-05
0.5352566719055176,0.24596914949620496,0.04202613830566406,0.00891425437873997,balanced,entropy,3,1,0.5,100,"{'estimator__class_weight': 'balanced', 'estimator__criterion': 'entropy', 'estimator__max_depth': 3, 'estimator__min_samples_leaf': 1, 'learning_rate': 0.5, 'n_estimators': 100}",0.9204927211646137,0.9365942028985508,0.8704902867715079,0.9519560741249142,0.9365942028985508,0.9232254975716275,0.02818283562150647,152,1.0,1.0,1.0,1.0,1.0,1.0,0.0,0.9473684210526315,0.9565217391304348,0.9148936170212766,0.967741935483871,0.9565217391304348,0.9486094903637298,0.018053022936045708,166,1.0,1.0,1.0,1.0,1.0,1.0,0.0,0.8936170212765957,0.9166666666666666,0.8260869565217391,0.9361702127659575,0.9166666666666666,0.8978415047795252,0.038326034891725584,155,1.0,1.0,1.0,1.0,1.0,1.0,0.0,0.8076923076923077,0.88,0.76,0.88,0.88,0.8415384615384616,0.049461000116701834,142,1.0,1.0,1.0,1.0,1.0,1.0,0.0,0.9295774647887324,0.9428571428571428,0.8857142857142857,0.9571428571428572,0.9428571428571428,0.9316297786720321,0.024557968450086173,141,1.0,1.0,1.0,1.0,1.0,1.0,0.0,0.9948717948717949,0.9484444444444445,0.9546666666666667,0.9893333333333334,0.9466666666666667,0.9667965811965813,0.020905846209307733,138,1.0,1.0,1.0,1.0,1.0,1.0,0.0
0.7045910358428955,0.05597782966349135,0.05733504295349121,0.003287254544722685,balanced,entropy,3,1,1.5,100,"{'estimator__class_weight': 'balanced', 'estimator__criterion': 'entropy', 'estimator__max_depth': 3, 'estimator__min_samples_leaf': 1, 'learning_rate': 1.5, 'n_estimators': 100}",0.9541047188106011,0.9377777777777778,0.8674242424242424,0.9352451433857539,0.9215070643642072,0.9232117893525166,0.02975398863398458,153,1.0,1.0,1.0,1.0,1.0,1.0,0.0,0.967032967032967,0.9555555555555556,0.9166666666666666,0.9574468085106383,0.945054945054945,0.9483513885641546,0.01731136159670779,181,1.0,1.0,1.0,1.0,1.0,1.0,0.0,0.9411764705882353,0.92,0.8181818181818182,0.9130434782608695,0.8979591836734694,0.8980721901408785,0.04229759238607473,150,1.0,1.0,1.0,1.0,1.0,1.0,0.0,0.9230769230769231,0.92,0.72,0.84,0.88,0.8566153846153846,0.0747280671747145,89,1.0,1.0,1.0,1.0,1.0,1.0,0.0,0.9577464788732394,0.9428571428571428,0.8857142857142857,0.9428571428571428,0.9285714285714286,0.9315492957746478,0.024705234481367792,177,1.0,1.0,1.0,1.0,1.0,1.0,0.0,0.9923076923076923,0.9644444444444444,0.9706666666666667,0.9928888888888889,0.9768888888888889,0.9794393162393163,0.011443743683185556,6,1.0,1.0,1.0,1.0,1.0,1.0,0.0
1.111128854751587,0.021869845031467664,0.09577717781066894,0.007256515986781073,,gini,3,2,0.1,200,"{'estimator__class_weight': None, 'estimator__criterion': 'gini', 'estimator__max_depth': 3, 'estimator__min_samples_leaf': 2, 'learning_rate': 0.1, 'n_estimators': 200}",0.9370567375886525,0.9199267902081903,0.8878975062914665,0.9682971014492754,0.9028677150786308,0.9232091701232431,0.027914652388225054,154,1.0,1.0,1.0,1.0,1.0,1.0,0.0,0.9574468085106383,0.946236559139785,0.9247311827956989,0.9782608695652174,0.9361702127659575,0.9485691265554594,0.018372992877898234,167,1.0,1.0,1.0,1.0,1.0,1.0,0.0,0.9166666666666666,0.8936170212765957,0.851063829787234,0.9583333333333334,0.8695652173913043,0.8978492136910269,0.03746783503683133,154,1.0,1.0,1.0,1.0,1.0,1.0,0.0,0.8461538461538461,0.84,0.8,0.92,0.8,0.8412307692307692,0.0438868906576626,151,1.0,1.0,1.0,1.0,1.0,1.0,0.0,0.9436619718309859,0.9285714285714286,0.9,0.9714285714285714,0.9142857142857143,0.93158953722334,0.024654908046219566,149,1.0,1.0,1.0,1.0,1.0,1.0,0.0,0.9923076923076923,0.9502222222222222,0.9431111111111111,0.9893333333333333,0.9573333333333333,0.9664615384615385,0.020412861864653926,142,1.0,1.0,1.0,1.0,1.0,1.0,0.0
0.6096582889556885,0.015540128627997302,0.05421934127807617,0.0072987558108596135,balanced,gini,3,2,0.5,100,"{'estimator__class_weight': 'balanced', 'estimator__criterion': 'gini', 'estimator__max_depth': 3, 'estimator__min_samples_leaf': 2, 'learning_rate': 0.5, 'n_estimators': 100}",0.9220978714066272,0.9365942028985508,0.8853801169590643,0.9519560741249142,0.9199267902081903,0.9231910111194693,0.0221295648821789,155,1.0,1.0,1.0,1.0,1.0,1.0,0.0,0.946236559139785,0.9565217391304348,0.9263157894736842,0.967741935483871,0.946236559139785,0.948610516473512,0.01368886289009352,165,1.0,1.0,1.0,1.0,1.0,1.0,0.0,0.8979591836734694,0.9166666666666666,0.8444444444444444,0.9361702127659575,0.8936170212765957,0.8977715057654267,0.03063513746759842,157,1.0,1.0,1.0,1.0,1.0,1.0,0.0,0.8461538461538461,0.88,0.76,0.88,0.84,0.8412307692307692,0.0438868906576626,151,1.0,1.0,1.0,1.0,1.0,1.0,0.0,0.9295774647887324,0.9428571428571428,0.9,0.9571428571428572,0.9285714285714286,0.9316297786720321,0.018926062855537426,141,1.0,1.0,1.0,1.0,1.0,1.0,0.0,0.9914529914529915,0.9617777777777778,0.9653333333333333,0.991111111111111,0.9564444444444444,0.9732239316239315,0.01501384015845384,53,1.0,1.0,1.0,1.0,1.0,1.0,0.0
0.4920222759246826,0.06519812912814787,0.06061234474182129,0.00805652161182025,,gini,3,1,1.0,100,"{'estimator__class_weight': None, 'estimator__criterion': 'gini', 'estimator__max_depth': 3, 'estimator__min_samples_leaf': 1, 'learning_rate': 1.0, 'n_estimators': 100}",0.9541047188106011,0.9365942028985508,0.8853801169590643,0.9199267902081903,0.9199267902081903,0.9231865238169193,0.02274324851873527,156,1.0,1.0,1.0,1.0,1.0,1.0,0.0,0.967032967032967,0.9565217391304348,0.9263157894736842,0.946236559139785,0.946236559139785,0.9484687227833313,0.01349221849905835,176,1.0,1.0,1.0,1.0,1.0,1.0,0.0,0.9411764705882353,0.9166666666666666,0.8444444444444444,0.8936170212765957,0.8936170212765957,0.8979043248505075,0.03199757748353417,153,1.0,1.0,1.0,1.0,1.0,1.0,0.0,0.9230769230769231,0.88,0.76,0.84,0.84,0.8486153846153845,0.053908535293725,134,1.0,1.0,1.0,1.0,1.0,1.0,0.0,0.9577464788732394,0.9428571428571428,0.9,0.9285714285714286,0.9285714285714286,0.9315492957746478,0.019116763627656484,177,1.0,1.0,1.0,1.0,1.0,1.0,0.0,0.9965811965811966,0.9493333333333334,0.9706666666666667,0.9893333333333333,0.9697777777777777,0.9751384615384614,0.01658869369677043,25,1.0,1.0,1.0,1.0,1.0,1.0,0.0
0.5567957401275635,0.010382928579826737,0.054905128479003903,0.0037562486455548273,,gini,2,1,0.5,200,"{'estimator__class_weight': None, 'estimator__criterion': 'gini', 'estimator__max_depth': 2, 'estimator__min_samples_leaf': 1, 'learning_rate': 0.5, 'n_estimators': 200}",0.9382608695652175,0.9028677150786308,0.9028677150786308,0.9519560741249142,0.9199267902081903,0.9231758328111168,0.019448682183950836,157,1.0,1.0,1.0,1.0,1.0,1.0,0.0,0.9565217391304348,0.9361702127659575,0.9361702127659575,0.967741935483871,0.946236559139785,0.9485681318572011,0.012196291576488173,168,1.0,1.0,1.0,1.0,1.0,1.0,0.0,0.92,0.8695652173913043,0.8695652173913043,0.9361702127659575,0.8936170212765957,0.8977835337650324,0.02674701882805423,156,1.0,1.0,1.0,1.0,1.0,1.0,0.0,0.8846153846153846,0.8,0.8,0.88,0.84,0.8409230769230769,0.03684093426977416,172,1.0,1.0,1.0,1.0,1.0,1.0,0.0,0.9436619718309859,0.9142857142857143,0.9142857142857143,0.9571428571428572,0.9285714285714286,0.93158953722334,0.016773010419201602,149,1.0,1.0,1.0,1.0,1.0,1.0,0.0,0.9871794871794872,0.9475555555555556,0.952,0.9955555555555556,0.9617777777777777,0.9688136752136753,0.019165293588679366,118,1.0,1.0,1.0,1.0,1.0,1.0,0.0
0.1394582748413086,0.006726723870228994,0.031996965408325195,0.005107270973993021,,gini,3,5,0.1,25,"{'estimator__class_weight': None, 'estimator__criterion': 'gini', 'estimator__max_depth': 3, 'estimator__min_samples_leaf': 5, 'learning_rate': 0.1, 'n_estimators': 25}",0.9204927211646137,0.9519560741249142,0.9005681818181819,0.9519560741249142,0.8901098901098901,0.9230165882685029,0.025566146851983093,158,0.9601706970128023,0.9685118780815778,0.9685118780815778,0.9604448198198199,0.9725144973101376,0.966030754061183,0.004896811396952786,0.9473684210526315,0.967741935483871,0.9375,0.967741935483871,0.9230769230769231,0.9486858430194592,0.01737207405776472,157,0.972972972972973,0.9782608695652174,0.9782608695652174,0.972972972972973,0.9809264305177112,0.9766788231188185,0.003178507861849042,0.8936170212765957,0.9361702127659575,0.8636363636363636,0.9361702127659575,0.8571428571428571,0.8973473335175463,0.03400346025504275,164,0.9473684210526315,0.9587628865979382,0.9587628865979382,0.9479166666666666,0.9641025641025641,0.9553826850035477,0.00661600594952124,0.8076923076923077,0.88,0.76,0.88,0.84,0.8335384615384616,0.045683759884227605,200,0.9,0.9207920792079208,0.9207920792079208,0.900990099009901,0.9306930693069307,0.9146534653465347,0.012116482012497718,0.9295774647887324,0.9571428571428572,0.9142857142857143,0.9571428571428572,0.9,0.9316297786720323,0.02283552410903247,134,0.9642857142857143,0.9715302491103203,0.9715302491103203,0.9644128113879004,0.9750889679715302,0.9693695983731571,0.004300316882523121,0.97991452991453,0.9635555555555555,0.9395555555555556,0.9800000000000001,0.9266666666666667,0.9579384615384615,0.02152703970654778,348,0.9939166666666667,0.9987348734873488,0.996012101210121,0.999064906490649,0.9959845984598459,0.9967426292629262,0.0019212680761391539
0.3972060203552246,0.009974918356059811,0.05056352615356445,0.0021232507959391593,,gini,1,1,0.5,200,"{'estimator__class_weight': None, 'estimator__criterion': 'gini', 'estimator__max_depth': 1, 'estimator__min_samples_leaf': 1, 'learning_rate': 0.5, 'n_estimators': 200}",0.9382608695652175,0.9352451433857539,0.8853801169590643,0.9682971014492754,0.8878975062914665,0.9230161475301555,0.03188135642342675,159,0.9763393611627513,0.9883300801528303,0.976497156239545,0.9804603296015576,0.9804603296015576,0.9804174513516484,0.004350009310074728,0.9565217391304348,0.9574468085106383,0.9263157894736842,0.9782608695652174,0.9247311827956989,0.9486552778951346,0.020430753046936166,158,0.9836065573770492,0.9917355371900827,0.9836065573770492,0.9863013698630136,0.9863013698630136,0.9863102783340416,0.0029682926541473096,0.92,0.9130434782608695,0.8444444444444444,0.9583333333333334,0.851063829787234,0.8973770171651763,0.04340432793245365,158,0.9690721649484536,0.9849246231155779,0.9693877551020408,0.9746192893401016,0.9746192893401016,0.974524624369255,0.005732270692157954,0.8846153846153846,0.84,0.76,0.92,0.8,0.8409230769230769,0.057247309437822684,172,0.94,0.9702970297029703,0.9405940594059405,0.9504950495049505,0.9504950495049505,0.9503762376237624,0.010956491295111458,0.9436619718309859,0.9428571428571428,0.9,0.9714285714285714,0.9,0.93158953722334,0.027769223915874764,149,0.9785714285714285,0.9893238434163701,0.9786476868327402,0.9822064056939501,0.9822064056939501,0.9821911540416878,0.003912398120908213,0.9923076923076923,0.9697777777777777,0.9413333333333334,0.9822222222222222,0.9413333333333334,0.9653948717948719,0.020902558510801132,152,0.9997777777777778,1.0,1.0,0.9997249724972497,0.9996699669966996,0.9998345434543454,0.00013933074613034193
0.3939338207244873,0.006964421788726659,0.05091228485107422,0.0025538180368872847,,gini,1,2,0.5,200,"{'estimator__class_weight': None, 'estimator__criterion': 'gini', 'estimator__max_depth': 1, 'estimator__min_samples_leaf': 2, 'learning_rate': 0.5, 'n_estimators': 200}",0.9382608695652175,0.9352451433857539,0.8853801169590643,0.9682971014492754,0.8878975062914665,0.9230161475301555,0.03188135642342675,159,0.9763393611627513,0.9883300801528303,0.976497156239545,0.9804603296015576,0.9804603296015576,0.9804174513516484,0.004350009310074728,0.9565217391304348,0.9574468085106383,0.9263157894736842,0.9782608695652174,0.9247311827956989,0.9486552778951346,0.020430753046936166,158,0.9836065573770492,0.9917355371900827,0.9836065573770492,0.9863013698630136,0.9863013698630136,0.9863102783340416,0.0029682926541473096,0.92,0.9130434782608695,0.8444444444444444,0.9583333333333334,0.851063829787234,0.8973770171651763,0.04340432793245365,158,0.9690721649484536,0.9849246231155779,0.9693877551020408,0.9746192893401016,0.9746192893401016,0.974524624369255,0.005732270692157954,0.8846153846153846,0.84,0.76,0.92,0.8,0.8409230769230769,0.057247309437822684,172,0.94,0.9702970297029703,0.9405940594059405,0.9504950495049505,0.9504950495049505,0.9503762376237624,0.010956491295111458,0.9436619718309859,0.9428571428571428,0.9,0.9714285714285714,0.9,0.93158953722334,0.027769223915874764,149,0.9785714285714285,0.9893238434163701,0.9786476868327402,0.9822064056939501,0.9822064056939501,0.9821911540416878,0.003912398120908213,0.9923076923076923,0.9697777777777777,0.9413333333333334,0.9822222222222222,0.9413333333333334,0.9653948717948719,0.020902558510801132,152,0.9997777777777778,1.0,1.0,0.9997249724972497,0.9996699669966996,0.9998345434543454,0.00013933074613034193
0.39385576248168946,0.015530108245524657,0.0510404109954834,0.0008459775772261672,,gini,1,5,0.5,200,"{'estimator__class_weight': None, 'estimator__criterion': 'gini', 'estimator__max_depth': 1, 'estimator__min_samples_leaf': 5, 'learning_rate': 0.5, 'n_estimators': 200}",0.9382608695652175,0.9352451433857539,0.8853801169590643,0.9682971014492754,0.8878975062914665,0.9230161475301555,0.03188135642342675,159,0.9763393611627513,0.9883300801528303,0.976497156239545,0.9804603296015576,0.9804603296015576,0.9804174513516484,0.004350009310074728,0.9565217391304348,0.9574468085106383,0.9263157894736842,0.9782608695652174,0.9247311827956989,0.9486552778951346,0.020430753046936166,158,0.9836065573770492,0.9917355371900827,0.9836065573770492,0.9863013698630136,0.9863013698630136,0.9863102783340416,0.0029682926541473096,0.92,0.9130434782608695,0.8444444444444444,0.9583333333333334,0.851063829787234,0.8973770171651763,0.04340432793245365,158,0.9690721649484536,0.9849246231155779,0.9693877551020408,0.9746192893401016,0.9746192893401016,0.974524624369255,0.005732270692157954,0.8846153846153846,0.84,0.76,0.92,0.8,0.8409230769230769,0.057247309437822684,172,0.94,0.9702970297029703,0.9405940594059405,0.9504950495049505,0.9504950495049505,0.9503762376237624,0.010956491295111458,0.9436619718309859,0.9428571428571428,0.9,0.9714285714285714,0.9,0.93158953722334,0.027769223915874764,149,0.9785714285714285,0.9893238434163701,0.9786476868327402,0.9822064056939501,0.9822064056939501,0.9821911540416878,0.003912398120908213,0.9923076923076923,0.9697777777777777,0.9413333333333334,0.9822222222222222,0.9413333333333334,0.9653948717948719,0.020902558510801132,152,0.9997777777777778,1.0,1.0,0.9997249724972497,0.9996699669966996,0.9998345434543454,0.00013933074613034193
0.6196924686431885,0.014075024076538909,0.06797933578491211,0.010390060353733912,,entropy,1,1,1.0,200,"{'estimator__class_weight': None, 'estimator__criterion': 'entropy', 'estimator__max_depth': 1, 'estimator__min_samples_leaf': 1, 'learning_rate': 1.0, 'n_estimators': 200}",0.9382608695652175,0.9352451433857539,0.8853801169590643,0.9682971014492754,0.8878975062914665,0.9230161475301555,0.03188135642342675,159,1.0,1.0,1.0,1.0,1.0,1.0,0.0,0.9565217391304348,0.9574468085106383,0.9263157894736842,0.9782608695652174,0.9247311827956989,0.9486552778951346,0.020430753046936166,158,1.0,1.0,1.0,1.0,1.0,1.0,0.0,0.92,0.9130434782608695,0.8444444444444444,0.9583333333333334,0.851063829787234,0.8973770171651763,0.04340432793245365,158,1.0,1.0,1.0,1.0,1.0,1.0,0.0,0.8846153846153846,0.84,0.76,0.92,0.8,0.8409230769230769,0.057247309437822684,172,1.0,1.0,1.0,1.0,1.0,1.0,0.0,0.9436619718309859,0.9428571428571428,0.9,0.9714285714285714,0.9,0.93158953722334,0.027769223915874764,149,1.0,1.0,1.0,1.0,1.0,1.0,0.0,0.988034188034188,0.9617777777777777,0.9395555555555556,0.9760000000000001,0.9208888888888889,0.957251282051282,0.024310299306026673,371,1.0,1.0,1.0,1.0,1.0,1.0,0.0
0.5983863830566406,0.02087495140770938,0.06722555160522461,0.00854028164492158,,entropy,1,2,1.0,200,"{'estimator__class_weight': None, 'estimator__criterion': 'entropy', 'estimator__max_depth': 1, 'estimator__min_samples_leaf': 2, 'learning_rate': 1.0, 'n_estimators': 200}",0.9382608695652175,0.9352451433857539,0.8853801169590643,0.9682971014492754,0.8878975062914665,0.9230161475301555,0.03188135642342675,159,1.0,1.0,1.0,1.0,1.0,1.0,0.0,0.9565217391304348,0.9574468085106383,0.9263157894736842,0.9782608695652174,0.9247311827956989,0.9486552778951346,0.020430753046936166,158,1.0,1.0,1.0,1.0,1.0,1.0,0.0,0.92,0.9130434782608695,0.8444444444444444,0.9583333333333334,0.851063829787234,0.8973770171651763,0.04340432793245365,158,1.0,1.0,1.0,1.0,1.0,1.0,0.0,0.8846153846153846,0.84,0.76,0.92,0.8,0.8409230769230769,0.057247309437822684,172,1.0,1.0,1.0,1.0,1.0,1.0,0.0,0.9436619718309859,0.9428571428571428,0.9,0.9714285714285714,0.9,0.93158953722334,0.027769223915874764,149,1.0,1.0,1.0,1.0,1.0,1.0,0.0,0.988034188034188,0.9617777777777777,0.9395555555555556,0.9760000000000001,0.9208888888888889,0.957251282051282,0.024310299306026673,371,1.0,1.0,1.0,1.0,1.0,1.0,0.0
0.6106173992156982,0.03426705827883007,0.07082662582397461,0.0067430708551869676,,entropy,1,5,1.0,200,"{'estimator__class_weight': None, 'estimator__criterion': 'entropy', 'estimator__max_depth': 1, 'estimator__min_samples_leaf': 5, 'learning_rate': 1.0, 'n_estimators': 200}",0.9382608695652175,0.9352451433857539,0.8853801169590643,0.9682971014492754,0.8878975062914665,0.9230161475301555,0.03188135642342675,159,1.0,1.0,1.0,1.0,1.0,1.0,0.0,0.9565217391304348,0.9574468085106383,0.9263157894736842,0.9782608695652174,0.9247311827956989,0.9486552778951346,0.020430753046936166,158,1.0,1.0,1.0,1.0,1.0,1.0,0.0,0.92,0.9130434782608695,0.8444444444444444,0.9583333333333334,0.851063829787234,0.8973770171651763,0.04340432793245365,158,1.0,1.0,1.0,1.0,1.0,1.0,0.0,0.8846153846153846,0.84,0.76,0.92,0.8,0.8409230769230769,0.057247309437822684,172,1.0,1.0,1.0,1.0,1.0,1.0,0.0,0.9436619718309859,0.9428571428571428,0.9,0.9714285714285714,0.9,0.93158953722334,0.027769223915874764,149,1.0,1.0,1.0,1.0,1.0,1.0,0.0,0.988034188034188,0.9617777777777777,0.9395555555555556,0.9760000000000001,0.9208888888888889,0.957251282051282,0.024310299306026673,371,1.0,1.0,1.0,1.0,1.0,1.0,0.0
0.6285562992095948,0.23248748646644335,0.05123300552368164,0.01046710431668828,balanced,entropy,3,2,0.5,100,"{'estimator__class_weight': 'balanced', 'estimator__criterion': 'entropy', 'estimator__max_depth': 3, 'estimator__min_samples_leaf': 2, 'learning_rate': 0.5, 'n_estimators': 100}",0.9393162393162393,0.9199267902081903,0.9181286549707601,0.9519560741249142,0.8853801169590643,0.9229415751158336,0.02259684512337477,165,1.0,1.0,1.0,1.0,1.0,1.0,0.0,0.9555555555555556,0.946236559139785,0.9473684210526315,0.967741935483871,0.9263157894736842,0.9486436521411055,0.013553395130316856,164,1.0,1.0,1.0,1.0,1.0,1.0,0.0,0.9230769230769231,0.8936170212765957,0.8888888888888888,0.9361702127659575,0.8444444444444444,0.8972394980905619,0.03179102318852325,165,1.0,1.0,1.0,1.0,1.0,1.0,0.0,0.9230769230769231,0.84,0.8,0.88,0.76,0.8406153846153845,0.0574454204559506,187,1.0,1.0,1.0,1.0,1.0,1.0,0.0,0.9436619718309859,0.9285714285714286,0.9285714285714286,0.9571428571428572,0.9,0.93158953722334,0.019051680544872395,149,1.0,1.0,1.0,1.0,1.0,1.0,0.0,0.9871794871794872,0.9448888888888889,0.9546666666666668,0.9902222222222222,0.9048888888888889,0.9563692307692306,0.031241701313186574,390,1.0,1.0,1.0,1.0,1.0,1.0,0.0
0.1283468246459961,0.012064742264589437,0.0366633415222168,0.0015043190499740508,balanced,gini,2,1,0.1,25,"{'estimator__class_weight': 'balanced', 'estimator__criterion': 'gini', 'estimator__max_depth': 2, 'estimator__min_samples_leaf': 1, 'learning_rate': 0.1, 'n_estimators': 25}",0.9370567375886525,0.9519560741249142,0.8853801169590643,0.9519560741249142,0.8878975062914665,0.9228493018178023,0.030072670130708454,166,0.9442389758179233,0.9446227477477478,0.9565974416220846,0.9360564341790876,0.9568084957730734,0.9476648190279834,0.007989289943435148,0.9574468085106383,0.967741935483871,0.9263157894736842,0.967741935483871,0.9247311827956989,0.9487955303495527,0.01937631916482997,149,0.9621621621621622,0.9621621621621622,0.9701897018970189,0.9572192513368984,0.9700272479564033,0.9643521051029289,0.0050349594984054,0.9166666666666666,0.9361702127659575,0.8444444444444444,0.9361702127659575,0.851063829787234,0.8969030732860521,0.040810685104929176,166,0.9263157894736842,0.9270833333333334,0.9430051813471503,0.9148936170212766,0.9435897435897436,0.9309775329530374,0.010948252624801775,0.8461538461538461,0.88,0.76,0.88,0.8,0.8332307692307692,0.046922824715589534,221,0.88,0.8811881188118812,0.900990099009901,0.8514851485148515,0.9108910891089109,0.884910891089109,0.020439020367257817,0.9436619718309859,0.9571428571428572,0.9,0.9571428571428572,0.9,0.93158953722334,0.02625827762494653,149,0.95,0.9501779359430605,0.9608540925266904,0.9430604982206405,0.9608540925266904,0.9529893238434164,0.006915644729125276,0.982905982905983,0.9671111111111111,0.9537777777777778,0.9675555555555555,0.9257777777777778,0.959425641025641,0.019186273613860393,309,0.9855833333333334,0.9890539053905392,0.9861661166116611,0.9872112211221122,0.991969196919692,0.9879967546754675,0.002310444384825056
0.12518210411071778,0.011507256190727658,0.03425178527832031,0.0014610988149596044,balanced,gini,2,2,0.1,25,"{'estimator__class_weight': 'balanced', 'estimator__criterion': 'gini', 'estimator__max_depth': 2, 'estimator__min_samples_leaf': 2, 'learning_rate': 0.1, 'n_estimators': 25}",0.9370567375886525,0.9519560741249142,0.8853801169590643,0.9519560741249142,0.8878975062914665,0.9228493018178023,0.030072670130708454,166,0.9442389758179233,0.9446227477477478,0.9565974416220846,0.9360564341790876,0.9568084957730734,0.9476648190279834,0.007989289943435148,0.9574468085106383,0.967741935483871,0.9263157894736842,0.967741935483871,0.9247311827956989,0.9487955303495527,0.01937631916482997,149,0.9621621621621622,0.9621621621621622,0.9701897018970189,0.9572192513368984,0.9700272479564033,0.9643521051029289,0.0050349594984054,0.9166666666666666,0.9361702127659575,0.8444444444444444,0.9361702127659575,0.851063829787234,0.8969030732860521,0.040810685104929176,166,0.9263157894736842,0.9270833333333334,0.9430051813471503,0.9148936170212766,0.9435897435897436,0.9309775329530374,0.010948252624801775,0.8461538461538461,0.88,0.76,0.88,0.8,0.8332307692307692,0.046922824715589534,221,0.88,0.8811881188118812,0.900990099009901,0.8514851485148515,0.9108910891089109,0.884910891089109,0.020439020367257817,0.9436619718309859,0.9571428571428572,0.9,0.9571428571428572,0.9,0.93158953722334,0.02625827762494653,149,0.95,0.9501779359430605,0.9608540925266904,0.9430604982206405,0.9608540925266904,0.9529893238434164,0.006915644729125276,0.982905982905983,0.9671111111111111,0.9537777777777778,0.9675555555555555,0.9257777777777778,0.959425641025641,0.019186273613860393,309,0.9855833333333334,0.9890539053905392,0.9861661166116611,0.9872112211221122,0.991969196919692,0.9879967546754675,0.002310444384825056
0.13769965171813964,0.004894022094166363,0.033983612060546876,0.005627987655984191,balanced,gini,2,5,0.1,25,"{'estimator__class_weight': 'balanced', 'estimator__criterion': 'gini', 'estimator__max_depth': 2, 'estimator__min_samples_leaf': 5, 'learning_rate': 0.1, 'n_estimators': 25}",0.9370567375886525,0.9519560741249142,0.8853801169590643,0.9519560741249142,0.8878975062914665,0.9228493018178023,0.030072670130708454,166,0.9442389758179233,0.9446227477477478,0.9565974416220846,0.9360564341790876,0.9568084957730734,0.9476648190279834,0.007989289943435148,0.9574468085106383,0.967741935483871,0.9263157894736842,0.967741935483871,0.9247311827956989,0.9487955303495527,0.01937631916482997,149,0.9621621621621622,0.9621621621621622,0.9701897018970189,0.9572192513368984,0.9700272479564033,0.9643521051029289,0.0050349594984054,0.9166666666666666,0.9361702127659575,0.8444444444444444,0.9361702127659575,0.851063829787234,0.8969030732860521,0.040810685104929176,166,0.9263157894736842,0.9270833333333334,0.9430051813471503,0.9148936170212766,0.9435897435897436,0.9309775329530374,0.010948252624801775,0.8461538461538461,0.88,0.76,0.88,0.8,0.8332307692307692,0.046922824715589534,221,0.88,0.8811881188118812,0.900990099009901,0.8514851485148515,0.9108910891089109,0.884910891089109,0.020439020367257817,0.9436619718309859,0.9571428571428572,0.9,0.9571428571428572,0.9,0.93158953722334,0.02625827762494653,149,0.95,0.9501779359430605,0.9608540925266904,0.9430604982206405,0.9608540925266904,0.9529893238434164,0.006915644729125276,0.982905982905983,0.9671111111111111,0.9537777777777778,0.9688888888888889,0.9257777777777778,0.9596923076923076,0.019306307105355875,303,0.9855833333333334,0.9890539053905392,0.9861661166116611,0.9873487348734874,0.991969196919692,0.9880242574257426,0.0023017319987694513
1.1113401412963868,0.03133678317922563,0.08920583724975586,0.008810482584821568,,gini,3,1,1.5,200,"{'estimator__class_weight': None, 'estimator__criterion': 'gini', 'estimator__max_depth': 3, 'estimator__min_samples_leaf': 1, 'learning_rate': 1.5, 'n_estimators': 200}",0.9370567375886525,0.9365942028985508,0.8853801169590643,0.9352451433857539,0.9199267902081903,0.9228405982080424,0.019783381583554603,169,1.0,1.0,1.0,1.0,1.0,1.0,0.0,0.9574468085106383,0.9565217391304348,0.9263157894736842,0.9574468085106383,0.946236559139785,0.9487935409530361,0.012010583611772202,152,1.0,1.0,1.0,1.0,1.0,1.0,0.0,0.9166666666666666,0.9166666666666666,0.8444444444444444,0.9130434782608695,0.8936170212765957,0.8968876554630485,0.0275841135749682,169,1.0,1.0,1.0,1.0,1.0,1.0,0.0,0.8461538461538461,0.88,0.76,0.84,0.84,0.8332307692307692,0.039519001496621096,221,1.0,1.0,1.0,1.0,1.0,1.0,0.0,0.9436619718309859,0.9428571428571428,0.9,0.9428571428571428,0.9285714285714286,0.93158953722334,0.016773010419201564,149,1.0,1.0,1.0,1.0,1.0,1.0,0.0,0.9957264957264957,0.9653333333333333,0.9715555555555555,0.9911111111111112,0.9751111111111112,0.9797675213675212,0.011669020644771133,5,1.0,1.0,1.0,1.0,1.0,1.0,0.0
0.3004782199859619,0.027147243516277442,0.0386014461517334,0.0035870293308836246,,entropy,1,1,1.0,100,"{'estimator__class_weight': None, 'estimator__criterion': 'entropy', 'estimator__max_depth': 1, 'estimator__min_samples_leaf': 1, 'learning_rate': 1.0, 'n_estimators': 100}",0.9541047188106011,0.9181286549707601,0.8853801169590643,0.9682971014492754,0.8878975062914665,0.9227616196962334,0.033734900246218634,170,0.9961023956346831,1.0,0.9961273962596988,0.9961273962596988,0.9961273962596988,0.996896916882756,0.0015515717717266627,0.967032967032967,0.9473684210526315,0.9263157894736842,0.9782608695652174,0.9247311827956989,0.9487418459840397,0.021388146791175972,154,0.997229916897507,1.0,0.997229916897507,0.997229916897507,0.997229916897507,0.9977839335180055,0.0011080332409972194,0.9411764705882353,0.8888888888888888,0.8444444444444444,0.9583333333333334,0.851063829787234,0.8967813934084272,0.046154323013619616,170,0.9949748743718593,1.0,0.9950248756218906,0.9950248756218906,0.9950248756218906,0.9960099002475061,0.0019951438613452117,0.9230769230769231,0.8,0.76,0.92,0.8,0.8406153846153845,0.06767552239444441,187,0.99,1.0,0.9900990099009901,0.9900990099009901,0.9900990099009901,0.992059405940594,0.003970482205997448,0.9577464788732394,0.9285714285714286,0.9,0.9714285714285714,0.9,0.9315492957746478,0.029244598987899228,177,0.9964285714285714,1.0,0.99644128113879,0.99644128113879,0.99644128113879,0.9971504829689882,0.0014247670188548322,0.9897435897435897,0.9608888888888889,0.9431111111111111,0.9751111111111112,0.9146666666666666,0.9567042735042735,0.026076247991777077,380,1.0,1.0,1.0,0.99994499449945,0.99994499449945,0.99997799779978,2.694708187879682e-05
0.2978405475616455,0.023362874029470782,0.04299044609069824,0.00702066961291846,,entropy,1,2,1.0,100,"{'estimator__class_weight': None, 'estimator__criterion': 'entropy', 'estimator__max_depth': 1, 'estimator__min_samples_leaf': 2, 'learning_rate': 1.0, 'n_estimators': 100}",0.9541047188106011,0.9181286549707601,0.8853801169590643,0.9682971014492754,0.8878975062914665,0.9227616196962334,0.033734900246218634,170,0.9961023956346831,1.0,0.9961273962596988,0.9961273962596988,0.9961273962596988,0.996896916882756,0.0015515717717266627,0.967032967032967,0.9473684210526315,0.9263157894736842,0.9782608695652174,0.9247311827956989,0.9487418459840397,0.021388146791175972,154,0.997229916897507,1.0,0.997229916897507,0.997229916897507,0.997229916897507,0.9977839335180055,0.0011080332409972194,0.9411764705882353,0.8888888888888888,0.8444444444444444,0.9583333333333334,0.851063829787234,0.8967813934084272,0.046154323013619616,170,0.9949748743718593,1.0,0.9950248756218906,0.9950248756218906,0.9950248756218906,0.9960099002475061,0.0019951438613452117,0.9230769230769231,0.8,0.76,0.92,0.8,0.8406153846153845,0.06767552239444441,187,0.99,1.0,0.9900990099009901,0.9900990099009901,0.9900990099009901,0.992059405940594,0.003970482205997448,0.9577464788732394,0.9285714285714286,0.9,0.9714285714285714,0.9,0.9315492957746478,0.029244598987899228,177,0.9964285714285714,1.0,0.99644128113879,0.99644128113879,0.99644128113879,0.9971504829689882,0.0014247670188548322,0.9897435897435897,0.9608888888888889,0.9431111111111111,0.9751111111111112,0.9146666666666666,0.9567042735042735,0.026076247991777077,380,1.0,1.0,1.0,0.99994499449945,0.99994499449945,0.99997799779978,2.694708187879682e-05
0.3024288654327393,0.015192111004936353,0.04215431213378906,0.005612639521750631,,entropy,1,5,1.0,100,"{'estimator__class_weight': None, 'estimator__criterion': 'entropy', 'estimator__max_depth': 1, 'estimator__min_samples_leaf': 5, 'learning_rate': 1.0, 'n_estimators': 100}",0.9541047188106011,0.9181286549707601,0.8853801169590643,0.9682971014492754,0.8878975062914665,0.9227616196962334,0.033734900246218634,170,0.9961023956346831,1.0,0.9961273962596988,0.9961273962596988,0.9961273962596988,0.996896916882756,0.0015515717717266627,0.967032967032967,0.9473684210526315,0.9263157894736842,0.9782608695652174,0.9247311827956989,0.9487418459840397,0.021388146791175972,154,0.997229916897507,1.0,0.997229916897507,0.997229916897507,0.997229916897507,0.9977839335180055,0.0011080332409972194,0.9411764705882353,0.8888888888888888,0.8444444444444444,0.9583333333333334,0.851063829787234,0.8967813934084272,0.046154323013619616,170,0.9949748743718593,1.0,0.9950248756218906,0.9950248756218906,0.9950248756218906,0.9960099002475061,0.0019951438613452117,0.9230769230769231,0.8,0.76,0.92,0.8,0.8406153846153845,0.06767552239444441,187,0.99,1.0,0.9900990099009901,0.9900990099009901,0.9900990099009901,0.992059405940594,0.003970482205997448,0.9577464788732394,0.9285714285714286,0.9,0.9714285714285714,0.9,0.9315492957746478,0.029244598987899228,177,0.9964285714285714,1.0,0.99644128113879,0.99644128113879,0.99644128113879,0.9971504829689882,0.0014247670188548322,0.9897435897435897,0.9608888888888889,0.9431111111111111,0.9751111111111112,0.9146666666666666,0.9567042735042735,0.026076247991777077,380,1.0,1.0,1.0,0.99994499449945,0.99994499449945,0.99997799779978,2.694708187879682e-05
0.2019430637359619,0.0034422595824469284,0.032045841217041016,0.000808310111750412,,gini,1,1,0.5,100,"{'estimator__class_weight': None, 'estimator__criterion': 'gini', 'estimator__max_depth': 1, 'estimator__min_samples_leaf': 1, 'learning_rate': 0.5, 'n_estimators': 100}",0.9370567375886525,0.9181286549707601,0.8853801169590643,0.9682971014492754,0.9048913043478262,0.9227507830631158,0.02834085103367461,173,0.9642446686246967,0.9644888158726146,0.9685118780815778,0.9563793906380096,0.9604448198198199,0.9628139146073437,0.004106941633003601,0.9574468085106383,0.9473684210526315,0.9263157894736842,0.9782608695652174,0.9347826086956522,0.9488348994595647,0.018148170394562946,146,0.975609756097561,0.975609756097561,0.9782608695652174,0.9703504043126685,0.972972972972973,0.9745607518091962,0.002688485040937143,0.9166666666666666,0.8888888888888888,0.8444444444444444,0.9583333333333334,0.875,0.8966666666666667,0.03862609621281934,173,0.9528795811518325,0.9533678756476683,0.9587628865979382,0.9424083769633508,0.9479166666666666,0.9510670774054913,0.0055263460383563,0.8461538461538461,0.8,0.76,0.92,0.84,0.8332307692307692,0.05330808080666515,221,0.91,0.9108910891089109,0.9207920792079208,0.8910891089108911,0.900990099009901,0.9067524752475247,0.010033255164460691,0.9436619718309859,0.9285714285714286,0.9,0.9714285714285714,0.9142857142857143,0.93158953722334,0.024654908046219566,149,0.9678571428571429,0.9679715302491103,0.9715302491103203,0.9608540925266904,0.9644128113879004,0.9665251652262329,0.0036205001084715673,0.9914529914529915,0.9644444444444444,0.9413333333333334,0.9724444444444444,0.9182222222222223,0.9575794871794872,0.025410394346467986,355,0.9963333333333333,0.9983498349834984,0.998102310231023,0.9971672167216722,0.9965621562156216,0.9973029702970297,0.0008052701881546198
0.19513349533081054,0.0021341620025212707,0.03139090538024902,0.0017958516885760599,,gini,1,2,0.5,100,"{'estimator__class_weight': None, 'estimator__criterion': 'gini', 'estimator__max_depth': 1, 'estimator__min_samples_leaf': 2, 'learning_rate': 0.5, 'n_estimators': 100}",0.9370567375886525,0.9181286549707601,0.8853801169590643,0.9682971014492754,0.9048913043478262,0.9227507830631158,0.02834085103367461,173,0.9642446686246967,0.9644888158726146,0.9685118780815778,0.9563793906380096,0.9604448198198199,0.9628139146073437,0.004106941633003601,0.9574468085106383,0.9473684210526315,0.9263157894736842,0.9782608695652174,0.9347826086956522,0.9488348994595647,0.018148170394562946,146,0.975609756097561,0.975609756097561,0.9782608695652174,0.9703504043126685,0.972972972972973,0.9745607518091962,0.002688485040937143,0.9166666666666666,0.8888888888888888,0.8444444444444444,0.9583333333333334,0.875,0.8966666666666667,0.03862609621281934,173,0.9528795811518325,0.9533678756476683,0.9587628865979382,0.9424083769633508,0.9479166666666666,0.9510670774054913,0.0055263460383563,0.8461538461538461,0.8,0.76,0.92,0.84,0.8332307692307692,0.05330808080666515,221,0.91,0.9108910891089109,0.9207920792079208,0.8910891089108911,0.900990099009901,0.9067524752475247,0.010033255164460691,0.9436619718309859,0.9285714285714286,0.9,0.9714285714285714,0.9142857142857143,0.93158953722334,0.024654908046219566,149,0.9678571428571429,0.9679715302491103,0.9715302491103203,0.9608540925266904,0.9644128113879004,0.9665251652262329,0.0036205001084715673,0.9914529914529915,0.9644444444444444,0.9413333333333334,0.9724444444444444,0.9182222222222223,0.9575794871794872,0.025410394346467986,355,0.9963333333333333,0.9983498349834984,0.998102310231023,0.9971672167216722,0.9965621562156216,0.9973029702970297,0.0008052701881546198
0.19331693649291992,0.0041209811717122765,0.030964756011962892,0.0006141700100339984,,gini,1,5,0.5,100,"{'estimator__class_weight': None, 'estimator__criterion': 'gini', 'estimator__max_depth': 1, 'estimator__min_samples_leaf': 5, 'learning_rate': 0.5, 'n_estimators': 100}",0.9370567375886525,0.9181286549707601,0.8853801169590643,0.9682971014492754,0.9048913043478262,0.9227507830631158,0.02834085103367461,173,0.9642446686246967,0.9644888158726146,0.9685118780815778,0.9563793906380096,0.9604448198198199,0.9628139146073437,0.004106941633003601,0.9574468085106383,0.9473684210526315,0.9263157894736842,0.9782608695652174,0.9347826086956522,0.9488348994595647,0.018148170394562946,146,0.975609756097561,0.975609756097561,0.9782608695652174,0.9703504043126685,0.972972972972973,0.9745607518091962,0.002688485040937143,0.9166666666666666,0.8888888888888888,0.8444444444444444,0.9583333333333334,0.875,0.8966666666666667,0.03862609621281934,173,0.9528795811518325,0.9533678756476683,0.9587628865979382,0.9424083769633508,0.9479166666666666,0.9510670774054913,0.0055263460383563,0.8461538461538461,0.8,0.76,0.92,0.84,0.8332307692307692,0.05330808080666515,221,0.91,0.9108910891089109,0.9207920792079208,0.8910891089108911,0.900990099009901,0.9067524752475247,0.010033255164460691,0.9436619718309859,0.9285714285714286,0.9,0.9714285714285714,0.9142857142857143,0.93158953722334,0.024654908046219566,149,0.9678571428571429,0.9679715302491103,0.9715302491103203,0.9608540925266904,0.9644128113879004,0.9665251652262329,0.0036205001084715673,0.9914529914529915,0.9644444444444444,0.9413333333333334,0.9724444444444444,0.9182222222222223,0.9575794871794872,0.025410394346467986,355,0.9963333333333333,0.9983498349834984,0.998102310231023,0.9971672167216722,0.9965621562156216,0.9973029702970297,0.0008052701881546198
0.19926843643188477,0.0026266505353056057,0.0375882625579834,0.0011614979423001993,,gini,2,2,0.5,50,"{'estimator__class_weight': None, 'estimator__criterion': 'gini', 'estimator__max_depth': 2, 'estimator__min_samples_leaf': 2, 'learning_rate': 0.5, 'n_estimators': 50}",0.9541047188106011,0.9028677150786308,0.9028677150786308,0.9682971014492754,0.8853801169590643,0.9227034734752404,0.032387542927542805,176,1.0,1.0,1.0,1.0,1.0,1.0,0.0,0.967032967032967,0.9361702127659575,0.9361702127659575,0.9782608695652174,0.9263157894736842,0.9487900103207567,0.02012434444915718,153,1.0,1.0,1.0,1.0,1.0,1.0,0.0,0.9411764705882353,0.8695652173913043,0.8695652173913043,0.9583333333333334,0.8444444444444444,0.8966169366297244,0.04467667323561286,176,1.0,1.0,1.0,1.0,1.0,1.0,0.0,0.9230769230769231,0.8,0.8,0.92,0.76,0.8406153846153845,0.06767552239444441,187,1.0,1.0,1.0,1.0,1.0,1.0,0.0,0.9577464788732394,0.9142857142857143,0.9142857142857143,0.9714285714285714,0.9,0.9315492957746478,0.027813915885790207,177,1.0,1.0,1.0,1.0,1.0,1.0,0.0,0.9888888888888889,0.9511111111111111,0.9217777777777777,0.9804444444444445,0.9475555555555555,0.9579555555555557,0.024192805787089967,347,1.0,1.0,1.0,1.0,1.0,1.0,0.0
1.223754072189331,0.045756288490617414,0.09426321983337402,0.003576107051545456,,gini,3,1,1.0,200,"{'estimator__class_weight': None, 'estimator__criterion': 'gini', 'estimator__max_depth': 3, 'estimator__min_samples_leaf': 1, 'learning_rate': 1.0, 'n_estimators': 200}",0.9532587228439764,0.9365942028985508,0.8853801169590643,0.9352451433857539,0.9028677150786308,0.9226691802331952,0.024780449893864104,177,1.0,1.0,1.0,1.0,1.0,1.0,0.0,0.967741935483871,0.9565217391304348,0.9263157894736842,0.9574468085106383,0.9361702127659575,0.9488392970729173,0.015219940865604187,145,1.0,1.0,1.0,1.0,1.0,1.0,0.0,0.9387755102040817,0.9166666666666666,0.8444444444444444,0.9130434782608695,0.8695652173913043,0.8964990633934734,0.03435946231947405,178,1.0,1.0,1.0,1.0,1.0,1.0,0.0,0.8846153846153846,0.88,0.76,0.84,0.8,0.8329230769230769,0.0476237720958667,252,1.0,1.0,1.0,1.0,1.0,1.0,0.0,0.9577464788732394,0.9428571428571428,0.9,0.9428571428571428,0.9142857142857143,0.9315492957746478,0.02114434450761987,177,1.0,1.0,1.0,1.0,1.0,1.0,0.0,0.9974358974358974,0.9475555555555555,0.976,0.9902222222222222,0.9715555555555556,0.9765538461538462,0.01725731776483691,12,1.0,1.0,1.0,1.0,1.0,1.0,0.0
0.383819580078125,0.022868952494599925,0.04539928436279297,0.0031831447719223517,,entropy,2,1,0.1,100,"{'estimator__class_weight': None, 'estimator__criterion': 'entropy', 'estimator__max_depth': 2, 'estimator__min_samples_leaf': 1, 'learning_rate': 0.1, 'n_estimators': 100}",0.9204927211646137,0.9519560741249142,0.9005681818181819,0.9519560741249142,0.8878975062914665,0.922574111504818,0.026144443123010182,178,0.9601706970128023,0.9604448198198199,0.9522920203735145,0.9522920203735145,0.9563793906380096,0.9563157896435321,0.0035859359834086333,0.9473684210526315,0.967741935483871,0.9375,0.967741935483871,0.9247311827956989,0.9490166949632144,0.016890271970051045,136,0.972972972972973,0.972972972972973,0.967741935483871,0.967741935483871,0.9703504043126685,0.9703560442452712,0.002339392783328212,0.8936170212765957,0.9361702127659575,0.8636363636363636,0.9361702127659575,0.851063829787234,0.8961315280464216,0.03549520651821641,179,0.9473684210526315,0.9479166666666666,0.9368421052631579,0.9368421052631579,0.9424083769633508,0.942275535041793,0.0048336698113004,0.8076923076923077,0.88,0.76,0.88,0.8,0.8255384615384616,0.047324637365490155,266,0.9,0.900990099009901,0.8811881188118812,0.8811881188118812,0.8910891089108911,0.8908910891089109,0.008640564051196613,0.9295774647887324,0.9571428571428572,0.9142857142857143,0.9571428571428572,0.9,0.9316297786720323,0.02283552410903247,134,0.9642857142857143,0.9644128113879004,0.9572953736654805,0.9572953736654805,0.9608540925266904,0.9608286731062533,0.003154876763416404,0.982905982905983,0.9626666666666667,0.9422222222222223,0.9786666666666667,0.9146666666666666,0.9562256410256411,0.025219719165507304,391,0.9958611111111111,0.9971947194719473,0.998019801980198,0.9970297029702971,0.9971397139713971,0.9970490099009901,0.0006904161152636232
0.4552465438842773,0.005551232019672875,0.04650239944458008,0.0007713220858176074,,entropy,2,2,0.1,100,"{'estimator__class_weight': None, 'estimator__criterion': 'entropy', 'estimator__max_depth': 2, 'estimator__min_samples_leaf': 2, 'learning_rate': 0.1, 'n_estimators': 100}",0.9204927211646137,0.9519560741249142,0.9005681818181819,0.9519560741249142,0.8878975062914665,0.922574111504818,0.026144443123010182,178,0.9601706970128023,0.9604448198198199,0.9604448198198199,0.9522920203735145,0.9563793906380096,0.9579463495327932,0.0032205349767249762,0.9473684210526315,0.967741935483871,0.9375,0.967741935483871,0.9247311827956989,0.9490166949632144,0.016890271970051045,136,0.972972972972973,0.972972972972973,0.972972972972973,0.967741935483871,0.9703504043126685,0.9714022517430918,0.002093121768096785,0.8936170212765957,0.9361702127659575,0.8636363636363636,0.9361702127659575,0.851063829787234,0.8961315280464216,0.03549520651821641,179,0.9473684210526315,0.9479166666666666,0.9479166666666666,0.9368421052631579,0.9424083769633508,0.9444904473224947,0.004349548114854213,0.8076923076923077,0.88,0.76,0.88,0.8,0.8255384615384616,0.047324637365490155,266,0.9,0.900990099009901,0.900990099009901,0.8811881188118812,0.8910891089108911,0.8948514851485149,0.007780943645302383,0.9295774647887324,0.9571428571428572,0.9142857142857143,0.9571428571428572,0.9,0.9316297786720323,0.02283552410903247,134,0.9642857142857143,0.9644128113879004,0.9644128113879004,0.9572953736654805,0.9608540925266904,0.9622521606507372,0.0028283032121405364,0.982905982905983,0.9626666666666667,0.9413333333333334,0.9786666666666667,0.9146666666666666,0.9560478632478633,0.025320735532216868,394,0.9958611111111111,0.9971947194719473,0.9981848184818481,0.9970297029702971,0.9971397139713971,0.9970820132013202,0.0007383156294178151
0.42619638442993163,0.035417913266716866,0.04271125793457031,0.0024691624297166143,,entropy,2,5,0.1,100,"{'estimator__class_weight': None, 'estimator__criterion': 'entropy', 'estimator__max_depth': 2, 'estimator__min_samples_leaf': 5, 'learning_rate': 0.1, 'n_estimators': 100}",0.9204927211646137,0.9519560741249142,0.9005681818181819,0.9519560741249142,0.8878975062914665,0.922574111504818,0.026144443123010182,178,0.9560746730558052,0.9604448198198199,0.9604448198198199,0.9522920203735145,0.9563793906380096,0.9571271447413938,0.0030678721079267085,0.9473684210526315,0.967741935483871,0.9375,0.967741935483871,0.9247311827956989,0.9490166949632144,0.016890271970051045,136,0.9703504043126685,0.972972972972973,0.972972972972973,0.967741935483871,0.9703504043126685,0.9708777380110309,0.0019580315748061274,0.8936170212765957,0.9361702127659575,0.8636363636363636,0.9361702127659575,0.851063829787234,0.8961315280464216,0.03549520651821641,179,0.9417989417989417,0.9479166666666666,0.9479166666666666,0.9368421052631579,0.9424083769633508,0.9433765514717567,0.00417972471288867,0.8076923076923077,0.88,0.76,0.88,0.8,0.8255384615384616,0.047324637365490155,266,0.89,0.900990099009901,0.900990099009901,0.8811881188118812,0.8910891089108911,0.8928514851485149,0.0074799080612953355,0.9295774647887324,0.9571428571428572,0.9142857142857143,0.9571428571428572,0.9,0.9316297786720323,0.02283552410903247,134,0.9607142857142857,0.9644128113879004,0.9644128113879004,0.9572953736654805,0.9608540925266904,0.9615378749364515,0.0026711493340768485,0.9871794871794872,0.9626666666666667,0.9413333333333334,0.9795555555555556,0.9146666666666666,0.9570803418803419,0.026416619486280126,375,0.9956388888888889,0.9971947194719473,0.9981848184818481,0.9968646864686468,0.9971397139713971,0.9970045654565457,0.0008163405530877508
0.13534111976623536,0.005553033863352281,0.022430849075317384,0.0038133311310953565,,entropy,3,1,0.1,25,"{'estimator__class_weight': None, 'estimator__criterion': 'entropy', 'estimator__max_depth': 3, 'estimator__min_samples_leaf': 1, 'learning_rate': 0.1, 'n_estimators': 25}",0.9204927211646137,0.9519560741249142,0.9005681818181819,0.9519560741249142,0.8878975062914665,0.922574111504818,0.026144443123010182,178,0.9601706970128023,0.9604448198198199,0.9563793906380096,0.9481821921500205,0.9481821921500205,0.9546718583541345,0.005490200580315111,0.9473684210526315,0.967741935483871,0.9375,0.967741935483871,0.9247311827956989,0.9490166949632144,0.016890271970051045,136,0.972972972972973,0.972972972972973,0.9703504043126685,0.9651474530831099,0.9651474530831099,0.9693182512849668,0.003537525586830024,0.8936170212765957,0.9361702127659575,0.8636363636363636,0.9361702127659575,0.851063829787234,0.8961315280464216,0.03549520651821641,179,0.9473684210526315,0.9479166666666666,0.9424083769633508,0.9312169312169312,0.9312169312169312,0.9400254654233023,0.007443774198279921,0.8076923076923077,0.88,0.76,0.88,0.8,0.8255384615384616,0.047324637365490155,266,0.9,0.900990099009901,0.8910891089108911,0.8712871287128713,0.8712871287128713,0.8869306930693069,0.013230331159200064,0.9295774647887324,0.9571428571428572,0.9142857142857143,0.9571428571428572,0.9,0.9316297786720323,0.02283552410903247,134,0.9642857142857143,0.9644128113879004,0.9608540925266904,0.9537366548042705,0.9537366548042705,0.9594051855617692,0.004801243387502944,0.9871794871794871,0.9684444444444444,0.9448888888888889,0.9688888888888889,0.9337777777777778,0.9606358974358974,0.018989335430884723,269,0.9921388888888889,0.9986798679867988,0.994004400440044,0.994994499449945,0.9967271727172717,0.9953089658965897,0.0022460836983173916
0.13985757827758788,0.00883382103917382,0.026557493209838866,0.001619402063644319,,entropy,3,2,0.1,25,"{'estimator__class_weight': None, 'estimator__criterion': 'entropy', 'estimator__max_depth': 3, 'estimator__min_samples_leaf': 2, 'learning_rate': 0.1, 'n_estimators': 25}",0.9204927211646137,0.9519560741249142,0.9005681818181819,0.9519560741249142,0.8878975062914665,0.922574111504818,0.026144443123010182,178,0.9601706970128023,0.9604448198198199,0.9563793906380096,0.9481821921500205,0.9481821921500205,0.9546718583541345,0.005490200580315111,0.9473684210526315,0.967741935483871,0.9375,0.967741935483871,0.9247311827956989,0.9490166949632144,0.016890271970051045,136,0.972972972972973,0.972972972972973,0.9703504043126685,0.9651474530831099,0.9651474530831099,0.9693182512849668,0.003537525586830024,0.8936170212765957,0.9361702127659575,0.8636363636363636,0.9361702127659575,0.851063829787234,0.8961315280464216,0.03549520651821641,179,0.9473684210526315,0.9479166666666666,0.9424083769633508,0.9312169312169312,0.9312169312169312,0.9400254654233023,0.007443774198279921,0.8076923076923077,0.88,0.76,0.88,0.8,0.8255384615384616,0.047324637365490155,266,0.9,0.900990099009901,0.8910891089108911,0.8712871287128713,0.8712871287128713,0.8869306930693069,0.013230331159200064,0.9295774647887324,0.9571428571428572,0.9142857142857143,0.9571428571428572,0.9,0.9316297786720323,0.02283552410903247,134,0.9642857142857143,0.9644128113879004,0.9608540925266904,0.9537366548042705,0.9537366548042705,0.9594051855617692,0.004801243387502944,0.9910256410256411,0.9684444444444444,0.9537777777777777,0.9688888888888889,0.9337777777777778,0.9631829059829059,0.018913370529234017,196,0.9936944444444445,0.9986798679867988,0.9938393839383938,0.994994499449945,0.9967271727172717,0.9955870737073708,0.001889593157972099
0.1495731830596924,0.005577647434878537,0.0341188907623291,0.004137798676986539,,gini,3,5,0.5,25,"{'estimator__class_weight': None, 'estimator__criterion': 'gini', 'estimator__max_depth': 3, 'estimator__min_samples_leaf': 5, 'learning_rate': 0.5, 'n_estimators': 25}",0.9204927211646137,0.9365942028985508,0.8674242424242424,0.9682971014492754,0.9199267902081903,0.9225470116289746,0.03268026822268666,183,1.0,1.0,1.0,1.0,1.0,1.0,0.0,0.9473684210526315,0.9565217391304348,0.9166666666666666,0.9782608695652174,0.946236559139785,0.9490108511109471,0.019841963401940773,141,1.0,1.0,1.0,1.0,1.0,1.0,0.0,0.8936170212765957,0.9166666666666666,0.8181818181818182,0.9583333333333334,0.8936170212765957,0.8960831721470021,0.045562150002398626,186,1.0,1.0,1.0,1.0,1.0,1.0,0.0,0.8076923076923077,0.88,0.72,0.92,0.84,0.8335384615384616,0.06816895126932616,200,1.0,1.0,1.0,1.0,1.0,1.0,0.0,0.9295774647887324,0.9428571428571428,0.8857142857142857,0.9714285714285714,0.9285714285714286,0.9316297786720321,0.027683192021836577,141,1.0,1.0,1.0,1.0,1.0,1.0,0.0,0.9820512820512821,0.9564444444444444,0.9608888888888889,0.992,0.9377777777777777,0.9658324786324787,0.01922201479748083,145,1.0,1.0,1.0,1.0,1.0,1.0,0.0
0.27781500816345217,0.005614216605530625,0.0331383228302002,0.001405591207052929,,gini,2,1,0.1,100,"{'estimator__class_weight': None, 'estimator__criterion': 'gini', 'estimator__max_depth': 2, 'estimator__min_samples_leaf': 1, 'learning_rate': 0.1, 'n_estimators': 100}",0.9370567375886525,0.9352451433857539,0.9005681818181819,0.9519560741249142,0.8878975062914665,0.9225447286417937,0.02416743597634306,184,0.9642446686246967,0.9644888158726146,0.976497156239545,0.9563793906380096,0.976497156239545,0.9676214375228822,0.007812250254975066,0.9574468085106383,0.9574468085106383,0.9375,0.967741935483871,0.9247311827956989,0.9489733470601693,0.015589606988709764,142,0.975609756097561,0.975609756097561,0.9836065573770492,0.9703504043126685,0.9836065573770492,0.9777566062523778,0.005148079538397119,0.9166666666666666,0.9130434782608695,0.8636363636363636,0.9361702127659575,0.851063829787234,0.8961161102234183,0.03285676247030611,184,0.9528795811518325,0.9533678756476683,0.9693877551020408,0.9424083769633508,0.9693877551020408,0.9574862687933866,0.010476796341229255,0.8461538461538461,0.84,0.76,0.88,0.8,0.8252307692307692,0.04134542038705433,287,0.91,0.9108910891089109,0.9405940594059405,0.8910891089108911,0.9405940594059405,0.9186336633663366,0.01927541474436532,0.9436619718309859,0.9428571428571428,0.9142857142857143,0.9571428571428572,0.9,0.93158953722334,0.021085520734501532,149,0.9678571428571429,0.9679715302491103,0.9786476868327402,0.9608540925266904,0.9786476868327402,0.9707956278596848,0.006910195459378427,0.9854700854700855,0.967111111111111,0.9502222222222223,0.975111111111111,0.9191111111111111,0.9594051282051282,0.02320937588423354,311,0.9980000000000001,0.9995049504950495,0.9997249724972496,0.9984323432343234,0.9989548954895489,0.9989234323432342,0.0006442849857613154
0.28200159072875974,0.006228169021193382,0.03284587860107422,0.00044070861704182697,,gini,2,2,0.1,100,"{'estimator__class_weight': None, 'estimator__criterion': 'gini', 'estimator__max_depth': 2, 'estimator__min_samples_leaf': 2, 'learning_rate': 0.1, 'n_estimators': 100}",0.9370567375886525,0.9352451433857539,0.9005681818181819,0.9519560741249142,0.8878975062914665,0.9225447286417937,0.02416743597634306,184,0.9642446686246967,0.9644888158726146,0.976497156239545,0.9563793906380096,0.976497156239545,0.9676214375228822,0.007812250254975066,0.9574468085106383,0.9574468085106383,0.9375,0.967741935483871,0.9247311827956989,0.9489733470601693,0.015589606988709764,142,0.975609756097561,0.975609756097561,0.9836065573770492,0.9703504043126685,0.9836065573770492,0.9777566062523778,0.005148079538397119,0.9166666666666666,0.9130434782608695,0.8636363636363636,0.9361702127659575,0.851063829787234,0.8961161102234183,0.03285676247030611,184,0.9528795811518325,0.9533678756476683,0.9693877551020408,0.9424083769633508,0.9693877551020408,0.9574862687933866,0.010476796341229255,0.8461538461538461,0.84,0.76,0.88,0.8,0.8252307692307692,0.04134542038705433,287,0.91,0.9108910891089109,0.9405940594059405,0.8910891089108911,0.9405940594059405,0.9186336633663366,0.01927541474436532,0.9436619718309859,0.9428571428571428,0.9142857142857143,0.9571428571428572,0.9,0.93158953722334,0.021085520734501532,149,0.9678571428571429,0.9679715302491103,0.9786476868327402,0.9608540925266904,0.9786476868327402,0.9707956278596848,0.006910195459378427,0.9854700854700855,0.967111111111111,0.9502222222222223,0.975111111111111,0.9191111111111111,0.9594051282051282,0.02320937588423354,311,0.9980000000000001,0.9995049504950495,0.9997249724972496,0.9984323432343234,0.9989548954895489,0.9989234323432342,0.0006442849857613154
0.32556910514831544,0.10066749050567263,0.036816644668579104,0.0050586969875462155,balanced,entropy,3,2,0.5,50,"{'estimator__class_weight': 'balanced', 'estimator__criterion': 'entropy', 'estimator__max_depth': 3, 'estimator__min_samples_leaf': 2, 'learning_rate': 0.5, 'n_estimators': 50}",0.9393162393162393,0.9352451433857539,0.9005681818181819,0.9519560741249142,0.8853801169590643,0.9224931511208307,0.025186405137352364,186,1.0,1.0,1.0,1.0,1.0,1.0,0.0,0.9555555555555556,0.9574468085106383,0.9375,0.967741935483871,0.9263157894736842,0.9489120178047499,0.01491555383623258,144,1.0,1.0,1.0,1.0,1.0,1.0,0.0,0.9230769230769231,0.9130434782608695,0.8636363636363636,0.9361702127659575,0.8444444444444444,0.8960742844369116,0.0356163967426141,187,1.0,1.0,1.0,1.0,1.0,1.0,0.0,0.9230769230769231,0.84,0.76,0.88,0.76,0.8326153846153845,0.06485231287477033,258,1.0,1.0,1.0,1.0,1.0,1.0,0.0,0.9436619718309859,0.9428571428571428,0.9142857142857143,0.9571428571428572,0.9,0.93158953722334,0.021085520734501532,149,1.0,1.0,1.0,1.0,1.0,1.0,0.0,0.9871794871794872,0.9537777777777778,0.9377777777777778,0.9893333333333334,0.9048888888888889,0.954591452991453,0.03169443118859786,408,1.0,1.0,1.0,1.0,1.0,1.0,0.0
0.263767671585083,0.011295703745818482,0.02925248146057129,0.003629953102086117,,entropy,3,1,0.1,50,"{'estimator__class_weight': None, 'estimator__criterion': 'entropy', 'estimator__max_depth': 3, 'estimator__min_samples_leaf': 1, 'learning_rate': 0.1, 'n_estimators': 50}",0.9370567375886525,0.9519560741249142,0.9005681818181819,0.9519560741249142,0.8704902867715079,0.9224054708856342,0.032041190536660075,187,0.9601706970128023,0.976497156239545,0.9644888158726146,0.9604448198198199,0.9804603296015576,0.9684123637092679,0.008453619409363278,0.9574468085106383,0.967741935483871,0.9375,0.967741935483871,0.9148936170212766,0.9490648592999313,0.020343761656222648,134,0.972972972972973,0.9836065573770492,0.975609756097561,0.972972972972973,0.9863013698630136,0.9782927258567138,0.00558879329485028,0.9166666666666666,0.9361702127659575,0.8636363636363636,0.9361702127659575,0.8260869565217391,0.8957460824713369,0.04379342264530088,188,0.9473684210526315,0.9693877551020408,0.9533678756476683,0.9479166666666666,0.9746192893401016,0.9585320015618217,0.011319251513822542,0.8461538461538461,0.88,0.76,0.88,0.76,0.8252307692307692,0.05467580623074751,287,0.9,0.9405940594059405,0.9108910891089109,0.900990099009901,0.9504950495049505,0.9205940594059406,0.02096018791667203,0.9436619718309859,0.9571428571428572,0.9142857142857143,0.9571428571428572,0.8857142857142857,0.93158953722334,0.02776922391587481,149,0.9642857142857143,0.9786476868327402,0.9679715302491103,0.9644128113879004,0.9822064056939501,0.971504829689883,0.007489201464597119,0.9927350427350426,0.9715555555555555,0.9404444444444445,0.9804444444444445,0.9213333333333333,0.961302564102564,0.02642777589467437,245,0.9984999999999999,0.99994499449945,0.9995599559955995,0.9995599559955995,0.9996149614961496,0.9994359735973598,0.0004894749823595015
0.5388434886932373,0.015045019669641937,0.040933418273925784,0.006116605887429229,,entropy,3,1,0.1,100,"{'estimator__class_weight': None, 'estimator__criterion': 'entropy', 'estimator__max_depth': 3, 'estimator__min_samples_leaf': 1, 'learning_rate': 0.1, 'n_estimators': 100}",0.9370567375886525,0.9519560741249142,0.9005681818181819,0.9519560741249142,0.8704902867715079,0.9224054708856342,0.032041190536660075,187,0.980330172110994,1.0,0.9961273962596988,0.9961273962596988,0.9961273962596988,0.993742472178018,0.00687182706646366,0.9574468085106383,0.967741935483871,0.9375,0.967741935483871,0.9148936170212766,0.9490648592999313,0.020343761656222648,134,0.9863013698630136,1.0,0.997229916897507,0.997229916897507,0.997229916897507,0.995598224111107,0.004770626666045042,0.9166666666666666,0.9361702127659575,0.8636363636363636,0.9361702127659575,0.8260869565217391,0.8957460824713369,0.04379342264530088,188,0.9743589743589743,1.0,0.9950248756218906,0.9950248756218906,0.9950248756218906,0.9918867202449292,0.00897319610547439,0.8461538461538461,0.88,0.76,0.88,0.76,0.8252307692307692,0.05467580623074751,287,0.95,1.0,0.9900990099009901,0.9900990099009901,0.9900990099009901,0.984059405940594,0.017456094179330257,0.9436619718309859,0.9571428571428572,0.9142857142857143,0.9571428571428572,0.8857142857142857,0.93158953722334,0.02776922391587481,149,0.9821428571428571,1.0,0.99644128113879,0.99644128113879,0.99644128113879,0.9942933401118454,0.006229625276442294,0.9905982905982905,0.9564444444444444,0.9466666666666668,0.983111111111111,0.9306666666666666,0.9614974358974357,0.0224054969617894,235,1.0,1.0,1.0,1.0,1.0,1.0,0.0
1.525748109817505,0.041692850871863814,0.08488383293151855,0.01066088308558016,balanced,entropy,3,2,1.5,200,"{'estimator__class_weight': 'balanced', 'estimator__criterion': 'entropy', 'estimator__max_depth': 3, 'estimator__min_samples_leaf': 2, 'learning_rate': 1.5, 'n_estimators': 200}",0.9532587228439764,0.9365942028985508,0.8489570846319827,0.9352451433857539,0.9365942028985508,0.9221298713317629,0.03718522891224179,189,1.0,1.0,1.0,1.0,1.0,1.0,0.0,0.967741935483871,0.9565217391304348,0.9072164948453608,0.9574468085106383,0.9565217391304348,0.9490897434201481,0.021361567697105302,133,1.0,1.0,1.0,1.0,1.0,1.0,0.0,0.9387755102040817,0.9166666666666666,0.7906976744186046,0.9130434782608695,0.9166666666666666,0.8951699992433779,0.05302750590635143,191,1.0,1.0,1.0,1.0,1.0,1.0,0.0,0.8846153846153846,0.88,0.68,0.84,0.88,0.8329230769230769,0.07815384615384613,252,1.0,1.0,1.0,1.0,1.0,1.0,0.0,0.9577464788732394,0.9428571428571428,0.8714285714285714,0.9428571428571428,0.9428571428571428,0.9315492957746478,0.03060848286054474,177,1.0,1.0,1.0,1.0,1.0,1.0,0.0,0.9837606837606838,0.9475555555555555,0.9768888888888888,0.992,0.9573333333333334,0.9715076923076923,0.016574951330702786,75,1.0,1.0,1.0,1.0,1.0,1.0,0.0
0.24581565856933593,0.013914338390553564,0.04340863227844238,0.0016422744197561886,balanced,gini,2,1,1.5,50,"{'estimator__class_weight': 'balanced', 'estimator__criterion': 'gini', 'estimator__max_depth': 2, 'estimator__min_samples_leaf': 1, 'learning_rate': 1.5, 'n_estimators': 50}",0.9532587228439764,0.9365942028985508,0.8489570846319827,0.9352451433857539,0.9352451433857539,0.9218600594292037,0.03708405513786625,190,1.0,1.0,1.0,1.0,1.0,1.0,0.0,0.967741935483871,0.9565217391304348,0.9072164948453608,0.9574468085106383,0.9574468085106383,0.9492747572961887,0.02142903496850661,131,1.0,1.0,1.0,1.0,1.0,1.0,0.0,0.9387755102040817,0.9166666666666666,0.7906976744186046,0.9130434782608695,0.9130434782608695,0.8944453615622183,0.05275284059892344,195,1.0,1.0,1.0,1.0,1.0,1.0,0.0,0.8846153846153846,0.88,0.68,0.84,0.84,0.8249230769230769,0.07490522611546059,304,1.0,1.0,1.0,1.0,1.0,1.0,0.0,0.9577464788732394,0.9428571428571428,0.8714285714285714,0.9428571428571428,0.9428571428571428,0.9315492957746478,0.03060848286054474,177,1.0,1.0,1.0,1.0,1.0,1.0,0.0,0.9769230769230769,0.9644444444444444,0.9573333333333333,0.9964444444444445,0.9795555555555555,0.9749401709401709,0.013474631537954737,29,1.0,1.0,1.0,1.0,1.0,1.0,0.0
0.2722932815551758,0.005310834937595226,0.04484801292419434,0.003066121257298327,balanced,gini,2,2,1.5,50,"{'estimator__class_weight': 'balanced', 'estimator__criterion': 'gini', 'estimator__max_depth': 2, 'estimator__min_samples_leaf': 2, 'learning_rate': 1.5, 'n_estimators': 50}",0.9532587228439764,0.9365942028985508,0.8489570846319827,0.9352451433857539,0.9352451433857539,0.9218600594292037,0.03708405513786625,190,1.0,1.0,1.0,1.0,1.0,1.0,0.0,0.967741935483871,0.9565217391304348,0.9072164948453608,0.9574468085106383,0.9574468085106383,0.9492747572961887,0.02142903496850661,131,1.0,1.0,1.0,1.0,1.0,1.0,0.0,0.9387755102040817,0.9166666666666666,0.7906976744186046,0.9130434782608695,0.9130434782608695,0.8944453615622183,0.05275284059892344,195,1.0,1.0,1.0,1.0,1.0,1.0,0.0,0.8846153846153846,0.88,0.68,0.84,0.84,0.8249230769230769,0.07490522611546059,304,1.0,1.0,1.0,1.0,1.0,1.0,0.0,0.9577464788732394,0.9428571428571428,0.8714285714285714,0.9428571428571428,0.9428571428571428,0.9315492957746478,0.03060848286054474,177,1.0,1.0,1.0,1.0,1.0,1.0,0.0,0.9769230769230769,0.9644444444444444,0.9573333333333333,0.9964444444444445,0.9795555555555555,0.9749401709401709,0.013474631537954737,29,1.0,1.0,1.0,1.0,1.0,1.0,0.0
1.1139984130859375,0.028041603763365976,0.09331631660461426,0.008149819674167178,balanced,gini,3,5,0.1,200,"{'estimator__class_weight': 'balanced', 'estimator__criterion': 'gini', 'estimator__max_depth': 3, 'estimator__min_samples_leaf': 5, 'learning_rate': 0.1, 'n_estimators': 200}",0.9541047188106011,0.9365942028985508,0.8731884057971014,0.9682971014492754,0.8731884057971014,0.9210745669505259,0.04036827134363798,192,0.9882535553970717,1.0,1.0,1.0,1.0,0.9976507110794144,0.004698577841171314,0.967032967032967,0.9565217391304348,0.9130434782608695,0.9782608695652174,0.9130434782608695,0.9455805064500715,0.027441724354472247,244,0.9917355371900827,1.0,1.0,1.0,1.0,0.9983471074380166,0.0033057851239669312,0.9411764705882353,0.9166666666666666,0.8333333333333334,0.9583333333333334,0.8333333333333334,0.8965686274509805,0.053303047917914445,177,0.9847715736040609,1.0,1.0,1.0,1.0,0.9969543147208121,0.0060913705583756535,0.9230769230769231,0.88,0.8,0.92,0.8,0.8646153846153846,0.05490389667248114,48,0.97,1.0,1.0,1.0,1.0,0.994,0.012000000000000009,0.9577464788732394,0.9428571428571428,0.8857142857142857,0.9714285714285714,0.8857142857142857,0.928692152917505,0.036236435814136665,236,0.9892857142857143,1.0,1.0,1.0,1.0,0.9978571428571428,0.00428571428571427,0.9923076923076922,0.9537777777777777,0.944,0.9884444444444445,0.92,0.9597059829059829,0.027375745546473967,299,1.0,1.0,1.0,1.0,1.0,1.0,0.0
0.35609750747680663,0.022123791970905627,0.039676761627197264,0.00554274555369231,balanced,entropy,3,1,0.1,50,"{'estimator__class_weight': 'balanced', 'estimator__criterion': 'entropy', 'estimator__max_depth': 3, 'estimator__min_samples_leaf': 1, 'learning_rate': 0.1, 'n_estimators': 50}",0.9055851063829787,0.9365942028985508,0.9028677150786308,0.9682971014492754,0.8901098901098901,0.9206908031838651,0.028285383316849502,193,0.9642446686246967,0.976497156239545,0.9804603296015576,0.9725144973101376,0.976497156239545,0.9740427616030963,0.005505842403124648,0.9361702127659575,0.9565217391304348,0.9361702127659575,0.9782608695652174,0.9230769230769231,0.9460399914608979,0.019340008234758125,243,0.975609756097561,0.9836065573770492,0.9863013698630136,0.9809264305177112,0.9836065573770492,0.9820101342464769,0.0036235642939279303,0.875,0.9166666666666666,0.8695652173913043,0.9583333333333334,0.8571428571428571,0.8953416149068323,0.03730968636558191,190,0.9528795811518325,0.9693877551020408,0.9746192893401016,0.9641025641025641,0.9693877551020408,0.966075388959716,0.007388682619400944,0.8076923076923077,0.88,0.8,0.92,0.84,0.8495384615384616,0.04514172291715275,100,0.91,0.9405940594059405,0.9504950495049505,0.9306930693069307,0.9405940594059405,0.9344752475247524,0.013746682411613045,0.9154929577464789,0.9428571428571428,0.9142857142857143,0.9714285714285714,0.9,0.9288128772635815,0.02542431671278607,194,0.9678571428571429,0.9786476868327402,0.9822064056939501,0.9750889679715302,0.9786476868327402,0.9764895780376207,0.004867805076165283,0.9905982905982906,0.9706666666666667,0.944,0.9777777777777779,0.9342222222222223,0.9634529914529916,0.021104315318529538,195,0.9947499999999999,0.9991749174917491,0.9997799779977997,0.9985973597359736,0.9991474147414742,0.9982899339933994,0.001809107151361804
0.3780055046081543,0.023238068842008335,0.04049458503723145,0.002454650393240318,balanced,entropy,3,5,1.0,50,"{'estimator__class_weight': 'balanced', 'estimator__criterion': 'entropy', 'estimator__max_depth': 3, 'estimator__min_samples_leaf': 5, 'learning_rate': 1.0, 'n_estimators': 50}",0.9220978714066272,0.9215070643642072,0.8853801169590643,0.9519560741249142,0.9215070643642072,0.920489638243804,0.021106737301774408,194,1.0,1.0,1.0,1.0,1.0,1.0,0.0,0.946236559139785,0.945054945054945,0.9263157894736842,0.967741935483871,0.945054945054945,0.946080834841446,0.013130037693747371,242,1.0,1.0,1.0,1.0,1.0,1.0,0.0,0.8979591836734694,0.8979591836734694,0.8444444444444444,0.9361702127659575,0.8979591836734694,0.8948984416461621,0.029247459206805927,192,1.0,1.0,1.0,1.0,1.0,1.0,0.0,0.8461538461538461,0.88,0.76,0.88,0.88,0.8492307692307692,0.046501256584154,107,1.0,1.0,1.0,1.0,1.0,1.0,0.0,0.9295774647887324,0.9285714285714286,0.9,0.9571428571428572,0.9285714285714286,0.9287726358148893,0.01807463829967788,203,1.0,1.0,1.0,1.0,1.0,1.0,0.0,0.9863247863247864,0.9297777777777778,0.9742222222222223,0.9902222222222222,0.9608888888888889,0.9682871794871794,0.02181483356010695,121,1.0,1.0,1.0,1.0,1.0,1.0,0.0
0.3169573783874512,0.019204850289303407,0.04174928665161133,0.0062866042565003395,balanced,gini,3,1,0.1,50,"{'estimator__class_weight': 'balanced', 'estimator__criterion': 'gini', 'estimator__max_depth': 3, 'estimator__min_samples_leaf': 1, 'learning_rate': 0.1, 'n_estimators': 50}",0.9382608695652175,0.9519560741249142,0.8704902867715079,0.9682971014492754,0.8731884057971014,0.9204385475416033,0.04081381010199769,195,0.980330172110994,0.9961273962596988,0.9844044844044844,0.9922375690607734,0.9922375690607734,0.989067438179345,0.005796989286910396,0.9565217391304348,0.967741935483871,0.9148936170212766,0.9782608695652174,0.9130434782608695,0.9460923278923339,0.027121501518094396,241,0.9863013698630136,0.997229916897507,0.989010989010989,0.994475138121547,0.994475138121547,0.9922985104029207,0.004014166863089696,0.92,0.9361702127659575,0.8260869565217391,0.9583333333333334,0.8333333333333334,0.8947847671908727,0.0545575865369962,193,0.9743589743589743,0.9950248756218906,0.9797979797979798,0.99,0.99,0.985836365955769,0.007580145540155827,0.8846153846153846,0.88,0.76,0.92,0.8,0.8489230769230769,0.0593168206084968,118,0.95,0.9900990099009901,0.9603960396039604,0.9801980198019802,0.9801980198019802,0.9721782178217822,0.014700219764726718,0.9436619718309859,0.9571428571428572,0.8857142857142857,0.9714285714285714,0.8857142857142857,0.928732394366197,0.03620531883074101,234,0.9821428571428571,0.99644128113879,0.9857651245551602,0.9928825622775801,0.9928825622775801,0.9900228774783935,0.005249279575198079,0.9854700854700854,0.9662222222222222,0.9342222222222222,0.9760000000000001,0.9182222222222223,0.9560273504273503,0.025590655026046853,395,0.9994999999999999,1.0,1.0,0.99994499449945,0.99994499449945,0.9998779977997799,0.00019059303549129913
0.18816032409667968,0.031908267779625965,0.028680849075317382,0.0036268936631149436,,gini,2,2,1.0,50,"{'estimator__class_weight': None, 'estimator__criterion': 'gini', 'estimator__max_depth': 2, 'estimator__min_samples_leaf': 2, 'learning_rate': 1.0, 'n_estimators': 50}",0.9220978714066272,0.9199267902081903,0.9028677150786308,0.9519560741249142,0.9048913043478262,0.9203479510332377,0.017588516815915476,196,1.0,1.0,1.0,1.0,1.0,1.0,0.0,0.946236559139785,0.946236559139785,0.9361702127659575,0.967741935483871,0.9347826086956522,0.9462335750450102,0.01178987258006791,237,1.0,1.0,1.0,1.0,1.0,1.0,0.0,0.8979591836734694,0.8936170212765957,0.8695652173913043,0.9361702127659575,0.875,0.8944623270214652,0.023456932973214127,194,1.0,1.0,1.0,1.0,1.0,1.0,0.0,0.8461538461538461,0.84,0.8,0.88,0.84,0.8412307692307692,0.025417694065308766,151,1.0,1.0,1.0,1.0,1.0,1.0,0.0,0.9295774647887324,0.9285714285714286,0.9142857142857143,0.9571428571428572,0.9142857142857143,0.9287726358148893,0.0156543890523699,203,1.0,1.0,1.0,1.0,1.0,1.0,0.0,0.9914529914529914,0.9493333333333334,0.9591111111111112,0.984,0.9573333333333334,0.9682461538461539,0.01641325328760532,122,1.0,1.0,1.0,1.0,1.0,1.0,0.0
0.28953142166137696,0.008802033582768565,0.04089508056640625,0.004292630663836852,,gini,3,2,0.1,50,"{'estimator__class_weight': None, 'estimator__criterion': 'gini', 'estimator__max_depth': 3, 'estimator__min_samples_leaf': 2, 'learning_rate': 0.1, 'n_estimators': 50}",0.9370567375886525,0.9519560741249142,0.8704902867715079,0.9682971014492754,0.8731884057971014,0.9201977211462904,0.040711360985780584,197,0.980330172110994,0.9961273962596988,0.9844044844044844,0.976497156239545,0.9922375690607734,0.9859193556150991,0.007299802230840239,0.9574468085106383,0.967741935483871,0.9148936170212766,0.9782608695652174,0.9130434782608695,0.9462773417683745,0.027195071919913615,235,0.9863013698630136,0.997229916897507,0.989010989010989,0.9836065573770492,0.994475138121547,0.9901247942540211,0.0050547958954277996,0.9166666666666666,0.9361702127659575,0.8260869565217391,0.9583333333333334,0.8333333333333334,0.8941181005242059,0.05426497688295312,197,0.9743589743589743,0.9950248756218906,0.9797979797979798,0.9693877551020408,0.99,0.981713916976177,0.00954506212306799,0.8461538461538461,0.88,0.76,0.92,0.8,0.8412307692307692,0.05662207318350003,151,0.95,0.9900990099009901,0.9603960396039604,0.9405940594059405,0.9801980198019802,0.9642574257425742,0.018439248405949116,0.9436619718309859,0.9571428571428572,0.8857142857142857,0.9714285714285714,0.8857142857142857,0.928732394366197,0.03620531883074101,234,0.9821428571428571,0.99644128113879,0.9857651245551602,0.9786476868327402,0.9928825622775801,0.9871759023894254,0.006610075787480769,0.9863247863247863,0.9608888888888889,0.9337777777777778,0.976888888888889,0.9333333333333333,0.958242735042735,0.0217361229989906,345,0.9998888888888888,1.0,1.0,0.9997799779977997,1.0,0.9999337733773377,8.811984194074897e-05
0.8798398494720459,0.024871266979585895,0.07469797134399414,0.004898411810537947,,entropy,2,1,0.5,200,"{'estimator__class_weight': None, 'estimator__criterion': 'entropy', 'estimator__max_depth': 2, 'estimator__min_samples_leaf': 1, 'learning_rate': 0.5, 'n_estimators': 200}",0.9382608695652175,0.9199267902081903,0.9028677150786308,0.9519560741249142,0.8878975062914665,0.9201817910536839,0.02314551982317929,198,1.0,1.0,1.0,1.0,1.0,1.0,0.0,0.9565217391304348,0.946236559139785,0.9361702127659575,0.967741935483871,0.9247311827956989,0.9462803258631494,0.015047053548978392,234,1.0,1.0,1.0,1.0,1.0,1.0,0.0,0.92,0.8936170212765957,0.8695652173913043,0.9361702127659575,0.851063829787234,0.8940832562442184,0.03128901459966908,201,1.0,1.0,1.0,1.0,1.0,1.0,0.0,0.8846153846153846,0.84,0.8,0.88,0.8,0.8409230769230769,0.03684093426977416,172,1.0,1.0,1.0,1.0,1.0,1.0,0.0,0.9436619718309859,0.9285714285714286,0.9142857142857143,0.9571428571428572,0.9,0.9287323943661973,0.020319102538304667,218,1.0,1.0,1.0,1.0,1.0,1.0,0.0,0.9914529914529914,0.9546666666666668,0.9448888888888889,0.9937777777777778,0.9271111111111111,0.9623794871794873,0.026231234368830736,217,1.0,1.0,1.0,1.0,1.0,1.0,0.0
0.07265276908874511,0.003089904098598969,0.018977546691894533,0.0017980558502712798,,gini,2,1,1.0,25,"{'estimator__class_weight': None, 'estimator__criterion': 'gini', 'estimator__max_depth': 2, 'estimator__min_samples_leaf': 1, 'learning_rate': 1.0, 'n_estimators': 25}",0.9220978714066272,0.9199267902081903,0.8853801169590643,0.9519560741249142,0.9215070643642072,0.9201735834126007,0.021100966737804486,199,1.0,1.0,1.0,1.0,1.0,1.0,0.0,0.946236559139785,0.946236559139785,0.9263157894736842,0.967741935483871,0.945054945054945,0.9463171576584142,0.013120076272873428,230,1.0,1.0,1.0,1.0,1.0,1.0,0.0,0.8979591836734694,0.8936170212765957,0.8444444444444444,0.9361702127659575,0.8979591836734694,0.8940300091667872,0.029208123431054358,202,1.0,1.0,1.0,1.0,1.0,1.0,0.0,0.8461538461538461,0.84,0.76,0.88,0.88,0.8412307692307692,0.0438868906576626,151,1.0,1.0,1.0,1.0,1.0,1.0,0.0,0.9295774647887324,0.9285714285714286,0.9,0.9571428571428572,0.9285714285714286,0.9287726358148893,0.01807463829967788,203,1.0,1.0,1.0,1.0,1.0,1.0,0.0,0.9905982905982905,0.9693333333333334,0.9475555555555555,0.9875555555555555,0.952,0.9694085470085471,0.01765749446605904,111,1.0,1.0,1.0,1.0,1.0,1.0,0.0
0.14576010704040526,0.030586807054154563,0.042661857604980466,0.00792127665865593,,gini,2,2,1.0,25,"{'estimator__class_weight': None, 'estimator__criterion': 'gini', 'estimator__max_depth': 2, 'estimator__min_samples_leaf': 2, 'learning_rate': 1.0, 'n_estimators': 25}",0.9220978714066272,0.9199267902081903,0.8853801169590643,0.9519560741249142,0.9215070643642072,0.9201735834126007,0.021100966737804486,199,1.0,1.0,1.0,1.0,1.0,1.0,0.0,0.946236559139785,0.946236559139785,0.9263157894736842,0.967741935483871,0.945054945054945,0.9463171576584142,0.013120076272873428,230,1.0,1.0,1.0,1.0,1.0,1.0,0.0,0.8979591836734694,0.8936170212765957,0.8444444444444444,0.9361702127659575,0.8979591836734694,0.8940300091667872,0.029208123431054358,202,1.0,1.0,1.0,1.0,1.0,1.0,0.0,0.8461538461538461,0.84,0.76,0.88,0.88,0.8412307692307692,0.0438868906576626,151,1.0,1.0,1.0,1.0,1.0,1.0,0.0,0.9295774647887324,0.9285714285714286,0.9,0.9571428571428572,0.9285714285714286,0.9287726358148893,0.01807463829967788,203,1.0,1.0,1.0,1.0,1.0,1.0,0.0,0.9905982905982905,0.9693333333333334,0.9475555555555555,0.9875555555555555,0.952,0.9694085470085471,0.01765749446605904,111,1.0,1.0,1.0,1.0,1.0,1.0,0.0
0.43944430351257324,0.02349590211917466,0.04044675827026367,0.005452328685135096,,entropy,2,1,1.0,100,"{'estimator__class_weight': None, 'estimator__criterion': 'entropy', 'estimator__max_depth': 2, 'estimator__min_samples_leaf': 1, 'learning_rate': 1.0, 'n_estimators': 100}",0.9220978714066272,0.9199267902081903,0.8853801169590643,0.9519560741249142,0.9215070643642072,0.9201735834126007,0.021100966737804486,199,1.0,1.0,1.0,1.0,1.0,1.0,0.0,0.946236559139785,0.946236559139785,0.9263157894736842,0.967741935483871,0.945054945054945,0.9463171576584142,0.013120076272873428,230,1.0,1.0,1.0,1.0,1.0,1.0,0.0,0.8979591836734694,0.8936170212765957,0.8444444444444444,0.9361702127659575,0.8979591836734694,0.8940300091667872,0.029208123431054358,202,1.0,1.0,1.0,1.0,1.0,1.0,0.0,0.8461538461538461,0.84,0.76,0.88,0.88,0.8412307692307692,0.0438868906576626,151,1.0,1.0,1.0,1.0,1.0,1.0,0.0,0.9295774647887324,0.9285714285714286,0.9,0.9571428571428572,0.9285714285714286,0.9287726358148893,0.01807463829967788,203,1.0,1.0,1.0,1.0,1.0,1.0,0.0,0.9871794871794872,0.9466666666666667,0.9537777777777778,0.992,0.9564444444444444,0.9672136752136753,0.018610076707886423,133,1.0,1.0,1.0,1.0,1.0,1.0,0.0
0.43334164619445803,0.015377481990543278,0.044588661193847655,0.00366046282575617,,entropy,2,2,1.0,100,"{'estimator__class_weight': None, 'estimator__criterion': 'entropy', 'estimator__max_depth': 2, 'estimator__min_samples_leaf': 2, 'learning_rate': 1.0, 'n_estimators': 100}",0.9220978714066272,0.9199267902081903,0.8853801169590643,0.9519560741249142,0.9215070643642072,0.9201735834126007,0.021100966737804486,199,1.0,1.0,1.0,1.0,1.0,1.0,0.0,0.946236559139785,0.946236559139785,0.9263157894736842,0.967741935483871,0.945054945054945,0.9463171576584142,0.013120076272873428,230,1.0,1.0,1.0,1.0,1.0,1.0,0.0,0.8979591836734694,0.8936170212765957,0.8444444444444444,0.9361702127659575,0.8979591836734694,0.8940300091667872,0.029208123431054358,202,1.0,1.0,1.0,1.0,1.0,1.0,0.0,0.8461538461538461,0.84,0.76,0.88,0.88,0.8412307692307692,0.0438868906576626,151,1.0,1.0,1.0,1.0,1.0,1.0,0.0,0.9295774647887324,0.9285714285714286,0.9,0.9571428571428572,0.9285714285714286,0.9287726358148893,0.01807463829967788,203,1.0,1.0,1.0,1.0,1.0,1.0,0.0,0.9871794871794872,0.9466666666666667,0.9537777777777778,0.992,0.9564444444444444,0.9672136752136753,0.018610076707886423,133,1.0,1.0,1.0,1.0,1.0,1.0,0.0
0.39967737197875974,0.010110848667124377,0.05033330917358399,0.0006361056374816806,,gini,1,1,1.0,200,"{'estimator__class_weight': None, 'estimator__criterion': 'gini', 'estimator__max_depth': 1, 'estimator__min_samples_leaf': 1, 'learning_rate': 1.0, 'n_estimators': 200}",0.9393162393162393,0.9199267902081903,0.8853801169590643,0.9682971014492754,0.8878975062914665,0.9201635508448472,0.031415617546302343,203,1.0,1.0,1.0,1.0,1.0,1.0,0.0,0.9555555555555556,0.946236559139785,0.9263157894736842,0.9782608695652174,0.9247311827956989,0.9462199913059882,0.019858081759055384,238,1.0,1.0,1.0,1.0,1.0,1.0,0.0,0.9230769230769231,0.8936170212765957,0.8444444444444444,0.9583333333333334,0.851063829787234,0.8941071103837063,0.043089679371955285,198,1.0,1.0,1.0,1.0,1.0,1.0,0.0,0.9230769230769231,0.84,0.76,0.92,0.8,0.8486153846153845,0.06470031049009575,134,1.0,1.0,1.0,1.0,1.0,1.0,0.0,0.9436619718309859,0.9285714285714286,0.9,0.9714285714285714,0.9,0.9287323943661973,0.027191846943652728,218,1.0,1.0,1.0,1.0,1.0,1.0,0.0,0.9709401709401709,0.9662222222222223,0.9395555555555555,0.9884444444444445,0.9333333333333333,0.9596991452991454,0.020474978199421467,300,1.0,1.0,1.0,1.0,1.0,1.0,0.0
0.3880023002624512,0.005810370498219109,0.050092124938964845,0.0030552734398003305,,gini,1,2,1.0,200,"{'estimator__class_weight': None, 'estimator__criterion': 'gini', 'estimator__max_depth': 1, 'estimator__min_samples_leaf': 2, 'learning_rate': 1.0, 'n_estimators': 200}",0.9393162393162393,0.9199267902081903,0.8853801169590643,0.9682971014492754,0.8878975062914665,0.9201635508448472,0.031415617546302343,203,1.0,1.0,1.0,1.0,1.0,1.0,0.0,0.9555555555555556,0.946236559139785,0.9263157894736842,0.9782608695652174,0.9247311827956989,0.9462199913059882,0.019858081759055384,238,1.0,1.0,1.0,1.0,1.0,1.0,0.0,0.9230769230769231,0.8936170212765957,0.8444444444444444,0.9583333333333334,0.851063829787234,0.8941071103837063,0.043089679371955285,198,1.0,1.0,1.0,1.0,1.0,1.0,0.0,0.9230769230769231,0.84,0.76,0.92,0.8,0.8486153846153845,0.06470031049009575,134,1.0,1.0,1.0,1.0,1.0,1.0,0.0,0.9436619718309859,0.9285714285714286,0.9,0.9714285714285714,0.9,0.9287323943661973,0.027191846943652728,218,1.0,1.0,1.0,1.0,1.0,1.0,0.0,0.9709401709401709,0.9662222222222223,0.9395555555555555,0.9884444444444445,0.9333333333333333,0.9596991452991454,0.020474978199421467,300,1.0,1.0,1.0,1.0,1.0,1.0,0.0
0.38611879348754885,0.009031127881802693,0.04879298210144043,0.0022024151318164077,,gini,1,5,1.0,200,"{'estimator__class_weight': None, 'estimator__criterion': 'gini', 'estimator__max_depth': 1, 'estimator__min_samples_leaf': 5, 'learning_rate': 1.0, 'n_estimators': 200}",0.9393162393162393,0.9199267902081903,0.8853801169590643,0.9682971014492754,0.8878975062914665,0.9201635508448472,0.031415617546302343,203,1.0,1.0,1.0,1.0,1.0,1.0,0.0,0.9555555555555556,0.946236559139785,0.9263157894736842,0.9782608695652174,0.9247311827956989,0.9462199913059882,0.019858081759055384,238,1.0,1.0,1.0,1.0,1.0,1.0,0.0,0.9230769230769231,0.8936170212765957,0.8444444444444444,0.9583333333333334,0.851063829787234,0.8941071103837063,0.043089679371955285,198,1.0,1.0,1.0,1.0,1.0,1.0,0.0,0.9230769230769231,0.84,0.76,0.92,0.8,0.8486153846153845,0.06470031049009575,134,1.0,1.0,1.0,1.0,1.0,1.0,0.0,0.9436619718309859,0.9285714285714286,0.9,0.9714285714285714,0.9,0.9287323943661973,0.027191846943652728,218,1.0,1.0,1.0,1.0,1.0,1.0,0.0,0.9709401709401709,0.9662222222222223,0.9395555555555555,0.9884444444444445,0.9333333333333333,0.9596991452991454,0.020474978199421467,300,1.0,1.0,1.0,1.0,1.0,1.0,0.0
0.10782322883605958,0.001667827020984344,0.018010282516479494,0.0004004190343279883,,entropy,3,5,0.5,25,"{'estimator__class_weight': None, 'estimator__criterion': 'entropy', 'estimator__max_depth': 3, 'estimator__min_samples_leaf': 5, 'learning_rate': 0.5, 'n_estimators': 25}",0.9055851063829787,0.9519560741249142,0.9181286549707601,0.9519560741249142,0.8731884057971014,0.9201628630801337,0.029815650813171994,206,0.9961023956346831,1.0,1.0,1.0,1.0,0.9992204791269366,0.001559041746126777,0.9361702127659575,0.967741935483871,0.9473684210526315,0.967741935483871,0.9130434782608695,0.9464131966094401,0.02063588853606728,228,0.997229916897507,1.0,1.0,1.0,1.0,0.9994459833795014,0.0011080332409972194,0.875,0.9361702127659575,0.8888888888888888,0.9361702127659575,0.8333333333333334,0.8939125295508275,0.03904915705950492,207,0.9949748743718593,1.0,1.0,1.0,1.0,0.9989949748743718,0.0020100502512562903,0.8076923076923077,0.88,0.8,0.88,0.8,0.8335384615384616,0.038039530979755286,200,0.99,1.0,1.0,1.0,1.0,0.998,0.0040000000000000036,0.9154929577464789,0.9571428571428572,0.9285714285714286,0.9571428571428572,0.8857142857142857,0.9288128772635815,0.026982003879869255,194,0.9964285714285714,1.0,1.0,1.0,1.0,0.9992857142857143,0.0014285714285714238,0.9786324786324787,0.9671111111111111,0.9266666666666666,0.976,0.9395555555555556,0.9575931623931624,0.020755043939481275,354,1.0,1.0,1.0,1.0,1.0,1.0,0.0
1.2685269832611084,0.41580558489492186,0.08316359519958497,0.02167185568195852,balanced,entropy,3,2,0.1,200,"{'estimator__class_weight': 'balanced', 'estimator__criterion': 'entropy', 'estimator__max_depth': 3, 'estimator__min_samples_leaf': 2, 'learning_rate': 0.1, 'n_estimators': 200}",0.9382608695652175,0.9519560741249142,0.8853801169590643,0.9519560741249142,0.8731884057971014,0.9201483081142424,0.03395759821110167,207,0.9723285002329489,1.0,1.0,0.9725144973101376,1.0,0.9889685995086174,0.013510779203776135,0.9565217391304348,0.967741935483871,0.9263157894736842,0.967741935483871,0.9130434782608695,0.946272975566546,0.022491591328249703,236,0.9809264305177112,1.0,1.0,0.9809264305177112,1.0,0.9923705722070846,0.009344102561025722,0.92,0.9361702127659575,0.8444444444444444,0.9361702127659575,0.8333333333333334,0.8940236406619386,0.0455386614338014,206,0.9637305699481865,1.0,1.0,0.9641025641025641,1.0,0.9855666268101502,0.017677591193975068,0.8846153846153846,0.88,0.76,0.88,0.8,0.8409230769230769,0.05135420564929245,172,0.93,1.0,1.0,0.9306930693069307,1.0,0.9721386138613862,0.034123793617560114,0.9436619718309859,0.9571428571428572,0.9,0.9571428571428572,0.8857142857142857,0.9287323943661973,0.030044331351013406,218,0.975,1.0,1.0,0.9750889679715302,1.0,0.9900177935943061,0.012225688472180703,0.9923076923076922,0.9671111111111111,0.9404444444444444,0.9777777777777779,0.9253333333333333,0.9605948717948719,0.024465618466744977,274,0.9978055555555556,1.0,1.0,0.9985148514851485,1.0,0.9992640814081408,0.0009288026336847307
0.4112293243408203,0.004039449386250922,0.045574188232421875,0.003984737328908083,,gini,3,5,1.0,100,"{'estimator__class_weight': None, 'estimator__criterion': 'gini', 'estimator__max_depth': 3, 'estimator__min_samples_leaf': 5, 'learning_rate': 1.0, 'n_estimators': 100}",0.9220978714066272,0.9365942028985508,0.8853801169590643,0.9365942028985508,0.9199267902081903,0.9201186368741967,0.018727559862498782,208,1.0,1.0,1.0,1.0,1.0,1.0,0.0,0.946236559139785,0.9565217391304348,0.9263157894736842,0.9565217391304348,0.946236559139785,0.9463664772028247,0.011030163420860528,229,1.0,1.0,1.0,1.0,1.0,1.0,0.0,0.8979591836734694,0.9166666666666666,0.8444444444444444,0.9166666666666666,0.8936170212765957,0.8938707965455686,0.026453910797365924,208,1.0,1.0,1.0,1.0,1.0,1.0,0.0,0.8461538461538461,0.88,0.76,0.88,0.84,0.8412307692307692,0.0438868906576626,151,1.0,1.0,1.0,1.0,1.0,1.0,0.0,0.9295774647887324,0.9428571428571428,0.9,0.9428571428571428,0.9285714285714286,0.9287726358148893,0.01565438905236986,203,1.0,1.0,1.0,1.0,1.0,1.0,0.0,0.9914529914529915,0.9564444444444444,0.9653333333333334,0.9893333333333333,0.968,0.9741128205128206,0.013848920690104675,42,1.0,1.0,1.0,1.0,1.0,1.0,0.0
0.820421552658081,0.025450161218153633,0.07446894645690919,0.003998554306736514,,gini,3,5,1.0,200,"{'estimator__class_weight': None, 'estimator__criterion': 'gini', 'estimator__max_depth': 3, 'estimator__min_samples_leaf': 5, 'learning_rate': 1.0, 'n_estimators': 200}",0.9055851063829787,0.9365942028985508,0.9028677150786308,0.9352451433857539,0.9199267902081903,0.9200437915908211,0.014206210490232537,209,1.0,1.0,1.0,1.0,1.0,1.0,0.0,0.9361702127659575,0.9565217391304348,0.9361702127659575,0.9574468085106383,0.946236559139785,0.9465091064625547,0.009313923628812707,226,1.0,1.0,1.0,1.0,1.0,1.0,0.0,0.875,0.9166666666666666,0.8695652173913043,0.9130434782608695,0.8936170212765957,0.8935784767190873,0.019150711247914662,209,1.0,1.0,1.0,1.0,1.0,1.0,0.0,0.8076923076923077,0.88,0.8,0.84,0.84,0.8335384615384616,0.028407849569437007,200,1.0,1.0,1.0,1.0,1.0,1.0,0.0,0.9154929577464789,0.9428571428571428,0.9142857142857143,0.9428571428571428,0.9285714285714286,0.9288128772635815,0.012513990648258708,194,1.0,1.0,1.0,1.0,1.0,1.0,0.0,0.9923076923076922,0.9537777777777778,0.9768888888888889,0.9928888888888888,0.9706666666666667,0.9773059829059829,0.014599377849381513,9,1.0,1.0,1.0,1.0,1.0,1.0,0.0
0.21147847175598145,0.018772401329347304,0.03934512138366699,0.006264629002255803,,gini,2,5,1.0,50,"{'estimator__class_weight': None, 'estimator__criterion': 'gini', 'estimator__max_depth': 2, 'estimator__min_samples_leaf': 5, 'learning_rate': 1.0, 'n_estimators': 50}",0.9220978714066272,0.9199267902081903,0.9028677150786308,0.9519560741249142,0.9028677150786308,0.9199432331793986,0.017958905080676348,210,1.0,1.0,1.0,1.0,1.0,1.0,0.0,0.946236559139785,0.946236559139785,0.9361702127659575,0.967741935483871,0.9361702127659575,0.9465110958590712,0.011530542210020594,225,1.0,1.0,1.0,1.0,1.0,1.0,0.0,0.8979591836734694,0.8936170212765957,0.8695652173913043,0.9361702127659575,0.8695652173913043,0.8933753704997262,0.024438964973968687,210,1.0,1.0,1.0,1.0,1.0,1.0,0.0,0.8461538461538461,0.84,0.8,0.88,0.8,0.8332307692307692,0.030360360328723694,221,1.0,1.0,1.0,1.0,1.0,1.0,0.0,0.9295774647887324,0.9285714285714286,0.9142857142857143,0.9571428571428572,0.9142857142857143,0.9287726358148893,0.0156543890523699,203,1.0,1.0,1.0,1.0,1.0,1.0,0.0,0.9871794871794872,0.9422222222222222,0.9591111111111112,0.9875555555555556,0.9742222222222221,0.9700581196581197,0.01738571494728396,99,1.0,1.0,1.0,1.0,1.0,1.0,0.0
0.3254861354827881,0.06953925846441658,0.03767390251159668,0.0042636965909564435,balanced,entropy,3,1,0.5,50,"{'estimator__class_weight': 'balanced', 'estimator__criterion': 'entropy', 'estimator__max_depth': 3, 'estimator__min_samples_leaf': 1, 'learning_rate': 0.5, 'n_estimators': 50}",0.9204927211646137,0.9199267902081903,0.8704902867715079,0.9519560741249142,0.9365942028985508,0.9198920150335553,0.02737867702186356,211,1.0,1.0,1.0,1.0,1.0,1.0,0.0,0.9473684210526315,0.946236559139785,0.9148936170212766,0.967741935483871,0.9565217391304348,0.9465524543655996,0.01761492731864821,212,1.0,1.0,1.0,1.0,1.0,1.0,0.0,0.8936170212765957,0.8936170212765957,0.8260869565217391,0.9361702127659575,0.9166666666666666,0.8932315757015109,0.037152730889873135,211,1.0,1.0,1.0,1.0,1.0,1.0,0.0,0.8076923076923077,0.84,0.76,0.88,0.88,0.8335384615384616,0.0456837598842276,200,1.0,1.0,1.0,1.0,1.0,1.0,0.0,0.9295774647887324,0.9285714285714286,0.8857142857142857,0.9571428571428572,0.9428571428571428,0.9287726358148893,0.02390795911088725,203,1.0,1.0,1.0,1.0,1.0,1.0,0.0,0.9948717948717949,0.9466666666666668,0.9422222222222223,0.9893333333333334,0.9466666666666667,0.9639521367521369,0.023108416370485607,176,1.0,1.0,1.0,1.0,1.0,1.0,0.0
0.8719888687133789,0.018398211692421743,0.0700638771057129,0.009632886679940023,,entropy,2,1,1.0,200,"{'estimator__class_weight': None, 'estimator__criterion': 'entropy', 'estimator__max_depth': 2, 'estimator__min_samples_leaf': 1, 'learning_rate': 1.0, 'n_estimators': 200}",0.9055851063829787,0.9365942028985508,0.8853801169590643,0.9519560741249142,0.9199267902081903,0.9198884581147396,0.023250061740933824,212,1.0,1.0,1.0,1.0,1.0,1.0,0.0,0.9361702127659575,0.9565217391304348,0.9263157894736842,0.967741935483871,0.946236559139785,0.9465972471987465,0.014599890774722681,208,1.0,1.0,1.0,1.0,1.0,1.0,0.0,0.875,0.9166666666666666,0.8444444444444444,0.9361702127659575,0.8936170212765957,0.8931796690307328,0.03195509244903084,212,1.0,1.0,1.0,1.0,1.0,1.0,0.0,0.8076923076923077,0.88,0.76,0.88,0.84,0.8335384615384616,0.045683759884227605,200,1.0,1.0,1.0,1.0,1.0,1.0,0.0,0.9154929577464789,0.9428571428571428,0.9,0.9571428571428572,0.9285714285714286,0.9288128772635815,0.020037413034830122,194,1.0,1.0,1.0,1.0,1.0,1.0,0.0,0.9871794871794872,0.9431111111111112,0.9493333333333334,0.9946666666666667,0.9528888888888889,0.9654358974358974,0.021177051935353425,151,1.0,1.0,1.0,1.0,1.0,1.0,0.0
0.8769822597503663,0.03235830926682284,0.07123808860778809,0.001639265102525547,,entropy,2,2,1.0,200,"{'estimator__class_weight': None, 'estimator__criterion': 'entropy', 'estimator__max_depth': 2, 'estimator__min_samples_leaf': 2, 'learning_rate': 1.0, 'n_estimators': 200}",0.9055851063829787,0.9365942028985508,0.8853801169590643,0.9519560741249142,0.9199267902081903,0.9198884581147396,0.023250061740933824,212,1.0,1.0,1.0,1.0,1.0,1.0,0.0,0.9361702127659575,0.9565217391304348,0.9263157894736842,0.967741935483871,0.946236559139785,0.9465972471987465,0.014599890774722681,208,1.0,1.0,1.0,1.0,1.0,1.0,0.0,0.875,0.9166666666666666,0.8444444444444444,0.9361702127659575,0.8936170212765957,0.8931796690307328,0.03195509244903084,212,1.0,1.0,1.0,1.0,1.0,1.0,0.0,0.8076923076923077,0.88,0.76,0.88,0.84,0.8335384615384616,0.045683759884227605,200,1.0,1.0,1.0,1.0,1.0,1.0,0.0,0.9154929577464789,0.9428571428571428,0.9,0.9571428571428572,0.9285714285714286,0.9288128772635815,0.020037413034830122,194,1.0,1.0,1.0,1.0,1.0,1.0,0.0,0.9871794871794872,0.9431111111111112,0.9617777777777778,0.9946666666666667,0.9528888888888889,0.9679247863247864,0.019826517962632993,126,1.0,1.0,1.0,1.0,1.0,1.0,0.0
0.13901052474975586,0.005545407372068296,0.025737762451171875,0.0009820762779217684,,entropy,3,2,0.5,25,"{'estimator__class_weight': None, 'estimator__criterion': 'entropy', 'estimator__max_depth': 3, 'estimator__min_samples_leaf': 2, 'learning_rate': 0.5, 'n_estimators': 25}",0.9220978714066272,0.9519560741249142,0.8853801169590643,0.9519560741249142,0.8878975062914665,0.9198575285813974,0.029243075504952216,214,1.0,1.0,1.0,1.0,1.0,1.0,0.0,0.946236559139785,0.967741935483871,0.9263157894736842,0.967741935483871,0.9247311827956989,0.9465534804753821,0.018887977676434207,211,1.0,1.0,1.0,1.0,1.0,1.0,0.0,0.8979591836734694,0.9361702127659575,0.8444444444444444,0.9361702127659575,0.851063829787234,0.8931615766874126,0.03966883375022871,215,1.0,1.0,1.0,1.0,1.0,1.0,0.0,0.8461538461538461,0.88,0.76,0.88,0.8,0.8332307692307692,0.046922824715589534,221,1.0,1.0,1.0,1.0,1.0,1.0,0.0,0.9295774647887324,0.9571428571428572,0.9,0.9571428571428572,0.9,0.9287726358148894,0.02555823080553661,202,1.0,1.0,1.0,1.0,1.0,1.0,0.0,0.9871794871794871,0.9644444444444444,0.9484444444444444,0.9768888888888888,0.9351111111111111,0.9624136752136752,0.018801971661484482,216,1.0,1.0,1.0,1.0,1.0,1.0,0.0
0.5846649169921875,0.012607454965020788,0.06005153656005859,0.010950518746072398,,gini,3,1,1.5,100,"{'estimator__class_weight': None, 'estimator__criterion': 'gini', 'estimator__max_depth': 3, 'estimator__min_samples_leaf': 1, 'learning_rate': 1.5, 'n_estimators': 100}",0.9370567375886525,0.9048913043478262,0.8853801169590643,0.9519560741249142,0.9199267902081903,0.9198422046457295,0.023404327888353123,215,1.0,1.0,1.0,1.0,1.0,1.0,0.0,0.9574468085106383,0.9347826086956522,0.9263157894736842,0.967741935483871,0.946236559139785,0.9465047402607262,0.014938683623103051,227,1.0,1.0,1.0,1.0,1.0,1.0,0.0,0.9166666666666666,0.875,0.8444444444444444,0.9361702127659575,0.8936170212765957,0.8931796690307328,0.03195509244903084,212,1.0,1.0,1.0,1.0,1.0,1.0,0.0,0.8461538461538461,0.84,0.76,0.88,0.84,0.8332307692307692,0.039519001496621096,221,1.0,1.0,1.0,1.0,1.0,1.0,0.0,0.9436619718309859,0.9142857142857143,0.9,0.9571428571428572,0.9285714285714286,0.9287323943661973,0.020319102538304667,218,1.0,1.0,1.0,1.0,1.0,1.0,0.0,0.9888888888888889,0.9555555555555555,0.9635555555555555,0.9875555555555555,0.96,0.971111111111111,0.0142055457784697,85,1.0,1.0,1.0,1.0,1.0,1.0,0.0
1.185232925415039,0.030013369846417014,0.09163308143615723,0.007867728634583081,balanced,gini,3,2,0.5,200,"{'estimator__class_weight': 'balanced', 'estimator__criterion': 'gini', 'estimator__max_depth': 3, 'estimator__min_samples_leaf': 2, 'learning_rate': 0.5, 'n_estimators': 200}",0.9055851063829787,0.9529042386185244,0.8853801169590643,0.9352451433857539,0.9199267902081903,0.9198082791109023,0.023329167798496933,216,1.0,1.0,1.0,1.0,1.0,1.0,0.0,0.9361702127659575,0.967032967032967,0.9263157894736842,0.9574468085106383,0.946236559139785,0.9466404673846064,0.014529369953806399,205,1.0,1.0,1.0,1.0,1.0,1.0,0.0,0.875,0.9387755102040817,0.8444444444444444,0.9130434782608695,0.8936170212765957,0.8929760908371984,0.032184338388607646,225,1.0,1.0,1.0,1.0,1.0,1.0,0.0,0.8076923076923077,0.92,0.76,0.84,0.84,0.8335384615384616,0.05222074221188133,200,1.0,1.0,1.0,1.0,1.0,1.0,0.0,0.9154929577464789,0.9571428571428572,0.9,0.9428571428571428,0.9285714285714286,0.9288128772635815,0.020037413034830122,194,1.0,1.0,1.0,1.0,1.0,1.0,0.0,0.9931623931623931,0.9546666666666667,0.9653333333333333,0.9902222222222222,0.975111111111111,0.9756991452991454,0.014601683386441284,19,1.0,1.0,1.0,1.0,1.0,1.0,0.0
0.18656210899353026,0.010729799448205051,0.030292224884033204,0.004371553521732993,balanced,entropy,3,5,0.1,25,"{'estimator__class_weight': 'balanced', 'estimator__criterion': 'entropy', 'estimator__max_depth': 3, 'estimator__min_samples_leaf': 5, 'learning_rate': 0.1, 'n_estimators': 25}",0.9055851063829787,0.9365942028985508,0.9005681818181819,0.9682971014492754,0.8878975062914665,0.9197884197680907,0.029064440697921263,217,0.9601706970128023,0.9646614965416056,0.9644888158726146,0.9443406904357668,0.9604448198198199,0.9588213039365219,0.007488302532164566,0.9361702127659575,0.9565217391304348,0.9375,0.9782608695652174,0.9247311827956989,0.9466368008514616,0.01881850379359264,207,0.972972972972973,0.9754768392370572,0.975609756097561,0.9623655913978495,0.972972972972973,0.9718796265356827,0.004894108360776737,0.875,0.9166666666666666,0.8636363636363636,0.9583333333333334,0.851063829787234,0.8929400386847195,0.03942943847271694,226,0.9473684210526315,0.9538461538461539,0.9533678756476683,0.9263157894736842,0.9479166666666666,0.9457629813373609,0.010085446582452771,0.8076923076923077,0.88,0.76,0.92,0.8,0.8335384615384616,0.058025907292861556,200,0.9,0.9207920792079208,0.9108910891089109,0.8712871287128713,0.900990099009901,0.9007920792079208,0.016572258180520945,0.9154929577464789,0.9428571428571428,0.9142857142857143,0.9714285714285714,0.9,0.9288128772635815,0.02542431671278607,194,0.9642857142857143,0.9679715302491103,0.9679715302491103,0.9501779359430605,0.9644128113879004,0.9629639044229792,0.006595151787559779,0.9888888888888889,0.9680000000000001,0.9422222222222222,0.9693333333333334,0.9182222222222223,0.9573333333333333,0.02454202744499956,363,0.9914722222222222,0.9963696369636964,0.9920792079207921,0.9936743674367436,0.9958195819581959,0.9938830033003299,0.0019515509716770396
0.24927825927734376,0.01385559913244173,0.04423565864562988,0.0030167661909811815,balanced,gini,2,1,0.1,50,"{'estimator__class_weight': 'balanced', 'estimator__criterion': 'gini', 'estimator__max_depth': 2, 'estimator__min_samples_leaf': 1, 'learning_rate': 0.1, 'n_estimators': 50}",0.9370567375886525,0.9365942028985508,0.8853801169590643,0.9519560741249142,0.8878975062914665,0.9197769275725296,0.027627334790089515,218,0.9442389758179233,0.9487060673715546,0.9565974416220846,0.9360564341790876,0.9568084957730734,0.9484814829527448,0.00784396672112131,0.9574468085106383,0.9565217391304348,0.9263157894736842,0.967741935483871,0.9247311827956989,0.9465514910788654,0.017622475395113538,213,0.9621621621621622,0.964769647696477,0.9701897018970189,0.9572192513368984,0.9700272479564033,0.9648736022097919,0.004914728503675337,0.9166666666666666,0.9166666666666666,0.8444444444444444,0.9361702127659575,0.851063829787234,0.8930023640661938,0.03768334860905791,216,0.9263157894736842,0.9326424870466321,0.9430051813471503,0.9148936170212766,0.9435897435897436,0.9320893636956973,0.010777268866799701,0.8461538461538461,0.88,0.76,0.88,0.8,0.8332307692307692,0.046922824715589534,221,0.88,0.8910891089108911,0.900990099009901,0.8514851485148515,0.9108910891089109,0.886891089108911,0.02046202917065193,0.9436619718309859,0.9428571428571428,0.9,0.9571428571428572,0.9,0.9287323943661973,0.024002733887717613,218,0.95,0.9537366548042705,0.9608540925266904,0.9430604982206405,0.9608540925266904,0.9537010676156583,0.006771298483297702,0.982905982905983,0.9666666666666667,0.9537777777777778,0.9675555555555555,0.9257777777777778,0.9593367521367522,0.01915145932641204,319,0.9855833333333334,0.9902090209020902,0.9861661166116611,0.9872112211221122,0.991969196919692,0.9882277777777778,0.00245765994925749
0.5507763385772705,0.010174294467832485,0.06306662559509277,0.007285488726345201,balanced,gini,2,1,0.1,100,"{'estimator__class_weight': 'balanced', 'estimator__criterion': 'gini', 'estimator__max_depth': 2, 'estimator__min_samples_leaf': 1, 'learning_rate': 0.1, 'n_estimators': 100}",0.9370567375886525,0.9365942028985508,0.8853801169590643,0.9519560741249142,0.8878975062914665,0.9197769275725296,0.027627334790089515,218,0.9442389758179233,0.9487060673715546,0.9565974416220846,0.9360564341790876,0.9568084957730734,0.9484814829527448,0.00784396672112131,0.9574468085106383,0.9565217391304348,0.9263157894736842,0.967741935483871,0.9247311827956989,0.9465514910788654,0.017622475395113538,213,0.9621621621621622,0.964769647696477,0.9701897018970189,0.9572192513368984,0.9700272479564033,0.9648736022097919,0.004914728503675337,0.9166666666666666,0.9166666666666666,0.8444444444444444,0.9361702127659575,0.851063829787234,0.8930023640661938,0.03768334860905791,216,0.9263157894736842,0.9326424870466321,0.9430051813471503,0.9148936170212766,0.9435897435897436,0.9320893636956973,0.010777268866799701,0.8461538461538461,0.88,0.76,0.88,0.8,0.8332307692307692,0.046922824715589534,221,0.88,0.8910891089108911,0.900990099009901,0.8514851485148515,0.9108910891089109,0.886891089108911,0.02046202917065193,0.9436619718309859,0.9428571428571428,0.9,0.9571428571428572,0.9,0.9287323943661973,0.024002733887717613,218,0.95,0.9537366548042705,0.9608540925266904,0.9430604982206405,0.9608540925266904,0.9537010676156583,0.006771298483297702,0.982905982905983,0.9666666666666667,0.9537777777777778,0.9675555555555555,0.9257777777777778,0.9593367521367522,0.01915145932641204,319,0.9855833333333334,0.9902090209020902,0.9861661166116611,0.9872112211221122,0.991969196919692,0.9882277777777778,0.00245765994925749
1.029773187637329,0.044465001983291105,0.08263635635375977,0.009796901832496248,balanced,gini,2,1,0.1,200,"{'estimator__class_weight': 'balanced', 'estimator__criterion': 'gini', 'estimator__max_depth': 2, 'estimator__min_samples_leaf': 1, 'learning_rate': 0.1, 'n_estimators': 200}",0.9370567375886525,0.9365942028985508,0.8853801169590643,0.9519560741249142,0.8878975062914665,0.9197769275725296,0.027627334790089515,218,0.9442389758179233,0.9487060673715546,0.9565974416220846,0.9360564341790876,0.9568084957730734,0.9484814829527448,0.00784396672112131,0.9574468085106383,0.9565217391304348,0.9263157894736842,0.967741935483871,0.9247311827956989,0.9465514910788654,0.017622475395113538,213,0.9621621621621622,0.964769647696477,0.9701897018970189,0.9572192513368984,0.9700272479564033,0.9648736022097919,0.004914728503675337,0.9166666666666666,0.9166666666666666,0.8444444444444444,0.9361702127659575,0.851063829787234,0.8930023640661938,0.03768334860905791,216,0.9263157894736842,0.9326424870466321,0.9430051813471503,0.9148936170212766,0.9435897435897436,0.9320893636956973,0.010777268866799701,0.8461538461538461,0.88,0.76,0.88,0.8,0.8332307692307692,0.046922824715589534,221,0.88,0.8910891089108911,0.900990099009901,0.8514851485148515,0.9108910891089109,0.886891089108911,0.02046202917065193,0.9436619718309859,0.9428571428571428,0.9,0.9571428571428572,0.9,0.9287323943661973,0.024002733887717613,218,0.95,0.9537366548042705,0.9608540925266904,0.9430604982206405,0.9608540925266904,0.9537010676156583,0.006771298483297702,0.982905982905983,0.9666666666666667,0.9537777777777778,0.9675555555555555,0.9257777777777778,0.9593367521367522,0.01915145932641204,319,0.9855833333333334,0.9902090209020902,0.9861661166116611,0.9872112211221122,0.991969196919692,0.9882277777777778,0.00245765994925749
0.2528132438659668,0.01618057860160076,0.038823413848876956,0.005034127967359771,balanced,gini,2,2,0.1,50,"{'estimator__class_weight': 'balanced', 'estimator__criterion': 'gini', 'estimator__max_depth': 2, 'estimator__min_samples_leaf': 2, 'learning_rate': 0.1, 'n_estimators': 50}",0.9370567375886525,0.9365942028985508,0.8853801169590643,0.9519560741249142,0.8878975062914665,0.9197769275725296,0.027627334790089515,218,0.9442389758179233,0.9487060673715546,0.9565974416220846,0.9360564341790876,0.9568084957730734,0.9484814829527448,0.00784396672112131,0.9574468085106383,0.9565217391304348,0.9263157894736842,0.967741935483871,0.9247311827956989,0.9465514910788654,0.017622475395113538,213,0.9621621621621622,0.964769647696477,0.9701897018970189,0.9572192513368984,0.9700272479564033,0.9648736022097919,0.004914728503675337,0.9166666666666666,0.9166666666666666,0.8444444444444444,0.9361702127659575,0.851063829787234,0.8930023640661938,0.03768334860905791,216,0.9263157894736842,0.9326424870466321,0.9430051813471503,0.9148936170212766,0.9435897435897436,0.9320893636956973,0.010777268866799701,0.8461538461538461,0.88,0.76,0.88,0.8,0.8332307692307692,0.046922824715589534,221,0.88,0.8910891089108911,0.900990099009901,0.8514851485148515,0.9108910891089109,0.886891089108911,0.02046202917065193,0.9436619718309859,0.9428571428571428,0.9,0.9571428571428572,0.9,0.9287323943661973,0.024002733887717613,218,0.95,0.9537366548042705,0.9608540925266904,0.9430604982206405,0.9608540925266904,0.9537010676156583,0.006771298483297702,0.982905982905983,0.9666666666666667,0.9537777777777778,0.9675555555555555,0.9257777777777778,0.9593367521367522,0.01915145932641204,319,0.9855833333333334,0.9902090209020902,0.9861661166116611,0.9872112211221122,0.991969196919692,0.9882277777777778,0.00245765994925749
0.4972951412200928,0.017755887586685226,0.0556032657623291,0.005429442824773788,balanced,gini,2,2,0.1,100,"{'estimator__class_weight': 'balanced', 'estimator__criterion': 'gini', 'estimator__max_depth': 2, 'estimator__min_samples_leaf': 2, 'learning_rate': 0.1, 'n_estimators': 100}",0.9370567375886525,0.9365942028985508,0.8853801169590643,0.9519560741249142,0.8878975062914665,0.9197769275725296,0.027627334790089515,218,0.9442389758179233,0.9487060673715546,0.9565974416220846,0.9360564341790876,0.9568084957730734,0.9484814829527448,0.00784396672112131,0.9574468085106383,0.9565217391304348,0.9263157894736842,0.967741935483871,0.9247311827956989,0.9465514910788654,0.017622475395113538,213,0.9621621621621622,0.964769647696477,0.9701897018970189,0.9572192513368984,0.9700272479564033,0.9648736022097919,0.004914728503675337,0.9166666666666666,0.9166666666666666,0.8444444444444444,0.9361702127659575,0.851063829787234,0.8930023640661938,0.03768334860905791,216,0.9263157894736842,0.9326424870466321,0.9430051813471503,0.9148936170212766,0.9435897435897436,0.9320893636956973,0.010777268866799701,0.8461538461538461,0.88,0.76,0.88,0.8,0.8332307692307692,0.046922824715589534,221,0.88,0.8910891089108911,0.900990099009901,0.8514851485148515,0.9108910891089109,0.886891089108911,0.02046202917065193,0.9436619718309859,0.9428571428571428,0.9,0.9571428571428572,0.9,0.9287323943661973,0.024002733887717613,218,0.95,0.9537366548042705,0.9608540925266904,0.9430604982206405,0.9608540925266904,0.9537010676156583,0.006771298483297702,0.982905982905983,0.9666666666666667,0.9537777777777778,0.9675555555555555,0.9257777777777778,0.9593367521367522,0.01915145932641204,319,0.9855833333333334,0.9902090209020902,0.9861661166116611,0.9872112211221122,0.991969196919692,0.9882277777777778,0.00245765994925749
0.9871534824371337,0.02560037694646502,0.09122366905212402,0.007612711027127051,balanced,gini,2,2,0.1,200,"{'estimator__class_weight': 'balanced', 'estimator__criterion': 'gini', 'estimator__max_depth': 2, 'estimator__min_samples_leaf': 2, 'learning_rate': 0.1, 'n_estimators': 200}",0.9370567375886525,0.9365942028985508,0.8853801169590643,0.9519560741249142,0.8878975062914665,0.9197769275725296,0.027627334790089515,218,0.9442389758179233,0.9487060673715546,0.9565974416220846,0.9360564341790876,0.9568084957730734,0.9484814829527448,0.00784396672112131,0.9574468085106383,0.9565217391304348,0.9263157894736842,0.967741935483871,0.9247311827956989,0.9465514910788654,0.017622475395113538,213,0.9621621621621622,0.964769647696477,0.9701897018970189,0.9572192513368984,0.9700272479564033,0.9648736022097919,0.004914728503675337,0.9166666666666666,0.9166666666666666,0.8444444444444444,0.9361702127659575,0.851063829787234,0.8930023640661938,0.03768334860905791,216,0.9263157894736842,0.9326424870466321,0.9430051813471503,0.9148936170212766,0.9435897435897436,0.9320893636956973,0.010777268866799701,0.8461538461538461,0.88,0.76,0.88,0.8,0.8332307692307692,0.046922824715589534,221,0.88,0.8910891089108911,0.900990099009901,0.8514851485148515,0.9108910891089109,0.886891089108911,0.02046202917065193,0.9436619718309859,0.9428571428571428,0.9,0.9571428571428572,0.9,0.9287323943661973,0.024002733887717613,218,0.95,0.9537366548042705,0.9608540925266904,0.9430604982206405,0.9608540925266904,0.9537010676156583,0.006771298483297702,0.982905982905983,0.9666666666666667,0.9537777777777778,0.9675555555555555,0.9257777777777778,0.9593367521367522,0.01915145932641204,319,0.9855833333333334,0.9902090209020902,0.9861661166116611,0.9872112211221122,0.991969196919692,0.9882277777777778,0.00245765994925749
0.2614316940307617,0.01748637578959021,0.040980052947998044,0.0056492966550213,balanced,gini,2,5,0.1,50,"{'estimator__class_weight': 'balanced', 'estimator__criterion': 'gini', 'estimator__max_depth': 2, 'estimator__min_samples_leaf': 5, 'learning_rate': 0.1, 'n_estimators': 50}",0.9370567375886525,0.9365942028985508,0.8853801169590643,0.9519560741249142,0.8878975062914665,0.9197769275725296,0.027627334790089515,218,0.9442389758179233,0.9487060673715546,0.9565974416220846,0.9443406904357668,0.9568084957730734,0.9501383342040806,0.005597814125280126,0.9574468085106383,0.9565217391304348,0.9263157894736842,0.967741935483871,0.9247311827956989,0.9465514910788654,0.017622475395113538,213,0.9621621621621622,0.964769647696477,0.9701897018970189,0.9623655913978495,0.9700272479564033,0.9659028702219821,0.0035546265364186616,0.9166666666666666,0.9166666666666666,0.8444444444444444,0.9361702127659575,0.851063829787234,0.8930023640661938,0.03768334860905791,216,0.9263157894736842,0.9326424870466321,0.9430051813471503,0.9263157894736842,0.9435897435897436,0.9343737981861789,0.007645846873122489,0.8461538461538461,0.88,0.76,0.88,0.8,0.8332307692307692,0.046922824715589534,221,0.88,0.8910891089108911,0.900990099009901,0.8712871287128713,0.9108910891089109,0.890851485148515,0.014177111522744014,0.9436619718309859,0.9428571428571428,0.9,0.9571428571428572,0.9,0.9287323943661973,0.024002733887717613,218,0.95,0.9537366548042705,0.9608540925266904,0.9501779359430605,0.9608540925266904,0.9551245551601424,0.004864392491058161,0.982905982905983,0.9666666666666667,0.9537777777777778,0.9728888888888889,0.9257777777777778,0.9604034188034187,0.019719608331195966,278,0.9855833333333334,0.9902090209020902,0.9861661166116611,0.9907315731573157,0.991969196919692,0.9889318481848184,0.002567391295030314
0.5144761085510254,0.021371110540958586,0.056175756454467776,0.006182002005746118,balanced,gini,2,5,0.1,100,"{'estimator__class_weight': 'balanced', 'estimator__criterion': 'gini', 'estimator__max_depth': 2, 'estimator__min_samples_leaf': 5, 'learning_rate': 0.1, 'n_estimators': 100}",0.9370567375886525,0.9365942028985508,0.8853801169590643,0.9519560741249142,0.8878975062914665,0.9197769275725296,0.027627334790089515,218,0.9442389758179233,0.9487060673715546,0.9565974416220846,0.9443406904357668,0.9568084957730734,0.9501383342040806,0.005597814125280126,0.9574468085106383,0.9565217391304348,0.9263157894736842,0.967741935483871,0.9247311827956989,0.9465514910788654,0.017622475395113538,213,0.9621621621621622,0.964769647696477,0.9701897018970189,0.9623655913978495,0.9700272479564033,0.9659028702219821,0.0035546265364186616,0.9166666666666666,0.9166666666666666,0.8444444444444444,0.9361702127659575,0.851063829787234,0.8930023640661938,0.03768334860905791,216,0.9263157894736842,0.9326424870466321,0.9430051813471503,0.9263157894736842,0.9435897435897436,0.9343737981861789,0.007645846873122489,0.8461538461538461,0.88,0.76,0.88,0.8,0.8332307692307692,0.046922824715589534,221,0.88,0.8910891089108911,0.900990099009901,0.8712871287128713,0.9108910891089109,0.890851485148515,0.014177111522744014,0.9436619718309859,0.9428571428571428,0.9,0.9571428571428572,0.9,0.9287323943661973,0.024002733887717613,218,0.95,0.9537366548042705,0.9608540925266904,0.9501779359430605,0.9608540925266904,0.9551245551601424,0.004864392491058161,0.982905982905983,0.9666666666666667,0.9537777777777778,0.9728888888888889,0.9257777777777778,0.9604034188034187,0.019719608331195966,278,0.9855833333333334,0.9902090209020902,0.9861661166116611,0.9907315731573157,0.991969196919692,0.9889318481848184,0.002567391295030314
0.992335319519043,0.0248351108720472,0.09561767578125,0.005253992577579013,balanced,gini,2,5,0.1,200,"{'estimator__class_weight': 'balanced', 'estimator__criterion': 'gini', 'estimator__max_depth': 2, 'estimator__min_samples_leaf': 5, 'learning_rate': 0.1, 'n_estimators': 200}",0.9370567375886525,0.9365942028985508,0.8853801169590643,0.9519560741249142,0.8878975062914665,0.9197769275725296,0.027627334790089515,218,0.9442389758179233,0.9487060673715546,0.9565974416220846,0.9443406904357668,0.9568084957730734,0.9501383342040806,0.005597814125280126,0.9574468085106383,0.9565217391304348,0.9263157894736842,0.967741935483871,0.9247311827956989,0.9465514910788654,0.017622475395113538,213,0.9621621621621622,0.964769647696477,0.9701897018970189,0.9623655913978495,0.9700272479564033,0.9659028702219821,0.0035546265364186616,0.9166666666666666,0.9166666666666666,0.8444444444444444,0.9361702127659575,0.851063829787234,0.8930023640661938,0.03768334860905791,216,0.9263157894736842,0.9326424870466321,0.9430051813471503,0.9263157894736842,0.9435897435897436,0.9343737981861789,0.007645846873122489,0.8461538461538461,0.88,0.76,0.88,0.8,0.8332307692307692,0.046922824715589534,221,0.88,0.8910891089108911,0.900990099009901,0.8712871287128713,0.9108910891089109,0.890851485148515,0.014177111522744014,0.9436619718309859,0.9428571428571428,0.9,0.9571428571428572,0.9,0.9287323943661973,0.024002733887717613,218,0.95,0.9537366548042705,0.9608540925266904,0.9501779359430605,0.9608540925266904,0.9551245551601424,0.004864392491058161,0.982905982905983,0.9666666666666667,0.9537777777777778,0.9728888888888889,0.9257777777777778,0.9604034188034187,0.019719608331195966,278,0.9855833333333334,0.9902090209020902,0.9861661166116611,0.9907315731573157,0.991969196919692,0.9889318481848184,0.002567391295030314
0.6218278408050537,0.3197029671474051,0.06213679313659668,0.023769209940285044,balanced,gini,2,1,1.0,200,"{'estimator__class_weight': 'balanced', 'estimator__criterion': 'gini', 'estimator__max_depth': 2, 'estimator__min_samples_leaf': 1, 'learning_rate': 1.0, 'n_estimators': 200}",0.8886898096304592,0.9529042386185244,0.8853801169590643,0.9519560741249142,0.9199267902081903,0.9197714059082305,0.029265980245556156,227,1.0,1.0,1.0,1.0,1.0,1.0,0.0,0.9263157894736842,0.967032967032967,0.9263157894736842,0.967741935483871,0.946236559139785,0.9467286081207982,0.018370821212681156,201,1.0,1.0,1.0,1.0,1.0,1.0,0.0,0.851063829787234,0.9387755102040817,0.8444444444444444,0.9361702127659575,0.8936170212765957,0.8928142036956628,0.040188448753458964,229,1.0,1.0,1.0,1.0,1.0,1.0,0.0,0.7692307692307693,0.92,0.76,0.88,0.84,0.8338461538461539,0.061998282091107325,196,1.0,1.0,1.0,1.0,1.0,1.0,0.0,0.9014084507042254,0.9571428571428572,0.9,0.9571428571428572,0.9285714285714286,0.9288531187122737,0.025244445772381944,192,1.0,1.0,1.0,1.0,1.0,1.0,0.0,0.9888888888888888,0.9457777777777778,0.9573333333333334,0.9928888888888889,0.9706666666666666,0.9711111111111113,0.01801179311889918,84,1.0,1.0,1.0,1.0,1.0,1.0,0.0
0.6789424419403076,0.33359188582723237,0.07536134719848633,0.029003926490580104,balanced,gini,2,2,1.0,200,"{'estimator__class_weight': 'balanced', 'estimator__criterion': 'gini', 'estimator__max_depth': 2, 'estimator__min_samples_leaf': 2, 'learning_rate': 1.0, 'n_estimators': 200}",0.8886898096304592,0.9529042386185244,0.8853801169590643,0.9519560741249142,0.9199267902081903,0.9197714059082305,0.029265980245556156,227,1.0,1.0,1.0,1.0,1.0,1.0,0.0,0.9263157894736842,0.967032967032967,0.9263157894736842,0.967741935483871,0.946236559139785,0.9467286081207982,0.018370821212681156,201,1.0,1.0,1.0,1.0,1.0,1.0,0.0,0.851063829787234,0.9387755102040817,0.8444444444444444,0.9361702127659575,0.8936170212765957,0.8928142036956628,0.040188448753458964,229,1.0,1.0,1.0,1.0,1.0,1.0,0.0,0.7692307692307693,0.92,0.76,0.88,0.84,0.8338461538461539,0.061998282091107325,196,1.0,1.0,1.0,1.0,1.0,1.0,0.0,0.9014084507042254,0.9571428571428572,0.9,0.9571428571428572,0.9285714285714286,0.9288531187122737,0.025244445772381944,192,1.0,1.0,1.0,1.0,1.0,1.0,0.0,0.9888888888888888,0.9457777777777778,0.959111111111111,0.9928888888888889,0.9706666666666666,0.9714666666666666,0.017751981283963002,76,1.0,1.0,1.0,1.0,1.0,1.0,0.0
1.1951085567474364,0.030365454812934782,0.09386258125305176,0.006175788221869201,balanced,entropy,2,5,1.5,200,"{'estimator__class_weight': 'balanced', 'estimator__criterion': 'entropy', 'estimator__max_depth': 2, 'estimator__min_samples_leaf': 5, 'learning_rate': 1.5, 'n_estimators': 200}",0.9055851063829787,0.9529042386185244,0.8853801169590643,0.9519560741249142,0.9028677150786308,0.9197386502328225,0.027580350688208688,229,1.0,1.0,1.0,1.0,1.0,1.0,0.0,0.9361702127659575,0.967032967032967,0.9263157894736842,0.967741935483871,0.9361702127659575,0.9466862235044875,0.017282711161629386,204,1.0,1.0,1.0,1.0,1.0,1.0,0.0,0.875,0.9387755102040817,0.8444444444444444,0.9361702127659575,0.8695652173913043,0.8927910769611577,0.037920119651041966,231,1.0,1.0,1.0,1.0,1.0,1.0,0.0,0.8076923076923077,0.92,0.76,0.88,0.8,0.8335384615384616,0.058025907292861556,200,1.0,1.0,1.0,1.0,1.0,1.0,0.0,0.9154929577464789,0.9571428571428572,0.9,0.9571428571428572,0.9142857142857143,0.9288128772635815,0.023764747573892506,194,1.0,1.0,1.0,1.0,1.0,1.0,0.0,0.9871794871794872,0.9484444444444444,0.9546666666666667,0.992,0.9653333333333334,0.9695247863247862,0.017317831872160825,109,1.0,1.0,1.0,1.0,1.0,1.0,0.0
0.18008890151977539,0.022839117157440865,0.03343343734741211,0.0013205410952063209,balanced,entropy,3,2,0.1,25,"{'estimator__class_weight': 'balanced', 'estimator__criterion': 'entropy', 'estimator__max_depth': 3, 'estimator__min_samples_leaf': 2, 'learning_rate': 0.1, 'n_estimators': 25}",0.9204927211646137,0.9365942028985508,0.8853801169590643,0.9682971014492754,0.8878975062914665,0.9197323297525941,0.031102953299176273,230,0.9601706970128023,0.9646614965416056,0.9604448198198199,0.9522920203735145,0.9644888158726146,0.9604115699240714,0.0044871376399267604,0.9473684210526315,0.9565217391304348,0.9263157894736842,0.9782608695652174,0.9247311827956989,0.9466396004035333,0.019955593509306986,206,0.972972972972973,0.9754768392370572,0.972972972972973,0.967741935483871,0.975609756097561,0.9729548953528869,0.0028490030089552898,0.8936170212765957,0.9166666666666666,0.8444444444444444,0.9583333333333334,0.851063829787234,0.892825059101655,0.04229673178070495,228,0.9473684210526315,0.9538461538461539,0.9479166666666666,0.9368421052631579,0.9533678756476683,0.9478682444952555,0.0061287724311844104,0.8076923076923077,0.88,0.76,0.92,0.8,0.8335384615384616,0.058025907292861556,200,0.9,0.9207920792079208,0.900990099009901,0.8811881188118812,0.9108910891089109,0.9027722772277228,0.013170922097675964,0.9295774647887324,0.9428571428571428,0.9,0.9714285714285714,0.9,0.9287726358148893,0.027108224120556183,203,0.9642857142857143,0.9679715302491103,0.9644128113879004,0.9572953736654805,0.9679715302491103,0.9643873919674633,0.003898712673113936,0.9935897435897435,0.9742222222222222,0.9471111111111111,0.9671111111111113,0.9191111111111111,0.9602290598290599,0.025372712625689575,287,0.993,0.996039603960396,0.9955995599559956,0.9938943894389438,0.9960946094609461,0.9949256325632563,0.0012516501541386931
0.18349261283874513,0.01801582498257949,0.031754064559936526,0.00046318878662256517,balanced,entropy,3,1,0.5,25,"{'estimator__class_weight': 'balanced', 'estimator__criterion': 'entropy', 'estimator__max_depth': 3, 'estimator__min_samples_leaf': 1, 'learning_rate': 0.5, 'n_estimators': 25}",0.9532587228439764,0.9028677150786308,0.8704902867715079,0.9519560741249142,0.9199267902081903,0.919699917805444,0.031214148466168736,231,1.0,1.0,1.0,1.0,1.0,1.0,0.0,0.967741935483871,0.9361702127659575,0.9148936170212766,0.967741935483871,0.946236559139785,0.9465568519789521,0.02004076263942806,210,1.0,1.0,1.0,1.0,1.0,1.0,0.0,0.9387755102040817,0.8695652173913043,0.8260869565217391,0.9361702127659575,0.8936170212765957,0.8928429836319356,0.04239308073895798,227,1.0,1.0,1.0,1.0,1.0,1.0,0.0,0.8846153846153846,0.8,0.76,0.88,0.84,0.8329230769230769,0.0476237720958667,252,1.0,1.0,1.0,1.0,1.0,1.0,0.0,0.9577464788732394,0.9142857142857143,0.8857142857142857,0.9571428571428572,0.9285714285714286,0.928692152917505,0.027233264752568234,236,1.0,1.0,1.0,1.0,1.0,1.0,0.0,0.9871794871794872,0.9475555555555556,0.9466666666666667,0.9857777777777778,0.9057777777777778,0.954591452991453,0.0300986637736853,408,1.0,1.0,1.0,1.0,1.0,1.0,0.0
0.11030664443969726,0.008243318817154455,0.024157333374023437,0.00345374799011095,,entropy,2,1,1.0,25,"{'estimator__class_weight': None, 'estimator__criterion': 'entropy', 'estimator__max_depth': 2, 'estimator__min_samples_leaf': 1, 'learning_rate': 1.0, 'n_estimators': 25}",0.9541047188106011,0.8853801169590643,0.8853801169590643,0.9682971014492754,0.9048913043478262,0.9196106717051663,0.034986652480030536,232,1.0,1.0,1.0,1.0,1.0,1.0,0.0,0.967032967032967,0.9263157894736842,0.9263157894736842,0.9782608695652174,0.9347826086956522,0.9465416048482409,0.021828645784927467,222,1.0,1.0,1.0,1.0,1.0,1.0,0.0,0.9411764705882353,0.8444444444444444,0.8444444444444444,0.9583333333333334,0.875,0.8926797385620915,0.04822486469956712,232,1.0,1.0,1.0,1.0,1.0,1.0,0.0,0.9230769230769231,0.76,0.76,0.92,0.84,0.8406153846153845,0.07224940367477747,187,1.0,1.0,1.0,1.0,1.0,1.0,0.0,0.9577464788732394,0.9,0.9,0.9714285714285714,0.9142857142857143,0.928692152917505,0.03008182200608737,236,1.0,1.0,1.0,1.0,1.0,1.0,0.0,0.9837606837606837,0.9368888888888889,0.9288888888888889,0.9893333333333333,0.9546666666666667,0.9587076923076923,0.02427811103510379,338,1.0,1.0,1.0,1.0,1.0,1.0,0.0
0.11000237464904786,0.005210294531314483,0.02447037696838379,0.0031416882938276516,,entropy,2,2,1.0,25,"{'estimator__class_weight': None, 'estimator__criterion': 'entropy', 'estimator__max_depth': 2, 'estimator__min_samples_leaf': 2, 'learning_rate': 1.0, 'n_estimators': 25}",0.9541047188106011,0.8853801169590643,0.8853801169590643,0.9682971014492754,0.9048913043478262,0.9196106717051663,0.034986652480030536,232,1.0,1.0,1.0,1.0,1.0,1.0,0.0,0.967032967032967,0.9263157894736842,0.9263157894736842,0.9782608695652174,0.9347826086956522,0.9465416048482409,0.021828645784927467,222,1.0,1.0,1.0,1.0,1.0,1.0,0.0,0.9411764705882353,0.8444444444444444,0.8444444444444444,0.9583333333333334,0.875,0.8926797385620915,0.04822486469956712,232,1.0,1.0,1.0,1.0,1.0,1.0,0.0,0.9230769230769231,0.76,0.76,0.92,0.84,0.8406153846153845,0.07224940367477747,187,1.0,1.0,1.0,1.0,1.0,1.0,0.0,0.9577464788732394,0.9,0.9,0.9714285714285714,0.9142857142857143,0.928692152917505,0.03008182200608737,236,1.0,1.0,1.0,1.0,1.0,1.0,0.0,0.9837606837606837,0.9368888888888889,0.9288888888888889,0.9893333333333333,0.9546666666666667,0.9587076923076923,0.02427811103510379,338,1.0,1.0,1.0,1.0,1.0,1.0,0.0
0.11142606735229492,0.004345884432980206,0.025791454315185546,0.0005729241694439216,,entropy,2,5,1.0,25,"{'estimator__class_weight': None, 'estimator__criterion': 'entropy', 'estimator__max_depth': 2, 'estimator__min_samples_leaf': 5, 'learning_rate': 1.0, 'n_estimators': 25}",0.9541047188106011,0.8853801169590643,0.8853801169590643,0.9682971014492754,0.9048913043478262,0.9196106717051663,0.034986652480030536,232,1.0,1.0,1.0,1.0,1.0,1.0,0.0,0.967032967032967,0.9263157894736842,0.9263157894736842,0.9782608695652174,0.9347826086956522,0.9465416048482409,0.021828645784927467,222,1.0,1.0,1.0,1.0,1.0,1.0,0.0,0.9411764705882353,0.8444444444444444,0.8444444444444444,0.9583333333333334,0.875,0.8926797385620915,0.04822486469956712,232,1.0,1.0,1.0,1.0,1.0,1.0,0.0,0.9230769230769231,0.76,0.76,0.92,0.84,0.8406153846153845,0.07224940367477747,187,1.0,1.0,1.0,1.0,1.0,1.0,0.0,0.9577464788732394,0.9,0.9,0.9714285714285714,0.9142857142857143,0.928692152917505,0.03008182200608737,236,1.0,1.0,1.0,1.0,1.0,1.0,0.0,0.9837606837606837,0.9368888888888889,0.9288888888888889,0.9893333333333333,0.9546666666666667,0.9587076923076923,0.02427811103510379,338,1.0,1.0,1.0,1.0,1.0,1.0,0.0
0.36310997009277346,0.01442530672067799,0.03919472694396973,0.0070336426521297795,balanced,entropy,3,1,1.0,50,"{'estimator__class_weight': 'balanced', 'estimator__criterion': 'entropy', 'estimator__max_depth': 3, 'estimator__min_samples_leaf': 1, 'learning_rate': 1.0, 'n_estimators': 50}",0.9532587228439764,0.9028677150786308,0.8674242424242424,0.9365942028985508,0.9365942028985508,0.9193478172287902,0.03070008646354426,235,1.0,1.0,1.0,1.0,1.0,1.0,0.0,0.967741935483871,0.9361702127659575,0.9166666666666666,0.9565217391304348,0.9565217391304348,0.9467244586354729,0.01815803242193983,203,1.0,1.0,1.0,1.0,1.0,1.0,0.0,0.9387755102040817,0.8695652173913043,0.8181818181818182,0.9166666666666666,0.9166666666666666,0.8919711758221075,0.043260320218917604,236,1.0,1.0,1.0,1.0,1.0,1.0,0.0,0.8846153846153846,0.8,0.72,0.88,0.88,0.8329230769230769,0.06471494161813834,252,1.0,1.0,1.0,1.0,1.0,1.0,0.0,0.9577464788732394,0.9142857142857143,0.8857142857142857,0.9428571428571428,0.9428571428571428,0.928692152917505,0.02569081656978326,236,1.0,1.0,1.0,1.0,1.0,1.0,0.0,0.9923076923076923,0.928,0.9528888888888889,0.9928888888888889,0.9626666666666667,0.9657504273504273,0.02466498706011079,147,1.0,1.0,1.0,1.0,1.0,1.0,0.0
0.13089632987976074,0.005567978001343769,0.022752857208251952,0.0005128034498211374,,gini,2,1,0.5,50,"{'estimator__class_weight': None, 'estimator__criterion': 'gini', 'estimator__max_depth': 2, 'estimator__min_samples_leaf': 1, 'learning_rate': 0.5, 'n_estimators': 50}",0.9541047188106011,0.9028677150786308,0.8853801169590643,0.9682971014492754,0.8853801169590643,0.9192059538513272,0.03516582743881841,236,1.0,1.0,1.0,1.0,1.0,1.0,0.0,0.967032967032967,0.9361702127659575,0.9263157894736842,0.9782608695652174,0.9263157894736842,0.9468191256623021,0.021685735303262507,200,1.0,1.0,1.0,1.0,1.0,1.0,0.0,0.9411764705882353,0.8695652173913043,0.8444444444444444,0.9583333333333334,0.8444444444444444,0.8915927820403524,0.04867029574060113,238,1.0,1.0,1.0,1.0,1.0,1.0,0.0,0.9230769230769231,0.8,0.76,0.92,0.76,0.8326153846153845,0.07406633840826143,258,1.0,1.0,1.0,1.0,1.0,1.0,0.0,0.9577464788732394,0.9142857142857143,0.9,0.9714285714285714,0.9,0.928692152917505,0.03008182200608737,236,1.0,1.0,1.0,1.0,1.0,1.0,0.0,0.9888888888888889,0.9511111111111111,0.9342222222222222,0.9804444444444445,0.9475555555555555,0.9604444444444444,0.020736084133345583,276,1.0,1.0,1.0,1.0,1.0,1.0,0.0
0.8218822956085206,0.006743224305961222,0.06051783561706543,0.003931090102135105,balanced,entropy,3,2,1.5,100,"{'estimator__class_weight': 'balanced', 'estimator__criterion': 'entropy', 'estimator__max_depth': 3, 'estimator__min_samples_leaf': 2, 'learning_rate': 1.5, 'n_estimators': 100}",0.9382608695652175,0.9365942028985508,0.8489570846319827,0.9352451433857539,0.9365942028985508,0.9191303006760112,0.035099637699620656,237,1.0,1.0,1.0,1.0,1.0,1.0,0.0,0.9565217391304348,0.9565217391304348,0.9072164948453608,0.9574468085106383,0.9565217391304348,0.9468457041494608,0.01981784348814896,199,1.0,1.0,1.0,1.0,1.0,1.0,0.0,0.92,0.9166666666666666,0.7906976744186046,0.9130434782608695,0.9166666666666666,0.8914148972025615,0.050406678739995874,240,1.0,1.0,1.0,1.0,1.0,1.0,0.0,0.8846153846153846,0.88,0.68,0.84,0.88,0.8329230769230769,0.07815384615384613,252,1.0,1.0,1.0,1.0,1.0,1.0,0.0,0.9436619718309859,0.9428571428571428,0.8714285714285714,0.9428571428571428,0.9428571428571428,0.9287323943661973,0.028653606985303972,218,1.0,1.0,1.0,1.0,1.0,1.0,0.0,0.9846153846153847,0.9555555555555556,0.944,0.9955555555555556,0.9537777777777778,0.9667008547008548,0.01979937654483168,139,1.0,1.0,1.0,1.0,1.0,1.0,0.0
0.0746117115020752,0.0027061184920882555,0.019124507904052734,0.000748707136028521,,gini,2,1,0.5,25,"{'estimator__class_weight': None, 'estimator__criterion': 'gini', 'estimator__max_depth': 2, 'estimator__min_samples_leaf': 1, 'learning_rate': 0.5, 'n_estimators': 25}",0.9541047188106011,0.9181286549707601,0.8853801169590643,0.9519560741249142,0.8853801169590643,0.9189899363648808,0.03026481756643126,238,0.9882535553970717,0.9922375690607734,0.9961273962596988,0.9844044844044844,0.9961273962596988,0.9914300802763453,0.004565761726048954,0.967032967032967,0.9473684210526315,0.9263157894736842,0.967741935483871,0.9263157894736842,0.9469549805033676,0.018370336884507885,197,0.9917355371900827,0.994475138121547,0.997229916897507,0.989010989010989,0.997229916897507,0.9939362996235266,0.003196504851875105,0.9411764705882353,0.8888888888888888,0.8444444444444444,0.9361702127659575,0.8444444444444444,0.8910248922263941,0.042183692394562926,244,0.9847715736040609,0.99,0.9950248756218906,0.9797979797979798,0.9950248756218906,0.9889238609291644,0.005935082683707567,0.9230769230769231,0.8,0.76,0.88,0.76,0.8246153846153845,0.06590651439010604,320,0.97,0.9801980198019802,0.9900990099009901,0.9603960396039604,0.9900990099009901,0.9781584158415841,0.011587728991907069,0.9577464788732394,0.9285714285714286,0.9,0.9571428571428572,0.9,0.928692152917505,0.025690816569783247,236,0.9892857142857143,0.9928825622775801,0.99644128113879,0.9857651245551602,0.99644128113879,0.992163192679207,0.004155399667422133,0.9931623931623932,0.9617777777777778,0.9337777777777777,0.9804444444444445,0.9075555555555556,0.9553435897435898,0.0311464092046075,402,1.0,1.0,1.0,0.9998899889988999,1.0,0.99997799779978,4.4004400440034173e-05
0.10359034538269044,0.004974998636468596,0.03195486068725586,0.006809501817346654,,gini,2,2,0.5,25,"{'estimator__class_weight': None, 'estimator__criterion': 'gini', 'estimator__max_depth': 2, 'estimator__min_samples_leaf': 2, 'learning_rate': 0.5, 'n_estimators': 25}",0.9541047188106011,0.9181286549707601,0.8853801169590643,0.9519560741249142,0.8853801169590643,0.9189899363648808,0.03026481756643126,238,0.9882535553970717,0.9922375690607734,0.9961273962596988,0.9844044844044844,0.9961273962596988,0.9914300802763453,0.004565761726048954,0.967032967032967,0.9473684210526315,0.9263157894736842,0.967741935483871,0.9263157894736842,0.9469549805033676,0.018370336884507885,197,0.9917355371900827,0.994475138121547,0.997229916897507,0.989010989010989,0.997229916897507,0.9939362996235266,0.003196504851875105,0.9411764705882353,0.8888888888888888,0.8444444444444444,0.9361702127659575,0.8444444444444444,0.8910248922263941,0.042183692394562926,244,0.9847715736040609,0.99,0.9950248756218906,0.9797979797979798,0.9950248756218906,0.9889238609291644,0.005935082683707567,0.9230769230769231,0.8,0.76,0.88,0.76,0.8246153846153845,0.06590651439010604,320,0.97,0.9801980198019802,0.9900990099009901,0.9603960396039604,0.9900990099009901,0.9781584158415841,0.011587728991907069,0.9577464788732394,0.9285714285714286,0.9,0.9571428571428572,0.9,0.928692152917505,0.025690816569783247,236,0.9892857142857143,0.9928825622775801,0.99644128113879,0.9857651245551602,0.99644128113879,0.992163192679207,0.004155399667422133,0.9931623931623932,0.9617777777777778,0.9337777777777777,0.9804444444444445,0.9075555555555556,0.9553435897435898,0.0311464092046075,402,1.0,1.0,1.0,0.9998899889988999,1.0,0.99997799779978,4.4004400440034173e-05
0.06825399398803711,0.0008687970143641174,0.01851058006286621,0.0002977326693376083,,gini,2,1,0.1,25,"{'estimator__class_weight': None, 'estimator__criterion': 'gini', 'estimator__max_depth': 2, 'estimator__min_samples_leaf': 1, 'learning_rate': 0.1, 'n_estimators': 25}",0.9204927211646137,0.9352451433857539,0.9005681818181819,0.9519560741249142,0.8853801169590643,0.9187284474905055,0.023756664223634455,240,0.9478143682527849,0.9402102217115622,0.9402102217115622,0.9315076349559108,0.9402102217115622,0.9399905336686765,0.005163656585775095,0.9473684210526315,0.9574468085106383,0.9375,0.967741935483871,0.9263157894736842,0.9472745909041651,0.014541038436237882,192,0.9651474530831099,0.9597855227882037,0.9597855227882037,0.9549071618037135,0.9597855227882037,0.9598822366502869,0.003240430049448187,0.8936170212765957,0.9130434782608695,0.8636363636363636,0.9361702127659575,0.8444444444444444,0.8901823040768461,0.03300290008631204,247,0.93048128342246,0.9206349206349206,0.9206349206349206,0.9081081081081082,0.9206349206349206,0.9200988306870659,0.007105419481843291,0.8076923076923077,0.84,0.76,0.88,0.76,0.8095384615384615,0.04648496607512924,376,0.87,0.8613861386138614,0.8613861386138614,0.8316831683168316,0.8613861386138614,0.857168316831683,0.013172053366994495,0.9295774647887324,0.9428571428571428,0.9142857142857143,0.9571428571428572,0.9,0.9287726358148893,0.02020705824026365,203,0.9535714285714286,0.9466192170818505,0.9466192170818505,0.9395017793594306,0.9466192170818505,0.9465861718352822,0.004449397810642343,0.9752136752136752,0.9653333333333334,0.9662222222222222,0.9684444444444444,0.9315555555555556,0.9613538461538461,0.01529605813287416,241,0.9844444444444445,0.9902640264026403,0.987953795379538,0.9892739273927392,0.9904290429042905,0.9884730473047305,0.002198826841647051
0.0700350284576416,0.002559485192213711,0.019131565093994142,0.0006941365632106046,,gini,2,2,0.1,25,"{'estimator__class_weight': None, 'estimator__criterion': 'gini', 'estimator__max_depth': 2, 'estimator__min_samples_leaf': 2, 'learning_rate': 0.1, 'n_estimators': 25}",0.9204927211646137,0.9352451433857539,0.9005681818181819,0.9519560741249142,0.8853801169590643,0.9187284474905055,0.023756664223634455,240,0.9478143682527849,0.9402102217115622,0.9402102217115622,0.9315076349559108,0.9402102217115622,0.9399905336686765,0.005163656585775095,0.9473684210526315,0.9574468085106383,0.9375,0.967741935483871,0.9263157894736842,0.9472745909041651,0.014541038436237882,192,0.9651474530831099,0.9597855227882037,0.9597855227882037,0.9549071618037135,0.9597855227882037,0.9598822366502869,0.003240430049448187,0.8936170212765957,0.9130434782608695,0.8636363636363636,0.9361702127659575,0.8444444444444444,0.8901823040768461,0.03300290008631204,247,0.93048128342246,0.9206349206349206,0.9206349206349206,0.9081081081081082,0.9206349206349206,0.9200988306870659,0.007105419481843291,0.8076923076923077,0.84,0.76,0.88,0.76,0.8095384615384615,0.04648496607512924,376,0.87,0.8613861386138614,0.8613861386138614,0.8316831683168316,0.8613861386138614,0.857168316831683,0.013172053366994495,0.9295774647887324,0.9428571428571428,0.9142857142857143,0.9571428571428572,0.9,0.9287726358148893,0.02020705824026365,203,0.9535714285714286,0.9466192170818505,0.9466192170818505,0.9395017793594306,0.9466192170818505,0.9465861718352822,0.004449397810642343,0.9752136752136752,0.9653333333333334,0.9662222222222222,0.9684444444444444,0.9315555555555556,0.9613538461538461,0.01529605813287416,241,0.9844444444444445,0.9902640264026403,0.987953795379538,0.9892739273927392,0.9904290429042905,0.9884730473047305,0.002198826841647051
0.11866726875305175,0.003048224137806253,0.036081361770629886,0.00107423463528237,,gini,2,5,0.1,25,"{'estimator__class_weight': None, 'estimator__criterion': 'gini', 'estimator__max_depth': 2, 'estimator__min_samples_leaf': 5, 'learning_rate': 0.1, 'n_estimators': 25}",0.9204927211646137,0.9352451433857539,0.9005681818181819,0.9519560741249142,0.8853801169590643,0.9187284474905055,0.023756664223634455,240,0.9478143682527849,0.9402102217115622,0.9402102217115622,0.9315076349559108,0.9402102217115622,0.9399905336686765,0.005163656585775095,0.9473684210526315,0.9574468085106383,0.9375,0.967741935483871,0.9263157894736842,0.9472745909041651,0.014541038436237882,192,0.9651474530831099,0.9597855227882037,0.9597855227882037,0.9549071618037135,0.9597855227882037,0.9598822366502869,0.003240430049448187,0.8936170212765957,0.9130434782608695,0.8636363636363636,0.9361702127659575,0.8444444444444444,0.8901823040768461,0.03300290008631204,247,0.93048128342246,0.9206349206349206,0.9206349206349206,0.9081081081081082,0.9206349206349206,0.9200988306870659,0.007105419481843291,0.8076923076923077,0.84,0.76,0.88,0.76,0.8095384615384615,0.04648496607512924,376,0.87,0.8613861386138614,0.8613861386138614,0.8316831683168316,0.8613861386138614,0.857168316831683,0.013172053366994495,0.9295774647887324,0.9428571428571428,0.9142857142857143,0.9571428571428572,0.9,0.9287726358148893,0.02020705824026365,203,0.9535714285714286,0.9466192170818505,0.9466192170818505,0.9395017793594306,0.9466192170818505,0.9465861718352822,0.004449397810642343,0.9752136752136752,0.9653333333333334,0.9662222222222222,0.9755555555555556,0.9315555555555556,0.9627760683760684,0.01619348855303503,206,0.9844444444444445,0.9902640264026403,0.987953795379538,0.9912541254125412,0.9904290429042905,0.9888690869086909,0.0024691272581455724
0.20051326751708984,0.02420496773503962,0.02754840850830078,0.005456483801735236,,entropy,2,1,0.1,50,"{'estimator__class_weight': None, 'estimator__criterion': 'entropy', 'estimator__max_depth': 2, 'estimator__min_samples_leaf': 1, 'learning_rate': 0.1, 'n_estimators': 50}",0.9204927211646137,0.9352451433857539,0.9005681818181819,0.9519560741249142,0.8853801169590643,0.9187284474905055,0.023756664223634455,240,0.9478143682527849,0.9315076349559108,0.9357126515671471,0.9398930481283423,0.9398930481283423,0.9389641502065054,0.005407844769391496,0.9473684210526315,0.9574468085106383,0.9375,0.967741935483871,0.9263157894736842,0.9472745909041651,0.014541038436237882,192,0.9651474530831099,0.9549071618037135,0.9574468085106383,0.96,0.96,0.9595002846794923,0.0033971601054401538,0.8936170212765957,0.9130434782608695,0.8636363636363636,0.9361702127659575,0.8444444444444444,0.8901823040768461,0.03300290008631204,247,0.93048128342246,0.9081081081081082,0.9139784946236559,0.9197860962566845,0.9197860962566845,0.9184280157335186,0.0074198215463742966,0.8076923076923077,0.84,0.76,0.88,0.76,0.8095384615384615,0.04648496607512924,376,0.87,0.8316831683168316,0.8415841584158416,0.8514851485148515,0.8514851485148515,0.8492475247524751,0.012711514069620613,0.9295774647887324,0.9428571428571428,0.9142857142857143,0.9571428571428572,0.9,0.9287726358148893,0.02020705824026365,203,0.9535714285714286,0.9395017793594306,0.9430604982206405,0.9466192170818505,0.9466192170818505,0.9458744280630402,0.0046665209921048735,0.9867521367521368,0.9617777777777778,0.9480000000000001,0.9764444444444444,0.9346666666666666,0.9615282051282051,0.018779551597027145,232,0.9900277777777778,0.9932068206820682,0.9874862486248625,0.9912816281628163,0.9941694169416943,0.9912343784378438,0.002366920962357086
0.20920305252075194,0.015196758857164417,0.0287017822265625,0.0035608626584050923,,entropy,2,2,0.1,50,"{'estimator__class_weight': None, 'estimator__criterion': 'entropy', 'estimator__max_depth': 2, 'estimator__min_samples_leaf': 2, 'learning_rate': 0.1, 'n_estimators': 50}",0.9204927211646137,0.9352451433857539,0.9005681818181819,0.9519560741249142,0.8853801169590643,0.9187284474905055,0.023756664223634455,240,0.9478143682527849,0.9315076349559108,0.9357126515671471,0.9398930481283423,0.9398930481283423,0.9389641502065054,0.005407844769391496,0.9473684210526315,0.9574468085106383,0.9375,0.967741935483871,0.9263157894736842,0.9472745909041651,0.014541038436237882,192,0.9651474530831099,0.9549071618037135,0.9574468085106383,0.96,0.96,0.9595002846794923,0.0033971601054401538,0.8936170212765957,0.9130434782608695,0.8636363636363636,0.9361702127659575,0.8444444444444444,0.8901823040768461,0.03300290008631204,247,0.93048128342246,0.9081081081081082,0.9139784946236559,0.9197860962566845,0.9197860962566845,0.9184280157335186,0.0074198215463742966,0.8076923076923077,0.84,0.76,0.88,0.76,0.8095384615384615,0.04648496607512924,376,0.87,0.8316831683168316,0.8415841584158416,0.8514851485148515,0.8514851485148515,0.8492475247524751,0.012711514069620613,0.9295774647887324,0.9428571428571428,0.9142857142857143,0.9571428571428572,0.9,0.9287726358148893,0.02020705824026365,203,0.9535714285714286,0.9395017793594306,0.9430604982206405,0.9466192170818505,0.9466192170818505,0.9458744280630402,0.0046665209921048735,0.9867521367521368,0.9617777777777778,0.9480000000000001,0.9764444444444444,0.9346666666666666,0.9615282051282051,0.018779551597027145,232,0.9900277777777778,0.9932068206820682,0.9874862486248625,0.9912816281628163,0.9941694169416943,0.9912343784378438,0.002366920962357086
0.15423970222473143,0.005529365679230983,0.029455232620239257,0.0045536509720803045,balanced,gini,3,2,0.1,25,"{'estimator__class_weight': 'balanced', 'estimator__criterion': 'gini', 'estimator__max_depth': 3, 'estimator__min_samples_leaf': 2, 'learning_rate': 0.1, 'n_estimators': 25}",0.9382608695652175,0.9519560741249142,0.8878975062914665,0.9529042386185244,0.858712715855573,0.917946280891139,0.03795510884989097,245,0.9763393611627513,0.9725144973101376,0.9725144973101376,0.96866287498606,0.9726444614421806,0.9725351384422533,0.002428140787199414,0.9565217391304348,0.967741935483871,0.9247311827956989,0.967032967032967,0.9010989010989011,0.9434253451083746,0.026310193780605246,297,0.9836065573770492,0.9809264305177112,0.9809264305177112,0.9781420765027322,0.9808219178082191,0.9808846825446846,0.0017284626523625308,0.92,0.9361702127659575,0.851063829787234,0.9387755102040817,0.8163265306122449,0.8924672166739036,0.0496469708933149,235,0.9690721649484536,0.9641025641025641,0.9641025641025641,0.9591836734693877,0.9644670050761421,0.9641855943398223,0.0031302001453690736,0.8846153846153846,0.88,0.8,0.92,0.8,0.8569230769230769,0.04849449428885056,67,0.94,0.9306930693069307,0.9306930693069307,0.9306930693069307,0.9405940594059405,0.9345346534653466,0.004708709369568852,0.9436619718309859,0.9571428571428572,0.9,0.9571428571428572,0.8714285714285714,0.9258752515090544,0.03436761078805427,287,0.9785714285714285,0.9750889679715302,0.9750889679715302,0.9715302491103203,0.9750889679715302,0.9750737163192678,0.002226694801650732,0.9816239316239316,0.9662222222222222,0.9600000000000001,0.9733333333333333,0.9048888888888889,0.9572136752136752,0.027138551121472048,374,0.9977777777777777,0.9987898789878987,0.9942519251925193,0.9977997799779978,0.9981848184818481,0.9973608360836084,0.0015970566466097958
0.5911206245422364,0.02483076408979715,0.056647729873657224,0.007909957699020894,balanced,gini,3,1,0.1,100,"{'estimator__class_weight': 'balanced', 'estimator__criterion': 'gini', 'estimator__max_depth': 3, 'estimator__min_samples_leaf': 1, 'learning_rate': 0.1, 'n_estimators': 100}",0.9541047188106011,0.9365942028985508,0.8558682223747426,0.9519560741249142,0.8901098901098901,0.9177266216637398,0.03857499815627962,246,1.0,1.0,1.0,1.0,1.0,1.0,0.0,0.967032967032967,0.9565217391304348,0.9032258064516129,0.967741935483871,0.9230769230769231,0.9435198742351618,0.02588493162213383,296,1.0,1.0,1.0,1.0,1.0,1.0,0.0,0.9411764705882353,0.9166666666666666,0.8085106382978723,0.9361702127659575,0.8571428571428571,0.8919333690923178,0.05130935417046808,237,1.0,1.0,1.0,1.0,1.0,1.0,0.0,0.9230769230769231,0.88,0.76,0.88,0.84,0.8566153846153846,0.054993490739074204,89,1.0,1.0,1.0,1.0,1.0,1.0,0.0,0.9577464788732394,0.9428571428571428,0.8714285714285714,0.9571428571428572,0.9,0.9258350100603622,0.03439704767883775,292,1.0,1.0,1.0,1.0,1.0,1.0,0.0,0.9914529914529915,0.9635555555555555,0.9288888888888889,0.984,0.9288888888888889,0.959357264957265,0.026501583251234643,318,1.0,1.0,1.0,1.0,1.0,1.0,0.0
0.13794784545898436,0.010213099225542834,0.023859500885009766,0.003204741421600758,,entropy,3,2,1.5,25,"{'estimator__class_weight': None, 'estimator__criterion': 'entropy', 'estimator__max_depth': 3, 'estimator__min_samples_leaf': 2, 'learning_rate': 1.5, 'n_estimators': 25}",0.9055851063829787,0.9215070643642072,0.9028677150786308,0.9365942028985508,0.9215070643642072,0.9176122306177149,0.012269532895233791,247,1.0,1.0,1.0,1.0,1.0,1.0,0.0,0.9361702127659575,0.945054945054945,0.9361702127659575,0.9565217391304348,0.945054945054945,0.943794410954448,0.007502260605591679,292,1.0,1.0,1.0,1.0,1.0,1.0,0.0,0.875,0.8979591836734694,0.8695652173913043,0.9166666666666666,0.8979591836734694,0.891430050280982,0.017147381385162697,239,1.0,1.0,1.0,1.0,1.0,1.0,0.0,0.8076923076923077,0.88,0.8,0.88,0.88,0.8495384615384616,0.037386831210053005,100,1.0,1.0,1.0,1.0,1.0,1.0,0.0,0.9154929577464789,0.9285714285714286,0.9142857142857143,0.9428571428571428,0.9285714285714286,0.9259557344064386,0.010440310192722926,248,1.0,1.0,1.0,1.0,1.0,1.0,0.0,0.9948717948717949,0.9431111111111111,0.9520000000000001,0.952,0.9448888888888889,0.957374358974359,0.019095299790872485,362,1.0,1.0,1.0,1.0,1.0,1.0,0.0
0.20041823387145996,0.007400824239775167,0.033383846282958984,0.0012219573167977617,,gini,1,1,1.0,100,"{'estimator__class_weight': None, 'estimator__criterion': 'gini', 'estimator__max_depth': 1, 'estimator__min_samples_leaf': 1, 'learning_rate': 1.0, 'n_estimators': 100}",0.9247403010387958,0.9199267902081903,0.8853801169590643,0.9843014128728415,0.8731884057971014,0.9175074053751986,0.03877097890129322,248,1.0,1.0,1.0,0.9961273962596988,1.0,0.9992254792519397,0.0015490414961204734,0.9438202247191011,0.946236559139785,0.9263157894736842,0.989010989010989,0.9130434782608695,0.9436854081208856,0.025696561433612274,293,1.0,1.0,1.0,0.997229916897507,1.0,0.9994459833795014,0.0011080332409972194,0.9056603773584906,0.8936170212765957,0.8444444444444444,0.9795918367346939,0.8333333333333334,0.8913294026295115,0.05208187912844805,241,1.0,1.0,1.0,0.9950248756218906,1.0,0.9990049751243781,0.0019900497512437723,0.9230769230769231,0.84,0.76,0.96,0.8,0.8566153846153846,0.07472806717471447,89,1.0,1.0,1.0,0.9900990099009901,1.0,0.998019801980198,0.003960396039603964,0.9295774647887324,0.9285714285714286,0.9,0.9857142857142858,0.8857142857142857,0.9259154929577464,0.03430483781010832,256,1.0,1.0,1.0,0.99644128113879,1.0,0.9992882562277579,0.001423487544483981,0.9769230769230769,0.9715555555555556,0.9324444444444445,0.9822222222222222,0.9368888888888889,0.9600068376068375,0.021010380397493183,290,1.0,1.0,1.0,0.99994499449945,1.0,0.99998899889989,2.2002200220017087e-05
0.20520386695861817,0.0052143811729887714,0.03435087203979492,0.002012772216247246,,gini,1,2,1.0,100,"{'estimator__class_weight': None, 'estimator__criterion': 'gini', 'estimator__max_depth': 1, 'estimator__min_samples_leaf': 2, 'learning_rate': 1.0, 'n_estimators': 100}",0.9247403010387958,0.9199267902081903,0.8853801169590643,0.9843014128728415,0.8731884057971014,0.9175074053751986,0.03877097890129322,248,1.0,1.0,1.0,0.9961273962596988,1.0,0.9992254792519397,0.0015490414961204734,0.9438202247191011,0.946236559139785,0.9263157894736842,0.989010989010989,0.9130434782608695,0.9436854081208856,0.025696561433612274,293,1.0,1.0,1.0,0.997229916897507,1.0,0.9994459833795014,0.0011080332409972194,0.9056603773584906,0.8936170212765957,0.8444444444444444,0.9795918367346939,0.8333333333333334,0.8913294026295115,0.05208187912844805,241,1.0,1.0,1.0,0.9950248756218906,1.0,0.9990049751243781,0.0019900497512437723,0.9230769230769231,0.84,0.76,0.96,0.8,0.8566153846153846,0.07472806717471447,89,1.0,1.0,1.0,0.9900990099009901,1.0,0.998019801980198,0.003960396039603964,0.9295774647887324,0.9285714285714286,0.9,0.9857142857142858,0.8857142857142857,0.9259154929577464,0.03430483781010832,256,1.0,1.0,1.0,0.99644128113879,1.0,0.9992882562277579,0.001423487544483981,0.9769230769230769,0.9715555555555556,0.9324444444444445,0.9822222222222222,0.9368888888888889,0.9600068376068375,0.021010380397493183,290,1.0,1.0,1.0,0.99994499449945,1.0,0.99998899889989,2.2002200220017087e-05
0.2089972972869873,0.003244152399539115,0.03291411399841308,0.0009899252801771174,,gini,1,5,1.0,100,"{'estimator__class_weight': None, 'estimator__criterion': 'gini', 'estimator__max_depth': 1, 'estimator__min_samples_leaf': 5, 'learning_rate': 1.0, 'n_estimators': 100}",0.9247403010387958,0.9199267902081903,0.8853801169590643,0.9843014128728415,0.8731884057971014,0.9175074053751986,0.03877097890129322,248,1.0,1.0,1.0,0.9961273962596988,1.0,0.9992254792519397,0.0015490414961204734,0.9438202247191011,0.946236559139785,0.9263157894736842,0.989010989010989,0.9130434782608695,0.9436854081208856,0.025696561433612274,293,1.0,1.0,1.0,0.997229916897507,1.0,0.9994459833795014,0.0011080332409972194,0.9056603773584906,0.8936170212765957,0.8444444444444444,0.9795918367346939,0.8333333333333334,0.8913294026295115,0.05208187912844805,241,1.0,1.0,1.0,0.9950248756218906,1.0,0.9990049751243781,0.0019900497512437723,0.9230769230769231,0.84,0.76,0.96,0.8,0.8566153846153846,0.07472806717471447,89,1.0,1.0,1.0,0.9900990099009901,1.0,0.998019801980198,0.003960396039603964,0.9295774647887324,0.9285714285714286,0.9,0.9857142857142858,0.8857142857142857,0.9259154929577464,0.03430483781010832,256,1.0,1.0,1.0,0.99644128113879,1.0,0.9992882562277579,0.001423487544483981,0.9769230769230769,0.9715555555555556,0.9324444444444445,0.9822222222222222,0.9368888888888889,0.9600068376068375,0.021010380397493183,290,1.0,1.0,1.0,0.99994499449945,1.0,0.99998899889989,2.2002200220017087e-05
0.8432602405548095,0.023771833890533636,0.05182747840881348,0.002836855129943334,,entropy,3,5,0.1,200,"{'estimator__class_weight': None, 'estimator__criterion': 'entropy', 'estimator__max_depth': 3, 'estimator__min_samples_leaf': 5, 'learning_rate': 0.1, 'n_estimators': 200}",0.9220978714066272,0.9215070643642072,0.9028677150786308,0.9519560741249142,0.8878975062914665,0.9172652462531692,0.021515361393980827,251,1.0,1.0,1.0,1.0,1.0,1.0,0.0,0.946236559139785,0.945054945054945,0.9361702127659575,0.967741935483871,0.9247311827956989,0.9439869670480515,0.014159001671508943,291,1.0,1.0,1.0,1.0,1.0,1.0,0.0,0.8979591836734694,0.8979591836734694,0.8695652173913043,0.9361702127659575,0.851063829787234,0.890543525458287,0.02895000638284188,246,1.0,1.0,1.0,1.0,1.0,1.0,0.0,0.8461538461538461,0.88,0.8,0.88,0.8,0.8412307692307692,0.035861667161436205,151,1.0,1.0,1.0,1.0,1.0,1.0,0.0,0.9295774647887324,0.9285714285714286,0.9142857142857143,0.9571428571428572,0.9,0.9259154929577464,0.018986715528642416,256,1.0,1.0,1.0,1.0,1.0,1.0,0.0,0.9871794871794872,0.9582222222222222,0.9440000000000001,0.9857777777777778,0.9315555555555556,0.9613470085470086,0.02219185933603616,243,1.0,1.0,1.0,1.0,1.0,1.0,0.0
0.732275915145874,0.02662910566817662,0.05412516593933105,0.005413580613855678,balanced,entropy,3,1,0.1,100,"{'estimator__class_weight': 'balanced', 'estimator__criterion': 'entropy', 'estimator__max_depth': 3, 'estimator__min_samples_leaf': 1, 'learning_rate': 0.1, 'n_estimators': 100}",0.9055851063829787,0.9519560741249142,0.9028677150786308,0.9519560741249142,0.8731884057971014,0.917110675101708,0.03063746089854194,252,0.9723285002329489,1.0,0.9883300801528303,0.9804603296015576,1.0,0.9882237819974673,0.010865551947887145,0.9361702127659575,0.967741935483871,0.9361702127659575,0.967741935483871,0.9130434782608695,0.9441735549521052,0.021014879342406863,288,0.9809264305177112,1.0,0.9917355371900827,0.9863013698630136,1.0,0.9917926675141615,0.007522676828053376,0.875,0.9361702127659575,0.8695652173913043,0.9361702127659575,0.8333333333333334,0.8900477952513105,0.04029158007115899,253,0.9637305699481865,1.0,0.9849246231155779,0.9746192893401016,1.0,0.9846548964807733,0.014209560218481833,0.8076923076923077,0.88,0.8,0.88,0.8,0.8335384615384616,0.038039530979755286,200,0.93,1.0,0.9702970297029703,0.9504950495049505,1.0,0.9701584158415841,0.02749693016525464,0.9154929577464789,0.9571428571428572,0.9142857142857143,0.9571428571428572,0.8857142857142857,0.9259557344064386,0.02760545781924422,248,0.975,1.0,0.9893238434163701,0.9822064056939501,1.0,0.9893060498220642,0.009836559008978629,0.9888888888888888,0.9626666666666667,0.9351111111111111,0.9804444444444445,0.9253333333333333,0.958488888888889,0.02477689086603994,343,0.9954166666666667,1.0,1.0,0.9990924092409241,1.0,0.9989018151815182,0.0017776735331710358
0.12073512077331543,0.01463996262255976,0.02157869338989258,0.0027008545032290708,,entropy,3,2,1.0,25,"{'estimator__class_weight': None, 'estimator__criterion': 'entropy', 'estimator__max_depth': 3, 'estimator__min_samples_leaf': 2, 'learning_rate': 1.0, 'n_estimators': 25}",0.9220978714066272,0.9199267902081903,0.8853801169590643,0.9365942028985508,0.9215070643642072,0.917101209167328,0.01696211423884798,253,1.0,1.0,1.0,1.0,1.0,1.0,0.0,0.946236559139785,0.946236559139785,0.9263157894736842,0.9565217391304348,0.945054945054945,0.9440731183877269,0.009804242183229324,290,1.0,1.0,1.0,1.0,1.0,1.0,0.0,0.8979591836734694,0.8936170212765957,0.8444444444444444,0.9166666666666666,0.8979591836734694,0.8901292999469291,0.02419138777795283,252,1.0,1.0,1.0,1.0,1.0,1.0,0.0,0.8461538461538461,0.84,0.76,0.88,0.88,0.8412307692307692,0.0438868906576626,151,1.0,1.0,1.0,1.0,1.0,1.0,0.0,0.9295774647887324,0.9285714285714286,0.9,0.9428571428571428,0.9285714285714286,0.9259154929577464,0.014043862020225827,256,1.0,1.0,1.0,1.0,1.0,1.0,0.0,0.9888888888888889,0.9395555555555555,0.9502222222222223,0.9857777777777778,0.9635555555555555,0.9656,0.01933123871156366,150,1.0,1.0,1.0,1.0,1.0,1.0,0.0
0.31300997734069824,0.006873114732276534,0.044217586517333984,0.0023306146473672028,balanced,gini,3,2,0.5,50,"{'estimator__class_weight': 'balanced', 'estimator__criterion': 'gini', 'estimator__max_depth': 3, 'estimator__min_samples_leaf': 2, 'learning_rate': 0.5, 'n_estimators': 50}",0.9220978714066272,0.9377777777777778,0.8853801169590643,0.9199267902081903,0.9199267902081903,0.91702186931197,0.01717353287064236,254,1.0,1.0,1.0,1.0,1.0,1.0,0.0,0.946236559139785,0.9555555555555556,0.9263157894736842,0.946236559139785,0.946236559139785,0.944116204489719,0.009604178664276332,289,1.0,1.0,1.0,1.0,1.0,1.0,0.0,0.8979591836734694,0.92,0.8444444444444444,0.8936170212765957,0.8936170212765957,0.8899275341342211,0.02475801557494263,254,1.0,1.0,1.0,1.0,1.0,1.0,0.0,0.8461538461538461,0.92,0.76,0.84,0.84,0.8412307692307692,0.050656284620939525,151,1.0,1.0,1.0,1.0,1.0,1.0,0.0,0.9295774647887324,0.9428571428571428,0.9,0.9285714285714286,0.9285714285714286,0.9259154929577464,0.014043862020225827,256,1.0,1.0,1.0,1.0,1.0,1.0,0.0,0.9905982905982906,0.96,0.9626666666666666,0.992,0.952,0.9714529914529914,0.016586207719289415,77,1.0,1.0,1.0,1.0,1.0,1.0,0.0
0.129913854598999,0.010943203630505695,0.024225997924804687,0.0033298310353258418,,entropy,3,1,1.0,25,"{'estimator__class_weight': None, 'estimator__criterion': 'entropy', 'estimator__max_depth': 3, 'estimator__min_samples_leaf': 1, 'learning_rate': 1.0, 'n_estimators': 25}",0.9073913043478261,0.9028677150786308,0.9028677150786308,0.9682971014492754,0.9028677150786308,0.9168583102065988,0.025778998043143028,255,1.0,1.0,1.0,1.0,1.0,1.0,0.0,0.9347826086956522,0.9361702127659575,0.9361702127659575,0.9782608695652174,0.9361702127659575,0.9443108233117485,0.016983528105536855,282,1.0,1.0,1.0,1.0,1.0,1.0,0.0,0.88,0.8695652173913043,0.8695652173913043,0.9583333333333334,0.8695652173913043,0.8894057971014494,0.03469991377457637,258,1.0,1.0,1.0,1.0,1.0,1.0,0.0,0.8461538461538461,0.8,0.8,0.92,0.8,0.8332307692307692,0.046922824715589534,221,1.0,1.0,1.0,1.0,1.0,1.0,0.0,0.9154929577464789,0.9142857142857143,0.9142857142857143,0.9714285714285714,0.9142857142857143,0.9259557344064386,0.02274122560959274,248,1.0,1.0,1.0,1.0,1.0,1.0,0.0,0.9837606837606838,0.9359999999999999,0.9448888888888889,0.9884444444444445,0.9466666666666668,0.9599521367521369,0.021706075254941663,293,1.0,1.0,1.0,1.0,1.0,1.0,0.0
0.14640893936157226,0.00528796755917653,0.025385046005249025,0.0009754106431250802,,gini,2,1,1.0,50,"{'estimator__class_weight': None, 'estimator__criterion': 'gini', 'estimator__max_depth': 2, 'estimator__min_samples_leaf': 1, 'learning_rate': 1.0, 'n_estimators': 50}",0.9220978714066272,0.9199267902081903,0.8853801169590643,0.9519560741249142,0.9048913043478262,0.9168504314093244,0.02192171148487549,256,1.0,1.0,1.0,1.0,1.0,1.0,0.0,0.946236559139785,0.946236559139785,0.9263157894736842,0.967741935483871,0.9347826086956522,0.9442626903865555,0.01393578463734558,285,1.0,1.0,1.0,1.0,1.0,1.0,0.0,0.8979591836734694,0.8936170212765957,0.8444444444444444,0.9361702127659575,0.875,0.8894381724320933,0.03002282593431924,255,1.0,1.0,1.0,1.0,1.0,1.0,0.0,0.8461538461538461,0.84,0.76,0.88,0.84,0.8332307692307692,0.039519001496621096,221,1.0,1.0,1.0,1.0,1.0,1.0,0.0,0.9295774647887324,0.9285714285714286,0.9,0.9571428571428572,0.9142857142857143,0.9259154929577464,0.01898671552864242,256,1.0,1.0,1.0,1.0,1.0,1.0,0.0,0.9914529914529914,0.9493333333333334,0.9431111111111111,0.984,0.9573333333333334,0.9650461538461539,0.019204664979826147,157,1.0,1.0,1.0,1.0,1.0,1.0,0.0
0.3510160446166992,0.02009873364738217,0.04263629913330078,0.004200253660268635,,entropy,3,5,1.0,50,"{'estimator__class_weight': None, 'estimator__criterion': 'entropy', 'estimator__max_depth': 3, 'estimator__min_samples_leaf': 5, 'learning_rate': 1.0, 'n_estimators': 50}",0.9204927211646137,0.9215070643642072,0.8853801169590643,0.9519560741249142,0.9048913043478262,0.9168454561921251,0.02191236155013882,257,1.0,1.0,1.0,1.0,1.0,1.0,0.0,0.9473684210526315,0.945054945054945,0.9263157894736842,0.967741935483871,0.9347826086956522,0.9442527399521567,0.013953572208982907,287,1.0,1.0,1.0,1.0,1.0,1.0,0.0,0.8936170212765957,0.8979591836734694,0.8444444444444444,0.9361702127659575,0.875,0.8894381724320933,0.03002282593431924,255,1.0,1.0,1.0,1.0,1.0,1.0,0.0,0.8076923076923077,0.88,0.76,0.88,0.84,0.8335384615384616,0.045683759884227605,200,1.0,1.0,1.0,1.0,1.0,1.0,0.0,0.9295774647887324,0.9285714285714286,0.9,0.9571428571428572,0.9142857142857143,0.9259154929577464,0.01898671552864242,256,1.0,1.0,1.0,1.0,1.0,1.0,0.0,0.9923076923076923,0.9511111111111112,0.9706666666666667,0.9804444444444445,0.9768888888888888,0.9742837606837605,0.01356213763308556,39,1.0,1.0,1.0,1.0,1.0,1.0,0.0
1.42020845413208,0.09465871816216974,0.07943592071533204,0.012707339553006231,balanced,entropy,3,5,1.5,200,"{'estimator__class_weight': 'balanced', 'estimator__criterion': 'entropy', 'estimator__max_depth': 3, 'estimator__min_samples_leaf': 5, 'learning_rate': 1.5, 'n_estimators': 200}",0.9220978714066272,0.9365942028985508,0.8853801169590643,0.9352451433857539,0.9048913043478262,0.9168417277995644,0.01943768813798122,258,1.0,1.0,1.0,1.0,1.0,1.0,0.0,0.946236559139785,0.9565217391304348,0.9263157894736842,0.9574468085106383,0.9347826086956522,0.9442607009900389,0.012165233956843428,286,1.0,1.0,1.0,1.0,1.0,1.0,0.0,0.8979591836734694,0.9166666666666666,0.8444444444444444,0.9130434782608695,0.875,0.8894227546090899,0.026848106774917935,257,1.0,1.0,1.0,1.0,1.0,1.0,0.0,0.8461538461538461,0.88,0.76,0.84,0.84,0.8332307692307692,0.039519001496621096,221,1.0,1.0,1.0,1.0,1.0,1.0,0.0,0.9295774647887324,0.9428571428571428,0.9,0.9428571428571428,0.9142857142857143,0.9259154929577464,0.0166991830190691,256,1.0,1.0,1.0,1.0,1.0,1.0,0.0,0.9948717948717949,0.952,0.9777777777777777,0.9902222222222222,0.9653333333333334,0.9760410256410257,0.015819899511123368,16,1.0,1.0,1.0,1.0,1.0,1.0,0.0
0.19095988273620607,0.006998205471663276,0.031240081787109374,0.00438904886625439,balanced,entropy,3,1,0.1,25,"{'estimator__class_weight': 'balanced', 'estimator__criterion': 'entropy', 'estimator__max_depth': 3, 'estimator__min_samples_leaf': 1, 'learning_rate': 0.1, 'n_estimators': 25}",0.9204927211646137,0.9365942028985508,0.8704902867715079,0.9682971014492754,0.8878975062914665,0.9167543637150828,0.03474861546649028,259,0.9601706970128023,0.9646614965416056,0.9685118780815778,0.9522920203735145,0.9644888158726146,0.9620249815764229,0.005536613078218776,0.9473684210526315,0.9565217391304348,0.9148936170212766,0.9782608695652174,0.9247311827956989,0.9443551659130518,0.0226264691325502,277,0.972972972972973,0.9754768392370572,0.9782608695652174,0.967741935483871,0.975609756097561,0.9740124746713359,0.0035537235737376767,0.8936170212765957,0.9166666666666666,0.8260869565217391,0.9583333333333334,0.851063829787234,0.8891535615171138,0.0468848772749506,259,0.9473684210526315,0.9538461538461539,0.9587628865979382,0.9368421052631579,0.9533678756476683,0.95003748848151,0.007522925521970642,0.8076923076923077,0.88,0.76,0.92,0.8,0.8335384615384616,0.058025907292861556,200,0.9,0.9207920792079208,0.9207920792079208,0.8811881188118812,0.9108910891089109,0.9067326732673268,0.014902881364140037,0.9295774647887324,0.9428571428571428,0.8857142857142857,0.9714285714285714,0.9,0.9259154929577464,0.030527429272609284,256,0.9642857142857143,0.9679715302491103,0.9715302491103203,0.9572953736654805,0.9679715302491103,0.9658108795119471,0.004835038378489264,0.9897435897435897,0.9742222222222222,0.9413333333333334,0.9671111111111113,0.9191111111111111,0.9583042735042737,0.025073846431206425,344,0.9935555555555555,0.996039603960396,0.9954345434543455,0.9938943894389438,0.9960946094609461,0.9950037403740375,0.001074848714377428
0.7033268928527832,0.023929677114344478,0.0570493221282959,0.00691350052353898,,entropy,3,5,1.0,100,"{'estimator__class_weight': None, 'estimator__criterion': 'entropy', 'estimator__max_depth': 3, 'estimator__min_samples_leaf': 5, 'learning_rate': 1.0, 'n_estimators': 100}",0.9055851063829787,0.9365942028985508,0.8853801169590643,0.9682971014492754,0.8878975062914665,0.9167508067962672,0.03159774314070071,260,1.0,1.0,1.0,1.0,1.0,1.0,0.0,0.9361702127659575,0.9565217391304348,0.9263157894736842,0.9782608695652174,0.9247311827956989,0.9443999587461984,0.020372164763443296,275,1.0,1.0,1.0,1.0,1.0,1.0,0.0,0.875,0.9166666666666666,0.8444444444444444,0.9583333333333334,0.851063829787234,0.8891016548463357,0.042878559743286124,261,1.0,1.0,1.0,1.0,1.0,1.0,0.0,0.8076923076923077,0.88,0.76,0.92,0.8,0.8335384615384616,0.058025907292861556,200,1.0,1.0,1.0,1.0,1.0,1.0,0.0,0.9154929577464789,0.9428571428571428,0.9,0.9714285714285714,0.9,0.9259557344064386,0.027605457819244172,248,1.0,1.0,1.0,1.0,1.0,1.0,0.0,0.988034188034188,0.9484444444444444,0.9697777777777778,0.9875555555555556,0.9706666666666667,0.9728957264957264,0.014537118777085935,57,1.0,1.0,1.0,1.0,1.0,1.0,0.0
1.0238471031188965,0.054078696471288906,0.08934855461120605,0.006352810612791822,,gini,3,1,0.1,200,"{'estimator__class_weight': None, 'estimator__criterion': 'gini', 'estimator__max_depth': 3, 'estimator__min_samples_leaf': 1, 'learning_rate': 0.1, 'n_estimators': 200}",0.9532587228439764,0.9199267902081903,0.8704902867715079,0.9519560741249142,0.8878975062914665,0.916705876048011,0.03333125926688548,261,1.0,1.0,1.0,1.0,1.0,1.0,0.0,0.967741935483871,0.946236559139785,0.9148936170212766,0.967741935483871,0.9247311827956989,0.9442690459849004,0.02168164253774735,283,1.0,1.0,1.0,1.0,1.0,1.0,0.0,0.9387755102040817,0.8936170212765957,0.8260869565217391,0.9361702127659575,0.851063829787234,0.8891427061111216,0.044991220252110546,260,1.0,1.0,1.0,1.0,1.0,1.0,0.0,0.8846153846153846,0.84,0.76,0.88,0.8,0.8329230769230769,0.047623772095866705,252,1.0,1.0,1.0,1.0,1.0,1.0,0.0,0.9577464788732394,0.9285714285714286,0.8857142857142857,0.9571428571428572,0.9,0.9258350100603622,0.029268178569486356,292,1.0,1.0,1.0,1.0,1.0,1.0,0.0,0.9914529914529914,0.9555555555555555,0.952,0.9946666666666666,0.9564444444444444,0.9700239316239315,0.01889480079197365,102,1.0,1.0,1.0,1.0,1.0,1.0,0.0
0.09496450424194336,0.003868925340019538,0.02286982536315918,0.0012560942496462157,,gini,1,1,0.5,50,"{'estimator__class_weight': None, 'estimator__criterion': 'gini', 'estimator__max_depth': 1, 'estimator__min_samples_leaf': 1, 'learning_rate': 0.5, 'n_estimators': 50}",0.9204927211646137,0.9352451433857539,0.9005681818181819,0.9682971014492754,0.858712715855573,0.9166631727346795,0.036450848698097275,262,0.9480882499750425,0.9484483707540114,0.9481821921500205,0.9315076349559108,0.9525337837837837,0.9457520463237538,0.007314763699033999,0.9473684210526315,0.9574468085106383,0.9375,0.9782608695652174,0.9010989010989011,0.9443350000454777,0.025487892281018235,279,0.9649595687331537,0.9649595687331537,0.9651474530831099,0.9549071618037135,0.9675675675675676,0.9635082639841397,0.004412627701308296,0.8936170212765957,0.9130434782608695,0.8636363636363636,0.9583333333333334,0.8163265306122449,0.8889913454238816,0.047605175498871694,262,0.9312169312169312,0.9319371727748691,0.9312169312169312,0.9081081081081082,0.9375,0.9279958286633679,0.010218961771203263,0.8076923076923077,0.84,0.76,0.92,0.8,0.8255384615384616,0.053662103031610196,266,0.88,0.8811881188118812,0.8712871287128713,0.8316831683168316,0.8910891089108911,0.8710495049504952,0.02066036545929612,0.9295774647887324,0.9428571428571428,0.9142857142857143,0.9714285714285714,0.8714285714285714,0.9259154929577464,0.03309364356060859,256,0.9535714285714286,0.9537366548042705,0.9537366548042705,0.9395017793594306,0.9572953736654805,0.9515683782409761,0.006193808881400829,0.9854700854700854,0.9644444444444444,0.9475555555555556,0.9675555555555555,0.9293333333333333,0.9588717948717947,0.01904998250888992,334,0.9866944444444444,0.9929867986798679,0.9914466446644664,0.9908415841584158,0.9932618261826184,0.9910462596259627,0.0023585979982552606
0.0964134693145752,0.0017666849633107677,0.0220975399017334,0.00034881416763198585,,gini,1,2,0.5,50,"{'estimator__class_weight': None, 'estimator__criterion': 'gini', 'estimator__max_depth': 1, 'estimator__min_samples_leaf': 2, 'learning_rate': 0.5, 'n_estimators': 50}",0.9204927211646137,0.9352451433857539,0.9005681818181819,0.9682971014492754,0.858712715855573,0.9166631727346795,0.036450848698097275,262,0.9480882499750425,0.9484483707540114,0.9481821921500205,0.9315076349559108,0.9525337837837837,0.9457520463237538,0.007314763699033999,0.9473684210526315,0.9574468085106383,0.9375,0.9782608695652174,0.9010989010989011,0.9443350000454777,0.025487892281018235,279,0.9649595687331537,0.9649595687331537,0.9651474530831099,0.9549071618037135,0.9675675675675676,0.9635082639841397,0.004412627701308296,0.8936170212765957,0.9130434782608695,0.8636363636363636,0.9583333333333334,0.8163265306122449,0.8889913454238816,0.047605175498871694,262,0.9312169312169312,0.9319371727748691,0.9312169312169312,0.9081081081081082,0.9375,0.9279958286633679,0.010218961771203263,0.8076923076923077,0.84,0.76,0.92,0.8,0.8255384615384616,0.053662103031610196,266,0.88,0.8811881188118812,0.8712871287128713,0.8316831683168316,0.8910891089108911,0.8710495049504952,0.02066036545929612,0.9295774647887324,0.9428571428571428,0.9142857142857143,0.9714285714285714,0.8714285714285714,0.9259154929577464,0.03309364356060859,256,0.9535714285714286,0.9537366548042705,0.9537366548042705,0.9395017793594306,0.9572953736654805,0.9515683782409761,0.006193808881400829,0.9854700854700854,0.9644444444444444,0.9475555555555556,0.9675555555555555,0.9293333333333333,0.9588717948717947,0.01904998250888992,334,0.9866944444444444,0.9929867986798679,0.9914466446644664,0.9908415841584158,0.9932618261826184,0.9910462596259627,0.0023585979982552606
0.10164566040039062,0.002594576138358243,0.02267284393310547,0.0005532636031584929,,gini,1,5,0.5,50,"{'estimator__class_weight': None, 'estimator__criterion': 'gini', 'estimator__max_depth': 1, 'estimator__min_samples_leaf': 5, 'learning_rate': 0.5, 'n_estimators': 50}",0.9204927211646137,0.9352451433857539,0.9005681818181819,0.9682971014492754,0.858712715855573,0.9166631727346795,0.036450848698097275,262,0.9480882499750425,0.9484483707540114,0.9481821921500205,0.9315076349559108,0.9525337837837837,0.9457520463237538,0.007314763699033999,0.9473684210526315,0.9574468085106383,0.9375,0.9782608695652174,0.9010989010989011,0.9443350000454777,0.025487892281018235,279,0.9649595687331537,0.9649595687331537,0.9651474530831099,0.9549071618037135,0.9675675675675676,0.9635082639841397,0.004412627701308296,0.8936170212765957,0.9130434782608695,0.8636363636363636,0.9583333333333334,0.8163265306122449,0.8889913454238816,0.047605175498871694,262,0.9312169312169312,0.9319371727748691,0.9312169312169312,0.9081081081081082,0.9375,0.9279958286633679,0.010218961771203263,0.8076923076923077,0.84,0.76,0.92,0.8,0.8255384615384616,0.053662103031610196,266,0.88,0.8811881188118812,0.8712871287128713,0.8316831683168316,0.8910891089108911,0.8710495049504952,0.02066036545929612,0.9295774647887324,0.9428571428571428,0.9142857142857143,0.9714285714285714,0.8714285714285714,0.9259154929577464,0.03309364356060859,256,0.9535714285714286,0.9537366548042705,0.9537366548042705,0.9395017793594306,0.9572953736654805,0.9515683782409761,0.006193808881400829,0.9854700854700854,0.9644444444444444,0.9475555555555556,0.9675555555555555,0.9293333333333333,0.9588717948717947,0.01904998250888992,334,0.9866944444444444,0.9929867986798679,0.9914466446644664,0.9908415841584158,0.9932618261826184,0.9910462596259627,0.0023585979982552606
0.22989044189453126,0.0058435607439507355,0.033618831634521486,0.0020987629093826413,,gini,3,1,0.5,50,"{'estimator__class_weight': None, 'estimator__criterion': 'gini', 'estimator__max_depth': 3, 'estimator__min_samples_leaf': 1, 'learning_rate': 0.5, 'n_estimators': 50}",0.9220978714066272,0.9365942028985508,0.8526315789473684,0.9519560741249142,0.9199267902081903,0.9166413035171302,0.034009012370935114,265,1.0,1.0,1.0,1.0,1.0,1.0,0.0,0.946236559139785,0.9565217391304348,0.9052631578947369,0.967741935483871,0.946236559139785,0.9443999901577225,0.02111975767190134,274,1.0,1.0,1.0,1.0,1.0,1.0,0.0,0.8979591836734694,0.9166666666666666,0.8,0.9361702127659575,0.8936170212765957,0.8888826168765378,0.04693184074891003,266,1.0,1.0,1.0,1.0,1.0,1.0,0.0,0.8461538461538461,0.88,0.72,0.88,0.84,0.8332307692307692,0.05900636812488922,221,1.0,1.0,1.0,1.0,1.0,1.0,0.0,0.9295774647887324,0.9428571428571428,0.8714285714285714,0.9571428571428572,0.9285714285714286,0.9259154929577464,0.029159754541712754,256,1.0,1.0,1.0,1.0,1.0,1.0,0.0,0.9820512820512821,0.9457777777777778,0.9582222222222223,0.9875555555555556,0.9475555555555555,0.9642324786324787,0.017414330888695456,167,1.0,1.0,1.0,1.0,1.0,1.0,0.0
0.5617494106292724,0.01294174986610486,0.0562713623046875,0.0024588021549452536,,gini,3,2,0.1,100,"{'estimator__class_weight': None, 'estimator__criterion': 'gini', 'estimator__max_depth': 3, 'estimator__min_samples_leaf': 2, 'learning_rate': 0.1, 'n_estimators': 100}",0.9370567375886525,0.9519560741249142,0.8526315789473684,0.9682971014492754,0.8731884057971014,0.9166259795814623,0.045426077129914526,266,1.0,1.0,1.0,0.9961273962596988,1.0,0.9992254792519397,0.0015490414961204734,0.9574468085106383,0.967741935483871,0.9052631578947369,0.9782608695652174,0.9130434782608695,0.9443512499430666,0.02958558985339901,278,1.0,1.0,1.0,0.997229916897507,1.0,0.9994459833795014,0.0011080332409972194,0.9166666666666666,0.9361702127659575,0.8,0.9583333333333334,0.8333333333333334,0.8889007092198582,0.06134706677979627,265,1.0,1.0,1.0,0.9950248756218906,1.0,0.9990049751243781,0.0019900497512437723,0.8461538461538461,0.88,0.72,0.92,0.8,0.8332307692307692,0.06900544528723761,221,1.0,1.0,1.0,0.9900990099009901,1.0,0.998019801980198,0.003960396039603964,0.9436619718309859,0.9571428571428572,0.8714285714285714,0.9714285714285714,0.8857142857142857,0.9258752515090543,0.039865974672461064,291,1.0,1.0,1.0,0.99644128113879,1.0,0.9992882562277579,0.001423487544483981,0.9897435897435897,0.9573333333333334,0.9315555555555556,0.9786666666666667,0.9395555555555556,0.9593709401709403,0.02220504372183448,317,1.0,1.0,1.0,1.0,1.0,1.0,0.0
0.2973308563232422,0.006560296028989336,0.0417325496673584,0.002476274941225519,balanced,gini,3,5,1.0,50,"{'estimator__class_weight': 'balanced', 'estimator__criterion': 'gini', 'estimator__max_depth': 3, 'estimator__min_samples_leaf': 5, 'learning_rate': 1.0, 'n_estimators': 50}",0.9220978714066272,0.9215070643642072,0.8674242424242424,0.9519560741249142,0.9199267902081903,0.9165824085056362,0.027326466903499727,267,1.0,1.0,1.0,1.0,1.0,1.0,0.0,0.946236559139785,0.945054945054945,0.9166666666666666,0.967741935483871,0.946236559139785,0.9443873330970106,0.016255200888525934,276,1.0,1.0,1.0,1.0,1.0,1.0,0.0,0.8979591836734694,0.8979591836734694,0.8181818181818182,0.9361702127659575,0.8936170212765957,0.888777483914262,0.038527515131487895,267,1.0,1.0,1.0,1.0,1.0,1.0,0.0,0.8461538461538461,0.88,0.72,0.88,0.84,0.8332307692307692,0.05900636812488922,221,1.0,1.0,1.0,1.0,1.0,1.0,0.0,0.9295774647887324,0.9285714285714286,0.8857142857142857,0.9571428571428572,0.9285714285714286,0.9259154929577464,0.02288581815640509,256,1.0,1.0,1.0,1.0,1.0,1.0,0.0,0.9777777777777779,0.9404444444444444,0.9573333333333334,0.9911111111111112,0.9546666666666667,0.9642666666666667,0.017949393882266386,166,1.0,1.0,1.0,1.0,1.0,1.0,0.0
0.5682528972625732,0.03579250511366017,0.05486149787902832,0.007252817565746642,balanced,gini,3,5,1.5,100,"{'estimator__class_weight': 'balanced', 'estimator__criterion': 'gini', 'estimator__max_depth': 3, 'estimator__min_samples_leaf': 5, 'learning_rate': 1.5, 'n_estimators': 100}",0.9204927211646137,0.9199267902081903,0.8704902867715079,0.9519560741249142,0.9199267902081903,0.9165585324954832,0.02612828879974581,268,1.0,1.0,1.0,1.0,1.0,1.0,0.0,0.9473684210526315,0.946236559139785,0.9148936170212766,0.967741935483871,0.946236559139785,0.9444954183674698,0.016917354922029646,273,1.0,1.0,1.0,1.0,1.0,1.0,0.0,0.8936170212765957,0.8936170212765957,0.8260869565217391,0.9361702127659575,0.8936170212765957,0.8886216466234969,0.03534491451991727,268,1.0,1.0,1.0,1.0,1.0,1.0,0.0,0.8076923076923077,0.84,0.76,0.88,0.84,0.8255384615384616,0.03999526599205395,266,1.0,1.0,1.0,1.0,1.0,1.0,0.0,0.9295774647887324,0.9285714285714286,0.8857142857142857,0.9571428571428572,0.9285714285714286,0.9259154929577464,0.02288581815640509,256,1.0,1.0,1.0,1.0,1.0,1.0,0.0,0.9948717948717949,0.9404444444444444,0.967111111111111,0.9688888888888889,0.9555555555555555,0.965374358974359,0.017907409036898286,155,1.0,1.0,1.0,1.0,1.0,1.0,0.0
1.3250876903533935,0.04870476149569924,0.08936591148376465,0.008284680220415603,,entropy,3,5,1.0,200,"{'estimator__class_weight': None, 'estimator__criterion': 'entropy', 'estimator__max_depth': 3, 'estimator__min_samples_leaf': 5, 'learning_rate': 1.0, 'n_estimators': 200}",0.9055851063829787,0.9365942028985508,0.8853801169590643,0.9352451433857539,0.9199267902081903,0.9165462719669076,0.019258616770107626,269,1.0,1.0,1.0,1.0,1.0,1.0,0.0,0.9361702127659575,0.9565217391304348,0.9263157894736842,0.9574468085106383,0.946236559139785,0.9445382218041001,0.011959943672740142,272,1.0,1.0,1.0,1.0,1.0,1.0,0.0,0.875,0.9166666666666666,0.8444444444444444,0.9130434782608695,0.8936170212765957,0.8885543221297153,0.026627258829394266,269,1.0,1.0,1.0,1.0,1.0,1.0,0.0,0.8076923076923077,0.88,0.76,0.84,0.84,0.8255384615384616,0.03999526599205395,266,1.0,1.0,1.0,1.0,1.0,1.0,0.0,0.9154929577464789,0.9428571428571428,0.9,0.9428571428571428,0.9285714285714286,0.9259557344064386,0.016500466146225162,248,1.0,1.0,1.0,1.0,1.0,1.0,0.0,0.9871794871794872,0.9431111111111111,0.9715555555555555,0.991111111111111,0.9742222222222221,0.9734358974358972,0.016882216059540694,49,1.0,1.0,1.0,1.0,1.0,1.0,0.0
0.5830302238464355,0.04493763786848432,0.05817403793334961,0.004761103506888419,balanced,entropy,2,1,1.5,100,"{'estimator__class_weight': 'balanced', 'estimator__criterion': 'entropy', 'estimator__max_depth': 2, 'estimator__min_samples_leaf': 1, 'learning_rate': 1.5, 'n_estimators': 100}",0.9055851063829787,0.9529042386185244,0.9028677150786308,0.9352451433857539,0.8853801169590643,0.9163964640849904,0.024289983972198295,270,1.0,1.0,1.0,1.0,1.0,1.0,0.0,0.9361702127659575,0.967032967032967,0.9361702127659575,0.9574468085106383,0.9263157894736842,0.9446271981098409,0.015130828003241538,265,1.0,1.0,1.0,1.0,1.0,1.0,0.0,0.875,0.9387755102040817,0.8695652173913043,0.9130434782608695,0.8444444444444444,0.88816573006014,0.03349960757145143,271,1.0,1.0,1.0,1.0,1.0,1.0,0.0,0.8076923076923077,0.92,0.8,0.84,0.76,0.8255384615384616,0.053662103031610196,266,1.0,1.0,1.0,1.0,1.0,1.0,0.0,0.9154929577464789,0.9571428571428572,0.9142857142857143,0.9428571428571428,0.9,0.9259557344064386,0.020869372035717138,248,1.0,1.0,1.0,1.0,1.0,1.0,0.0,0.9940170940170939,0.9493333333333334,0.968,0.9875555555555556,0.9733333333333334,0.9744478632478633,0.015673692103355147,35,1.0,1.0,1.0,1.0,1.0,1.0,0.0
0.6026798248291015,0.024664471129112683,0.05197572708129883,0.009524631062667153,balanced,entropy,2,2,1.5,100,"{'estimator__class_weight': 'balanced', 'estimator__criterion': 'entropy', 'estimator__max_depth': 2, 'estimator__min_samples_leaf': 2, 'learning_rate': 1.5, 'n_estimators': 100}",0.9055851063829787,0.9529042386185244,0.9028677150786308,0.9352451433857539,0.8853801169590643,0.9163964640849904,0.024289983972198295,270,1.0,1.0,1.0,1.0,1.0,1.0,0.0,0.9361702127659575,0.967032967032967,0.9361702127659575,0.9574468085106383,0.9263157894736842,0.9446271981098409,0.015130828003241538,265,1.0,1.0,1.0,1.0,1.0,1.0,0.0,0.875,0.9387755102040817,0.8695652173913043,0.9130434782608695,0.8444444444444444,0.88816573006014,0.03349960757145143,271,1.0,1.0,1.0,1.0,1.0,1.0,0.0,0.8076923076923077,0.92,0.8,0.84,0.76,0.8255384615384616,0.053662103031610196,266,1.0,1.0,1.0,1.0,1.0,1.0,0.0,0.9154929577464789,0.9571428571428572,0.9142857142857143,0.9428571428571428,0.9,0.9259557344064386,0.020869372035717138,248,1.0,1.0,1.0,1.0,1.0,1.0,0.0,0.9940170940170939,0.9493333333333334,0.968,0.9875555555555556,0.9733333333333334,0.9744478632478633,0.015673692103355147,35,1.0,1.0,1.0,1.0,1.0,1.0,0.0
0.10597972869873047,0.0034320045796417797,0.024556064605712892,0.00412298712493155,,gini,3,1,1.0,25,"{'estimator__class_weight': None, 'estimator__criterion': 'gini', 'estimator__max_depth': 3, 'estimator__min_samples_leaf': 1, 'learning_rate': 1.0, 'n_estimators': 25}",0.9696581196581197,0.9215070643642072,0.8489570846319827,0.9215070643642072,0.9199267902081903,0.9163112246453414,0.03859931916381701,272,1.0,1.0,1.0,1.0,1.0,1.0,0.0,0.9777777777777777,0.945054945054945,0.9072164948453608,0.945054945054945,0.946236559139785,0.9442681443745627,0.022364404892426346,284,1.0,1.0,1.0,1.0,1.0,1.0,0.0,0.9615384615384616,0.8979591836734694,0.7906976744186046,0.8979591836734694,0.8936170212765957,0.8883543049161201,0.05496351851188069,270,1.0,1.0,1.0,1.0,1.0,1.0,0.0,0.9615384615384616,0.88,0.68,0.88,0.84,0.8483076923076924,0.09298011494479842,141,1.0,1.0,1.0,1.0,1.0,1.0,0.0,0.971830985915493,0.9285714285714286,0.8714285714285714,0.9285714285714286,0.9285714285714286,0.9257947686116701,0.03193163391182088,296,1.0,1.0,1.0,1.0,1.0,1.0,0.0,0.9846153846153847,0.9422222222222223,0.9564444444444444,0.9893333333333334,0.9217777777777777,0.9588786324786325,0.02549393617410818,331,1.0,1.0,1.0,1.0,1.0,1.0,0.0
0.26601366996765136,0.006892265839405435,0.033373785018920896,0.0011447536168723374,,gini,2,1,0.5,100,"{'estimator__class_weight': None, 'estimator__criterion': 'gini', 'estimator__max_depth': 2, 'estimator__min_samples_leaf': 1, 'learning_rate': 0.5, 'n_estimators': 100}",0.9382608695652175,0.9028677150786308,0.9028677150786308,0.9519560741249142,0.8853801169590643,0.9162664981612915,0.02478112800450664,273,1.0,1.0,1.0,1.0,1.0,1.0,0.0,0.9565217391304348,0.9361702127659575,0.9361702127659575,0.967741935483871,0.9263157894736842,0.944583977923981,0.015192832115785909,270,1.0,1.0,1.0,1.0,1.0,1.0,0.0,0.92,0.8695652173913043,0.8695652173913043,0.9361702127659575,0.8444444444444444,0.8879490183986022,0.034412571080092325,273,1.0,1.0,1.0,1.0,1.0,1.0,0.0,0.8846153846153846,0.8,0.8,0.88,0.76,0.8249230769230769,0.049099825859246,304,1.0,1.0,1.0,1.0,1.0,1.0,0.0,0.9436619718309859,0.9142857142857143,0.9142857142857143,0.9571428571428572,0.9,0.9258752515090544,0.02112909827058798,287,1.0,1.0,1.0,1.0,1.0,1.0,0.0,0.9923076923076923,0.9537777777777778,0.9413333333333334,0.9911111111111112,0.9502222222222222,0.9657504273504275,0.021582940371286184,146,1.0,1.0,1.0,1.0,1.0,1.0,0.0
0.34473142623901365,0.014735788608393145,0.048165178298950194,0.0041299557892025196,,gini,2,2,0.5,100,"{'estimator__class_weight': None, 'estimator__criterion': 'gini', 'estimator__max_depth': 2, 'estimator__min_samples_leaf': 2, 'learning_rate': 0.5, 'n_estimators': 100}",0.9382608695652175,0.9028677150786308,0.9028677150786308,0.9519560741249142,0.8853801169590643,0.9162664981612915,0.02478112800450664,273,1.0,1.0,1.0,1.0,1.0,1.0,0.0,0.9565217391304348,0.9361702127659575,0.9361702127659575,0.967741935483871,0.9263157894736842,0.944583977923981,0.015192832115785909,270,1.0,1.0,1.0,1.0,1.0,1.0,0.0,0.92,0.8695652173913043,0.8695652173913043,0.9361702127659575,0.8444444444444444,0.8879490183986022,0.034412571080092325,273,1.0,1.0,1.0,1.0,1.0,1.0,0.0,0.8846153846153846,0.8,0.8,0.88,0.76,0.8249230769230769,0.049099825859246,304,1.0,1.0,1.0,1.0,1.0,1.0,0.0,0.9436619718309859,0.9142857142857143,0.9142857142857143,0.9571428571428572,0.9,0.9258752515090544,0.02112909827058798,287,1.0,1.0,1.0,1.0,1.0,1.0,0.0,0.9923076923076923,0.9537777777777778,0.9333333333333333,0.9911111111111112,0.9502222222222222,0.9641504273504274,0.023541410661326055,170,1.0,1.0,1.0,1.0,1.0,1.0,0.0
0.23895726203918458,0.03407745534306495,0.04015603065490723,0.0063138967485430195,balanced,gini,2,1,1.0,50,"{'estimator__class_weight': 'balanced', 'estimator__criterion': 'gini', 'estimator__max_depth': 2, 'estimator__min_samples_leaf': 1, 'learning_rate': 1.0, 'n_estimators': 50}",0.9220978714066272,0.9199267902081903,0.8674242424242424,0.9519560741249142,0.9199267902081903,0.9162663536744329,0.02727677461689969,275,1.0,1.0,1.0,1.0,1.0,1.0,0.0,0.946236559139785,0.946236559139785,0.9166666666666666,0.967741935483871,0.946236559139785,0.9446236559139785,0.016271769839162988,267,1.0,1.0,1.0,1.0,1.0,1.0,0.0,0.8979591836734694,0.8936170212765957,0.8181818181818182,0.9361702127659575,0.8936170212765957,0.8879090514348873,0.03835933718820536,275,1.0,1.0,1.0,1.0,1.0,1.0,0.0,0.8461538461538461,0.84,0.72,0.88,0.84,0.8252307692307692,0.05467580623074752,287,1.0,1.0,1.0,1.0,1.0,1.0,0.0,0.9295774647887324,0.9285714285714286,0.8857142857142857,0.9571428571428572,0.9285714285714286,0.9259154929577464,0.02288581815640509,256,1.0,1.0,1.0,1.0,1.0,1.0,0.0,0.9897435897435898,0.92,0.9528888888888889,0.9928888888888889,0.9537777777777777,0.961859829059829,0.026975356431895463,224,1.0,1.0,1.0,1.0,1.0,1.0,0.0
0.23662409782409669,0.04155670782244301,0.040180397033691403,0.007825763234936757,balanced,gini,2,2,1.0,50,"{'estimator__class_weight': 'balanced', 'estimator__criterion': 'gini', 'estimator__max_depth': 2, 'estimator__min_samples_leaf': 2, 'learning_rate': 1.0, 'n_estimators': 50}",0.9220978714066272,0.9199267902081903,0.8674242424242424,0.9519560741249142,0.9199267902081903,0.9162663536744329,0.02727677461689969,275,1.0,1.0,1.0,1.0,1.0,1.0,0.0,0.946236559139785,0.946236559139785,0.9166666666666666,0.967741935483871,0.946236559139785,0.9446236559139785,0.016271769839162988,267,1.0,1.0,1.0,1.0,1.0,1.0,0.0,0.8979591836734694,0.8936170212765957,0.8181818181818182,0.9361702127659575,0.8936170212765957,0.8879090514348873,0.03835933718820536,275,1.0,1.0,1.0,1.0,1.0,1.0,0.0,0.8461538461538461,0.84,0.72,0.88,0.84,0.8252307692307692,0.05467580623074752,287,1.0,1.0,1.0,1.0,1.0,1.0,0.0,0.9295774647887324,0.9285714285714286,0.8857142857142857,0.9571428571428572,0.9285714285714286,0.9259154929577464,0.02288581815640509,256,1.0,1.0,1.0,1.0,1.0,1.0,0.0,0.9897435897435898,0.92,0.9528888888888889,0.9928888888888889,0.9537777777777777,0.961859829059829,0.026975356431895463,224,1.0,1.0,1.0,1.0,1.0,1.0,0.0
0.24355039596557618,0.036561565356988186,0.03832850456237793,0.005986731870911791,balanced,gini,2,5,1.0,50,"{'estimator__class_weight': 'balanced', 'estimator__criterion': 'gini', 'estimator__max_depth': 2, 'estimator__min_samples_leaf': 5, 'learning_rate': 1.0, 'n_estimators': 50}",0.9220978714066272,0.9199267902081903,0.8674242424242424,0.9519560741249142,0.9199267902081903,0.9162663536744329,0.02727677461689969,275,1.0,1.0,1.0,1.0,1.0,1.0,0.0,0.946236559139785,0.946236559139785,0.9166666666666666,0.967741935483871,0.946236559139785,0.9446236559139785,0.016271769839162988,267,1.0,1.0,1.0,1.0,1.0,1.0,0.0,0.8979591836734694,0.8936170212765957,0.8181818181818182,0.9361702127659575,0.8936170212765957,0.8879090514348873,0.03835933718820536,275,1.0,1.0,1.0,1.0,1.0,1.0,0.0,0.8461538461538461,0.84,0.72,0.88,0.84,0.8252307692307692,0.05467580623074752,287,1.0,1.0,1.0,1.0,1.0,1.0,0.0,0.9295774647887324,0.9285714285714286,0.8857142857142857,0.9571428571428572,0.9285714285714286,0.9259154929577464,0.02288581815640509,256,1.0,1.0,1.0,1.0,1.0,1.0,0.0,0.9897435897435898,0.92,0.9528888888888889,0.9928888888888889,0.9786666666666667,0.9668376068376068,0.027318887797753516,137,1.0,1.0,1.0,1.0,1.0,1.0,0.0
1.1278955459594726,0.031811280468164185,0.08648691177368165,0.011620087489872323,,gini,3,2,1.0,200,"{'estimator__class_weight': None, 'estimator__criterion': 'gini', 'estimator__max_depth': 3, 'estimator__min_samples_leaf': 2, 'learning_rate': 1.0, 'n_estimators': 200}",0.8886898096304592,0.9365942028985508,0.8674242424242424,0.9519560741249142,0.9365942028985508,0.9162517063953434,0.03239202245634479,278,1.0,1.0,1.0,1.0,1.0,1.0,0.0,0.9263157894736842,0.9565217391304348,0.9166666666666666,0.967741935483871,0.9565217391304348,0.9447535739770183,0.019668606694820012,259,1.0,1.0,1.0,1.0,1.0,1.0,0.0,0.851063829787234,0.9166666666666666,0.8181818181818182,0.9361702127659575,0.9166666666666666,0.8877498388136686,0.04517183023248125,279,1.0,1.0,1.0,1.0,1.0,1.0,0.0,0.7692307692307693,0.88,0.72,0.88,0.88,0.8258461538461539,0.06812727386140578,261,1.0,1.0,1.0,1.0,1.0,1.0,0.0,0.9014084507042254,0.9428571428571428,0.8857142857142857,0.9571428571428572,0.9428571428571428,0.9259959758551307,0.02744407795113789,247,1.0,1.0,1.0,1.0,1.0,1.0,0.0,0.9888888888888888,0.9466666666666667,0.9653333333333334,0.9955555555555555,0.9644444444444444,0.9721777777777778,0.017794658652056497,68,1.0,1.0,1.0,1.0,1.0,1.0,0.0
0.2735910892486572,0.01734133099746775,0.029137086868286134,0.002698421762233516,,entropy,3,1,1.5,50,"{'estimator__class_weight': None, 'estimator__criterion': 'entropy', 'estimator__max_depth': 3, 'estimator__min_samples_leaf': 1, 'learning_rate': 1.5, 'n_estimators': 50}",0.9204927211646137,0.9048913043478262,0.8674242424242424,0.9682971014492754,0.9199267902081903,0.9162064319188297,0.03241414912430603,279,1.0,1.0,1.0,1.0,1.0,1.0,0.0,0.9473684210526315,0.9347826086956522,0.9166666666666666,0.9782608695652174,0.946236559139785,0.9446630250239906,0.020099895737017138,264,1.0,1.0,1.0,1.0,1.0,1.0,0.0,0.8936170212765957,0.875,0.8181818181818182,0.9583333333333334,0.8936170212765957,0.8877498388136686,0.04484003845476093,279,1.0,1.0,1.0,1.0,1.0,1.0,0.0,0.8076923076923077,0.84,0.72,0.92,0.84,0.8255384615384616,0.06449512618620999,266,1.0,1.0,1.0,1.0,1.0,1.0,0.0,0.9295774647887324,0.9142857142857143,0.8857142857142857,0.9714285714285714,0.9285714285714286,0.9259154929577464,0.027724693539725804,256,1.0,1.0,1.0,1.0,1.0,1.0,0.0,0.9863247863247863,0.9564444444444445,0.9608888888888889,0.9822222222222222,0.9608888888888889,0.9693538461538462,0.012357763296103295,113,1.0,1.0,1.0,1.0,1.0,1.0,0.0
0.15465869903564453,0.02089947279454568,0.03203082084655762,0.005737498264585325,,gini,3,1,0.5,25,"{'estimator__class_weight': None, 'estimator__criterion': 'gini', 'estimator__max_depth': 3, 'estimator__min_samples_leaf': 1, 'learning_rate': 0.5, 'n_estimators': 25}",0.9220978714066272,0.9365942028985508,0.8674242424242424,0.9519560741249142,0.9028677150786308,0.9161880211865931,0.02927807666728303,280,1.0,1.0,1.0,1.0,1.0,1.0,0.0,0.946236559139785,0.9565217391304348,0.9166666666666666,0.967741935483871,0.9361702127659575,0.944667422637343,0.017502371625091325,263,1.0,1.0,1.0,1.0,1.0,1.0,0.0,0.8979591836734694,0.9166666666666666,0.8181818181818182,0.9361702127659575,0.8695652173913043,0.8877086197358433,0.04112256734463971,281,1.0,1.0,1.0,1.0,1.0,1.0,0.0,0.8461538461538461,0.88,0.72,0.88,0.8,0.8252307692307692,0.06024486523333129,287,1.0,1.0,1.0,1.0,1.0,1.0,0.0,0.9295774647887324,0.9428571428571428,0.8857142857142857,0.9571428571428572,0.9142857142857143,0.9259154929577464,0.024604741936246056,256,1.0,1.0,1.0,1.0,1.0,1.0,0.0,0.982905982905983,0.9564444444444444,0.96,0.9902222222222223,0.9057777777777778,0.9590700854700854,0.02961902909211756,329,1.0,1.0,1.0,1.0,1.0,1.0,0.0
0.40357632637023927,0.13318438816449144,0.04755587577819824,0.008051689278422241,balanced,gini,2,1,1.0,100,"{'estimator__class_weight': 'balanced', 'estimator__criterion': 'gini', 'estimator__max_depth': 2, 'estimator__min_samples_leaf': 1, 'learning_rate': 1.0, 'n_estimators': 100}",0.8886898096304592,0.9529042386185244,0.8674242424242424,0.9519560741249142,0.9199267902081903,0.9161802310012662,0.03398667409982534,281,1.0,1.0,1.0,1.0,1.0,1.0,0.0,0.9263157894736842,0.967032967032967,0.9166666666666666,0.967741935483871,0.946236559139785,0.9447987835593947,0.02076464015977243,256,1.0,1.0,1.0,1.0,1.0,1.0,0.0,0.851063829787234,0.9387755102040817,0.8181818181818182,0.9361702127659575,0.8936170212765957,0.8875616784431374,0.04726091686768508,283,1.0,1.0,1.0,1.0,1.0,1.0,0.0,0.7692307692307693,0.92,0.72,0.88,0.84,0.8258461538461539,0.07267272833592381,261,1.0,1.0,1.0,1.0,1.0,1.0,0.0,0.9014084507042254,0.9571428571428572,0.8857142857142857,0.9571428571428572,0.9285714285714286,0.9259959758551309,0.028893079926677227,245,1.0,1.0,1.0,1.0,1.0,1.0,0.0,0.9905982905982905,0.9359999999999999,0.9546666666666668,0.9928888888888889,0.9706666666666666,0.9689641025641025,0.021607317965016335,115,1.0,1.0,1.0,1.0,1.0,1.0,0.0
0.4096691131591797,0.12627241699698416,0.05064878463745117,0.009377895420634863,balanced,gini,2,2,1.0,100,"{'estimator__class_weight': 'balanced', 'estimator__criterion': 'gini', 'estimator__max_depth': 2, 'estimator__min_samples_leaf': 2, 'learning_rate': 1.0, 'n_estimators': 100}",0.8886898096304592,0.9529042386185244,0.8674242424242424,0.9519560741249142,0.9199267902081903,0.9161802310012662,0.03398667409982534,281,1.0,1.0,1.0,1.0,1.0,1.0,0.0,0.9263157894736842,0.967032967032967,0.9166666666666666,0.967741935483871,0.946236559139785,0.9447987835593947,0.02076464015977243,256,1.0,1.0,1.0,1.0,1.0,1.0,0.0,0.851063829787234,0.9387755102040817,0.8181818181818182,0.9361702127659575,0.8936170212765957,0.8875616784431374,0.04726091686768508,283,1.0,1.0,1.0,1.0,1.0,1.0,0.0,0.7692307692307693,0.92,0.72,0.88,0.84,0.8258461538461539,0.07267272833592381,261,1.0,1.0,1.0,1.0,1.0,1.0,0.0,0.9014084507042254,0.9571428571428572,0.8857142857142857,0.9571428571428572,0.9285714285714286,0.9259959758551309,0.028893079926677227,245,1.0,1.0,1.0,1.0,1.0,1.0,0.0,0.9905982905982905,0.9359999999999999,0.9546666666666668,0.9928888888888889,0.9706666666666666,0.9689641025641025,0.021607317965016335,115,1.0,1.0,1.0,1.0,1.0,1.0,0.0
0.840977954864502,0.043559993423722396,0.057941436767578125,0.0046605629228119215,,entropy,2,2,1.5,200,"{'estimator__class_weight': None, 'estimator__criterion': 'entropy', 'estimator__max_depth': 2, 'estimator__min_samples_leaf': 2, 'learning_rate': 1.5, 'n_estimators': 200}",0.9220978714066272,0.9028677150786308,0.9005681818181819,0.9352451433857539,0.9199267902081903,0.9161411403794769,0.012911061750206664,283,1.0,1.0,1.0,1.0,1.0,1.0,0.0,0.946236559139785,0.9361702127659575,0.9375,0.9574468085106383,0.946236559139785,0.944718027911233,0.007639355999259541,261,1.0,1.0,1.0,1.0,1.0,1.0,0.0,0.8979591836734694,0.8695652173913043,0.8636363636363636,0.9130434782608695,0.8936170212765957,0.8875642528477206,0.018386901205216966,282,1.0,1.0,1.0,1.0,1.0,1.0,0.0,0.8461538461538461,0.8,0.76,0.84,0.84,0.8172307692307692,0.03300206197610318,333,1.0,1.0,1.0,1.0,1.0,1.0,0.0,0.9295774647887324,0.9142857142857143,0.9142857142857143,0.9428571428571428,0.9285714285714286,0.9259154929577464,0.010751623476569359,256,1.0,1.0,1.0,1.0,1.0,1.0,0.0,0.976068376068376,0.9484444444444444,0.9635555555555556,0.9857777777777778,0.9644444444444444,0.9676581196581197,0.012612521390037646,131,1.0,1.0,1.0,1.0,1.0,1.0,0.0
0.5038291931152343,0.015234400348668986,0.06127147674560547,0.001896429956910781,balanced,gini,2,5,1.5,100,"{'estimator__class_weight': 'balanced', 'estimator__criterion': 'gini', 'estimator__max_depth': 2, 'estimator__min_samples_leaf': 5, 'learning_rate': 1.5, 'n_estimators': 100}",0.9220978714066272,0.9365942028985508,0.8489570846319827,0.9843014128728415,0.8878975062914665,0.9159696156202937,0.045630880479722136,284,1.0,1.0,1.0,1.0,1.0,1.0,0.0,0.946236559139785,0.9565217391304348,0.9072164948453608,0.989010989010989,0.9247311827956989,0.9447433929844538,0.02796188720974054,260,1.0,1.0,1.0,1.0,1.0,1.0,0.0,0.8979591836734694,0.9166666666666666,0.7906976744186046,0.9795918367346939,0.851063829787234,0.8871958382561338,0.06346466343822725,286,1.0,1.0,1.0,1.0,1.0,1.0,0.0,0.8461538461538461,0.88,0.68,0.96,0.8,0.8332307692307692,0.09274562781764936,221,1.0,1.0,1.0,1.0,1.0,1.0,0.0,0.9295774647887324,0.9428571428571428,0.8714285714285714,0.9857142857142858,0.9,0.9259154929577464,0.0387730900164371,256,1.0,1.0,1.0,1.0,1.0,1.0,0.0,0.9948717948717949,0.9626666666666667,0.9795555555555555,1.0,0.9644444444444444,0.9803076923076922,0.015253289441155287,4,1.0,1.0,1.0,1.0,1.0,1.0,0.0
0.4486544609069824,0.15337515000218857,0.0556128978729248,0.012146799703636798,balanced,gini,2,5,1.0,100,"{'estimator__class_weight': 'balanced', 'estimator__criterion': 'gini', 'estimator__max_depth': 2, 'estimator__min_samples_leaf': 5, 'learning_rate': 1.0, 'n_estimators': 100}",0.9204927211646137,0.9199267902081903,0.8674242424242424,0.9519560741249142,0.9199267902081903,0.9159453236260303,0.02721562951374445,285,1.0,1.0,1.0,1.0,1.0,1.0,0.0,0.9473684210526315,0.946236559139785,0.9166666666666666,0.967741935483871,0.946236559139785,0.9448500282965477,0.016300481741752717,255,1.0,1.0,1.0,1.0,1.0,1.0,0.0,0.8936170212765957,0.8936170212765957,0.8181818181818182,0.9361702127659575,0.8936170212765957,0.8870406189555127,0.038170665790465005,289,1.0,1.0,1.0,1.0,1.0,1.0,0.0,0.8076923076923077,0.84,0.72,0.88,0.84,0.8175384615384615,0.05389097036044659,328,1.0,1.0,1.0,1.0,1.0,1.0,0.0,0.9295774647887324,0.9285714285714286,0.8857142857142857,0.9571428571428572,0.9285714285714286,0.9259154929577464,0.02288581815640509,256,1.0,1.0,1.0,1.0,1.0,1.0,0.0,0.9897435897435898,0.9386666666666666,0.9564444444444444,0.9928888888888889,0.9626666666666667,0.9680820512820514,0.020565148071837416,124,1.0,1.0,1.0,1.0,1.0,1.0,0.0
0.2287426471710205,0.017610349432066196,0.03869190216064453,0.003174089570865615,,gini,2,5,0.5,50,"{'estimator__class_weight': None, 'estimator__criterion': 'gini', 'estimator__max_depth': 2, 'estimator__min_samples_leaf': 5, 'learning_rate': 0.5, 'n_estimators': 50}",0.9541047188106011,0.8853801169590643,0.9028677150786308,0.9519560741249142,0.8853801169590643,0.9159377483864549,0.030959330961542263,286,1.0,1.0,1.0,1.0,1.0,1.0,0.0,0.967032967032967,0.9263157894736842,0.9361702127659575,0.967741935483871,0.9263157894736842,0.9447153388460328,0.018859515871555738,262,1.0,1.0,1.0,1.0,1.0,1.0,0.0,0.9411764705882353,0.8444444444444444,0.8695652173913043,0.9361702127659575,0.8444444444444444,0.8871601579268772,0.04307805426881806,287,1.0,1.0,1.0,1.0,1.0,1.0,0.0,0.9230769230769231,0.76,0.8,0.88,0.76,0.8246153846153845,0.06590651439010604,320,1.0,1.0,1.0,1.0,1.0,1.0,0.0,0.9577464788732394,0.9,0.9142857142857143,0.9571428571428572,0.9,0.9258350100603622,0.026331748340224025,292,1.0,1.0,1.0,1.0,1.0,1.0,0.0,0.9888888888888889,0.9511111111111111,0.9431111111111111,0.984,0.9475555555555555,0.9629333333333333,0.019425018868065275,203,1.0,1.0,1.0,1.0,1.0,1.0,0.0
0.8514986038208008,0.009889508246235069,0.06431670188903808,0.010139594877571156,,entropy,2,5,1.5,200,"{'estimator__class_weight': None, 'estimator__criterion': 'entropy', 'estimator__max_depth': 2, 'estimator__min_samples_leaf': 5, 'learning_rate': 1.5, 'n_estimators': 200}",0.9532587228439764,0.9028677150786308,0.8853801169590643,0.9352451433857539,0.9028677150786308,0.9159238826692112,0.024661914177998706,287,1.0,1.0,1.0,1.0,1.0,1.0,0.0,0.967741935483871,0.9361702127659575,0.9263157894736842,0.9574468085106383,0.9361702127659575,0.9447689918000218,0.015341980679816899,258,1.0,1.0,1.0,1.0,1.0,1.0,0.0,0.9387755102040817,0.8695652173913043,0.8444444444444444,0.9130434782608695,0.8695652173913043,0.8870787735384009,0.03399368702665987,288,1.0,1.0,1.0,1.0,1.0,1.0,0.0,0.8846153846153846,0.8,0.76,0.84,0.8,0.8169230769230769,0.04225591236948402,351,1.0,1.0,1.0,1.0,1.0,1.0,0.0,0.9577464788732394,0.9142857142857143,0.9,0.9428571428571428,0.9142857142857143,0.9258350100603622,0.021176945281820438,292,1.0,1.0,1.0,1.0,1.0,1.0,0.0,0.9957264957264957,0.9528888888888889,0.9617777777777778,0.9973333333333334,0.9644444444444445,0.974434188034188,0.018449459803057063,37,1.0,1.0,1.0,1.0,1.0,1.0,0.0
0.1562284469604492,0.012515190105821252,0.029114389419555665,0.004208155308905215,,entropy,1,1,0.5,50,"{'estimator__class_weight': None, 'estimator__criterion': 'entropy', 'estimator__max_depth': 1, 'estimator__min_samples_leaf': 1, 'learning_rate': 0.5, 'n_estimators': 50}",0.9204927211646137,0.9352451433857539,0.9005681818181819,0.9352451433857539,0.8878975062914665,0.915889739209154,0.018914364959809214,288,0.9519560741249142,0.9440493799067016,0.9443406904357668,0.9357126515671471,0.9398930481283423,0.9431903688325743,0.0053979127154229894,0.9473684210526315,0.9574468085106383,0.9375,0.9574468085106383,0.9247311827956989,0.9448986441739213,0.012509828842374457,250,0.967741935483871,0.9625668449197861,0.9623655913978495,0.9574468085106383,0.96,0.9620242360624289,0.0034103785461262475,0.8936170212765957,0.9130434782608695,0.8636363636363636,0.9130434782608695,0.851063829787234,0.8868808342443865,0.025446050073558563,291,0.9361702127659575,0.925531914893617,0.9263157894736842,0.9139784946236559,0.9197860962566845,0.9243565016027198,0.007394265490211988,0.8076923076923077,0.84,0.76,0.84,0.8,0.8095384615384615,0.02967915212747689,376,0.88,0.8613861386138614,0.8712871287128713,0.8415841584158416,0.8514851485148515,0.8611485148514852,0.013670194878525376,0.9295774647887324,0.9428571428571428,0.9142857142857143,0.9428571428571428,0.9,0.9259154929577464,0.016699183019069103,256,0.9571428571428572,0.9501779359430605,0.9501779359430605,0.9430604982206405,0.9466192170818505,0.9494356888662938,0.004670714578524208,0.9816239316239316,0.9697777777777778,0.9466666666666667,0.9693333333333333,0.9155555555555556,0.956591452991453,0.023432054645143245,384,0.9841666666666667,0.991006600660066,0.9824257425742574,0.9856160616061607,0.991116611661166,0.9868663366336634,0.0035714676309122058
0.14384832382202148,0.016056210787973826,0.029587602615356444,0.0037206993412128974,,entropy,1,2,0.5,50,"{'estimator__class_weight': None, 'estimator__criterion': 'entropy', 'estimator__max_depth': 1, 'estimator__min_samples_leaf': 2, 'learning_rate': 0.5, 'n_estimators': 50}",0.9204927211646137,0.9352451433857539,0.9005681818181819,0.9352451433857539,0.8878975062914665,0.915889739209154,0.018914364959809214,288,0.9519560741249142,0.9440493799067016,0.9443406904357668,0.9357126515671471,0.9398930481283423,0.9431903688325743,0.0053979127154229894,0.9473684210526315,0.9574468085106383,0.9375,0.9574468085106383,0.9247311827956989,0.9448986441739213,0.012509828842374457,250,0.967741935483871,0.9625668449197861,0.9623655913978495,0.9574468085106383,0.96,0.9620242360624289,0.0034103785461262475,0.8936170212765957,0.9130434782608695,0.8636363636363636,0.9130434782608695,0.851063829787234,0.8868808342443865,0.025446050073558563,291,0.9361702127659575,0.925531914893617,0.9263157894736842,0.9139784946236559,0.9197860962566845,0.9243565016027198,0.007394265490211988,0.8076923076923077,0.84,0.76,0.84,0.8,0.8095384615384615,0.02967915212747689,376,0.88,0.8613861386138614,0.8712871287128713,0.8415841584158416,0.8514851485148515,0.8611485148514852,0.013670194878525376,0.9295774647887324,0.9428571428571428,0.9142857142857143,0.9428571428571428,0.9,0.9259154929577464,0.016699183019069103,256,0.9571428571428572,0.9501779359430605,0.9501779359430605,0.9430604982206405,0.9466192170818505,0.9494356888662938,0.004670714578524208,0.9816239316239316,0.9697777777777778,0.9466666666666667,0.9693333333333333,0.9155555555555556,0.956591452991453,0.023432054645143245,384,0.9841666666666667,0.991006600660066,0.9824257425742574,0.9856160616061607,0.991116611661166,0.9868663366336634,0.0035714676309122058
0.1617866039276123,0.00618760758893678,0.03229684829711914,0.004253221801559982,,entropy,1,5,0.5,50,"{'estimator__class_weight': None, 'estimator__criterion': 'entropy', 'estimator__max_depth': 1, 'estimator__min_samples_leaf': 5, 'learning_rate': 0.5, 'n_estimators': 50}",0.9204927211646137,0.9352451433857539,0.9005681818181819,0.9352451433857539,0.8878975062914665,0.915889739209154,0.018914364959809214,288,0.9519560741249142,0.9440493799067016,0.9443406904357668,0.9357126515671471,0.9398930481283423,0.9431903688325743,0.0053979127154229894,0.9473684210526315,0.9574468085106383,0.9375,0.9574468085106383,0.9247311827956989,0.9448986441739213,0.012509828842374457,250,0.967741935483871,0.9625668449197861,0.9623655913978495,0.9574468085106383,0.96,0.9620242360624289,0.0034103785461262475,0.8936170212765957,0.9130434782608695,0.8636363636363636,0.9130434782608695,0.851063829787234,0.8868808342443865,0.025446050073558563,291,0.9361702127659575,0.925531914893617,0.9263157894736842,0.9139784946236559,0.9197860962566845,0.9243565016027198,0.007394265490211988,0.8076923076923077,0.84,0.76,0.84,0.8,0.8095384615384615,0.02967915212747689,376,0.88,0.8613861386138614,0.8712871287128713,0.8415841584158416,0.8514851485148515,0.8611485148514852,0.013670194878525376,0.9295774647887324,0.9428571428571428,0.9142857142857143,0.9428571428571428,0.9,0.9259154929577464,0.016699183019069103,256,0.9571428571428572,0.9501779359430605,0.9501779359430605,0.9430604982206405,0.9466192170818505,0.9494356888662938,0.004670714578524208,0.9816239316239316,0.9697777777777778,0.9466666666666667,0.9693333333333333,0.9155555555555556,0.956591452991453,0.023432054645143245,384,0.9841666666666667,0.991006600660066,0.9824257425742574,0.9856160616061607,0.991116611661166,0.9868663366336634,0.0035714676309122058
0.6061447143554688,0.016742016221575902,0.05929651260375977,0.007168825819693364,balanced,gini,3,2,1.0,100,"{'estimator__class_weight': 'balanced', 'estimator__criterion': 'gini', 'estimator__max_depth': 3, 'estimator__min_samples_leaf': 2, 'learning_rate': 1.0, 'n_estimators': 100}",0.9035326086956521,0.9365942028985508,0.8674242424242424,0.9352451433857539,0.9365942028985508,0.91587808006055,0.027326118193508213,291,1.0,1.0,1.0,1.0,1.0,1.0,0.0,0.9375,0.9565217391304348,0.9166666666666666,0.9574468085106383,0.9565217391304348,0.944931390687635,0.015996426031268038,249,1.0,1.0,1.0,1.0,1.0,1.0,0.0,0.8695652173913043,0.9166666666666666,0.8181818181818182,0.9130434782608695,0.9166666666666666,0.886824769433465,0.038673622139029494,294,1.0,1.0,1.0,1.0,1.0,1.0,0.0,0.7692307692307693,0.88,0.72,0.84,0.88,0.8178461538461539,0.06348908493060397,325,1.0,1.0,1.0,1.0,1.0,1.0,0.0,0.9154929577464789,0.9428571428571428,0.8857142857142857,0.9428571428571428,0.9428571428571428,0.9259557344064386,0.02274122560959274,248,1.0,1.0,1.0,1.0,1.0,1.0,0.0,0.9923076923076922,0.9582222222222222,0.9511111111111111,0.9937777777777779,0.9688888888888889,0.9728615384615384,0.017428795604117222,58,1.0,1.0,1.0,1.0,1.0,1.0,0.0
0.583377456665039,0.02648018947561205,0.05558047294616699,0.006665468908590234,balanced,gini,3,1,1.5,100,"{'estimator__class_weight': 'balanced', 'estimator__criterion': 'gini', 'estimator__max_depth': 3, 'estimator__min_samples_leaf': 1, 'learning_rate': 1.5, 'n_estimators': 100}",0.9370567375886525,0.9365942028985508,0.8674242424242424,0.9352451433857539,0.9028677150786308,0.915837608275166,0.02745837653902937,292,1.0,1.0,1.0,1.0,1.0,1.0,0.0,0.9574468085106383,0.9565217391304348,0.9166666666666666,0.9574468085106383,0.9361702127659575,0.9448504471168672,0.016267929473923623,254,1.0,1.0,1.0,1.0,1.0,1.0,0.0,0.9166666666666666,0.9166666666666666,0.8181818181818182,0.9130434782608695,0.8695652173913043,0.886824769433465,0.038673622139029494,294,1.0,1.0,1.0,1.0,1.0,1.0,0.0,0.8461538461538461,0.88,0.72,0.84,0.8,0.8172307692307692,0.05485559310293305,333,1.0,1.0,1.0,1.0,1.0,1.0,0.0,0.9436619718309859,0.9428571428571428,0.8857142857142857,0.9428571428571428,0.9142857142857143,0.9258752515090544,0.02297980519476587,287,1.0,1.0,1.0,1.0,1.0,1.0,0.0,0.9965811965811966,0.9626666666666667,0.9644444444444444,0.9893333333333333,0.9617777777777778,0.9749606837606837,0.014896595491444889,28,1.0,1.0,1.0,1.0,1.0,1.0,0.0
0.38069925308227537,0.00960455610543758,0.048797893524169925,0.0014353208551853313,,gini,1,1,0.1,200,"{'estimator__class_weight': None, 'estimator__criterion': 'gini', 'estimator__max_depth': 1, 'estimator__min_samples_leaf': 1, 'learning_rate': 0.1, 'n_estimators': 200}",0.9204927211646137,0.9352451433857539,0.8853801169590643,0.9519560741249142,0.8853801169590643,0.915690834518682,0.02667611633009759,293,0.9478143682527849,0.9272774327122153,0.9276767330130404,0.923021468633303,0.923021468633303,0.9297622942489294,0.009244229966054798,0.9473684210526315,0.9574468085106383,0.9263157894736842,0.967741935483871,0.9263157894736842,0.9450377487989019,0.016588673310785798,246,0.9651474530831099,0.9523809523809523,0.9521276595744681,0.9498680738786279,0.9498680738786279,0.9538784425591572,0.0057352319916424265,0.8936170212765957,0.9130434782608695,0.8444444444444444,0.9361702127659575,0.8444444444444444,0.8863439202384622,0.036768344993935435,296,0.93048128342246,0.9021739130434783,0.9032258064516129,0.8961748633879781,0.8961748633879781,0.9056461459387014,0.012760163671833432,0.8076923076923077,0.84,0.76,0.88,0.76,0.8095384615384615,0.04648496607512924,376,0.87,0.8217821782178217,0.8316831683168316,0.8118811881188119,0.8118811881188119,0.8294455445544553,0.021565765621432146,0.9295774647887324,0.9428571428571428,0.9,0.9571428571428572,0.9,0.9259154929577464,0.02288581815640506,256,0.9535714285714286,0.9359430604982206,0.9359430604982206,0.9323843416370107,0.9323843416370107,0.9380452465683783,0.007924549065062798,0.9811965811965813,0.963111111111111,0.948,0.9666666666666667,0.9204444444444443,0.9558837606837607,0.020626891942215956,397,0.9794722222222222,0.9895764576457645,0.9812706270627063,0.9857260726072608,0.9907040704070407,0.9853498899889989,0.004424025313374072
0.3972781181335449,0.018164545920708753,0.048795557022094725,0.0010525291368617595,,gini,1,2,0.1,200,"{'estimator__class_weight': None, 'estimator__criterion': 'gini', 'estimator__max_depth': 1, 'estimator__min_samples_leaf': 2, 'learning_rate': 0.1, 'n_estimators': 200}",0.9204927211646137,0.9352451433857539,0.8853801169590643,0.9519560741249142,0.8853801169590643,0.915690834518682,0.02667611633009759,293,0.9478143682527849,0.9272774327122153,0.9276767330130404,0.923021468633303,0.923021468633303,0.9297622942489294,0.009244229966054798,0.9473684210526315,0.9574468085106383,0.9263157894736842,0.967741935483871,0.9263157894736842,0.9450377487989019,0.016588673310785798,246,0.9651474530831099,0.9523809523809523,0.9521276595744681,0.9498680738786279,0.9498680738786279,0.9538784425591572,0.0057352319916424265,0.8936170212765957,0.9130434782608695,0.8444444444444444,0.9361702127659575,0.8444444444444444,0.8863439202384622,0.036768344993935435,296,0.93048128342246,0.9021739130434783,0.9032258064516129,0.8961748633879781,0.8961748633879781,0.9056461459387014,0.012760163671833432,0.8076923076923077,0.84,0.76,0.88,0.76,0.8095384615384615,0.04648496607512924,376,0.87,0.8217821782178217,0.8316831683168316,0.8118811881188119,0.8118811881188119,0.8294455445544553,0.021565765621432146,0.9295774647887324,0.9428571428571428,0.9,0.9571428571428572,0.9,0.9259154929577464,0.02288581815640506,256,0.9535714285714286,0.9359430604982206,0.9359430604982206,0.9323843416370107,0.9323843416370107,0.9380452465683783,0.007924549065062798,0.9811965811965813,0.963111111111111,0.948,0.9666666666666667,0.9204444444444443,0.9558837606837607,0.020626891942215956,397,0.9794722222222222,0.9895764576457645,0.9812706270627063,0.9857260726072608,0.9907040704070407,0.9853498899889989,0.004424025313374072
0.4056849002838135,0.00696387917761573,0.051441001892089847,0.0010239215621342015,,gini,1,5,0.1,200,"{'estimator__class_weight': None, 'estimator__criterion': 'gini', 'estimator__max_depth': 1, 'estimator__min_samples_leaf': 5, 'learning_rate': 0.1, 'n_estimators': 200}",0.9204927211646137,0.9352451433857539,0.8853801169590643,0.9519560741249142,0.8853801169590643,0.915690834518682,0.02667611633009759,293,0.9478143682527849,0.9272774327122153,0.9276767330130404,0.923021468633303,0.923021468633303,0.9297622942489294,0.009244229966054798,0.9473684210526315,0.9574468085106383,0.9263157894736842,0.967741935483871,0.9263157894736842,0.9450377487989019,0.016588673310785798,246,0.9651474530831099,0.9523809523809523,0.9521276595744681,0.9498680738786279,0.9498680738786279,0.9538784425591572,0.0057352319916424265,0.8936170212765957,0.9130434782608695,0.8444444444444444,0.9361702127659575,0.8444444444444444,0.8863439202384622,0.036768344993935435,296,0.93048128342246,0.9021739130434783,0.9032258064516129,0.8961748633879781,0.8961748633879781,0.9056461459387014,0.012760163671833432,0.8076923076923077,0.84,0.76,0.88,0.76,0.8095384615384615,0.04648496607512924,376,0.87,0.8217821782178217,0.8316831683168316,0.8118811881188119,0.8118811881188119,0.8294455445544553,0.021565765621432146,0.9295774647887324,0.9428571428571428,0.9,0.9571428571428572,0.9,0.9259154929577464,0.02288581815640506,256,0.9535714285714286,0.9359430604982206,0.9359430604982206,0.9323843416370107,0.9323843416370107,0.9380452465683783,0.007924549065062798,0.9811965811965813,0.963111111111111,0.948,0.9666666666666667,0.9204444444444443,0.9558837606837607,0.020626891942215956,397,0.9794722222222222,0.9895764576457645,0.9812706270627063,0.9857260726072608,0.9907040704070407,0.9853498899889989,0.004424025313374072
0.38613381385803225,0.01601622996081199,0.039504289627075195,0.0038548313666548276,balanced,entropy,3,1,1.5,50,"{'estimator__class_weight': 'balanced', 'estimator__criterion': 'entropy', 'estimator__max_depth': 3, 'estimator__min_samples_leaf': 1, 'learning_rate': 1.5, 'n_estimators': 50}",0.9691304347826086,0.9365942028985508,0.8489570846319827,0.9199267902081903,0.9028677150786308,0.9154952455199927,0.03982039552146251,296,1.0,1.0,1.0,1.0,1.0,1.0,0.0,0.9782608695652174,0.9565217391304348,0.9072164948453608,0.946236559139785,0.9361702127659575,0.9448811750893512,0.023435241850267033,253,1.0,1.0,1.0,1.0,1.0,1.0,0.0,0.96,0.9166666666666666,0.7906976744186046,0.8936170212765957,0.8695652173913043,0.8861093159506342,0.05626195703724606,301,1.0,1.0,1.0,1.0,1.0,1.0,0.0,0.9230769230769231,0.88,0.68,0.84,0.8,0.8246153846153847,0.08308831830680684,319,1.0,1.0,1.0,1.0,1.0,1.0,0.0,0.971830985915493,0.9428571428571428,0.8714285714285714,0.9285714285714286,0.9142857142857143,0.9257947686116701,0.033185266268929856,296,1.0,1.0,1.0,1.0,1.0,1.0,0.0,0.9880341880341881,0.9644444444444444,0.959111111111111,0.983111111111111,0.9688888888888889,0.9727179487179487,0.01105317703757635,62,1.0,1.0,1.0,1.0,1.0,1.0,0.0
0.20518288612365723,0.007390547117897841,0.028741121292114258,0.004396554819689245,,entropy,2,5,0.1,50,"{'estimator__class_weight': None, 'estimator__criterion': 'entropy', 'estimator__max_depth': 2, 'estimator__min_samples_leaf': 5, 'learning_rate': 0.1, 'n_estimators': 50}",0.9204927211646137,0.9352451433857539,0.9005681818181819,0.9352451433857539,0.8853801169590643,0.9153862613426735,0.019671148952103513,297,0.9478143682527849,0.9315076349559108,0.9357126515671471,0.9398930481283423,0.9398930481283423,0.9389641502065054,0.005407844769391496,0.9473684210526315,0.9574468085106383,0.9375,0.9574468085106383,0.9263157894736842,0.9452155655095185,0.012004773075995788,245,0.9651474530831099,0.9549071618037135,0.9574468085106383,0.96,0.96,0.9595002846794923,0.0033971601054401538,0.8936170212765957,0.9130434782608695,0.8636363636363636,0.9130434782608695,0.8444444444444444,0.8855569571758286,0.027374197486815677,305,0.93048128342246,0.9081081081081082,0.9139784946236559,0.9197860962566845,0.9197860962566845,0.9184280157335186,0.0074198215463742966,0.8076923076923077,0.84,0.76,0.84,0.76,0.8015384615384615,0.035909155596049604,419,0.87,0.8316831683168316,0.8415841584158416,0.8514851485148515,0.8514851485148515,0.8492475247524751,0.012711514069620613,0.9295774647887324,0.9428571428571428,0.9142857142857143,0.9428571428571428,0.9,0.9259154929577464,0.016699183019069103,256,0.9535714285714286,0.9395017793594306,0.9430604982206405,0.9466192170818505,0.9466192170818505,0.9458744280630402,0.0046665209921048735,0.9867521367521368,0.9617777777777778,0.9480000000000001,0.9697777777777778,0.9346666666666666,0.9601948717948717,0.017888712394129376,288,0.9900277777777778,0.9932068206820682,0.9874862486248625,0.9904840484048405,0.9941694169416943,0.9910748624862487,0.0023851670858905127
0.14896368980407715,0.01143617177431587,0.03345632553100586,0.000722576301225319,balanced,gini,3,1,0.1,25,"{'estimator__class_weight': 'balanced', 'estimator__criterion': 'gini', 'estimator__max_depth': 3, 'estimator__min_samples_leaf': 1, 'learning_rate': 0.1, 'n_estimators': 25}",0.9235078646843353,0.9519560741249142,0.8704902867715079,0.9682971014492754,0.858712715855573,0.9145928085771212,0.04342179200095549,298,0.9723285002329489,0.9725144973101376,0.976497156239545,0.9804603296015576,0.9726444614421806,0.9748889889652739,0.0031893026020790465,0.945054945054945,0.967741935483871,0.9148936170212766,0.9782608695652174,0.9010989010989011,0.9414100536448423,0.02964033164243308,328,0.9809264305177112,0.9809264305177112,0.9836065573770492,0.9863013698630136,0.9808219178082191,0.9825165412167408,0.0021652582145521176,0.9019607843137255,0.9361702127659575,0.8260869565217391,0.9583333333333334,0.8163265306122449,0.8877755635094001,0.057327323297842334,278,0.9637305699481865,0.9641025641025641,0.9693877551020408,0.9746192893401016,0.9644670050761421,0.967261436713807,0.004216955528022957,0.8846153846153846,0.88,0.76,0.92,0.8,0.8489230769230769,0.0593168206084968,118,0.93,0.9306930693069307,0.9405940594059405,0.9504950495049505,0.9405940594059405,0.9384752475247524,0.0075610380985504854,0.9295774647887324,0.9571428571428572,0.8857142857142857,0.9714285714285714,0.8714285714285714,0.9230583501006038,0.03899780501146056,311,0.975,0.9750889679715302,0.9786476868327402,0.9822064056939501,0.9750889679715302,0.97720640569395,0.0028605105286987204,0.9807692307692308,0.9662222222222222,0.9386666666666666,0.9635555555555556,0.9048888888888889,0.9508205128205128,0.02665989394599096,451,0.9964444444444445,0.9987898789878987,0.9961496149614961,0.9984323432343234,0.9981848184818481,0.9976002200220021,0.0010853151691670717
0.2953594207763672,0.00267846420981974,0.04876303672790527,0.0017803187694185273,,gini,3,1,0.1,50,"{'estimator__class_weight': None, 'estimator__criterion': 'gini', 'estimator__max_depth': 3, 'estimator__min_samples_leaf': 1, 'learning_rate': 0.1, 'n_estimators': 50}",0.9370567375886525,0.9519560741249142,0.8704902867715079,0.9682971014492754,0.8444444444444444,0.9144489288757589,0.04827113983570518,299,0.980330172110994,0.9961273962596988,0.9844044844044844,0.976497156239545,0.9922375690607734,0.9859193556150991,0.007299802230840239,0.9574468085106383,0.967741935483871,0.9148936170212766,0.9782608695652174,0.8888888888888888,0.9414464238939784,0.03397091604995676,327,0.9863013698630136,0.997229916897507,0.989010989010989,0.9836065573770492,0.994475138121547,0.9901247942540211,0.0050547958954277996,0.9166666666666666,0.9361702127659575,0.8260869565217391,0.9583333333333334,0.8,0.8874514338575393,0.06271306926335357,285,0.9743589743589743,0.9950248756218906,0.9797979797979798,0.9693877551020408,0.99,0.981713916976177,0.00954506212306799,0.8461538461538461,0.88,0.76,0.92,0.8,0.8412307692307692,0.05662207318350003,151,0.95,0.9900990099009901,0.9603960396039604,0.9405940594059405,0.9801980198019802,0.9642574257425742,0.018439248405949116,0.9436619718309859,0.9571428571428572,0.8857142857142857,0.9714285714285714,0.8571428571428571,0.9230181086519114,0.043966724735690584,322,0.9821428571428571,0.99644128113879,0.9857651245551602,0.9786476868327402,0.9928825622775801,0.9871759023894254,0.006610075787480769,0.9871794871794871,0.9582222222222222,0.936,0.9777777777777779,0.9288888888888889,0.9576136752136751,0.022686396384273447,353,0.9998333333333334,1.0,0.9998899889988999,0.9997799779977997,1.0,0.9999006600660068,8.825844680705305e-05
0.18735833168029786,0.01673539920743363,0.030053138732910156,0.00449053318826021,balanced,entropy,3,5,1.0,25,"{'estimator__class_weight': 'balanced', 'estimator__criterion': 'entropy', 'estimator__max_depth': 3, 'estimator__min_samples_leaf': 5, 'learning_rate': 1.0, 'n_estimators': 25}",0.9370567375886525,0.8901098901098901,0.9028677150786308,0.9365942028985508,0.9048913043478262,0.9143039700047101,0.01907502355778386,300,1.0,1.0,1.0,1.0,1.0,1.0,0.0,0.9574468085106383,0.9230769230769231,0.9361702127659575,0.9565217391304348,0.9347826086956522,0.9415996584359212,0.013362959480355017,326,1.0,1.0,1.0,1.0,1.0,1.0,0.0,0.9166666666666666,0.8571428571428571,0.8695652173913043,0.9166666666666666,0.875,0.8870082815734989,0.024898363414105097,290,1.0,1.0,1.0,1.0,1.0,1.0,0.0,0.8461538461538461,0.84,0.8,0.88,0.84,0.8412307692307692,0.025417694065308766,151,1.0,1.0,1.0,1.0,1.0,1.0,0.0,0.9436619718309859,0.9,0.9142857142857143,0.9428571428571428,0.9142857142857143,0.9230181086519116,0.017332623077869494,318,1.0,1.0,1.0,1.0,1.0,1.0,0.0,0.9803418803418803,0.9333333333333333,0.9715555555555555,0.9884444444444445,0.9671111111111111,0.968157264957265,0.01889647339703659,123,1.0,1.0,1.0,1.0,1.0,1.0,0.0
0.12694716453552246,0.009987237975835977,0.032973718643188474,0.0035194342316717995,,gini,3,1,0.1,25,"{'estimator__class_weight': None, 'estimator__criterion': 'gini', 'estimator__max_depth': 3, 'estimator__min_samples_leaf': 1, 'learning_rate': 0.1, 'n_estimators': 25}",0.9370567375886525,0.9519560741249142,0.8704902867715079,0.9519560741249142,0.858712715855573,0.9140343776931124,0.040896731650212015,301,0.9642446686246967,0.9725144973101376,0.9644888158726146,0.9563793906380096,0.9725144973101376,0.9660283739511192,0.006046392564200131,0.9574468085106383,0.967741935483871,0.9148936170212766,0.967741935483871,0.9010989010989011,0.9417846395197117,0.028182698121011162,324,0.975609756097561,0.9809264305177112,0.975609756097561,0.9703504043126685,0.9809264305177112,0.9766845555086426,0.003960274387127863,0.9166666666666666,0.9361702127659575,0.8260869565217391,0.9361702127659575,0.8163265306122449,0.886284115866513,0.053699360235730416,299,0.9528795811518325,0.9641025641025641,0.9533678756476683,0.9424083769633508,0.9641025641025641,0.9553721923935958,0.00813301527458959,0.8461538461538461,0.88,0.76,0.88,0.8,0.8332307692307692,0.046922824715589534,221,0.91,0.9306930693069307,0.9108910891089109,0.8910891089108911,0.9306930693069307,0.9146732673267326,0.014870271945943012,0.9436619718309859,0.9571428571428572,0.8857142857142857,0.9571428571428572,0.8714285714285714,0.9230181086519114,0.03690046493684618,322,0.9678571428571429,0.9750889679715302,0.9679715302491103,0.9608540925266904,0.9750889679715302,0.9693721403152008,0.005332509744704619,0.9871794871794872,0.9613333333333334,0.9502222222222222,0.9777777777777777,0.9177777777777778,0.9588581196581197,0.024200633123586633,337,0.9974444444444445,0.9993674367436743,0.995929592959296,0.9971672167216722,0.998982398239824,0.9977782178217822,0.0012552137789916772
0.1484447956085205,0.0042025104188576105,0.034327363967895506,0.005312932240757541,,gini,3,2,0.1,25,"{'estimator__class_weight': None, 'estimator__criterion': 'gini', 'estimator__max_depth': 3, 'estimator__min_samples_leaf': 2, 'learning_rate': 0.1, 'n_estimators': 25}",0.9370567375886525,0.9519560741249142,0.8704902867715079,0.9519560741249142,0.858712715855573,0.9140343776931124,0.040896731650212015,301,0.9642446686246967,0.9725144973101376,0.9604448198198199,0.9563793906380096,0.9725144973101376,0.9652195747405603,0.006454910875405337,0.9574468085106383,0.967741935483871,0.9148936170212766,0.967741935483871,0.9010989010989011,0.9417846395197117,0.028182698121011162,324,0.975609756097561,0.9809264305177112,0.972972972972973,0.9703504043126685,0.9809264305177112,0.976157198883725,0.004234359271542941,0.9166666666666666,0.9361702127659575,0.8260869565217391,0.9361702127659575,0.8163265306122449,0.886284115866513,0.053699360235730416,299,0.9528795811518325,0.9641025641025641,0.9479166666666666,0.9424083769633508,0.9641025641025641,0.9542819505973956,0.008675876090165492,0.8461538461538461,0.88,0.76,0.88,0.8,0.8332307692307692,0.046922824715589534,221,0.91,0.9306930693069307,0.900990099009901,0.8910891089108911,0.9306930693069307,0.9126930693069306,0.01586784951314287,0.9436619718309859,0.9571428571428572,0.8857142857142857,0.9571428571428572,0.8714285714285714,0.9230181086519114,0.03690046493684618,322,0.9678571428571429,0.9750889679715302,0.9644128113879004,0.9608540925266904,0.9750889679715302,0.9686603965429587,0.0056969928866402375,0.9858974358974358,0.9613333333333334,0.9373333333333335,0.9777777777777779,0.9186666666666667,0.9562017094017093,0.0250543070605935,392,0.9974444444444445,0.9993674367436743,0.9973047304730474,0.9971672167216722,0.998982398239824,0.9980532453245324,0.0009280499884938542
0.15930781364440919,0.007802327079313924,0.034231376647949216,0.0051620086439315,balanced,gini,3,2,1.5,25,"{'estimator__class_weight': 'balanced', 'estimator__criterion': 'gini', 'estimator__max_depth': 3, 'estimator__min_samples_leaf': 2, 'learning_rate': 1.5, 'n_estimators': 25}",0.9382608695652175,0.9048913043478262,0.8381128584643849,0.9682971014492754,0.9199267902081903,0.9138977848069789,0.04339047408643351,303,1.0,1.0,1.0,1.0,1.0,1.0,0.0,0.9565217391304348,0.9347826086956522,0.8936170212765957,0.9782608695652174,0.946236559139785,0.9418837595615368,0.02805927942957483,321,1.0,1.0,1.0,1.0,1.0,1.0,0.0,0.92,0.875,0.782608695652174,0.9583333333333334,0.8936170212765957,0.8859118100524206,0.05874836687372638,302,1.0,1.0,1.0,1.0,1.0,1.0,0.0,0.8846153846153846,0.84,0.72,0.92,0.84,0.8409230769230769,0.06750743987050482,172,1.0,1.0,1.0,1.0,1.0,1.0,0.0,0.9436619718309859,0.9142857142857143,0.8571428571428571,0.9714285714285714,0.9285714285714286,0.9230181086519116,0.037990485198489354,318,1.0,1.0,1.0,1.0,1.0,1.0,0.0,0.9871794871794872,0.9279999999999999,0.9342222222222223,0.9893333333333334,0.9617777777777777,0.9601025641025641,0.025654514970259484,289,1.0,1.0,1.0,1.0,1.0,1.0,0.0
0.282377290725708,0.0157446477506506,0.04420547485351563,0.0027993407577007207,,gini,3,2,0.5,50,"{'estimator__class_weight': None, 'estimator__criterion': 'gini', 'estimator__max_depth': 3, 'estimator__min_samples_leaf': 2, 'learning_rate': 0.5, 'n_estimators': 50}",0.9370567375886525,0.8901098901098901,0.8853801169590643,0.9519560741249142,0.9048913043478262,0.9138788246260695,0.026248834969095403,304,1.0,1.0,1.0,1.0,1.0,1.0,0.0,0.9574468085106383,0.9230769230769231,0.9263157894736842,0.967741935483871,0.9347826086956522,0.9418728130481538,0.017648446335737665,322,1.0,1.0,1.0,1.0,1.0,1.0,0.0,0.9166666666666666,0.8571428571428571,0.8444444444444444,0.9361702127659575,0.875,0.8858848362039851,0.035037201005031035,303,1.0,1.0,1.0,1.0,1.0,1.0,0.0,0.8461538461538461,0.84,0.76,0.88,0.84,0.8332307692307692,0.039519001496621096,221,1.0,1.0,1.0,1.0,1.0,1.0,0.0,0.9436619718309859,0.9,0.9,0.9571428571428572,0.9142857142857143,0.9230181086519116,0.023352040209437118,318,1.0,1.0,1.0,1.0,1.0,1.0,0.0,0.9923076923076923,0.952,0.9528888888888888,0.9946666666666666,0.928,0.9639726495726496,0.02571078737855182,174,1.0,1.0,1.0,1.0,1.0,1.0,0.0
0.19163751602172852,0.009018079699742474,0.03353185653686523,0.0018188815323243936,,entropy,3,5,1.5,25,"{'estimator__class_weight': None, 'estimator__criterion': 'entropy', 'estimator__max_depth': 3, 'estimator__min_samples_leaf': 5, 'learning_rate': 1.5, 'n_estimators': 25}",0.9382608695652175,0.9377777777777778,0.8878975062914665,0.9199267902081903,0.8853801169590643,0.9138486121603432,0.023192337708703173,305,1.0,1.0,1.0,1.0,1.0,1.0,0.0,0.9565217391304348,0.9555555555555556,0.9247311827956989,0.946236559139785,0.9263157894736842,0.9418721652190317,0.01383262249864636,323,1.0,1.0,1.0,1.0,1.0,1.0,0.0,0.92,0.92,0.851063829787234,0.8936170212765957,0.8444444444444444,0.8858250591016548,0.032610630715166386,304,1.0,1.0,1.0,1.0,1.0,1.0,0.0,0.8846153846153846,0.92,0.8,0.84,0.76,0.8409230769230769,0.05724730943782269,172,1.0,1.0,1.0,1.0,1.0,1.0,0.0,0.9436619718309859,0.9428571428571428,0.9,0.9285714285714286,0.9,0.9230181086519116,0.019546162687870943,318,1.0,1.0,1.0,1.0,1.0,1.0,0.0,0.994017094017094,0.9342222222222223,0.9644444444444444,0.9804444444444445,0.9395555555555555,0.9625367521367523,0.02300080285214162,215,1.0,1.0,1.0,1.0,1.0,1.0,0.0
1.474467134475708,0.0585380974077889,0.08741564750671386,0.013116783878110562,balanced,entropy,3,1,0.1,200,"{'estimator__class_weight': 'balanced', 'estimator__criterion': 'entropy', 'estimator__max_depth': 3, 'estimator__min_samples_leaf': 1, 'learning_rate': 0.1, 'n_estimators': 200}",0.9055851063829787,0.9519560741249142,0.8853801169590643,0.9519560741249142,0.8731884057971014,0.9136131554777945,0.0329729381274246,306,0.9723285002329489,1.0,1.0,0.9922375690607734,1.0,0.9929132138587444,0.010722448828366704,0.9361702127659575,0.967741935483871,0.9263157894736842,0.967741935483871,0.9130434782608695,0.9422026702936506,0.022106786916821032,319,0.9809264305177112,1.0,1.0,0.994475138121547,1.0,0.9950803137278517,0.00739335629453709,0.875,0.9361702127659575,0.8444444444444444,0.9361702127659575,0.8333333333333334,0.8850236406619386,0.0439339870384795,307,0.9637305699481865,1.0,1.0,0.99,1.0,0.9907461139896373,0.014052042732780592,0.8076923076923077,0.88,0.76,0.88,0.8,0.8255384615384616,0.047324637365490155,266,0.93,1.0,1.0,0.9801980198019802,1.0,0.982039603960396,0.027126515774296023,0.9154929577464789,0.9571428571428572,0.9,0.9571428571428572,0.8857142857142857,0.9230985915492959,0.029349619961693597,299,0.975,1.0,1.0,0.9928825622775801,1.0,0.993576512455516,0.009688673372158053,0.9888888888888888,0.9582222222222222,0.9466666666666667,0.9795555555555555,0.9253333333333333,0.9597333333333333,0.022800649763320965,298,0.9954166666666667,1.0,1.0,0.9998899889988999,1.0,0.9990613311331134,0.0018228302530129013
0.5188560485839844,0.03423892990865267,0.04907283782958984,0.004859015734578426,,gini,3,1,0.1,100,"{'estimator__class_weight': None, 'estimator__criterion': 'gini', 'estimator__max_depth': 3, 'estimator__min_samples_leaf': 1, 'learning_rate': 0.1, 'n_estimators': 100}",0.9370567375886525,0.9352451433857539,0.8704902867715079,0.9519560741249142,0.8731884057971014,0.9135873295335861,0.03458746221025082,307,1.0,1.0,1.0,0.9961273962596988,1.0,0.9992254792519397,0.0015490414961204734,0.9574468085106383,0.9574468085106383,0.9148936170212766,0.967741935483871,0.9130434782608695,0.9421145295574588,0.02329388586348246,320,1.0,1.0,1.0,0.997229916897507,1.0,0.9994459833795014,0.0011080332409972194,0.9166666666666666,0.9130434782608695,0.8260869565217391,0.9361702127659575,0.8333333333333334,0.8850601295097131,0.045929899159012307,306,1.0,1.0,1.0,0.9950248756218906,1.0,0.9990049751243781,0.0019900497512437723,0.8461538461538461,0.84,0.76,0.88,0.8,0.8252307692307692,0.04134542038705433,287,1.0,1.0,1.0,0.9900990099009901,1.0,0.998019801980198,0.003960396039603964,0.9436619718309859,0.9428571428571428,0.8857142857142857,0.9571428571428572,0.8857142857142857,0.9230181086519114,0.030878488422351438,322,1.0,1.0,1.0,0.99644128113879,1.0,0.9992882562277579,0.001423487544483981,0.9897435897435898,0.951111111111111,0.9368888888888889,0.984,0.9457777777777778,0.9615042735042735,0.021282736404720563,234,1.0,1.0,1.0,1.0,1.0,1.0,0.0
0.46579627990722655,0.025954549478763266,0.06505832672119141,0.004068666939220685,,gini,2,5,1.0,100,"{'estimator__class_weight': None, 'estimator__criterion': 'gini', 'estimator__max_depth': 2, 'estimator__min_samples_leaf': 5, 'learning_rate': 1.0, 'n_estimators': 100}",0.8886898096304592,0.9529042386185244,0.8878975062914665,0.9529042386185244,0.8853801169590643,0.9135551820236077,0.03214695590390115,308,1.0,1.0,1.0,1.0,1.0,1.0,0.0,0.9263157894736842,0.967032967032967,0.9247311827956989,0.967032967032967,0.9263157894736842,0.9422857391618003,0.020214309831935666,316,1.0,1.0,1.0,1.0,1.0,1.0,0.0,0.851063829787234,0.9387755102040817,0.851063829787234,0.9387755102040817,0.8444444444444444,0.8848246248854151,0.04411697541106803,308,1.0,1.0,1.0,1.0,1.0,1.0,0.0,0.7692307692307693,0.92,0.8,0.92,0.76,0.8338461538461539,0.07158063273154633,196,1.0,1.0,1.0,1.0,1.0,1.0,0.0,0.9014084507042254,0.9571428571428572,0.9,0.9571428571428572,0.9,0.923138832997988,0.0277689323372013,298,1.0,1.0,1.0,1.0,1.0,1.0,0.0,0.9888888888888889,0.9351111111111111,0.9635555555555555,0.9928888888888889,0.9724444444444444,0.9705777777777778,0.020706341844772908,90,1.0,1.0,1.0,1.0,1.0,1.0,0.0
0.7097011089324952,0.030979774100803156,0.05653457641601563,0.0028721111737013416,balanced,entropy,3,5,1.5,100,"{'estimator__class_weight': 'balanced', 'estimator__criterion': 'entropy', 'estimator__max_depth': 3, 'estimator__min_samples_leaf': 5, 'learning_rate': 1.5, 'n_estimators': 100}",0.9035326086956521,0.9365942028985508,0.8853801169590643,0.9352451433857539,0.9066666666666667,0.9134837477211377,0.019712753758914184,309,1.0,1.0,1.0,1.0,1.0,1.0,0.0,0.9375,0.9565217391304348,0.9263157894736842,0.9574468085106383,0.9333333333333333,0.9422235340896181,0.012574502248880707,318,1.0,1.0,1.0,1.0,1.0,1.0,0.0,0.8695652173913043,0.9166666666666666,0.8444444444444444,0.9130434782608695,0.88,0.884743961352657,0.02719144083125577,309,1.0,1.0,1.0,1.0,1.0,1.0,0.0,0.7692307692307693,0.88,0.76,0.84,0.88,0.8258461538461539,0.05216632480620981,261,1.0,1.0,1.0,1.0,1.0,1.0,0.0,0.9154929577464789,0.9428571428571428,0.9,0.9428571428571428,0.9142857142857143,0.9230985915492959,0.017028553093767832,299,1.0,1.0,1.0,1.0,1.0,1.0,0.0,0.9965811965811966,0.9493333333333334,0.9715555555555555,0.992,0.9671111111111111,0.9753162393162393,0.017246011437781483,23,1.0,1.0,1.0,1.0,1.0,1.0,0.0
0.12612299919128417,0.00856660514850862,0.03371281623840332,0.005247307386606623,,gini,2,5,1.0,25,"{'estimator__class_weight': None, 'estimator__criterion': 'gini', 'estimator__max_depth': 2, 'estimator__min_samples_leaf': 5, 'learning_rate': 1.0, 'n_estimators': 25}",0.9220978714066272,0.9199267902081903,0.8853801169590643,0.9519560741249142,0.8878975062914665,0.9134516717980524,0.0246588746315065,310,1.0,1.0,1.0,1.0,1.0,1.0,0.0,0.946236559139785,0.946236559139785,0.9263157894736842,0.967741935483871,0.9247311827956989,0.9422524052065648,0.0157634518724385,317,1.0,1.0,1.0,1.0,1.0,1.0,0.0,0.8979591836734694,0.8936170212765957,0.8444444444444444,0.9361702127659575,0.851063829787234,0.8846509383895402,0.03363448137482565,310,1.0,1.0,1.0,1.0,1.0,1.0,0.0,0.8461538461538461,0.84,0.76,0.88,0.8,0.8252307692307692,0.04134542038705433,287,1.0,1.0,1.0,1.0,1.0,1.0,0.0,0.9295774647887324,0.9285714285714286,0.9,0.9571428571428572,0.9,0.9230583501006036,0.021438383939000133,312,1.0,1.0,1.0,1.0,1.0,1.0,0.0,0.9905982905982905,0.9693333333333334,0.9475555555555555,0.9884444444444445,0.9742222222222221,0.9740307692307691,0.015525954365740422,44,1.0,1.0,1.0,1.0,1.0,1.0,0.0
0.9405865669250488,0.05581700473935782,0.10731840133666992,0.01651304347762849,,gini,2,5,1.0,200,"{'estimator__class_weight': None, 'estimator__criterion': 'gini', 'estimator__max_depth': 2, 'estimator__min_samples_leaf': 5, 'learning_rate': 1.0, 'n_estimators': 200}",0.9055851063829787,0.9529042386185244,0.8704902867715079,0.9352451433857539,0.9028677150786308,0.9134184980474791,0.02846414771162611,311,1.0,1.0,1.0,1.0,1.0,1.0,0.0,0.9361702127659575,0.967032967032967,0.9148936170212766,0.9574468085106383,0.9361702127659575,0.9423427636193594,0.018261405935588854,315,1.0,1.0,1.0,1.0,1.0,1.0,0.0,0.875,0.9387755102040817,0.8260869565217391,0.9130434782608695,0.8695652173913043,0.8844942324755991,0.038693519800562494,311,1.0,1.0,1.0,1.0,1.0,1.0,0.0,0.8076923076923077,0.92,0.76,0.84,0.8,0.8255384615384616,0.053662103031610196,266,1.0,1.0,1.0,1.0,1.0,1.0,0.0,0.9154929577464789,0.9571428571428572,0.8857142857142857,0.9428571428571428,0.9142857142857143,0.9230985915492959,0.024829462996854554,299,1.0,1.0,1.0,1.0,1.0,1.0,0.0,0.9914529914529915,0.9404444444444444,0.967111111111111,0.9964444444444445,0.9768888888888889,0.974468376068376,0.019945129200627364,34,1.0,1.0,1.0,1.0,1.0,1.0,0.0
0.1433812141418457,0.006791311235282978,0.024193620681762694,0.0021392115511644086,,entropy,3,5,1.0,25,"{'estimator__class_weight': None, 'estimator__criterion': 'entropy', 'estimator__max_depth': 3, 'estimator__min_samples_leaf': 5, 'learning_rate': 1.0, 'n_estimators': 25}",0.9035326086956521,0.9028677150786308,0.9181286549707601,0.9519560741249142,0.8901098901098901,0.9133189885959695,0.02125851298201207,312,1.0,1.0,1.0,1.0,1.0,1.0,0.0,0.9375,0.9361702127659575,0.9473684210526315,0.967741935483871,0.9230769230769231,0.9423714984758765,0.01485325816713027,314,1.0,1.0,1.0,1.0,1.0,1.0,0.0,0.8695652173913043,0.8695652173913043,0.8888888888888888,0.9361702127659575,0.8571428571428571,0.8842664787160623,0.02786865371865742,312,1.0,1.0,1.0,1.0,1.0,1.0,0.0,0.7692307692307693,0.8,0.8,0.88,0.84,0.8178461538461539,0.038351843571404,325,1.0,1.0,1.0,1.0,1.0,1.0,0.0,0.9154929577464789,0.9142857142857143,0.9285714285714286,0.9571428571428572,0.9,0.9230985915492959,0.019277040061391568,299,1.0,1.0,1.0,1.0,1.0,1.0,0.0,0.9820512820512821,0.9520000000000001,0.9635555555555556,0.9644444444444444,0.9617777777777777,0.964765811965812,0.00971853669225329,159,1.0,1.0,1.0,1.0,1.0,1.0,0.0
0.5539746284484863,0.03009710913943887,0.06155338287353516,0.0046399357541072805,,gini,3,2,1.0,100,"{'estimator__class_weight': None, 'estimator__criterion': 'gini', 'estimator__max_depth': 3, 'estimator__min_samples_leaf': 2, 'learning_rate': 1.0, 'n_estimators': 100}",0.9055851063829787,0.9365942028985508,0.8674242424242424,0.9199267902081903,0.9365942028985508,0.9132249089625027,0.025664101968208987,313,1.0,1.0,1.0,1.0,1.0,1.0,0.0,0.9361702127659575,0.9565217391304348,0.9166666666666666,0.946236559139785,0.9565217391304348,0.9424233833666558,0.014930359524712592,313,1.0,1.0,1.0,1.0,1.0,1.0,0.0,0.875,0.9166666666666666,0.8181818181818182,0.8936170212765957,0.9166666666666666,0.8840264345583495,0.036441017780458794,313,1.0,1.0,1.0,1.0,1.0,1.0,0.0,0.8076923076923077,0.88,0.72,0.84,0.88,0.8255384615384616,0.05932639633228323,266,1.0,1.0,1.0,1.0,1.0,1.0,0.0,0.9154929577464789,0.9428571428571428,0.8857142857142857,0.9285714285714286,0.9428571428571428,0.9230985915492959,0.021289361817342475,299,1.0,1.0,1.0,1.0,1.0,1.0,0.0,0.9905982905982906,0.9422222222222222,0.9564444444444445,0.9937777777777778,0.9617777777777778,0.9689641025641027,0.02003631621379278,114,1.0,1.0,1.0,1.0,1.0,1.0,0.0
0.4493307113647461,0.01389180924031674,0.04378175735473633,0.00360129894145393,,entropy,2,5,1.5,100,"{'estimator__class_weight': None, 'estimator__criterion': 'entropy', 'estimator__max_depth': 2, 'estimator__min_samples_leaf': 5, 'learning_rate': 1.5, 'n_estimators': 100}",0.9220978714066272,0.8704902867715079,0.9005681818181819,0.9352451433857539,0.9365942028985508,0.9129991372561242,0.024883447900783555,314,1.0,1.0,1.0,1.0,1.0,1.0,0.0,0.946236559139785,0.9148936170212766,0.9375,0.9574468085106383,0.9565217391304348,0.9425197447604269,0.01562746658285275,309,1.0,1.0,1.0,1.0,1.0,1.0,0.0,0.8979591836734694,0.8260869565217391,0.8636363636363636,0.9130434782608695,0.9166666666666666,0.8834785297518216,0.03427165646477285,317,1.0,1.0,1.0,1.0,1.0,1.0,0.0,0.8461538461538461,0.76,0.76,0.84,0.88,0.8172307692307692,0.048673772143471225,333,1.0,1.0,1.0,1.0,1.0,1.0,0.0,0.9295774647887324,0.8857142857142857,0.9142857142857143,0.9428571428571428,0.9428571428571428,0.9230583501006036,0.02143838393900014,312,1.0,1.0,1.0,1.0,1.0,1.0,0.0,0.9914529914529915,0.9591111111111111,0.9502222222222222,0.991111111111111,0.9528888888888889,0.968957264957265,0.018455307590498637,117,1.0,1.0,1.0,1.0,1.0,1.0,0.0
0.39476699829101564,0.009958230645807274,0.05042223930358887,0.0022172644336487498,,gini,1,1,1.5,200,"{'estimator__class_weight': None, 'estimator__criterion': 'gini', 'estimator__max_depth': 1, 'estimator__min_samples_leaf': 1, 'learning_rate': 1.5, 'n_estimators': 200}",0.9382608695652175,0.9028677150786308,0.9028677150786308,0.9682971014492754,0.8526315789473684,0.9129849960238247,0.03884727143604632,315,1.0,1.0,1.0,1.0,1.0,1.0,0.0,0.9565217391304348,0.9361702127659575,0.9361702127659575,0.9782608695652174,0.9052631578947369,0.9424772384244606,0.024257622277068486,310,1.0,1.0,1.0,1.0,1.0,1.0,0.0,0.92,0.8695652173913043,0.8695652173913043,0.9583333333333334,0.8,0.8834927536231885,0.05346565972272503,314,1.0,1.0,1.0,1.0,1.0,1.0,0.0,0.8846153846153846,0.8,0.8,0.92,0.72,0.8249230769230769,0.07050385024527586,304,1.0,1.0,1.0,1.0,1.0,1.0,0.0,0.9436619718309859,0.9142857142857143,0.9142857142857143,0.9714285714285714,0.8714285714285714,0.9230181086519114,0.03341775506181914,322,1.0,1.0,1.0,1.0,1.0,1.0,0.0,0.9786324786324787,0.952,0.9511111111111111,0.9902222222222222,0.9457777777777778,0.9635487179487179,0.017566268421373255,189,1.0,1.0,1.0,1.0,1.0,1.0,0.0
0.43435134887695315,0.004943514446778321,0.054138565063476564,0.0017794155341689802,,gini,1,2,1.5,200,"{'estimator__class_weight': None, 'estimator__criterion': 'gini', 'estimator__max_depth': 1, 'estimator__min_samples_leaf': 2, 'learning_rate': 1.5, 'n_estimators': 200}",0.9382608695652175,0.9028677150786308,0.9028677150786308,0.9682971014492754,0.8526315789473684,0.9129849960238247,0.03884727143604632,315,1.0,1.0,1.0,1.0,1.0,1.0,0.0,0.9565217391304348,0.9361702127659575,0.9361702127659575,0.9782608695652174,0.9052631578947369,0.9424772384244606,0.024257622277068486,310,1.0,1.0,1.0,1.0,1.0,1.0,0.0,0.92,0.8695652173913043,0.8695652173913043,0.9583333333333334,0.8,0.8834927536231885,0.05346565972272503,314,1.0,1.0,1.0,1.0,1.0,1.0,0.0,0.8846153846153846,0.8,0.8,0.92,0.72,0.8249230769230769,0.07050385024527586,304,1.0,1.0,1.0,1.0,1.0,1.0,0.0,0.9436619718309859,0.9142857142857143,0.9142857142857143,0.9714285714285714,0.8714285714285714,0.9230181086519114,0.03341775506181914,322,1.0,1.0,1.0,1.0,1.0,1.0,0.0,0.9786324786324787,0.952,0.9511111111111111,0.9902222222222222,0.9457777777777778,0.9635487179487179,0.017566268421373255,189,1.0,1.0,1.0,1.0,1.0,1.0,0.0
0.4055022239685059,0.013757113500404169,0.04978303909301758,0.0007718885123046582,,gini,1,5,1.5,200,"{'estimator__class_weight': None, 'estimator__criterion': 'gini', 'estimator__max_depth': 1, 'estimator__min_samples_leaf': 5, 'learning_rate': 1.5, 'n_estimators': 200}",0.9382608695652175,0.9028677150786308,0.9028677150786308,0.9682971014492754,0.8526315789473684,0.9129849960238247,0.03884727143604632,315,1.0,1.0,1.0,1.0,1.0,1.0,0.0,0.9565217391304348,0.9361702127659575,0.9361702127659575,0.9782608695652174,0.9052631578947369,0.9424772384244606,0.024257622277068486,310,1.0,1.0,1.0,1.0,1.0,1.0,0.0,0.92,0.8695652173913043,0.8695652173913043,0.9583333333333334,0.8,0.8834927536231885,0.05346565972272503,314,1.0,1.0,1.0,1.0,1.0,1.0,0.0,0.8846153846153846,0.8,0.8,0.92,0.72,0.8249230769230769,0.07050385024527586,304,1.0,1.0,1.0,1.0,1.0,1.0,0.0,0.9436619718309859,0.9142857142857143,0.9142857142857143,0.9714285714285714,0.8714285714285714,0.9230181086519114,0.03341775506181914,322,1.0,1.0,1.0,1.0,1.0,1.0,0.0,0.9786324786324787,0.952,0.9511111111111111,0.9902222222222222,0.9457777777777778,0.9635487179487179,0.017566268421373255,189,1.0,1.0,1.0,1.0,1.0,1.0,0.0
1.2158098697662354,0.022169175252640394,0.09480457305908203,0.005653615973535711,balanced,gini,3,1,1.5,200,"{'estimator__class_weight': 'balanced', 'estimator__criterion': 'gini', 'estimator__max_depth': 3, 'estimator__min_samples_leaf': 1, 'learning_rate': 1.5, 'n_estimators': 200}",0.9055851063829787,0.9365942028985508,0.8674242424242424,0.9352451433857539,0.9199267902081903,0.9129550970599434,0.02542295609029309,318,1.0,1.0,1.0,1.0,1.0,1.0,0.0,0.9361702127659575,0.9565217391304348,0.9166666666666666,0.9574468085106383,0.946236559139785,0.9426083972426966,0.015108584942535211,304,1.0,1.0,1.0,1.0,1.0,1.0,0.0,0.875,0.9166666666666666,0.8181818181818182,0.9130434782608695,0.8936170212765957,0.88330179687719,0.03581540857978009,319,1.0,1.0,1.0,1.0,1.0,1.0,0.0,0.8076923076923077,0.88,0.72,0.84,0.84,0.8175384615384615,0.05389097036044659,328,1.0,1.0,1.0,1.0,1.0,1.0,0.0,0.9154929577464789,0.9428571428571428,0.8857142857142857,0.9428571428571428,0.9285714285714286,0.9230985915492959,0.021289361817342475,299,1.0,1.0,1.0,1.0,1.0,1.0,0.0,0.9931623931623931,0.959111111111111,0.9706666666666666,0.9866666666666667,0.9653333333333334,0.9749880341880341,0.012889235298797645,26,1.0,1.0,1.0,1.0,1.0,1.0,0.0
0.7421459674835205,0.04580404824459748,0.07972545623779297,0.01423578046930925,,gini,2,2,1.0,200,"{'estimator__class_weight': None, 'estimator__criterion': 'gini', 'estimator__max_depth': 2, 'estimator__min_samples_leaf': 2, 'learning_rate': 1.0, 'n_estimators': 200}",0.9220978714066272,0.9199267902081903,0.8853801169590643,0.9519560741249142,0.8853801169590643,0.912948193931572,0.025195356147480544,319,1.0,1.0,1.0,1.0,1.0,1.0,0.0,0.946236559139785,0.946236559139785,0.9263157894736842,0.967741935483871,0.9263157894736842,0.942569326542162,0.015420196919981978,305,1.0,1.0,1.0,1.0,1.0,1.0,0.0,0.8979591836734694,0.8936170212765957,0.8444444444444444,0.9361702127659575,0.8444444444444444,0.8833270613209823,0.035031690582665614,318,1.0,1.0,1.0,1.0,1.0,1.0,0.0,0.8461538461538461,0.84,0.76,0.88,0.76,0.8172307692307692,0.048673772143471225,333,1.0,1.0,1.0,1.0,1.0,1.0,0.0,0.9295774647887324,0.9285714285714286,0.9,0.9571428571428572,0.9,0.9230583501006036,0.021438383939000133,312,1.0,1.0,1.0,1.0,1.0,1.0,0.0,0.9829059829059829,0.9546666666666667,0.9573333333333334,0.992,0.9768888888888889,0.9727589743589743,0.01452939808031388,61,1.0,1.0,1.0,1.0,1.0,1.0,0.0
0.159037446975708,0.007414182814549369,0.03009819984436035,0.005621258735940771,,entropy,1,1,1.0,50,"{'estimator__class_weight': None, 'estimator__criterion': 'entropy', 'estimator__max_depth': 1, 'estimator__min_samples_leaf': 1, 'learning_rate': 1.0, 'n_estimators': 50}",0.9235078646843353,0.9181286549707601,0.8825221769359866,0.9519560741249142,0.8878975062914665,0.9128024554014924,0.025350076145942813,320,0.9601706970128023,0.9725144973101376,0.9804603296015576,0.9522920203735145,0.96866287498606,0.9668200838568144,0.00976890476641587,0.945054945054945,0.9473684210526315,0.9278350515463918,0.967741935483871,0.9247311827956989,0.9425463071867076,0.015480086763067894,306,0.972972972972973,0.9809264305177112,0.9863013698630136,0.967741935483871,0.9781420765027322,0.9772169570680603,0.0064020313977891695,0.9019607843137255,0.8888888888888888,0.8372093023255814,0.9361702127659575,0.851063829787234,0.8830586036162774,0.03560323487876921,320,0.9473684210526315,0.9641025641025641,0.9746192893401016,0.9368421052631579,0.9591836734693877,0.9564232106455683,0.013138483983673508,0.8846153846153846,0.8,0.72,0.88,0.8,0.8169230769230769,0.06087332856167399,351,0.9,0.9306930693069307,0.9504950495049505,0.8811881188118812,0.9306930693069307,0.9186138613861387,0.02471997866824116,0.9295774647887324,0.9285714285714286,0.9,0.9571428571428572,0.9,0.9230583501006036,0.021438383939000133,312,0.9642857142857143,0.9750889679715302,0.9822064056939501,0.9572953736654805,0.9715302491103203,0.970081342145399,0.008616996067323704,0.9897435897435898,0.9564444444444444,0.9324444444444444,0.9693333333333334,0.9146666666666666,0.9525264957264957,0.026531444136008598,425,0.9995555555555555,0.9993399339933994,0.9998349834983499,0.998982398239824,0.997854785478548,0.9991135313531354,0.0006882984554792697
0.1363987445831299,0.013308178307386615,0.03109421730041504,0.004669216106161857,,entropy,1,2,1.0,50,"{'estimator__class_weight': None, 'estimator__criterion': 'entropy', 'estimator__max_depth': 1, 'estimator__min_samples_leaf': 2, 'learning_rate': 1.0, 'n_estimators': 50}",0.9235078646843353,0.9181286549707601,0.8825221769359866,0.9519560741249142,0.8878975062914665,0.9128024554014924,0.025350076145942813,320,0.9601706970128023,0.9725144973101376,0.9804603296015576,0.9522920203735145,0.96866287498606,0.9668200838568144,0.00976890476641587,0.945054945054945,0.9473684210526315,0.9278350515463918,0.967741935483871,0.9247311827956989,0.9425463071867076,0.015480086763067894,306,0.972972972972973,0.9809264305177112,0.9863013698630136,0.967741935483871,0.9781420765027322,0.9772169570680603,0.0064020313977891695,0.9019607843137255,0.8888888888888888,0.8372093023255814,0.9361702127659575,0.851063829787234,0.8830586036162774,0.03560323487876921,320,0.9473684210526315,0.9641025641025641,0.9746192893401016,0.9368421052631579,0.9591836734693877,0.9564232106455683,0.013138483983673508,0.8846153846153846,0.8,0.72,0.88,0.8,0.8169230769230769,0.06087332856167399,351,0.9,0.9306930693069307,0.9504950495049505,0.8811881188118812,0.9306930693069307,0.9186138613861387,0.02471997866824116,0.9295774647887324,0.9285714285714286,0.9,0.9571428571428572,0.9,0.9230583501006036,0.021438383939000133,312,0.9642857142857143,0.9750889679715302,0.9822064056939501,0.9572953736654805,0.9715302491103203,0.970081342145399,0.008616996067323704,0.9897435897435898,0.9564444444444444,0.9324444444444444,0.9693333333333334,0.9146666666666666,0.9525264957264957,0.026531444136008598,425,0.9995555555555555,0.9993399339933994,0.9998349834983499,0.998982398239824,0.997854785478548,0.9991135313531354,0.0006882984554792697
0.1566601276397705,0.008572288860894669,0.03289918899536133,0.00540490141470131,,entropy,1,5,1.0,50,"{'estimator__class_weight': None, 'estimator__criterion': 'entropy', 'estimator__max_depth': 1, 'estimator__min_samples_leaf': 5, 'learning_rate': 1.0, 'n_estimators': 50}",0.9235078646843353,0.9181286549707601,0.8825221769359866,0.9519560741249142,0.8878975062914665,0.9128024554014924,0.025350076145942813,320,0.9601706970128023,0.9725144973101376,0.9804603296015576,0.9522920203735145,0.96866287498606,0.9668200838568144,0.00976890476641587,0.945054945054945,0.9473684210526315,0.9278350515463918,0.967741935483871,0.9247311827956989,0.9425463071867076,0.015480086763067894,306,0.972972972972973,0.9809264305177112,0.9863013698630136,0.967741935483871,0.9781420765027322,0.9772169570680603,0.0064020313977891695,0.9019607843137255,0.8888888888888888,0.8372093023255814,0.9361702127659575,0.851063829787234,0.8830586036162774,0.03560323487876921,320,0.9473684210526315,0.9641025641025641,0.9746192893401016,0.9368421052631579,0.9591836734693877,0.9564232106455683,0.013138483983673508,0.8846153846153846,0.8,0.72,0.88,0.8,0.8169230769230769,0.06087332856167399,351,0.9,0.9306930693069307,0.9504950495049505,0.8811881188118812,0.9306930693069307,0.9186138613861387,0.02471997866824116,0.9295774647887324,0.9285714285714286,0.9,0.9571428571428572,0.9,0.9230583501006036,0.021438383939000133,312,0.9642857142857143,0.9750889679715302,0.9822064056939501,0.9572953736654805,0.9715302491103203,0.970081342145399,0.008616996067323704,0.9897435897435898,0.9564444444444444,0.9324444444444444,0.9693333333333334,0.9146666666666666,0.9525264957264957,0.026531444136008598,425,0.9995555555555555,0.9993399339933994,0.9998349834983499,0.998982398239824,0.997854785478548,0.9991135313531354,0.0006882984554792697
0.5500212192535401,0.02814022711773433,0.06231851577758789,0.003189849653217781,,gini,3,2,1.5,100,"{'estimator__class_weight': None, 'estimator__criterion': 'gini', 'estimator__max_depth': 3, 'estimator__min_samples_leaf': 2, 'learning_rate': 1.5, 'n_estimators': 100}",0.9035326086956521,0.9365942028985508,0.8674242424242424,0.9352451433857539,0.9199267902081903,0.912544597522478,0.02555487216516731,323,1.0,1.0,1.0,1.0,1.0,1.0,0.0,0.9375,0.9565217391304348,0.9166666666666666,0.9574468085106383,0.946236559139785,0.9428743546895049,0.015004256269766321,301,1.0,1.0,1.0,1.0,1.0,1.0,0.0,0.8695652173913043,0.9166666666666666,0.8181818181818182,0.9130434782608695,0.8936170212765957,0.882214840355451,0.03613193565494134,323,1.0,1.0,1.0,1.0,1.0,1.0,0.0,0.7692307692307693,0.88,0.72,0.84,0.84,0.8098461538461539,0.05737945945078173,367,1.0,1.0,1.0,1.0,1.0,1.0,0.0,0.9154929577464789,0.9428571428571428,0.8857142857142857,0.9428571428571428,0.9285714285714286,0.9230985915492959,0.021289361817342475,299,1.0,1.0,1.0,1.0,1.0,1.0,0.0,0.9888888888888889,0.9662222222222222,0.9564444444444444,0.9848888888888888,0.9742222222222221,0.9741333333333333,0.01190713034641092,41,1.0,1.0,1.0,1.0,1.0,1.0,0.0
1.0649670600891112,0.05567098749574648,0.09412474632263183,0.005301251678198004,,gini,3,2,1.5,200,"{'estimator__class_weight': None, 'estimator__criterion': 'gini', 'estimator__max_depth': 3, 'estimator__min_samples_leaf': 2, 'learning_rate': 1.5, 'n_estimators': 200}",0.9035326086956521,0.9365942028985508,0.8674242424242424,0.9352451433857539,0.9199267902081903,0.912544597522478,0.02555487216516731,323,1.0,1.0,1.0,1.0,1.0,1.0,0.0,0.9375,0.9565217391304348,0.9166666666666666,0.9574468085106383,0.946236559139785,0.9428743546895049,0.015004256269766321,301,1.0,1.0,1.0,1.0,1.0,1.0,0.0,0.8695652173913043,0.9166666666666666,0.8181818181818182,0.9130434782608695,0.8936170212765957,0.882214840355451,0.03613193565494134,323,1.0,1.0,1.0,1.0,1.0,1.0,0.0,0.7692307692307693,0.88,0.72,0.84,0.84,0.8098461538461539,0.05737945945078173,367,1.0,1.0,1.0,1.0,1.0,1.0,0.0,0.9154929577464789,0.9428571428571428,0.8857142857142857,0.9428571428571428,0.9285714285714286,0.9230985915492959,0.021289361817342475,299,1.0,1.0,1.0,1.0,1.0,1.0,0.0,0.9931623931623931,0.9662222222222222,0.9626666666666667,0.9902222222222222,0.9635555555555555,0.9751658119658119,0.013576353775569963,24,1.0,1.0,1.0,1.0,1.0,1.0,0.0
1.2073348999023437,0.04917918187061695,0.09698491096496582,0.007090069271908789,balanced,gini,3,2,1.0,200,"{'estimator__class_weight': 'balanced', 'estimator__criterion': 'gini', 'estimator__max_depth': 3, 'estimator__min_samples_leaf': 2, 'learning_rate': 1.0, 'n_estimators': 200}",0.9035326086956521,0.9365942028985508,0.8674242424242424,0.9352451433857539,0.9199267902081903,0.912544597522478,0.02555487216516731,323,1.0,1.0,1.0,1.0,1.0,1.0,0.0,0.9375,0.9565217391304348,0.9166666666666666,0.9574468085106383,0.946236559139785,0.9428743546895049,0.015004256269766321,301,1.0,1.0,1.0,1.0,1.0,1.0,0.0,0.8695652173913043,0.9166666666666666,0.8181818181818182,0.9130434782608695,0.8936170212765957,0.882214840355451,0.03613193565494134,323,1.0,1.0,1.0,1.0,1.0,1.0,0.0,0.7692307692307693,0.88,0.72,0.84,0.84,0.8098461538461539,0.05737945945078173,367,1.0,1.0,1.0,1.0,1.0,1.0,0.0,0.9154929577464789,0.9428571428571428,0.8857142857142857,0.9428571428571428,0.9285714285714286,0.9230985915492959,0.021289361817342475,299,1.0,1.0,1.0,1.0,1.0,1.0,0.0,0.994017094017094,0.9537777777777777,0.9653333333333334,0.9928888888888889,0.9671111111111111,0.9746256410256411,0.01604383505101355,31,1.0,1.0,1.0,1.0,1.0,1.0,0.0
0.2783807277679443,0.009968028219992583,0.042310142517089845,0.00273216582949568,,gini,3,2,1.5,50,"{'estimator__class_weight': None, 'estimator__criterion': 'gini', 'estimator__max_depth': 3, 'estimator__min_samples_leaf': 2, 'learning_rate': 1.5, 'n_estimators': 50}",0.9035326086956521,0.9365942028985508,0.8674242424242424,0.9519560741249142,0.9028677150786308,0.912474968644398,0.0294697411134324,326,1.0,1.0,1.0,1.0,1.0,1.0,0.0,0.9375,0.9565217391304348,0.9166666666666666,0.967741935483871,0.9361702127659575,0.942920110809386,0.017693554347798065,300,1.0,1.0,1.0,1.0,1.0,1.0,0.0,0.8695652173913043,0.9166666666666666,0.8181818181818182,0.9361702127659575,0.8695652173913043,0.8820298264794102,0.04127515777903714,326,1.0,1.0,1.0,1.0,1.0,1.0,0.0,0.7692307692307693,0.88,0.72,0.88,0.8,0.8098461538461539,0.06270886992175752,367,1.0,1.0,1.0,1.0,1.0,1.0,0.0,0.9154929577464789,0.9428571428571428,0.8857142857142857,0.9571428571428572,0.9142857142857143,0.9230985915492959,0.024829462996854554,299,1.0,1.0,1.0,1.0,1.0,1.0,0.0,0.9811965811965813,0.9715555555555556,0.9697777777777778,0.9671111111111111,0.9697777777777778,0.9718837606837607,0.004867953501299854,73,1.0,1.0,1.0,1.0,1.0,1.0,0.0
1.0306218624114991,0.02022965047461388,0.08216876983642578,0.013640158523602813,balanced,gini,2,1,1.5,200,"{'estimator__class_weight': 'balanced', 'estimator__criterion': 'gini', 'estimator__max_depth': 2, 'estimator__min_samples_leaf': 1, 'learning_rate': 1.5, 'n_estimators': 200}",0.9035326086956521,0.9199267902081903,0.8674242424242424,0.9682971014492754,0.9028677150786308,0.9124096915711982,0.03278247063757042,327,1.0,1.0,1.0,1.0,1.0,1.0,0.0,0.9375,0.946236559139785,0.9166666666666666,0.9782608695652174,0.9361702127659575,0.9429668616275253,0.020120333918246417,298,1.0,1.0,1.0,1.0,1.0,1.0,0.0,0.8695652173913043,0.8936170212765957,0.8181818181818182,0.9583333333333334,0.8695652173913043,0.8818525215148713,0.04548325445530548,327,1.0,1.0,1.0,1.0,1.0,1.0,0.0,0.7692307692307693,0.84,0.72,0.92,0.8,0.8098461538461539,0.06761954130918005,367,1.0,1.0,1.0,1.0,1.0,1.0,0.0,0.9154929577464789,0.9285714285714286,0.8857142857142857,0.9714285714285714,0.9142857142857143,0.9230985915492959,0.02792431805496095,299,1.0,1.0,1.0,1.0,1.0,1.0,0.0,0.988034188034188,0.9377777777777778,0.9742222222222221,0.9973333333333333,0.9822222222222223,0.9759179487179488,0.020507139954190026,18,1.0,1.0,1.0,1.0,1.0,1.0,0.0
1.0047132968902588,0.05525922252643286,0.10068979263305664,0.0030657009048962935,balanced,gini,2,2,1.5,200,"{'estimator__class_weight': 'balanced', 'estimator__criterion': 'gini', 'estimator__max_depth': 2, 'estimator__min_samples_leaf': 2, 'learning_rate': 1.5, 'n_estimators': 200}",0.9035326086956521,0.9199267902081903,0.8674242424242424,0.9682971014492754,0.9028677150786308,0.9124096915711982,0.03278247063757042,327,1.0,1.0,1.0,1.0,1.0,1.0,0.0,0.9375,0.946236559139785,0.9166666666666666,0.9782608695652174,0.9361702127659575,0.9429668616275253,0.020120333918246417,298,1.0,1.0,1.0,1.0,1.0,1.0,0.0,0.8695652173913043,0.8936170212765957,0.8181818181818182,0.9583333333333334,0.8695652173913043,0.8818525215148713,0.04548325445530548,327,1.0,1.0,1.0,1.0,1.0,1.0,0.0,0.7692307692307693,0.84,0.72,0.92,0.8,0.8098461538461539,0.06761954130918005,367,1.0,1.0,1.0,1.0,1.0,1.0,0.0,0.9154929577464789,0.9285714285714286,0.8857142857142857,0.9714285714285714,0.9142857142857143,0.9230985915492959,0.02792431805496095,299,1.0,1.0,1.0,1.0,1.0,1.0,0.0,0.988034188034188,0.9377777777777778,0.9564444444444444,0.9973333333333333,0.9822222222222223,0.9723623931623931,0.021981109841417722,66,1.0,1.0,1.0,1.0,1.0,1.0,0.0
0.08192205429077148,0.008042235907045614,0.027605295181274414,0.0009580495725611596,,entropy,1,1,1.0,25,"{'estimator__class_weight': None, 'estimator__criterion': 'entropy', 'estimator__max_depth': 1, 'estimator__min_samples_leaf': 1, 'learning_rate': 1.0, 'n_estimators': 25}",0.9204927211646137,0.9365942028985508,0.8558682223747426,0.9682971014492754,0.8704902867715079,0.9103485069317381,0.04172903153799614,329,0.9478143682527849,0.9568084957730734,0.9568084957730734,0.9443406904357668,0.9481821921500205,0.9507908484769437,0.0050929994909521955,0.9473684210526315,0.9565217391304348,0.9032258064516129,0.9782608695652174,0.9148936170212766,0.9400540906442346,0.027472942256005946,353,0.9651474530831099,0.9700272479564033,0.9700272479564033,0.9623655913978495,0.9651474530831099,0.9665429986953752,0.0030207883960051297,0.8936170212765957,0.9166666666666666,0.8085106382978723,0.9583333333333334,0.8260869565217391,0.8806429232192414,0.05600224489489705,329,0.93048128342246,0.9435897435897436,0.9435897435897436,0.9263157894736842,0.9312169312169312,0.9350386982585125,0.0071792175547194725,0.8076923076923077,0.88,0.76,0.92,0.76,0.8255384615384616,0.06449512618620998,266,0.87,0.9108910891089109,0.9108910891089109,0.8712871287128713,0.8712871287128713,0.8868712871287128,0.019617716945533787,0.9295774647887324,0.9428571428571428,0.8714285714285714,0.9714285714285714,0.8857142857142857,0.9202012072434608,0.036860727682268654,335,0.9535714285714286,0.9608540925266904,0.9608540925266904,0.9501779359430605,0.9537366548042705,0.9558388408744282,0.004287462833387109,0.9803418803418803,0.976,0.9448888888888889,0.9697777777777777,0.8933333333333333,0.952868376068376,0.03219902749482107,418,0.9906944444444444,0.9927667766776678,0.9967821782178218,0.9932343234323433,0.9956545654565456,0.9938264576457646,0.0021615418405395302
0.07749133110046387,0.008285472073180044,0.023859500885009766,0.0038936702099227373,,entropy,1,2,1.0,25,"{'estimator__class_weight': None, 'estimator__criterion': 'entropy', 'estimator__max_depth': 1, 'estimator__min_samples_leaf': 2, 'learning_rate': 1.0, 'n_estimators': 25}",0.9204927211646137,0.9365942028985508,0.8558682223747426,0.9682971014492754,0.8704902867715079,0.9103485069317381,0.04172903153799614,329,0.9478143682527849,0.9568084957730734,0.9568084957730734,0.9443406904357668,0.9481821921500205,0.9507908484769437,0.0050929994909521955,0.9473684210526315,0.9565217391304348,0.9032258064516129,0.9782608695652174,0.9148936170212766,0.9400540906442346,0.027472942256005946,353,0.9651474530831099,0.9700272479564033,0.9700272479564033,0.9623655913978495,0.9651474530831099,0.9665429986953752,0.0030207883960051297,0.8936170212765957,0.9166666666666666,0.8085106382978723,0.9583333333333334,0.8260869565217391,0.8806429232192414,0.05600224489489705,329,0.93048128342246,0.9435897435897436,0.9435897435897436,0.9263157894736842,0.9312169312169312,0.9350386982585125,0.0071792175547194725,0.8076923076923077,0.88,0.76,0.92,0.76,0.8255384615384616,0.06449512618620998,266,0.87,0.9108910891089109,0.9108910891089109,0.8712871287128713,0.8712871287128713,0.8868712871287128,0.019617716945533787,0.9295774647887324,0.9428571428571428,0.8714285714285714,0.9714285714285714,0.8857142857142857,0.9202012072434608,0.036860727682268654,335,0.9535714285714286,0.9608540925266904,0.9608540925266904,0.9501779359430605,0.9537366548042705,0.9558388408744282,0.004287462833387109,0.9803418803418803,0.976,0.9448888888888889,0.9697777777777777,0.8933333333333333,0.952868376068376,0.03219902749482107,418,0.9906944444444444,0.9927667766776678,0.9967821782178218,0.9932343234323433,0.9956545654565456,0.9938264576457646,0.0021615418405395302
0.07145090103149414,0.010459463443986851,0.021999216079711913,0.003745465798390527,,entropy,1,5,1.0,25,"{'estimator__class_weight': None, 'estimator__criterion': 'entropy', 'estimator__max_depth': 1, 'estimator__min_samples_leaf': 5, 'learning_rate': 1.0, 'n_estimators': 25}",0.9204927211646137,0.9365942028985508,0.8558682223747426,0.9682971014492754,0.8704902867715079,0.9103485069317381,0.04172903153799614,329,0.9478143682527849,0.9568084957730734,0.9568084957730734,0.9443406904357668,0.9481821921500205,0.9507908484769437,0.0050929994909521955,0.9473684210526315,0.9565217391304348,0.9032258064516129,0.9782608695652174,0.9148936170212766,0.9400540906442346,0.027472942256005946,353,0.9651474530831099,0.9700272479564033,0.9700272479564033,0.9623655913978495,0.9651474530831099,0.9665429986953752,0.0030207883960051297,0.8936170212765957,0.9166666666666666,0.8085106382978723,0.9583333333333334,0.8260869565217391,0.8806429232192414,0.05600224489489705,329,0.93048128342246,0.9435897435897436,0.9435897435897436,0.9263157894736842,0.9312169312169312,0.9350386982585125,0.0071792175547194725,0.8076923076923077,0.88,0.76,0.92,0.76,0.8255384615384616,0.06449512618620998,266,0.87,0.9108910891089109,0.9108910891089109,0.8712871287128713,0.8712871287128713,0.8868712871287128,0.019617716945533787,0.9295774647887324,0.9428571428571428,0.8714285714285714,0.9714285714285714,0.8857142857142857,0.9202012072434608,0.036860727682268654,335,0.9535714285714286,0.9608540925266904,0.9608540925266904,0.9501779359430605,0.9537366548042705,0.9558388408744282,0.004287462833387109,0.9803418803418803,0.976,0.9448888888888889,0.9697777777777777,0.8933333333333333,0.952868376068376,0.03219902749482107,418,0.9906944444444444,0.9927667766776678,0.9967821782178218,0.9932343234323433,0.9956545654565456,0.9938264576457646,0.0021615418405395302
0.3148777484893799,0.009712104629765968,0.038740348815917966,0.0048184469450412,balanced,entropy,2,1,1.5,50,"{'estimator__class_weight': 'balanced', 'estimator__criterion': 'entropy', 'estimator__max_depth': 2, 'estimator__min_samples_leaf': 1, 'learning_rate': 1.5, 'n_estimators': 50}",0.9055851063829787,0.9529042386185244,0.8878975062914665,0.9199267902081903,0.8853801169590643,0.9103387516920449,0.024709881612274547,332,1.0,1.0,1.0,1.0,1.0,1.0,0.0,0.9361702127659575,0.967032967032967,0.9247311827956989,0.946236559139785,0.9263157894736842,0.9400973422416186,0.015522179394366186,351,1.0,1.0,1.0,1.0,1.0,1.0,0.0,0.875,0.9387755102040817,0.851063829787234,0.8936170212765957,0.8444444444444444,0.8805801611424711,0.03395526589761171,332,1.0,1.0,1.0,1.0,1.0,1.0,0.0,0.8076923076923077,0.92,0.8,0.84,0.76,0.8255384615384616,0.053662103031610196,266,1.0,1.0,1.0,1.0,1.0,1.0,0.0,0.9154929577464789,0.9571428571428572,0.9,0.9285714285714286,0.9,0.920241448692153,0.021321740862369144,330,1.0,1.0,1.0,1.0,1.0,1.0,0.0,0.9717948717948719,0.9457777777777777,0.9520000000000001,0.992,0.952,0.9627145299145299,0.01706778979429585,210,1.0,1.0,1.0,1.0,1.0,1.0,0.0
0.29689679145812986,0.007173361058470682,0.04091496467590332,0.0017917943310279856,balanced,entropy,2,2,1.5,50,"{'estimator__class_weight': 'balanced', 'estimator__criterion': 'entropy', 'estimator__max_depth': 2, 'estimator__min_samples_leaf': 2, 'learning_rate': 1.5, 'n_estimators': 50}",0.9055851063829787,0.9529042386185244,0.8878975062914665,0.9199267902081903,0.8853801169590643,0.9103387516920449,0.024709881612274547,332,1.0,1.0,1.0,1.0,1.0,1.0,0.0,0.9361702127659575,0.967032967032967,0.9247311827956989,0.946236559139785,0.9263157894736842,0.9400973422416186,0.015522179394366186,351,1.0,1.0,1.0,1.0,1.0,1.0,0.0,0.875,0.9387755102040817,0.851063829787234,0.8936170212765957,0.8444444444444444,0.8805801611424711,0.03395526589761171,332,1.0,1.0,1.0,1.0,1.0,1.0,0.0,0.8076923076923077,0.92,0.8,0.84,0.76,0.8255384615384616,0.053662103031610196,266,1.0,1.0,1.0,1.0,1.0,1.0,0.0,0.9154929577464789,0.9571428571428572,0.9,0.9285714285714286,0.9,0.920241448692153,0.021321740862369144,330,1.0,1.0,1.0,1.0,1.0,1.0,0.0,0.9717948717948719,0.9457777777777777,0.9520000000000001,0.992,0.952,0.9627145299145299,0.01706778979429585,210,1.0,1.0,1.0,1.0,1.0,1.0,0.0
0.09881043434143066,0.0016628652116019852,0.02408318519592285,0.0033788791639355296,,gini,1,1,1.5,50,"{'estimator__class_weight': None, 'estimator__criterion': 'gini', 'estimator__max_depth': 1, 'estimator__min_samples_leaf': 1, 'learning_rate': 1.5, 'n_estimators': 50}",0.9382608695652175,0.8878975062914665,0.9028677150786308,0.9365942028985508,0.8853801169590643,0.9102000821585859,0.02302718640791927,334,1.0,1.0,1.0,1.0,1.0,1.0,0.0,0.9565217391304348,0.9247311827956989,0.9361702127659575,0.9565217391304348,0.9263157894736842,0.940052132659242,0.014007025419570085,356,1.0,1.0,1.0,1.0,1.0,1.0,0.0,0.92,0.851063829787234,0.8695652173913043,0.9166666666666666,0.8444444444444444,0.8803480316579299,0.03210676869386559,334,1.0,1.0,1.0,1.0,1.0,1.0,0.0,0.8846153846153846,0.8,0.8,0.88,0.76,0.8249230769230769,0.049099825859246,304,1.0,1.0,1.0,1.0,1.0,1.0,0.0,0.9436619718309859,0.9,0.9142857142857143,0.9428571428571428,0.9,0.9201609657947687,0.019569677574304927,344,1.0,1.0,1.0,1.0,1.0,1.0,0.0,0.9666666666666666,0.9653333333333334,0.9386666666666666,0.9848888888888889,0.9413333333333334,0.9593777777777778,0.0172856323696807,313,1.0,1.0,1.0,1.0,1.0,1.0,0.0
0.10481085777282714,0.003034784455053242,0.023846006393432616,0.000997614192451888,,gini,1,2,1.5,50,"{'estimator__class_weight': None, 'estimator__criterion': 'gini', 'estimator__max_depth': 1, 'estimator__min_samples_leaf': 2, 'learning_rate': 1.5, 'n_estimators': 50}",0.9382608695652175,0.8878975062914665,0.9028677150786308,0.9365942028985508,0.8853801169590643,0.9102000821585859,0.02302718640791927,334,1.0,1.0,1.0,1.0,1.0,1.0,0.0,0.9565217391304348,0.9247311827956989,0.9361702127659575,0.9565217391304348,0.9263157894736842,0.940052132659242,0.014007025419570085,356,1.0,1.0,1.0,1.0,1.0,1.0,0.0,0.92,0.851063829787234,0.8695652173913043,0.9166666666666666,0.8444444444444444,0.8803480316579299,0.03210676869386559,334,1.0,1.0,1.0,1.0,1.0,1.0,0.0,0.8846153846153846,0.8,0.8,0.88,0.76,0.8249230769230769,0.049099825859246,304,1.0,1.0,1.0,1.0,1.0,1.0,0.0,0.9436619718309859,0.9,0.9142857142857143,0.9428571428571428,0.9,0.9201609657947687,0.019569677574304927,344,1.0,1.0,1.0,1.0,1.0,1.0,0.0,0.9666666666666666,0.9653333333333334,0.9386666666666666,0.9848888888888889,0.9413333333333334,0.9593777777777778,0.0172856323696807,313,1.0,1.0,1.0,1.0,1.0,1.0,0.0
0.1013415813446045,0.0027374712042764556,0.022709083557128907,0.0005775747904178039,,gini,1,5,1.5,50,"{'estimator__class_weight': None, 'estimator__criterion': 'gini', 'estimator__max_depth': 1, 'estimator__min_samples_leaf': 5, 'learning_rate': 1.5, 'n_estimators': 50}",0.9382608695652175,0.8878975062914665,0.9028677150786308,0.9365942028985508,0.8853801169590643,0.9102000821585859,0.02302718640791927,334,1.0,1.0,1.0,1.0,1.0,1.0,0.0,0.9565217391304348,0.9247311827956989,0.9361702127659575,0.9565217391304348,0.9263157894736842,0.940052132659242,0.014007025419570085,356,1.0,1.0,1.0,1.0,1.0,1.0,0.0,0.92,0.851063829787234,0.8695652173913043,0.9166666666666666,0.8444444444444444,0.8803480316579299,0.03210676869386559,334,1.0,1.0,1.0,1.0,1.0,1.0,0.0,0.8846153846153846,0.8,0.8,0.88,0.76,0.8249230769230769,0.049099825859246,304,1.0,1.0,1.0,1.0,1.0,1.0,0.0,0.9436619718309859,0.9,0.9142857142857143,0.9428571428571428,0.9,0.9201609657947687,0.019569677574304927,344,1.0,1.0,1.0,1.0,1.0,1.0,0.0,0.9666666666666666,0.9653333333333334,0.9386666666666666,0.9848888888888889,0.9413333333333334,0.9593777777777778,0.0172856323696807,313,1.0,1.0,1.0,1.0,1.0,1.0,0.0
0.1247321605682373,0.01021882230725435,0.030003881454467772,0.004099653185250909,balanced,gini,2,1,1.0,25,"{'estimator__class_weight': 'balanced', 'estimator__criterion': 'gini', 'estimator__max_depth': 2, 'estimator__min_samples_leaf': 1, 'learning_rate': 1.0, 'n_estimators': 25}",0.9382608695652175,0.8878975062914665,0.8674242424242424,0.9199267902081903,0.9365942028985508,0.9100207222775335,0.027948820205691897,337,1.0,1.0,1.0,1.0,1.0,1.0,0.0,0.9565217391304348,0.9247311827956989,0.9166666666666666,0.946236559139785,0.9565217391304348,0.940135577372604,0.01650648184705217,349,1.0,1.0,1.0,1.0,1.0,1.0,0.0,0.92,0.851063829787234,0.8181818181818182,0.8936170212765957,0.9166666666666666,0.879905867182463,0.03946799452174625,337,1.0,1.0,1.0,1.0,1.0,1.0,0.0,0.8846153846153846,0.8,0.72,0.84,0.88,0.8249230769230769,0.06075189626183106,304,1.0,1.0,1.0,1.0,1.0,1.0,0.0,0.9436619718309859,0.9,0.8857142857142857,0.9285714285714286,0.9428571428571428,0.9201609657947687,0.023371726219616362,344,1.0,1.0,1.0,1.0,1.0,1.0,0.0,0.9666666666666666,0.9262222222222223,0.9502222222222222,0.9937777777777778,0.9608888888888889,0.9595555555555556,0.022007854938915435,307,1.0,1.0,1.0,1.0,1.0,1.0,0.0
0.12742443084716798,0.00853863515647336,0.03323936462402344,0.0038150413387814577,balanced,gini,2,2,1.0,25,"{'estimator__class_weight': 'balanced', 'estimator__criterion': 'gini', 'estimator__max_depth': 2, 'estimator__min_samples_leaf': 2, 'learning_rate': 1.0, 'n_estimators': 25}",0.9382608695652175,0.8878975062914665,0.8674242424242424,0.9199267902081903,0.9365942028985508,0.9100207222775335,0.027948820205691897,337,1.0,1.0,1.0,1.0,1.0,1.0,0.0,0.9565217391304348,0.9247311827956989,0.9166666666666666,0.946236559139785,0.9565217391304348,0.940135577372604,0.01650648184705217,349,1.0,1.0,1.0,1.0,1.0,1.0,0.0,0.92,0.851063829787234,0.8181818181818182,0.8936170212765957,0.9166666666666666,0.879905867182463,0.03946799452174625,337,1.0,1.0,1.0,1.0,1.0,1.0,0.0,0.8846153846153846,0.8,0.72,0.84,0.88,0.8249230769230769,0.06075189626183106,304,1.0,1.0,1.0,1.0,1.0,1.0,0.0,0.9436619718309859,0.9,0.8857142857142857,0.9285714285714286,0.9428571428571428,0.9201609657947687,0.023371726219616362,344,1.0,1.0,1.0,1.0,1.0,1.0,0.0,0.9666666666666666,0.9253333333333333,0.9502222222222222,0.9937777777777778,0.9608888888888889,0.9593777777777778,0.022278329170233646,313,1.0,1.0,1.0,1.0,1.0,1.0,0.0
0.5704009056091308,0.017562998691211633,0.05139245986938477,0.0018361728112110617,,gini,2,1,1.5,200,"{'estimator__class_weight': None, 'estimator__criterion': 'gini', 'estimator__max_depth': 2, 'estimator__min_samples_leaf': 1, 'learning_rate': 1.5, 'n_estimators': 200}",0.8886898096304592,0.9365942028985508,0.8526315789473684,0.9352451433857539,0.9365942028985508,0.9099509875521367,0.034050164336589375,339,1.0,1.0,1.0,1.0,1.0,1.0,0.0,0.9263157894736842,0.9565217391304348,0.9052631578947369,0.9574468085106383,0.9565217391304348,0.9404138468279859,0.021181956123949023,343,1.0,1.0,1.0,1.0,1.0,1.0,0.0,0.851063829787234,0.9166666666666666,0.8,0.9130434782608695,0.9166666666666666,0.8794881282762874,0.04693985987993555,341,1.0,1.0,1.0,1.0,1.0,1.0,0.0,0.7692307692307693,0.88,0.72,0.84,0.88,0.8178461538461539,0.06348908493060397,325,1.0,1.0,1.0,1.0,1.0,1.0,0.0,0.9014084507042254,0.9428571428571428,0.8714285714285714,0.9428571428571428,0.9428571428571428,0.920281690140845,0.02922936732392566,329,1.0,1.0,1.0,1.0,1.0,1.0,0.0,0.9888888888888889,0.9626666666666667,0.9608888888888889,0.9902222222222222,0.9786666666666667,0.9762666666666666,0.012500192591108945,14,1.0,1.0,1.0,1.0,1.0,1.0,0.0
0.2955561637878418,0.01696294534696521,0.03361802101135254,0.0014792713923712567,,gini,2,1,1.5,100,"{'estimator__class_weight': None, 'estimator__criterion': 'gini', 'estimator__max_depth': 2, 'estimator__min_samples_leaf': 1, 'learning_rate': 1.5, 'n_estimators': 100}",0.9370567375886525,0.8853801169590643,0.8704902867715079,0.9352451433857539,0.9215070643642072,0.9099358698138372,0.02708849335320677,340,1.0,1.0,1.0,1.0,1.0,1.0,0.0,0.9574468085106383,0.9263157894736842,0.9148936170212766,0.9574468085106383,0.945054945054945,0.9402315937142365,0.017039099915680842,347,1.0,1.0,1.0,1.0,1.0,1.0,0.0,0.9166666666666666,0.8444444444444444,0.8260869565217391,0.9130434782608695,0.8979591836734694,0.8796401459134378,0.03722637369224505,339,1.0,1.0,1.0,1.0,1.0,1.0,0.0,0.8461538461538461,0.76,0.76,0.84,0.88,0.8172307692307692,0.048673772143471225,333,1.0,1.0,1.0,1.0,1.0,1.0,0.0,0.9436619718309859,0.9,0.8857142857142857,0.9428571428571428,0.9285714285714286,0.9201609657947687,0.023371726219616362,344,1.0,1.0,1.0,1.0,1.0,1.0,0.0,0.9880341880341881,0.9626666666666667,0.9475555555555556,0.9964444444444445,0.9555555555555555,0.9700512820512822,0.018924588610006912,100,1.0,1.0,1.0,1.0,1.0,1.0,0.0
0.5009843349456787,0.07144024567528455,0.07555594444274902,0.006503312635126108,,gini,2,2,1.5,100,"{'estimator__class_weight': None, 'estimator__criterion': 'gini', 'estimator__max_depth': 2, 'estimator__min_samples_leaf': 2, 'learning_rate': 1.5, 'n_estimators': 100}",0.9370567375886525,0.8853801169590643,0.8704902867715079,0.9352451433857539,0.9215070643642072,0.9099358698138372,0.02708849335320677,340,1.0,1.0,1.0,1.0,1.0,1.0,0.0,0.9574468085106383,0.9263157894736842,0.9148936170212766,0.9574468085106383,0.945054945054945,0.9402315937142365,0.017039099915680842,347,1.0,1.0,1.0,1.0,1.0,1.0,0.0,0.9166666666666666,0.8444444444444444,0.8260869565217391,0.9130434782608695,0.8979591836734694,0.8796401459134378,0.03722637369224505,339,1.0,1.0,1.0,1.0,1.0,1.0,0.0,0.8461538461538461,0.76,0.76,0.84,0.88,0.8172307692307692,0.048673772143471225,333,1.0,1.0,1.0,1.0,1.0,1.0,0.0,0.9436619718309859,0.9,0.8857142857142857,0.9428571428571428,0.9285714285714286,0.9201609657947687,0.023371726219616362,344,1.0,1.0,1.0,1.0,1.0,1.0,0.0,0.9880341880341881,0.9626666666666667,0.9475555555555556,0.9964444444444445,0.9555555555555555,0.9700512820512822,0.018924588610006912,100,1.0,1.0,1.0,1.0,1.0,1.0,0.0
0.555388069152832,0.015234400540604697,0.045483875274658206,0.0010946232135425524,,entropy,3,1,1.5,100,"{'estimator__class_weight': None, 'estimator__criterion': 'entropy', 'estimator__max_depth': 3, 'estimator__min_samples_leaf': 1, 'learning_rate': 1.5, 'n_estimators': 100}",0.9370567375886525,0.9365942028985508,0.8526315789473684,0.9352451433857539,0.8878975062914665,0.9098850338223585,0.0342234592565262,342,1.0,1.0,1.0,1.0,1.0,1.0,0.0,0.9574468085106383,0.9565217391304348,0.9052631578947369,0.9574468085106383,0.9247311827956989,0.9402819393684295,0.021545939977336316,346,1.0,1.0,1.0,1.0,1.0,1.0,0.0,0.9166666666666666,0.9166666666666666,0.8,0.9130434782608695,0.851063829787234,0.8794881282762874,0.04693985987993554,341,1.0,1.0,1.0,1.0,1.0,1.0,0.0,0.8461538461538461,0.88,0.72,0.84,0.8,0.8172307692307692,0.05485559310293305,333,1.0,1.0,1.0,1.0,1.0,1.0,0.0,0.9436619718309859,0.9428571428571428,0.8714285714285714,0.9428571428571428,0.9,0.9201609657947687,0.029542650502783256,344,1.0,1.0,1.0,1.0,1.0,1.0,0.0,0.9957264957264957,0.9768888888888889,0.9626666666666667,0.983111111111111,0.9591111111111111,0.9755008547008547,0.013433236943265231,21,1.0,1.0,1.0,1.0,1.0,1.0,0.0
0.530329418182373,0.005869164875164093,0.05015773773193359,0.0010319610518903623,,gini,2,1,1.0,200,"{'estimator__class_weight': None, 'estimator__criterion': 'gini', 'estimator__max_depth': 2, 'estimator__min_samples_leaf': 1, 'learning_rate': 1.0, 'n_estimators': 200}",0.9220978714066272,0.9199267902081903,0.8853801169590643,0.9365942028985508,0.8853801169590643,0.9098758196862994,0.02080553514027051,343,1.0,1.0,1.0,1.0,1.0,1.0,0.0,0.946236559139785,0.946236559139785,0.9263157894736842,0.9565217391304348,0.9263157894736842,0.9403252872714747,0.012039463278023313,345,1.0,1.0,1.0,1.0,1.0,1.0,0.0,0.8979591836734694,0.8936170212765957,0.8444444444444444,0.9166666666666666,0.8444444444444444,0.8794263521011241,0.02959442411427559,343,1.0,1.0,1.0,1.0,1.0,1.0,0.0,0.8461538461538461,0.84,0.76,0.88,0.76,0.8172307692307692,0.048673772143471225,333,1.0,1.0,1.0,1.0,1.0,1.0,0.0,0.9295774647887324,0.9285714285714286,0.9,0.9428571428571428,0.9,0.9202012072434608,0.01724786234495301,335,1.0,1.0,1.0,1.0,1.0,1.0,0.0,0.9829059829059829,0.9546666666666667,0.9528888888888889,0.9946666666666667,0.9768888888888889,0.9724034188034189,0.016257212271371686,65,1.0,1.0,1.0,1.0,1.0,1.0,0.0
0.7878637313842773,0.3395895811283582,0.08242406845092773,0.02072457868957081,balanced,gini,2,5,1.0,200,"{'estimator__class_weight': 'balanced', 'estimator__criterion': 'gini', 'estimator__max_depth': 2, 'estimator__min_samples_leaf': 5, 'learning_rate': 1.0, 'n_estimators': 200}",0.9055851063829787,0.9028677150786308,0.8853801169590643,0.9519560741249142,0.9028677150786308,0.9097313455248438,0.022303901823843914,344,1.0,1.0,1.0,1.0,1.0,1.0,0.0,0.9361702127659575,0.9361702127659575,0.9263157894736842,0.967741935483871,0.9361702127659575,0.9405136726510855,0.014138989461284225,338,1.0,1.0,1.0,1.0,1.0,1.0,0.0,0.875,0.8695652173913043,0.8444444444444444,0.9361702127659575,0.8695652173913043,0.8789490183986022,0.03051732916749505,344,1.0,1.0,1.0,1.0,1.0,1.0,0.0,0.8076923076923077,0.8,0.76,0.88,0.8,0.8095384615384615,0.03899810342831965,376,1.0,1.0,1.0,1.0,1.0,1.0,0.0,0.9154929577464789,0.9142857142857143,0.9,0.9571428571428572,0.9142857142857143,0.920241448692153,0.019312793178118952,330,1.0,1.0,1.0,1.0,1.0,1.0,0.0,0.9854700854700854,0.9431111111111111,0.9546666666666667,0.9928888888888889,0.976,0.9704273504273505,0.018742652394317036,94,1.0,1.0,1.0,1.0,1.0,1.0,0.0
0.13257241249084473,0.04968560258274865,0.03168268203735351,0.0033209963456260617,balanced,entropy,2,5,0.5,25,"{'estimator__class_weight': 'balanced', 'estimator__criterion': 'entropy', 'estimator__max_depth': 2, 'estimator__min_samples_leaf': 5, 'learning_rate': 0.5, 'n_estimators': 25}",0.9220978714066272,0.9199267902081903,0.8526315789473684,0.9682971014492754,0.8853801169590643,0.909666691794105,0.03883341498507854,345,0.9445199275362319,0.976497156239545,0.9487060673715546,0.9527678171223666,0.9246553111020166,0.949429255874343,0.016626425155826692,0.946236559139785,0.946236559139785,0.9052631578947369,0.9782608695652174,0.9263157894736842,0.9404625870426416,0.024226098996780576,339,0.9619565217391305,0.9836065573770492,0.964769647696477,0.967391304347826,0.9487870619946092,0.9653022186310183,0.011168176344233213,0.8979591836734694,0.8936170212765957,0.8,0.9583333333333334,0.8444444444444444,0.8788707965455685,0.05348249935527037,345,0.9270833333333334,0.9693877551020408,0.9326424870466321,0.9381443298969072,0.900523560209424,0.9335562931176676,0.022085467813554065,0.8461538461538461,0.84,0.72,0.92,0.76,0.8172307692307692,0.07020780650806974,333,0.89,0.9405940594059405,0.8910891089108911,0.900990099009901,0.8514851485148515,0.8948316831683168,0.02845485988497261,0.9295774647887324,0.9285714285714286,0.8714285714285714,0.9714285714285714,0.9,0.9202012072434608,0.03337387130799621,335,0.95,0.9786476868327402,0.9537366548042705,0.9572953736654805,0.9323843416370107,0.9544128113879005,0.014837937354953744,0.9730769230769231,0.9773333333333334,0.9524444444444444,0.9795555555555556,0.924,0.9612820512820515,0.020970160976943732,248,0.9808333333333333,0.9969196919691969,0.9762101210121011,0.9931793179317931,0.9888613861386139,0.9872007700770077,0.007671984625312087
0.248703670501709,0.10748900293874007,0.04057636260986328,0.008086424388296782,balanced,entropy,2,5,0.5,50,"{'estimator__class_weight': 'balanced', 'estimator__criterion': 'entropy', 'estimator__max_depth': 2, 'estimator__min_samples_leaf': 5, 'learning_rate': 0.5, 'n_estimators': 50}",0.9220978714066272,0.9199267902081903,0.8526315789473684,0.9682971014492754,0.8853801169590643,0.909666691794105,0.03883341498507854,345,0.9445199275362319,0.976497156239545,0.9487060673715546,0.9527678171223666,0.9246553111020166,0.949429255874343,0.016626425155826692,0.946236559139785,0.946236559139785,0.9052631578947369,0.9782608695652174,0.9263157894736842,0.9404625870426416,0.024226098996780576,339,0.9619565217391305,0.9836065573770492,0.964769647696477,0.967391304347826,0.9487870619946092,0.9653022186310183,0.011168176344233213,0.8979591836734694,0.8936170212765957,0.8,0.9583333333333334,0.8444444444444444,0.8788707965455685,0.05348249935527037,345,0.9270833333333334,0.9693877551020408,0.9326424870466321,0.9381443298969072,0.900523560209424,0.9335562931176676,0.022085467813554065,0.8461538461538461,0.84,0.72,0.92,0.76,0.8172307692307692,0.07020780650806974,333,0.89,0.9405940594059405,0.8910891089108911,0.900990099009901,0.8514851485148515,0.8948316831683168,0.02845485988497261,0.9295774647887324,0.9285714285714286,0.8714285714285714,0.9714285714285714,0.9,0.9202012072434608,0.03337387130799621,335,0.95,0.9786476868327402,0.9537366548042705,0.9572953736654805,0.9323843416370107,0.9544128113879005,0.014837937354953744,0.9730769230769231,0.9773333333333334,0.9524444444444444,0.9795555555555556,0.924,0.9612820512820515,0.020970160976943732,248,0.9808333333333333,0.9969196919691969,0.9762101210121011,0.9931793179317931,0.9888613861386139,0.9872007700770077,0.007671984625312087
0.35550518035888673,0.18185970685965008,0.04383692741394043,0.013115718272670036,balanced,entropy,2,5,0.5,100,"{'estimator__class_weight': 'balanced', 'estimator__criterion': 'entropy', 'estimator__max_depth': 2, 'estimator__min_samples_leaf': 5, 'learning_rate': 0.5, 'n_estimators': 100}",0.9220978714066272,0.9199267902081903,0.8526315789473684,0.9682971014492754,0.8853801169590643,0.909666691794105,0.03883341498507854,345,0.9445199275362319,0.976497156239545,0.9487060673715546,0.9527678171223666,0.9246553111020166,0.949429255874343,0.016626425155826692,0.946236559139785,0.946236559139785,0.9052631578947369,0.9782608695652174,0.9263157894736842,0.9404625870426416,0.024226098996780576,339,0.9619565217391305,0.9836065573770492,0.964769647696477,0.967391304347826,0.9487870619946092,0.9653022186310183,0.011168176344233213,0.8979591836734694,0.8936170212765957,0.8,0.9583333333333334,0.8444444444444444,0.8788707965455685,0.05348249935527037,345,0.9270833333333334,0.9693877551020408,0.9326424870466321,0.9381443298969072,0.900523560209424,0.9335562931176676,0.022085467813554065,0.8461538461538461,0.84,0.72,0.92,0.76,0.8172307692307692,0.07020780650806974,333,0.89,0.9405940594059405,0.8910891089108911,0.900990099009901,0.8514851485148515,0.8948316831683168,0.02845485988497261,0.9295774647887324,0.9285714285714286,0.8714285714285714,0.9714285714285714,0.9,0.9202012072434608,0.03337387130799621,335,0.95,0.9786476868327402,0.9537366548042705,0.9572953736654805,0.9323843416370107,0.9544128113879005,0.014837937354953744,0.9730769230769231,0.9773333333333334,0.9524444444444444,0.9795555555555556,0.924,0.9612820512820515,0.020970160976943732,248,0.9808333333333333,0.9969196919691969,0.9762101210121011,0.9931793179317931,0.9888613861386139,0.9872007700770077,0.007671984625312087
0.47992262840270994,0.390392808054178,0.051659679412841795,0.021483819858745725,balanced,entropy,2,5,0.5,200,"{'estimator__class_weight': 'balanced', 'estimator__criterion': 'entropy', 'estimator__max_depth': 2, 'estimator__min_samples_leaf': 5, 'learning_rate': 0.5, 'n_estimators': 200}",0.9220978714066272,0.9199267902081903,0.8526315789473684,0.9682971014492754,0.8853801169590643,0.909666691794105,0.03883341498507854,345,0.9445199275362319,0.976497156239545,0.9487060673715546,0.9527678171223666,0.9246553111020166,0.949429255874343,0.016626425155826692,0.946236559139785,0.946236559139785,0.9052631578947369,0.9782608695652174,0.9263157894736842,0.9404625870426416,0.024226098996780576,339,0.9619565217391305,0.9836065573770492,0.964769647696477,0.967391304347826,0.9487870619946092,0.9653022186310183,0.011168176344233213,0.8979591836734694,0.8936170212765957,0.8,0.9583333333333334,0.8444444444444444,0.8788707965455685,0.05348249935527037,345,0.9270833333333334,0.9693877551020408,0.9326424870466321,0.9381443298969072,0.900523560209424,0.9335562931176676,0.022085467813554065,0.8461538461538461,0.84,0.72,0.92,0.76,0.8172307692307692,0.07020780650806974,333,0.89,0.9405940594059405,0.8910891089108911,0.900990099009901,0.8514851485148515,0.8948316831683168,0.02845485988497261,0.9295774647887324,0.9285714285714286,0.8714285714285714,0.9714285714285714,0.9,0.9202012072434608,0.03337387130799621,335,0.95,0.9786476868327402,0.9537366548042705,0.9572953736654805,0.9323843416370107,0.9544128113879005,0.014837937354953744,0.9730769230769231,0.9773333333333334,0.9524444444444444,0.9795555555555556,0.924,0.9612820512820515,0.020970160976943732,248,0.9808333333333333,0.9969196919691969,0.9762101210121011,0.9931793179317931,0.9888613861386139,0.9872007700770077,0.007671984625312087
0.11984171867370605,0.008252132978512612,0.021793699264526366,0.0018499210674341397,,entropy,3,1,1.5,25,"{'estimator__class_weight': None, 'estimator__criterion': 'entropy', 'estimator__max_depth': 3, 'estimator__min_samples_leaf': 1, 'learning_rate': 1.5, 'n_estimators': 25}",0.9532587228439764,0.9028677150786308,0.8674242424242424,0.9365942028985508,0.8878975062914665,0.9096084779073733,0.031400277488077104,349,1.0,1.0,1.0,1.0,1.0,1.0,0.0,0.967741935483871,0.9361702127659575,0.9166666666666666,0.9565217391304348,0.9247311827956989,0.9403663473685258,0.019152860307714438,344,1.0,1.0,1.0,1.0,1.0,1.0,0.0,0.9387755102040817,0.8695652173913043,0.8181818181818182,0.9166666666666666,0.851063829787234,0.878850608446221,0.0437265909429348,349,1.0,1.0,1.0,1.0,1.0,1.0,0.0,0.8846153846153846,0.8,0.72,0.88,0.8,0.8169230769230769,0.06087332856167399,351,1.0,1.0,1.0,1.0,1.0,1.0,0.0,0.9577464788732394,0.9142857142857143,0.8857142857142857,0.9428571428571428,0.9,0.9201207243460765,0.02666584347207937,354,1.0,1.0,1.0,1.0,1.0,1.0,0.0,0.9931623931623932,0.9502222222222223,0.9395555555555555,0.952,0.9760000000000001,0.9621880341880342,0.01954168416043354,219,1.0,1.0,1.0,1.0,1.0,1.0,0.0
1.0903651714324951,0.06329212018359617,0.07060961723327637,0.009984197014399527,,entropy,3,1,1.5,200,"{'estimator__class_weight': None, 'estimator__criterion': 'entropy', 'estimator__max_depth': 3, 'estimator__min_samples_leaf': 1, 'learning_rate': 1.5, 'n_estimators': 200}",0.9204927211646137,0.9365942028985508,0.8526315789473684,0.9181286549707601,0.9199267902081903,0.9095547896378967,0.02923049672331316,350,1.0,1.0,1.0,1.0,1.0,1.0,0.0,0.9473684210526315,0.9565217391304348,0.9052631578947369,0.9473684210526315,0.946236559139785,0.9405516596540441,0.018030953102886074,337,1.0,1.0,1.0,1.0,1.0,1.0,0.0,0.8936170212765957,0.9166666666666666,0.8,0.8888888888888888,0.8936170212765957,0.8785579196217495,0.04045715103150811,350,1.0,1.0,1.0,1.0,1.0,1.0,0.0,0.8076923076923077,0.88,0.72,0.8,0.84,0.8095384615384615,0.05292307692307693,376,1.0,1.0,1.0,1.0,1.0,1.0,0.0,0.9295774647887324,0.9428571428571428,0.8714285714285714,0.9285714285714286,0.9285714285714286,0.9202012072434608,0.024980379655148283,335,1.0,1.0,1.0,1.0,1.0,1.0,0.0,0.9991452991452991,0.959111111111111,0.9724444444444444,0.9928888888888888,0.9573333333333333,0.9761846153846154,0.017129448408397516,15,1.0,1.0,1.0,1.0,1.0,1.0,0.0
0.13265256881713866,0.005665580117243768,0.023610305786132813,0.0022008325688987864,,gini,2,1,1.5,50,"{'estimator__class_weight': None, 'estimator__criterion': 'gini', 'estimator__max_depth': 2, 'estimator__min_samples_leaf': 1, 'learning_rate': 1.5, 'n_estimators': 50}",0.9370567375886525,0.8853801169590643,0.8674242424242424,0.9352451433857539,0.9215070643642072,0.9093226609443841,0.027994058930095156,351,1.0,1.0,1.0,1.0,1.0,1.0,0.0,0.9574468085106383,0.9263157894736842,0.9166666666666666,0.9574468085106383,0.945054945054945,0.9405862036433146,0.01651858718255336,335,1.0,1.0,1.0,1.0,1.0,1.0,0.0,0.9166666666666666,0.8444444444444444,0.8181818181818182,0.9130434782608695,0.8979591836734694,0.8780591182454536,0.03956184576705877,351,1.0,1.0,1.0,1.0,1.0,1.0,0.0,0.8461538461538461,0.76,0.72,0.84,0.88,0.8092307692307692,0.05950486032558067,390,1.0,1.0,1.0,1.0,1.0,1.0,0.0,0.9436619718309859,0.9,0.8857142857142857,0.9428571428571428,0.9285714285714286,0.9201609657947687,0.023371726219616362,344,1.0,1.0,1.0,1.0,1.0,1.0,0.0,0.994017094017094,0.9537777777777777,0.9306666666666666,0.9875555555555555,0.9324444444444444,0.9596923076923076,0.026737490870927024,303,1.0,1.0,1.0,1.0,1.0,1.0,0.0
0.2348264217376709,0.01609368301851376,0.04488215446472168,0.004063648270884711,,gini,2,2,1.5,50,"{'estimator__class_weight': None, 'estimator__criterion': 'gini', 'estimator__max_depth': 2, 'estimator__min_samples_leaf': 2, 'learning_rate': 1.5, 'n_estimators': 50}",0.9370567375886525,0.8853801169590643,0.8674242424242424,0.9352451433857539,0.9215070643642072,0.9093226609443841,0.027994058930095156,351,1.0,1.0,1.0,1.0,1.0,1.0,0.0,0.9574468085106383,0.9263157894736842,0.9166666666666666,0.9574468085106383,0.945054945054945,0.9405862036433146,0.01651858718255336,335,1.0,1.0,1.0,1.0,1.0,1.0,0.0,0.9166666666666666,0.8444444444444444,0.8181818181818182,0.9130434782608695,0.8979591836734694,0.8780591182454536,0.03956184576705877,351,1.0,1.0,1.0,1.0,1.0,1.0,0.0,0.8461538461538461,0.76,0.72,0.84,0.88,0.8092307692307692,0.05950486032558067,390,1.0,1.0,1.0,1.0,1.0,1.0,0.0,0.9436619718309859,0.9,0.8857142857142857,0.9428571428571428,0.9285714285714286,0.9201609657947687,0.023371726219616362,344,1.0,1.0,1.0,1.0,1.0,1.0,0.0,0.994017094017094,0.9537777777777777,0.9306666666666666,0.9875555555555555,0.9324444444444444,0.9596923076923076,0.026737490870927024,303,1.0,1.0,1.0,1.0,1.0,1.0,0.0
0.17669801712036132,0.011801180643622766,0.027644634246826172,0.005085883977544911,balanced,entropy,3,2,1.5,25,"{'estimator__class_weight': 'balanced', 'estimator__criterion': 'entropy', 'estimator__max_depth': 3, 'estimator__min_samples_leaf': 2, 'learning_rate': 1.5, 'n_estimators': 25}",0.9541047188106011,0.9215070643642072,0.8489570846319827,0.9352451433857539,0.8853801169590643,0.9090388256303218,0.03753055526619108,353,1.0,1.0,1.0,1.0,1.0,1.0,0.0,0.967032967032967,0.945054945054945,0.9072164948453608,0.9574468085106383,0.9263157894736842,0.940613400983519,0.021544648650840204,334,1.0,1.0,1.0,1.0,1.0,1.0,0.0,0.9411764705882353,0.8979591836734694,0.7906976744186046,0.9130434782608695,0.8444444444444444,0.8774642502771247,0.053598352659856276,353,1.0,1.0,1.0,1.0,1.0,1.0,0.0,0.9230769230769231,0.88,0.68,0.84,0.76,0.8166153846153847,0.0869109589919442,366,1.0,1.0,1.0,1.0,1.0,1.0,0.0,0.9577464788732394,0.9285714285714286,0.8714285714285714,0.9428571428571428,0.9,0.9201207243460765,0.030918686376706084,354,1.0,1.0,1.0,1.0,1.0,1.0,0.0,0.976068376068376,0.9386666666666666,0.9146666666666665,0.984,0.9395555555555556,0.9505914529914529,0.025767368729766614,455,1.0,1.0,1.0,1.0,1.0,1.0,0.0
0.1914095401763916,0.0032218992350144674,0.03153491020202637,0.0007344781427360146,,gini,1,1,1.5,100,"{'estimator__class_weight': None, 'estimator__criterion': 'gini', 'estimator__max_depth': 1, 'estimator__min_samples_leaf': 1, 'learning_rate': 1.5, 'n_estimators': 100}",0.9541047188106011,0.9028677150786308,0.8853801169590643,0.9352451433857539,0.8674242424242424,0.9090043873316584,0.031771970430872806,354,1.0,1.0,1.0,1.0,1.0,1.0,0.0,0.967032967032967,0.9361702127659575,0.9263157894736842,0.9574468085106383,0.9166666666666666,0.9407264888899828,0.018862146408651574,331,1.0,1.0,1.0,1.0,1.0,1.0,0.0,0.9411764705882353,0.8695652173913043,0.8444444444444444,0.9130434782608695,0.8181818181818182,0.8772822857733343,0.04470362843971702,355,1.0,1.0,1.0,1.0,1.0,1.0,0.0,0.9230769230769231,0.8,0.76,0.84,0.72,0.8086153846153845,0.06982378496433407,413,1.0,1.0,1.0,1.0,1.0,1.0,0.0,0.9577464788732394,0.9142857142857143,0.9,0.9428571428571428,0.8857142857142857,0.9201207243460765,0.02666584347207937,354,1.0,1.0,1.0,1.0,1.0,1.0,0.0,0.9743589743589743,0.9706666666666667,0.9244444444444444,0.9884444444444445,0.944,0.960382905982906,0.02301525054427183,281,1.0,1.0,1.0,1.0,1.0,1.0,0.0
0.22175836563110352,0.010056662727693892,0.033908510208129884,0.0020405383754234993,,gini,1,2,1.5,100,"{'estimator__class_weight': None, 'estimator__criterion': 'gini', 'estimator__max_depth': 1, 'estimator__min_samples_leaf': 2, 'learning_rate': 1.5, 'n_estimators': 100}",0.9541047188106011,0.9028677150786308,0.8853801169590643,0.9352451433857539,0.8674242424242424,0.9090043873316584,0.031771970430872806,354,1.0,1.0,1.0,1.0,1.0,1.0,0.0,0.967032967032967,0.9361702127659575,0.9263157894736842,0.9574468085106383,0.9166666666666666,0.9407264888899828,0.018862146408651574,331,1.0,1.0,1.0,1.0,1.0,1.0,0.0,0.9411764705882353,0.8695652173913043,0.8444444444444444,0.9130434782608695,0.8181818181818182,0.8772822857733343,0.04470362843971702,355,1.0,1.0,1.0,1.0,1.0,1.0,0.0,0.9230769230769231,0.8,0.76,0.84,0.72,0.8086153846153845,0.06982378496433407,413,1.0,1.0,1.0,1.0,1.0,1.0,0.0,0.9577464788732394,0.9142857142857143,0.9,0.9428571428571428,0.8857142857142857,0.9201207243460765,0.02666584347207937,354,1.0,1.0,1.0,1.0,1.0,1.0,0.0,0.9743589743589743,0.9706666666666667,0.9244444444444444,0.9884444444444445,0.944,0.960382905982906,0.02301525054427183,281,1.0,1.0,1.0,1.0,1.0,1.0,0.0
0.20503201484680175,0.007903296475196355,0.032496404647827146,0.000788854690497906,,gini,1,5,1.5,100,"{'estimator__class_weight': None, 'estimator__criterion': 'gini', 'estimator__max_depth': 1, 'estimator__min_samples_leaf': 5, 'learning_rate': 1.5, 'n_estimators': 100}",0.9541047188106011,0.9028677150786308,0.8853801169590643,0.9352451433857539,0.8674242424242424,0.9090043873316584,0.031771970430872806,354,1.0,1.0,1.0,1.0,1.0,1.0,0.0,0.967032967032967,0.9361702127659575,0.9263157894736842,0.9574468085106383,0.9166666666666666,0.9407264888899828,0.018862146408651574,331,1.0,1.0,1.0,1.0,1.0,1.0,0.0,0.9411764705882353,0.8695652173913043,0.8444444444444444,0.9130434782608695,0.8181818181818182,0.8772822857733343,0.04470362843971702,355,1.0,1.0,1.0,1.0,1.0,1.0,0.0,0.9230769230769231,0.8,0.76,0.84,0.72,0.8086153846153845,0.06982378496433407,413,1.0,1.0,1.0,1.0,1.0,1.0,0.0,0.9577464788732394,0.9142857142857143,0.9,0.9428571428571428,0.8857142857142857,0.9201207243460765,0.02666584347207937,354,1.0,1.0,1.0,1.0,1.0,1.0,0.0,0.9743589743589743,0.9706666666666667,0.9244444444444444,0.9884444444444445,0.944,0.960382905982906,0.02301525054427183,281,1.0,1.0,1.0,1.0,1.0,1.0,0.0
0.5506034851074219,0.01051756007053975,0.060074663162231444,0.0011797657623979147,balanced,gini,2,1,1.5,100,"{'estimator__class_weight': 'balanced', 'estimator__criterion': 'gini', 'estimator__max_depth': 2, 'estimator__min_samples_leaf': 1, 'learning_rate': 1.5, 'n_estimators': 100}",0.9035326086956521,0.9028677150786308,0.8489570846319827,0.9682971014492754,0.9199267902081903,0.9087162600127463,0.0382303215120151,357,1.0,1.0,1.0,1.0,1.0,1.0,0.0,0.9375,0.9361702127659575,0.9072164948453608,0.9782608695652174,0.946236559139785,0.9410768272632641,0.022771326292064586,329,1.0,1.0,1.0,1.0,1.0,1.0,0.0,0.8695652173913043,0.8695652173913043,0.7906976744186046,0.9583333333333334,0.8936170212765957,0.8763556927622285,0.05375463558386202,358,1.0,1.0,1.0,1.0,1.0,1.0,0.0,0.7692307692307693,0.8,0.68,0.92,0.84,0.8018461538461539,0.07915769595183,417,1.0,1.0,1.0,1.0,1.0,1.0,0.0,0.9154929577464789,0.9142857142857143,0.8714285714285714,0.9714285714285714,0.9285714285714286,0.920241448692153,0.03203194038503745,330,1.0,1.0,1.0,1.0,1.0,1.0,0.0,0.9965811965811966,0.9528888888888889,0.9813333333333334,0.9964444444444445,0.983111111111111,0.9820717948717949,0.015939656828170404,2,1.0,1.0,1.0,1.0,1.0,1.0,0.0
0.5433414936065674,0.011447931953299857,0.0627415657043457,0.0025483805094439157,balanced,gini,2,2,1.5,100,"{'estimator__class_weight': 'balanced', 'estimator__criterion': 'gini', 'estimator__max_depth': 2, 'estimator__min_samples_leaf': 2, 'learning_rate': 1.5, 'n_estimators': 100}",0.9035326086956521,0.9028677150786308,0.8489570846319827,0.9682971014492754,0.9199267902081903,0.9087162600127463,0.0382303215120151,357,1.0,1.0,1.0,1.0,1.0,1.0,0.0,0.9375,0.9361702127659575,0.9072164948453608,0.9782608695652174,0.946236559139785,0.9410768272632641,0.022771326292064586,329,1.0,1.0,1.0,1.0,1.0,1.0,0.0,0.8695652173913043,0.8695652173913043,0.7906976744186046,0.9583333333333334,0.8936170212765957,0.8763556927622285,0.05375463558386202,358,1.0,1.0,1.0,1.0,1.0,1.0,0.0,0.7692307692307693,0.8,0.68,0.92,0.84,0.8018461538461539,0.07915769595183,417,1.0,1.0,1.0,1.0,1.0,1.0,0.0,0.9154929577464789,0.9142857142857143,0.8714285714285714,0.9714285714285714,0.9285714285714286,0.920241448692153,0.03203194038503745,330,1.0,1.0,1.0,1.0,1.0,1.0,0.0,0.9965811965811966,0.9528888888888889,0.9795555555555555,0.9964444444444445,0.983111111111111,0.9817162393162391,0.015971958772089078,3,1.0,1.0,1.0,1.0,1.0,1.0,0.0
0.27682671546936033,0.018773387036424463,0.041734504699707034,0.007275017150061207,,gini,3,1,1.5,50,"{'estimator__class_weight': None, 'estimator__criterion': 'gini', 'estimator__max_depth': 3, 'estimator__min_samples_leaf': 1, 'learning_rate': 1.5, 'n_estimators': 50}",0.9035326086956521,0.9048913043478262,0.8853801169590643,0.9388111888111889,0.9048913043478262,0.9075013046323115,0.01731491000136832,359,1.0,1.0,1.0,1.0,1.0,1.0,0.0,0.9375,0.9347826086956522,0.9263157894736842,0.9545454545454546,0.9347826086956522,0.9375852922820886,0.009277565875735746,391,1.0,1.0,1.0,1.0,1.0,1.0,0.0,0.8695652173913043,0.875,0.8444444444444444,0.9230769230769231,0.875,0.8774173169825344,0.025476861120972343,354,1.0,1.0,1.0,1.0,1.0,1.0,0.0,0.7692307692307693,0.84,0.76,0.96,0.84,0.8338461538461539,0.0715806327315463,196,1.0,1.0,1.0,1.0,1.0,1.0,0.0,0.9154929577464789,0.9142857142857143,0.9,0.9428571428571428,0.9142857142857143,0.9173843058350102,0.01395606858747855,360,1.0,1.0,1.0,1.0,1.0,1.0,0.0,0.9777777777777777,0.9359999999999999,0.9537777777777777,0.9857777777777778,0.9440000000000001,0.9594666666666667,0.019234536838910552,308,1.0,1.0,1.0,1.0,1.0,1.0,0.0
0.1885694980621338,0.011611740772499499,0.030960655212402342,0.0037188073567674873,balanced,entropy,3,5,1.5,25,"{'estimator__class_weight': 'balanced', 'estimator__criterion': 'entropy', 'estimator__max_depth': 3, 'estimator__min_samples_leaf': 5, 'learning_rate': 1.5, 'n_estimators': 25}",0.9055851063829787,0.9048913043478262,0.8853801169590643,0.9199267902081903,0.9199267902081903,0.90714202162125,0.012711969347613643,360,1.0,1.0,1.0,1.0,1.0,1.0,0.0,0.9361702127659575,0.9347826086956522,0.9263157894736842,0.946236559139785,0.946236559139785,0.9379483458429728,0.007561600041222587,386,1.0,1.0,1.0,1.0,1.0,1.0,0.0,0.875,0.875,0.8444444444444444,0.8936170212765957,0.8936170212765957,0.8763356973995272,0.017988376802922257,360,1.0,1.0,1.0,1.0,1.0,1.0,0.0,0.8076923076923077,0.84,0.76,0.84,0.84,0.8175384615384615,0.03137254669915293,328,1.0,1.0,1.0,1.0,1.0,1.0,0.0,0.9154929577464789,0.9142857142857143,0.9,0.9285714285714286,0.9285714285714286,0.9173843058350102,0.01063669109061561,360,1.0,1.0,1.0,1.0,1.0,1.0,0.0,0.9581196581196582,0.9306666666666668,0.9422222222222223,0.9742222222222222,0.9608888888888889,0.9532239316239316,0.015188915221020545,414,1.0,1.0,1.0,1.0,1.0,1.0,0.0
0.14935874938964844,0.005895496092314098,0.03133821487426758,0.0025935665998422113,balanced,gini,3,5,1.0,25,"{'estimator__class_weight': 'balanced', 'estimator__criterion': 'gini', 'estimator__max_depth': 3, 'estimator__min_samples_leaf': 5, 'learning_rate': 1.0, 'n_estimators': 25}",0.9035326086956521,0.9048913043478262,0.8674242424242424,0.9377777777777778,0.9215070643642072,0.9070265995219412,0.02341124930984582,361,1.0,1.0,1.0,1.0,1.0,1.0,0.0,0.9375,0.9347826086956522,0.9166666666666666,0.9555555555555556,0.945054945054945,0.9379119551945638,0.01283466975866599,388,1.0,1.0,1.0,1.0,1.0,1.0,0.0,0.8695652173913043,0.875,0.8181818181818182,0.92,0.8979591836734694,0.8761412438493184,0.034068914201840404,361,1.0,1.0,1.0,1.0,1.0,1.0,0.0,0.7692307692307693,0.84,0.72,0.92,0.88,0.8258461538461539,0.07267272833592381,261,1.0,1.0,1.0,1.0,1.0,1.0,0.0,0.9154929577464789,0.9142857142857143,0.8857142857142857,0.9428571428571428,0.9285714285714286,0.9173843058350102,0.018921869795050783,360,1.0,1.0,1.0,1.0,1.0,1.0,0.0,0.9871794871794872,0.952,0.9635555555555555,0.983111111111111,0.9404444444444444,0.9652581196581197,0.017853126319104864,156,1.0,1.0,1.0,1.0,1.0,1.0,0.0
0.1405322551727295,0.009826162980544024,0.03226237297058106,0.0015877807109342594,,gini,3,2,0.5,25,"{'estimator__class_weight': None, 'estimator__criterion': 'gini', 'estimator__max_depth': 3, 'estimator__min_samples_leaf': 2, 'learning_rate': 0.5, 'n_estimators': 25}",0.9370567375886525,0.9048913043478262,0.8674242424242424,0.9519560741249142,0.8731884057971014,0.9069033528565473,0.03358071011588744,362,1.0,1.0,1.0,1.0,1.0,1.0,0.0,0.9574468085106383,0.9347826086956522,0.9166666666666666,0.967741935483871,0.9130434782608695,0.9379362995235395,0.021684240793971885,387,1.0,1.0,1.0,1.0,1.0,1.0,0.0,0.9166666666666666,0.875,0.8181818181818182,0.9361702127659575,0.8333333333333334,0.8758704061895551,0.04569143224392207,362,1.0,1.0,1.0,1.0,1.0,1.0,0.0,0.8461538461538461,0.84,0.72,0.88,0.8,0.8172307692307692,0.05485559310293305,333,1.0,1.0,1.0,1.0,1.0,1.0,0.0,0.9436619718309859,0.9142857142857143,0.8857142857142857,0.9571428571428572,0.8857142857142857,0.9173038229376257,0.02928073552113902,386,1.0,1.0,1.0,1.0,1.0,1.0,0.0,0.9893162393162394,0.9484444444444444,0.96,0.9902222222222222,0.9048888888888889,0.9585743589743589,0.031411551296060554,341,1.0,1.0,1.0,1.0,1.0,1.0,0.0
0.28219995498657224,0.016738505785134153,0.03339548110961914,0.004592600835075329,balanced,entropy,2,5,1.5,50,"{'estimator__class_weight': 'balanced', 'estimator__criterion': 'entropy', 'estimator__max_depth': 2, 'estimator__min_samples_leaf': 5, 'learning_rate': 1.5, 'n_estimators': 50}",0.9055851063829787,0.9529042386185244,0.8878975062914665,0.9199267902081903,0.8674242424242424,0.9067475767850806,0.029007344650495055,363,1.0,1.0,1.0,1.0,1.0,1.0,0.0,0.9361702127659575,0.967032967032967,0.9247311827956989,0.946236559139785,0.9166666666666666,0.9381675176802151,0.01757916103099769,382,1.0,1.0,1.0,1.0,1.0,1.0,0.0,0.875,0.9387755102040817,0.851063829787234,0.8936170212765957,0.8181818181818182,0.8753276358899459,0.04053299516739592,363,1.0,1.0,1.0,1.0,1.0,1.0,0.0,0.8076923076923077,0.92,0.8,0.84,0.72,0.8175384615384615,0.06468567605266666,328,1.0,1.0,1.0,1.0,1.0,1.0,0.0,0.9154929577464789,0.9571428571428572,0.9,0.9285714285714286,0.8857142857142857,0.9173843058350102,0.024554737134095516,360,1.0,1.0,1.0,1.0,1.0,1.0,0.0,0.9803418803418804,0.9457777777777777,0.9520000000000001,0.992,0.9377777777777778,0.9615794871794872,0.020906539467471202,230,1.0,1.0,1.0,1.0,1.0,1.0,0.0
0.1118971824645996,0.011561526956233602,0.024006032943725587,0.0018289585122963662,,entropy,2,1,1.5,25,"{'estimator__class_weight': None, 'estimator__criterion': 'entropy', 'estimator__max_depth': 2, 'estimator__min_samples_leaf': 1, 'learning_rate': 1.5, 'n_estimators': 25}",0.9220978714066272,0.8878975062914665,0.9181286549707601,0.9048913043478262,0.9005681818181819,0.9067167037669723,0.012345943034479504,364,1.0,1.0,1.0,1.0,1.0,1.0,0.0,0.946236559139785,0.9247311827956989,0.9473684210526315,0.9347826086956522,0.9375,0.9381237543367537,0.00827278381936442,383,1.0,1.0,1.0,1.0,1.0,1.0,0.0,0.8979591836734694,0.851063829787234,0.8888888888888888,0.875,0.8636363636363636,0.8753096531971911,0.016861900247995845,364,1.0,1.0,1.0,1.0,1.0,1.0,0.0,0.8461538461538461,0.8,0.8,0.84,0.76,0.8092307692307692,0.031318180061537144,390,1.0,1.0,1.0,1.0,1.0,1.0,0.0,0.9295774647887324,0.9,0.9285714285714286,0.9142857142857143,0.9142857142857143,0.9173440643863179,0.01091085122310231,366,1.0,1.0,1.0,1.0,1.0,1.0,0.0,0.9487179487179487,0.9671111111111111,0.9475555555555555,0.9893333333333333,0.9546666666666668,0.961476923076923,0.015560842907178362,236,1.0,1.0,1.0,1.0,1.0,1.0,0.0
0.11241750717163086,0.004408792549763845,0.02516331672668457,0.0006332473689792452,,entropy,2,2,1.5,25,"{'estimator__class_weight': None, 'estimator__criterion': 'entropy', 'estimator__max_depth': 2, 'estimator__min_samples_leaf': 2, 'learning_rate': 1.5, 'n_estimators': 25}",0.9220978714066272,0.8878975062914665,0.9181286549707601,0.9048913043478262,0.9005681818181819,0.9067167037669723,0.012345943034479504,364,1.0,1.0,1.0,1.0,1.0,1.0,0.0,0.946236559139785,0.9247311827956989,0.9473684210526315,0.9347826086956522,0.9375,0.9381237543367537,0.00827278381936442,383,1.0,1.0,1.0,1.0,1.0,1.0,0.0,0.8979591836734694,0.851063829787234,0.8888888888888888,0.875,0.8636363636363636,0.8753096531971911,0.016861900247995845,364,1.0,1.0,1.0,1.0,1.0,1.0,0.0,0.8461538461538461,0.8,0.8,0.84,0.76,0.8092307692307692,0.031318180061537144,390,1.0,1.0,1.0,1.0,1.0,1.0,0.0,0.9295774647887324,0.9,0.9285714285714286,0.9142857142857143,0.9142857142857143,0.9173440643863179,0.01091085122310231,366,1.0,1.0,1.0,1.0,1.0,1.0,0.0,0.9487179487179487,0.9671111111111111,0.9475555555555555,0.9893333333333333,0.9546666666666668,0.961476923076923,0.015560842907178362,236,1.0,1.0,1.0,1.0,1.0,1.0,0.0
0.13834691047668457,0.00919970221104696,0.02928895950317383,0.004959309274395291,balanced,gini,2,5,1.0,25,"{'estimator__class_weight': 'balanced', 'estimator__criterion': 'gini', 'estimator__max_depth': 2, 'estimator__min_samples_leaf': 5, 'learning_rate': 1.0, 'n_estimators': 25}",0.9382608695652175,0.8878975062914665,0.8674242424242424,0.9199267902081903,0.9199267902081903,0.9066872397394613,0.025464102320024978,366,1.0,1.0,1.0,1.0,1.0,1.0,0.0,0.9565217391304348,0.9247311827956989,0.9166666666666666,0.946236559139785,0.946236559139785,0.9380785413744739,0.014898848349567026,385,1.0,1.0,1.0,1.0,1.0,1.0,0.0,0.92,0.851063829787234,0.8181818181818182,0.8936170212765957,0.8936170212765957,0.8752959381044487,0.03610815723682553,366,1.0,1.0,1.0,1.0,1.0,1.0,0.0,0.8846153846153846,0.8,0.72,0.84,0.84,0.8169230769230769,0.05536751872874126,351,1.0,1.0,1.0,1.0,1.0,1.0,0.0,0.9436619718309859,0.9,0.8857142857142857,0.9285714285714286,0.9285714285714286,0.9173038229376258,0.02119429657603122,384,1.0,1.0,1.0,1.0,1.0,1.0,0.0,0.9666666666666666,0.9262222222222223,0.9502222222222222,0.9937777777777778,0.9786666666666666,0.963111111111111,0.02333227510827852,197,1.0,1.0,1.0,1.0,1.0,1.0,0.0
1.0513801574707031,0.0608412879135861,0.10384678840637207,0.004495342979522122,,gini,2,2,1.5,200,"{'estimator__class_weight': None, 'estimator__criterion': 'gini', 'estimator__max_depth': 2, 'estimator__min_samples_leaf': 2, 'learning_rate': 1.5, 'n_estimators': 200}",0.8886898096304592,0.9199267902081903,0.8526315789473684,0.9352451433857539,0.9365942028985508,0.9066175050140647,0.03203486738609256,367,1.0,1.0,1.0,1.0,1.0,1.0,0.0,0.9263157894736842,0.946236559139785,0.9052631578947369,0.9574468085106383,0.9565217391304348,0.9383568108298558,0.019983288642939512,381,1.0,1.0,1.0,1.0,1.0,1.0,0.0,0.851063829787234,0.8936170212765957,0.8,0.9130434782608695,0.9166666666666666,0.8748781991982731,0.04410867691914498,367,1.0,1.0,1.0,1.0,1.0,1.0,0.0,0.7692307692307693,0.84,0.72,0.84,0.88,0.8098461538461539,0.05737945945078173,367,1.0,1.0,1.0,1.0,1.0,1.0,0.0,0.9014084507042254,0.9285714285714286,0.8714285714285714,0.9428571428571428,0.9428571428571428,0.9174245472837022,0.027531915814762876,359,1.0,1.0,1.0,1.0,1.0,1.0,0.0,0.9888888888888889,0.9448888888888889,0.9608888888888889,0.9902222222222222,0.9786666666666667,0.9727111111111111,0.01742222222222223,63,1.0,1.0,1.0,1.0,1.0,1.0,0.0
0.11876320838928223,0.04310916917225188,0.02111988067626953,0.0014395721971927132,balanced,entropy,2,1,0.5,25,"{'estimator__class_weight': 'balanced', 'estimator__criterion': 'entropy', 'estimator__max_depth': 2, 'estimator__min_samples_leaf': 1, 'learning_rate': 0.5, 'n_estimators': 25}",0.9220978714066272,0.9199267902081903,0.8526315789473684,0.9519560741249142,0.8853801169590643,0.9063984863292329,0.03416908451744582,368,0.9445199275362319,0.976497156239545,0.9487060673715546,0.9527678171223666,0.9246553111020166,0.949429255874343,0.016626425155826692,0.946236559139785,0.946236559139785,0.9052631578947369,0.967741935483871,0.9263157894736842,0.9383588002263725,0.021108493351677513,373,0.9619565217391305,0.9836065573770492,0.964769647696477,0.967391304347826,0.9487870619946092,0.9653022186310183,0.011168176344233213,0.8979591836734694,0.8936170212765957,0.8,0.9361702127659575,0.8444444444444444,0.8744381724320933,0.04727065950508024,369,0.9270833333333334,0.9693877551020408,0.9326424870466321,0.9381443298969072,0.900523560209424,0.9335562931176676,0.022085467813554065,0.8461538461538461,0.84,0.72,0.88,0.76,0.8092307692307692,0.05950486032558067,390,0.89,0.9405940594059405,0.8910891089108911,0.900990099009901,0.8514851485148515,0.8948316831683168,0.02845485988497261,0.9295774647887324,0.9285714285714286,0.8714285714285714,0.9571428571428572,0.9,0.9173440643863179,0.02921883899068705,366,0.95,0.9786476868327402,0.9537366548042705,0.9572953736654805,0.9323843416370107,0.9544128113879005,0.014837937354953744,0.9730769230769231,0.9773333333333334,0.9524444444444444,0.9786666666666667,0.924,0.9611042735042735,0.020817704609012663,255,0.9808333333333333,0.9969196919691969,0.9762101210121011,0.9935093509350935,0.9888613861386139,0.9872667766776677,0.007724378474537855
0.23760876655578614,0.10813722730389304,0.0368309497833252,0.010208551735547055,balanced,entropy,2,1,0.5,50,"{'estimator__class_weight': 'balanced', 'estimator__criterion': 'entropy', 'estimator__max_depth': 2, 'estimator__min_samples_leaf': 1, 'learning_rate': 0.5, 'n_estimators': 50}",0.9220978714066272,0.9199267902081903,0.8526315789473684,0.9519560741249142,0.8853801169590643,0.9063984863292329,0.03416908451744582,368,0.9445199275362319,0.976497156239545,0.9487060673715546,0.9527678171223666,0.9246553111020166,0.949429255874343,0.016626425155826692,0.946236559139785,0.946236559139785,0.9052631578947369,0.967741935483871,0.9263157894736842,0.9383588002263725,0.021108493351677513,373,0.9619565217391305,0.9836065573770492,0.964769647696477,0.967391304347826,0.9487870619946092,0.9653022186310183,0.011168176344233213,0.8979591836734694,0.8936170212765957,0.8,0.9361702127659575,0.8444444444444444,0.8744381724320933,0.04727065950508024,369,0.9270833333333334,0.9693877551020408,0.9326424870466321,0.9381443298969072,0.900523560209424,0.9335562931176676,0.022085467813554065,0.8461538461538461,0.84,0.72,0.88,0.76,0.8092307692307692,0.05950486032558067,390,0.89,0.9405940594059405,0.8910891089108911,0.900990099009901,0.8514851485148515,0.8948316831683168,0.02845485988497261,0.9295774647887324,0.9285714285714286,0.8714285714285714,0.9571428571428572,0.9,0.9173440643863179,0.02921883899068705,366,0.95,0.9786476868327402,0.9537366548042705,0.9572953736654805,0.9323843416370107,0.9544128113879005,0.014837937354953744,0.9730769230769231,0.9773333333333334,0.9524444444444444,0.9786666666666667,0.924,0.9611042735042735,0.020817704609012663,255,0.9808333333333333,0.9969196919691969,0.9762101210121011,0.9935093509350935,0.9888613861386139,0.9872667766776677,0.007724378474537855
0.3187347412109375,0.14701288452458544,0.03924384117126465,0.011083211577204223,balanced,entropy,2,1,0.5,100,"{'estimator__class_weight': 'balanced', 'estimator__criterion': 'entropy', 'estimator__max_depth': 2, 'estimator__min_samples_leaf': 1, 'learning_rate': 0.5, 'n_estimators': 100}",0.9220978714066272,0.9199267902081903,0.8526315789473684,0.9519560741249142,0.8853801169590643,0.9063984863292329,0.03416908451744582,368,0.9445199275362319,0.976497156239545,0.9487060673715546,0.9527678171223666,0.9246553111020166,0.949429255874343,0.016626425155826692,0.946236559139785,0.946236559139785,0.9052631578947369,0.967741935483871,0.9263157894736842,0.9383588002263725,0.021108493351677513,373,0.9619565217391305,0.9836065573770492,0.964769647696477,0.967391304347826,0.9487870619946092,0.9653022186310183,0.011168176344233213,0.8979591836734694,0.8936170212765957,0.8,0.9361702127659575,0.8444444444444444,0.8744381724320933,0.04727065950508024,369,0.9270833333333334,0.9693877551020408,0.9326424870466321,0.9381443298969072,0.900523560209424,0.9335562931176676,0.022085467813554065,0.8461538461538461,0.84,0.72,0.88,0.76,0.8092307692307692,0.05950486032558067,390,0.89,0.9405940594059405,0.8910891089108911,0.900990099009901,0.8514851485148515,0.8948316831683168,0.02845485988497261,0.9295774647887324,0.9285714285714286,0.8714285714285714,0.9571428571428572,0.9,0.9173440643863179,0.02921883899068705,366,0.95,0.9786476868327402,0.9537366548042705,0.9572953736654805,0.9323843416370107,0.9544128113879005,0.014837937354953744,0.9730769230769231,0.9773333333333334,0.9524444444444444,0.9786666666666667,0.924,0.9611042735042735,0.020817704609012663,255,0.9808333333333333,0.9969196919691969,0.9762101210121011,0.9935093509350935,0.9888613861386139,0.9872667766776677,0.007724378474537855
0.31998486518859864,0.1462351544967326,0.04051089286804199,0.010836981095337183,balanced,entropy,2,1,0.5,200,"{'estimator__class_weight': 'balanced', 'estimator__criterion': 'entropy', 'estimator__max_depth': 2, 'estimator__min_samples_leaf': 1, 'learning_rate': 0.5, 'n_estimators': 200}",0.9220978714066272,0.9199267902081903,0.8526315789473684,0.9519560741249142,0.8853801169590643,0.9063984863292329,0.03416908451744582,368,0.9445199275362319,0.976497156239545,0.9487060673715546,0.9527678171223666,0.9246553111020166,0.949429255874343,0.016626425155826692,0.946236559139785,0.946236559139785,0.9052631578947369,0.967741935483871,0.9263157894736842,0.9383588002263725,0.021108493351677513,373,0.9619565217391305,0.9836065573770492,0.964769647696477,0.967391304347826,0.9487870619946092,0.9653022186310183,0.011168176344233213,0.8979591836734694,0.8936170212765957,0.8,0.9361702127659575,0.8444444444444444,0.8744381724320933,0.04727065950508024,369,0.9270833333333334,0.9693877551020408,0.9326424870466321,0.9381443298969072,0.900523560209424,0.9335562931176676,0.022085467813554065,0.8461538461538461,0.84,0.72,0.88,0.76,0.8092307692307692,0.05950486032558067,390,0.89,0.9405940594059405,0.8910891089108911,0.900990099009901,0.8514851485148515,0.8948316831683168,0.02845485988497261,0.9295774647887324,0.9285714285714286,0.8714285714285714,0.9571428571428572,0.9,0.9173440643863179,0.02921883899068705,366,0.95,0.9786476868327402,0.9537366548042705,0.9572953736654805,0.9323843416370107,0.9544128113879005,0.014837937354953744,0.9730769230769231,0.9773333333333334,0.9524444444444444,0.9786666666666667,0.924,0.9611042735042735,0.020817704609012663,255,0.9808333333333333,0.9969196919691969,0.9762101210121011,0.9935093509350935,0.9888613861386139,0.9872667766776677,0.007724378474537855
0.13040060997009278,0.051730365928255154,0.028549718856811523,0.004010411991185235,balanced,entropy,2,2,0.5,25,"{'estimator__class_weight': 'balanced', 'estimator__criterion': 'entropy', 'estimator__max_depth': 2, 'estimator__min_samples_leaf': 2, 'learning_rate': 0.5, 'n_estimators': 25}",0.9220978714066272,0.9199267902081903,0.8526315789473684,0.9519560741249142,0.8853801169590643,0.9063984863292329,0.03416908451744582,368,0.9445199275362319,0.976497156239545,0.9487060673715546,0.9527678171223666,0.9246553111020166,0.949429255874343,0.016626425155826692,0.946236559139785,0.946236559139785,0.9052631578947369,0.967741935483871,0.9263157894736842,0.9383588002263725,0.021108493351677513,373,0.9619565217391305,0.9836065573770492,0.964769647696477,0.967391304347826,0.9487870619946092,0.9653022186310183,0.011168176344233213,0.8979591836734694,0.8936170212765957,0.8,0.9361702127659575,0.8444444444444444,0.8744381724320933,0.04727065950508024,369,0.9270833333333334,0.9693877551020408,0.9326424870466321,0.9381443298969072,0.900523560209424,0.9335562931176676,0.022085467813554065,0.8461538461538461,0.84,0.72,0.88,0.76,0.8092307692307692,0.05950486032558067,390,0.89,0.9405940594059405,0.8910891089108911,0.900990099009901,0.8514851485148515,0.8948316831683168,0.02845485988497261,0.9295774647887324,0.9285714285714286,0.8714285714285714,0.9571428571428572,0.9,0.9173440643863179,0.02921883899068705,366,0.95,0.9786476868327402,0.9537366548042705,0.9572953736654805,0.9323843416370107,0.9544128113879005,0.014837937354953744,0.9730769230769231,0.9773333333333334,0.9524444444444444,0.9786666666666667,0.924,0.9611042735042735,0.020817704609012663,255,0.9808333333333333,0.9969196919691969,0.9762101210121011,0.9935093509350935,0.9888613861386139,0.9872667766776677,0.007724378474537855
0.24094629287719727,0.10287168243968618,0.031310653686523436,0.005041559219742437,balanced,entropy,2,2,0.5,50,"{'estimator__class_weight': 'balanced', 'estimator__criterion': 'entropy', 'estimator__max_depth': 2, 'estimator__min_samples_leaf': 2, 'learning_rate': 0.5, 'n_estimators': 50}",0.9220978714066272,0.9199267902081903,0.8526315789473684,0.9519560741249142,0.8853801169590643,0.9063984863292329,0.03416908451744582,368,0.9445199275362319,0.976497156239545,0.9487060673715546,0.9527678171223666,0.9246553111020166,0.949429255874343,0.016626425155826692,0.946236559139785,0.946236559139785,0.9052631578947369,0.967741935483871,0.9263157894736842,0.9383588002263725,0.021108493351677513,373,0.9619565217391305,0.9836065573770492,0.964769647696477,0.967391304347826,0.9487870619946092,0.9653022186310183,0.011168176344233213,0.8979591836734694,0.8936170212765957,0.8,0.9361702127659575,0.8444444444444444,0.8744381724320933,0.04727065950508024,369,0.9270833333333334,0.9693877551020408,0.9326424870466321,0.9381443298969072,0.900523560209424,0.9335562931176676,0.022085467813554065,0.8461538461538461,0.84,0.72,0.88,0.76,0.8092307692307692,0.05950486032558067,390,0.89,0.9405940594059405,0.8910891089108911,0.900990099009901,0.8514851485148515,0.8948316831683168,0.02845485988497261,0.9295774647887324,0.9285714285714286,0.8714285714285714,0.9571428571428572,0.9,0.9173440643863179,0.02921883899068705,366,0.95,0.9786476868327402,0.9537366548042705,0.9572953736654805,0.9323843416370107,0.9544128113879005,0.014837937354953744,0.9730769230769231,0.9773333333333334,0.9524444444444444,0.9786666666666667,0.924,0.9611042735042735,0.020817704609012663,255,0.9808333333333333,0.9969196919691969,0.9762101210121011,0.9935093509350935,0.9888613861386139,0.9872667766776677,0.007724378474537855
0.2959991455078125,0.13716487789321674,0.03820056915283203,0.010640861929679366,balanced,entropy,2,2,0.5,100,"{'estimator__class_weight': 'balanced', 'estimator__criterion': 'entropy', 'estimator__max_depth': 2, 'estimator__min_samples_leaf': 2, 'learning_rate': 0.5, 'n_estimators': 100}",0.9220978714066272,0.9199267902081903,0.8526315789473684,0.9519560741249142,0.8853801169590643,0.9063984863292329,0.03416908451744582,368,0.9445199275362319,0.976497156239545,0.9487060673715546,0.9527678171223666,0.9246553111020166,0.949429255874343,0.016626425155826692,0.946236559139785,0.946236559139785,0.9052631578947369,0.967741935483871,0.9263157894736842,0.9383588002263725,0.021108493351677513,373,0.9619565217391305,0.9836065573770492,0.964769647696477,0.967391304347826,0.9487870619946092,0.9653022186310183,0.011168176344233213,0.8979591836734694,0.8936170212765957,0.8,0.9361702127659575,0.8444444444444444,0.8744381724320933,0.04727065950508024,369,0.9270833333333334,0.9693877551020408,0.9326424870466321,0.9381443298969072,0.900523560209424,0.9335562931176676,0.022085467813554065,0.8461538461538461,0.84,0.72,0.88,0.76,0.8092307692307692,0.05950486032558067,390,0.89,0.9405940594059405,0.8910891089108911,0.900990099009901,0.8514851485148515,0.8948316831683168,0.02845485988497261,0.9295774647887324,0.9285714285714286,0.8714285714285714,0.9571428571428572,0.9,0.9173440643863179,0.02921883899068705,366,0.95,0.9786476868327402,0.9537366548042705,0.9572953736654805,0.9323843416370107,0.9544128113879005,0.014837937354953744,0.9730769230769231,0.9773333333333334,0.9524444444444444,0.9786666666666667,0.924,0.9611042735042735,0.020817704609012663,255,0.9808333333333333,0.9969196919691969,0.9762101210121011,0.9935093509350935,0.9888613861386139,0.9872667766776677,0.007724378474537855
0.31675267219543457,0.1442589029859749,0.04132280349731445,0.00932325274340747,balanced,entropy,2,2,0.5,200,"{'estimator__class_weight': 'balanced', 'estimator__criterion': 'entropy', 'estimator__max_depth': 2, 'estimator__min_samples_leaf': 2, 'learning_rate': 0.5, 'n_estimators': 200}",0.9220978714066272,0.9199267902081903,0.8526315789473684,0.9519560741249142,0.8853801169590643,0.9063984863292329,0.03416908451744582,368,0.9445199275362319,0.976497156239545,0.9487060673715546,0.9527678171223666,0.9246553111020166,0.949429255874343,0.016626425155826692,0.946236559139785,0.946236559139785,0.9052631578947369,0.967741935483871,0.9263157894736842,0.9383588002263725,0.021108493351677513,373,0.9619565217391305,0.9836065573770492,0.964769647696477,0.967391304347826,0.9487870619946092,0.9653022186310183,0.011168176344233213,0.8979591836734694,0.8936170212765957,0.8,0.9361702127659575,0.8444444444444444,0.8744381724320933,0.04727065950508024,369,0.9270833333333334,0.9693877551020408,0.9326424870466321,0.9381443298969072,0.900523560209424,0.9335562931176676,0.022085467813554065,0.8461538461538461,0.84,0.72,0.88,0.76,0.8092307692307692,0.05950486032558067,390,0.89,0.9405940594059405,0.8910891089108911,0.900990099009901,0.8514851485148515,0.8948316831683168,0.02845485988497261,0.9295774647887324,0.9285714285714286,0.8714285714285714,0.9571428571428572,0.9,0.9173440643863179,0.02921883899068705,366,0.95,0.9786476868327402,0.9537366548042705,0.9572953736654805,0.9323843416370107,0.9544128113879005,0.014837937354953744,0.9730769230769231,0.9773333333333334,0.9524444444444444,0.9786666666666667,0.924,0.9611042735042735,0.020817704609012663,255,0.9808333333333333,0.9969196919691969,0.9762101210121011,0.9935093509350935,0.9888613861386139,0.9872667766776677,0.007724378474537855
0.3685145854949951,0.02668574053532225,0.042011451721191403,0.0027624088147526465,,entropy,3,5,1.5,50,"{'estimator__class_weight': None, 'estimator__criterion': 'entropy', 'estimator__max_depth': 3, 'estimator__min_samples_leaf': 5, 'learning_rate': 1.5, 'n_estimators': 50}",0.9204927211646137,0.9048913043478262,0.8853801169590643,0.9181286549707601,0.9028677150786308,0.9063521025041791,0.01259161108665126,376,1.0,1.0,1.0,1.0,1.0,1.0,0.0,0.9473684210526315,0.9347826086956522,0.9263157894736842,0.9473684210526315,0.9361702127659575,0.9384010906081113,0.008061646995616095,372,1.0,1.0,1.0,1.0,1.0,1.0,0.0,0.8936170212765957,0.875,0.8444444444444444,0.8888888888888888,0.8695652173913043,0.8743031144002467,0.017321924289165,377,1.0,1.0,1.0,1.0,1.0,1.0,0.0,0.8076923076923077,0.84,0.76,0.8,0.8,0.8015384615384615,0.025484651373352183,419,1.0,1.0,1.0,1.0,1.0,1.0,0.0,0.9295774647887324,0.9142857142857143,0.9,0.9285714285714286,0.9142857142857143,0.9173440643863179,0.01091085122310231,366,1.0,1.0,1.0,1.0,1.0,1.0,0.0,0.9931623931623932,0.9546666666666667,0.9573333333333334,0.9831111111111112,0.9617777777777777,0.9700102564102563,0.015307237892151443,105,1.0,1.0,1.0,1.0,1.0,1.0,0.0
0.11488752365112305,0.0037177292711636513,0.025831842422485353,0.0009931894480582487,,entropy,2,5,1.5,25,"{'estimator__class_weight': None, 'estimator__criterion': 'entropy', 'estimator__max_depth': 2, 'estimator__min_samples_leaf': 5, 'learning_rate': 1.5, 'n_estimators': 25}",0.9220978714066272,0.8853801169590643,0.9181286549707601,0.9048913043478262,0.9005681818181819,0.9062132259004919,0.013129598929382395,377,1.0,1.0,1.0,1.0,1.0,1.0,0.0,0.946236559139785,0.9263157894736842,0.9473684210526315,0.9347826086956522,0.9375,0.9384406756723507,0.007768650161644797,371,1.0,1.0,1.0,1.0,1.0,1.0,0.0,0.8979591836734694,0.8444444444444444,0.8888888888888888,0.875,0.8636363636363636,0.8739857761286333,0.01885553661886796,378,1.0,1.0,1.0,1.0,1.0,1.0,0.0,0.8461538461538461,0.76,0.8,0.84,0.76,0.8012307692307692,0.037209148203891616,427,1.0,1.0,1.0,1.0,1.0,1.0,0.0,0.9295774647887324,0.9,0.9285714285714286,0.9142857142857143,0.9142857142857143,0.9173440643863179,0.01091085122310231,366,1.0,1.0,1.0,1.0,1.0,1.0,0.0,0.964957264957265,0.9359999999999999,0.9475555555555555,0.9893333333333333,0.9546666666666668,0.9585025641025642,0.018072719723061233,342,1.0,1.0,1.0,1.0,1.0,1.0,0.0
0.43691449165344237,0.028575527456103547,0.04283127784729004,0.005428137127523905,,entropy,2,1,1.5,100,"{'estimator__class_weight': None, 'estimator__criterion': 'entropy', 'estimator__max_depth': 2, 'estimator__min_samples_leaf': 1, 'learning_rate': 1.5, 'n_estimators': 100}",0.9055851063829787,0.8853801169590643,0.9005681818181819,0.9352451433857539,0.9028677150786308,0.905929252724922,0.016247590324063026,378,1.0,1.0,1.0,1.0,1.0,1.0,0.0,0.9361702127659575,0.9263157894736842,0.9375,0.9574468085106383,0.9361702127659575,0.9387206047032475,0.010188709671246137,366,1.0,1.0,1.0,1.0,1.0,1.0,0.0,0.875,0.8444444444444444,0.8636363636363636,0.9130434782608695,0.8695652173913043,0.8731379007465965,0.02246009901471942,384,1.0,1.0,1.0,1.0,1.0,1.0,0.0,0.8076923076923077,0.76,0.76,0.84,0.8,0.7935384615384615,0.030497259552895662,436,1.0,1.0,1.0,1.0,1.0,1.0,0.0,0.9154929577464789,0.9,0.9142857142857143,0.9428571428571428,0.9142857142857143,0.9173843058350102,0.01395606858747855,360,1.0,1.0,1.0,1.0,1.0,1.0,0.0,0.9709401709401708,0.9413333333333334,0.9448888888888889,0.9875555555555555,0.9546666666666668,0.9598769230769232,0.017228782954299048,297,1.0,1.0,1.0,1.0,1.0,1.0,0.0
0.3951364517211914,0.012151174164313999,0.04163870811462402,0.0013805088676730496,balanced,entropy,3,2,1.5,50,"{'estimator__class_weight': 'balanced', 'estimator__criterion': 'entropy', 'estimator__max_depth': 3, 'estimator__min_samples_leaf': 2, 'learning_rate': 1.5, 'n_estimators': 50}",0.9370567375886525,0.9048913043478262,0.8489570846319827,0.9519560741249142,0.8853801169590643,0.905648263530488,0.03675912426121958,379,1.0,1.0,1.0,1.0,1.0,1.0,0.0,0.9574468085106383,0.9347826086956522,0.9072164948453608,0.967741935483871,0.9263157894736842,0.9387007274018414,0.021701624663383996,370,1.0,1.0,1.0,1.0,1.0,1.0,0.0,0.9166666666666666,0.875,0.7906976744186046,0.9361702127659575,0.8444444444444444,0.8725957996591346,0.0519413692893993,385,1.0,1.0,1.0,1.0,1.0,1.0,0.0,0.8461538461538461,0.84,0.68,0.88,0.76,0.8012307692307692,0.0722808460801281,427,1.0,1.0,1.0,1.0,1.0,1.0,0.0,0.9436619718309859,0.9142857142857143,0.8714285714285714,0.9571428571428572,0.9,0.9173038229376258,0.030643011041999697,384,1.0,1.0,1.0,1.0,1.0,1.0,0.0,0.982905982905983,0.9351111111111111,0.9137777777777778,0.9973333333333333,0.9662222222222222,0.9590700854700854,0.030688124061822003,329,1.0,1.0,1.0,1.0,1.0,1.0,0.0
0.05454187393188477,0.0021122250342918147,0.01839280128479004,0.0006488396119300841,,gini,1,1,1.5,25,"{'estimator__class_weight': None, 'estimator__criterion': 'gini', 'estimator__max_depth': 1, 'estimator__min_samples_leaf': 1, 'learning_rate': 1.5, 'n_estimators': 25}",0.9532587228439764,0.8674242424242424,0.8674242424242424,0.9199267902081903,0.9199267902081903,0.9055921576217683,0.03345637255863073,380,0.964921560712148,0.9845434543454346,0.9961273962596988,0.9845434543454346,0.9725144973101376,0.9805300725945706,0.010801537501626756,0.967741935483871,0.9166666666666666,0.9166666666666666,0.946236559139785,0.946236559139785,0.9387096774193548,0.019636540180376028,367,0.9750692520775623,0.9888888888888889,0.997229916897507,0.9888888888888889,0.9809264305177112,0.9862006754541117,0.007587139062857309,0.9387755102040817,0.8181818181818182,0.8181818181818182,0.8936170212765957,0.8936170212765957,0.8724746378241818,0.04729741422925786,386,0.9547738693467337,0.9801980198019802,0.9950248756218906,0.9801980198019802,0.9641025641025641,0.9748594697350297,0.014019887231790441,0.8846153846153846,0.72,0.72,0.84,0.84,0.8009230769230768,0.06805219020513577,432,0.95,0.9801980198019802,0.9900990099009901,0.9801980198019802,0.9306930693069307,0.9662376237623762,0.022298999262324887,0.9577464788732394,0.8857142857142857,0.8857142857142857,0.9285714285714286,0.9285714285714286,0.9172635814889336,0.02787585306197049,387,0.9678571428571429,0.9857651245551602,0.99644128113879,0.9857651245551602,0.9750889679715302,0.9821835282155567,0.009843955359443548,0.9854700854700854,0.9555555555555555,0.9084444444444445,0.9848888888888889,0.927111111111111,0.9522940170940171,0.030759319201334148,431,0.9975555555555555,0.9996149614961496,0.9997249724972498,0.9992024202420242,0.9996699669966997,0.9991535753575358,0.0008200104018167629
0.0530400276184082,0.0034502248619940022,0.019161319732666014,0.002398539189066941,,gini,1,2,1.5,25,"{'estimator__class_weight': None, 'estimator__criterion': 'gini', 'estimator__max_depth': 1, 'estimator__min_samples_leaf': 2, 'learning_rate': 1.5, 'n_estimators': 25}",0.9532587228439764,0.8674242424242424,0.8674242424242424,0.9199267902081903,0.9199267902081903,0.9055921576217683,0.03345637255863073,380,0.964921560712148,0.9845434543454346,0.9961273962596988,0.9845434543454346,0.9725144973101376,0.9805300725945706,0.010801537501626756,0.967741935483871,0.9166666666666666,0.9166666666666666,0.946236559139785,0.946236559139785,0.9387096774193548,0.019636540180376028,367,0.9750692520775623,0.9888888888888889,0.997229916897507,0.9888888888888889,0.9809264305177112,0.9862006754541117,0.007587139062857309,0.9387755102040817,0.8181818181818182,0.8181818181818182,0.8936170212765957,0.8936170212765957,0.8724746378241818,0.04729741422925786,386,0.9547738693467337,0.9801980198019802,0.9950248756218906,0.9801980198019802,0.9641025641025641,0.9748594697350297,0.014019887231790441,0.8846153846153846,0.72,0.72,0.84,0.84,0.8009230769230768,0.06805219020513577,432,0.95,0.9801980198019802,0.9900990099009901,0.9801980198019802,0.9306930693069307,0.9662376237623762,0.022298999262324887,0.9577464788732394,0.8857142857142857,0.8857142857142857,0.9285714285714286,0.9285714285714286,0.9172635814889336,0.02787585306197049,387,0.9678571428571429,0.9857651245551602,0.99644128113879,0.9857651245551602,0.9750889679715302,0.9821835282155567,0.009843955359443548,0.9854700854700854,0.9555555555555555,0.9084444444444445,0.9848888888888889,0.927111111111111,0.9522940170940171,0.030759319201334148,431,0.9975555555555555,0.9996149614961496,0.9997249724972498,0.9992024202420242,0.9996699669966997,0.9991535753575358,0.0008200104018167629
0.05109338760375977,0.0013450119814616365,0.018367242813110352,0.0007171441802363487,,gini,1,5,1.5,25,"{'estimator__class_weight': None, 'estimator__criterion': 'gini', 'estimator__max_depth': 1, 'estimator__min_samples_leaf': 5, 'learning_rate': 1.5, 'n_estimators': 25}",0.9532587228439764,0.8674242424242424,0.8674242424242424,0.9199267902081903,0.9199267902081903,0.9055921576217683,0.03345637255863073,380,0.964921560712148,0.9845434543454346,0.9961273962596988,0.9845434543454346,0.9725144973101376,0.9805300725945706,0.010801537501626756,0.967741935483871,0.9166666666666666,0.9166666666666666,0.946236559139785,0.946236559139785,0.9387096774193548,0.019636540180376028,367,0.9750692520775623,0.9888888888888889,0.997229916897507,0.9888888888888889,0.9809264305177112,0.9862006754541117,0.007587139062857309,0.9387755102040817,0.8181818181818182,0.8181818181818182,0.8936170212765957,0.8936170212765957,0.8724746378241818,0.04729741422925786,386,0.9547738693467337,0.9801980198019802,0.9950248756218906,0.9801980198019802,0.9641025641025641,0.9748594697350297,0.014019887231790441,0.8846153846153846,0.72,0.72,0.84,0.84,0.8009230769230768,0.06805219020513577,432,0.95,0.9801980198019802,0.9900990099009901,0.9801980198019802,0.9306930693069307,0.9662376237623762,0.022298999262324887,0.9577464788732394,0.8857142857142857,0.8857142857142857,0.9285714285714286,0.9285714285714286,0.9172635814889336,0.02787585306197049,387,0.9678571428571429,0.9857651245551602,0.99644128113879,0.9857651245551602,0.9750889679715302,0.9821835282155567,0.009843955359443548,0.9854700854700854,0.9555555555555555,0.9084444444444445,0.9848888888888889,0.927111111111111,0.9522940170940171,0.030759319201334148,431,0.9975555555555555,0.9996149614961496,0.9997249724972498,0.9992024202420242,0.9996699669966997,0.9991535753575358,0.0008200104018167629
0.12202892303466797,0.02018810220300897,0.029689550399780273,0.0045260608742227785,balanced,gini,2,5,0.5,25,"{'estimator__class_weight': 'balanced', 'estimator__criterion': 'gini', 'estimator__max_depth': 2, 'estimator__min_samples_leaf': 5, 'learning_rate': 0.5, 'n_estimators': 25}",0.9691304347826086,0.9028677150786308,0.9199267902081903,0.9048913043478262,0.8273155416012559,0.9048263572037023,0.04555173872128072,383,0.9921870640102685,0.9844044844044844,0.9961273962596988,0.9611878453038674,0.9727701870232706,0.9813353954003178,0.012847317835181268,0.9782608695652174,0.9361702127659575,0.946236559139785,0.9347826086956522,0.8791208791208791,0.9349142258574983,0.03200505934362019,419,0.994475138121547,0.989010989010989,0.997229916897507,0.9723756906077348,0.9807162534435262,0.9867615976162607,0.00913941665504153,0.96,0.8695652173913043,0.8936170212765957,0.875,0.7755102040816326,0.8747384885499067,0.059159120841849454,368,0.98989898989899,0.9797979797979798,0.9950248756218906,0.95,0.964824120603015,0.9759091931843751,0.01655543121814487,0.9230769230769231,0.8,0.84,0.84,0.76,0.8326153846153845,0.05409087247592797,258,0.98,0.9603960396039604,0.9900990099009901,0.9405940594059405,0.9504950495049505,0.9643168316831684,0.018329575443731823,0.971830985915493,0.9142857142857143,0.9285714285714286,0.9142857142857143,0.8428571428571429,0.9143661971830985,0.04151517396914229,419,0.9928571428571429,0.9857651245551602,0.99644128113879,0.9644128113879004,0.9750889679715302,0.9829130655821047,0.01177715957313845,0.9794871794871794,0.9626666666666668,0.9404444444444444,0.9742222222222222,0.9031111111111111,0.9519863247863249,0.027881188498205516,437,0.9999444444444444,0.9997249724972498,1.0,0.993949394939494,0.9974422442244224,0.9982122112211222,0.0023345114762337517
0.1139218807220459,0.004612817276580164,0.02378702163696289,0.004252266704120131,,gini,3,5,1.0,25,"{'estimator__class_weight': None, 'estimator__criterion': 'gini', 'estimator__max_depth': 3, 'estimator__min_samples_leaf': 5, 'learning_rate': 1.0, 'n_estimators': 25}",0.8861397479954181,0.9228905045164133,0.8704902867715079,0.9365942028985508,0.9066666666666667,0.9045562817697114,0.02394446311728048,384,1.0,1.0,1.0,1.0,1.0,1.0,0.0,0.9278350515463918,0.9438202247191011,0.9148936170212766,0.9565217391304348,0.9333333333333333,0.9352807931501076,0.014134838491726275,418,1.0,1.0,1.0,1.0,1.0,1.0,0.0,0.8444444444444444,0.9019607843137255,0.8260869565217391,0.9166666666666666,0.88,0.8738317703893153,0.03408019658810908,379,1.0,1.0,1.0,1.0,1.0,1.0,0.0,0.7307692307692307,0.92,0.76,0.88,0.88,0.834153846153846,0.07451237933763903,195,1.0,1.0,1.0,1.0,1.0,1.0,0.0,0.9014084507042254,0.9285714285714286,0.8857142857142857,0.9428571428571428,0.9142857142857143,0.9145674044265594,0.02001080640327844,390,1.0,1.0,1.0,1.0,1.0,1.0,0.0,0.9726495726495726,0.967111111111111,0.9502222222222222,0.9955555555555555,0.9324444444444446,0.9635965811965811,0.02128386111138895,188,1.0,1.0,1.0,1.0,1.0,1.0,0.0
0.5741487979888916,0.028876116442812846,0.06620988845825196,0.008467310522415053,,entropy,1,1,0.1,200,"{'estimator__class_weight': None, 'estimator__criterion': 'entropy', 'estimator__max_depth': 1, 'estimator__min_samples_leaf': 1, 'learning_rate': 0.1, 'n_estimators': 200}",0.9204927211646137,0.9352451433857539,0.8825221769359866,0.9352451433857539,0.8489570846319827,0.9044924539008182,0.03380631504131726,385,0.9310054934701628,0.9187391555812607,0.9144298951581329,0.9100930773705642,0.9187391555812607,0.9186013554322763,0.0069812963641322535,0.9473684210526315,0.9574468085106383,0.9278350515463918,0.9574468085106383,0.9072164948453608,0.9394627168931322,0.01941327740821317,363,0.9549071618037135,0.9473684210526315,0.9448818897637795,0.9424083769633508,0.9473684210526315,0.9473868541272215,0.004186067090692135,0.8936170212765957,0.9130434782608695,0.8372093023255814,0.9130434782608695,0.7906976744186046,0.8695221909085042,0.04822072775170495,403,0.907103825136612,0.8901098901098901,0.8839779005524862,0.8777777777777778,0.8901098901098901,0.8898158567373311,0.009777973614972613,0.8076923076923077,0.84,0.72,0.84,0.68,0.7775384615384616,0.06563012730040567,474,0.83,0.801980198019802,0.7920792079207921,0.7821782178217822,0.801980198019802,0.8016435643564355,0.015966782497400082,0.9295774647887324,0.9428571428571428,0.9,0.9428571428571428,0.8714285714285714,0.9173440643863178,0.027786829594296437,381,0.9392857142857143,0.9288256227758007,0.9252669039145908,0.9217081850533808,0.9288256227758007,0.9287824097610574,0.00587752630344105,0.982905982905983,0.9444444444444445,0.9297777777777778,0.9684444444444444,0.8977777777777778,0.9446700854700856,0.029825909073672947,468,0.975,0.9821232123212321,0.9736523652365238,0.9808580858085808,0.9880088008800879,0.9799284928492848,0.005189453421706218
0.6232573032379151,0.037418119167116,0.07189297676086426,0.009803008008480055,,entropy,1,2,0.1,200,"{'estimator__class_weight': None, 'estimator__criterion': 'entropy', 'estimator__max_depth': 1, 'estimator__min_samples_leaf': 2, 'learning_rate': 0.1, 'n_estimators': 200}",0.9204927211646137,0.9352451433857539,0.8825221769359866,0.9352451433857539,0.8489570846319827,0.9044924539008182,0.03380631504131726,385,0.9310054934701628,0.9187391555812607,0.9144298951581329,0.9100930773705642,0.9187391555812607,0.9186013554322763,0.0069812963641322535,0.9473684210526315,0.9574468085106383,0.9278350515463918,0.9574468085106383,0.9072164948453608,0.9394627168931322,0.01941327740821317,363,0.9549071618037135,0.9473684210526315,0.9448818897637795,0.9424083769633508,0.9473684210526315,0.9473868541272215,0.004186067090692135,0.8936170212765957,0.9130434782608695,0.8372093023255814,0.9130434782608695,0.7906976744186046,0.8695221909085042,0.04822072775170495,403,0.907103825136612,0.8901098901098901,0.8839779005524862,0.8777777777777778,0.8901098901098901,0.8898158567373311,0.009777973614972613,0.8076923076923077,0.84,0.72,0.84,0.68,0.7775384615384616,0.06563012730040567,474,0.83,0.801980198019802,0.7920792079207921,0.7821782178217822,0.801980198019802,0.8016435643564355,0.015966782497400082,0.9295774647887324,0.9428571428571428,0.9,0.9428571428571428,0.8714285714285714,0.9173440643863178,0.027786829594296437,381,0.9392857142857143,0.9288256227758007,0.9252669039145908,0.9217081850533808,0.9288256227758007,0.9287824097610574,0.00587752630344105,0.982905982905983,0.9444444444444445,0.9297777777777778,0.9684444444444444,0.8977777777777778,0.9446700854700856,0.029825909073672947,468,0.975,0.9821232123212321,0.9736523652365238,0.9808580858085808,0.9880088008800879,0.9799284928492848,0.005189453421706218
0.6039790153503418,0.0389253858906409,0.06967697143554688,0.006460612895687559,,entropy,1,5,0.1,200,"{'estimator__class_weight': None, 'estimator__criterion': 'entropy', 'estimator__max_depth': 1, 'estimator__min_samples_leaf': 5, 'learning_rate': 0.1, 'n_estimators': 200}",0.9204927211646137,0.9352451433857539,0.8825221769359866,0.9352451433857539,0.8489570846319827,0.9044924539008182,0.03380631504131726,385,0.9310054934701628,0.9187391555812607,0.9144298951581329,0.9100930773705642,0.9187391555812607,0.9186013554322763,0.0069812963641322535,0.9473684210526315,0.9574468085106383,0.9278350515463918,0.9574468085106383,0.9072164948453608,0.9394627168931322,0.01941327740821317,363,0.9549071618037135,0.9473684210526315,0.9448818897637795,0.9424083769633508,0.9473684210526315,0.9473868541272215,0.004186067090692135,0.8936170212765957,0.9130434782608695,0.8372093023255814,0.9130434782608695,0.7906976744186046,0.8695221909085042,0.04822072775170495,403,0.907103825136612,0.8901098901098901,0.8839779005524862,0.8777777777777778,0.8901098901098901,0.8898158567373311,0.009777973614972613,0.8076923076923077,0.84,0.72,0.84,0.68,0.7775384615384616,0.06563012730040567,474,0.83,0.801980198019802,0.7920792079207921,0.7821782178217822,0.801980198019802,0.8016435643564355,0.015966782497400082,0.9295774647887324,0.9428571428571428,0.9,0.9428571428571428,0.8714285714285714,0.9173440643863178,0.027786829594296437,381,0.9392857142857143,0.9288256227758007,0.9252669039145908,0.9217081850533808,0.9288256227758007,0.9287824097610574,0.00587752630344105,0.982905982905983,0.9444444444444445,0.9297777777777778,0.9684444444444444,0.8977777777777778,0.9446700854700856,0.029825909073672947,468,0.975,0.9821232123212321,0.9736523652365238,0.9808580858085808,0.9880088008800879,0.9799284928492848,0.005189453421706218
0.07844862937927247,0.009054165005739396,0.0250246524810791,0.003948132965091246,,entropy,1,1,1.5,25,"{'estimator__class_weight': None, 'estimator__criterion': 'entropy', 'estimator__max_depth': 1, 'estimator__min_samples_leaf': 1, 'learning_rate': 1.5, 'n_estimators': 25}",0.9370567375886525,0.8901098901098901,0.8853801169590643,0.9365942028985508,0.8731884057971014,0.9044658706706518,0.02699271872090548,388,0.9601706970128023,0.9804603296015576,0.976497156239545,0.976497156239545,0.9766067266067266,0.9740464131400353,0.007102694009265075,0.9574468085106383,0.9230769230769231,0.9263157894736842,0.9565217391304348,0.9130434782608695,0.93528094769051,0.018255486474743052,415,0.972972972972973,0.9863013698630136,0.9836065573770492,0.9836065573770492,0.9835164835164835,0.9820007882213136,0.004635747447951009,0.9166666666666666,0.8571428571428571,0.8444444444444444,0.9166666666666666,0.8333333333333334,0.8736507936507936,0.035921445045539804,380,0.9473684210526315,0.9746192893401016,0.9693877551020408,0.9693877551020408,0.9696969696969697,0.966092038058757,0.009570860797046762,0.8461538461538461,0.84,0.76,0.88,0.8,0.8252307692307692,0.04134542038705433,287,0.9,0.9504950495049505,0.9405940594059405,0.9405940594059405,0.9504950495049505,0.9364356435643565,0.018748198619476606,0.9436619718309859,0.9,0.9,0.9428571428571428,0.8857142857142857,0.9144466800804828,0.024098345519812398,414,0.9642857142857143,0.9822064056939501,0.9786476868327402,0.9786476868327402,0.9786476868327402,0.9764870360955771,0.006254417276367754,0.9653846153846154,0.9155555555555556,0.9182222222222223,0.9897777777777778,0.920888888888889,0.941965811965812,0.03013277555198346,472,0.9974722222222222,0.9997249724972497,0.9997249724972497,0.9991199119911991,0.9992024202420242,0.9990488998899891,0.0008280908193692677
0.07806568145751953,0.00571717003545497,0.02668342590332031,0.0020422479329168523,,entropy,1,2,1.5,25,"{'estimator__class_weight': None, 'estimator__criterion': 'entropy', 'estimator__max_depth': 1, 'estimator__min_samples_leaf': 2, 'learning_rate': 1.5, 'n_estimators': 25}",0.9370567375886525,0.8901098901098901,0.8853801169590643,0.9365942028985508,0.8731884057971014,0.9044658706706518,0.02699271872090548,388,0.9601706970128023,0.9804603296015576,0.976497156239545,0.976497156239545,0.9766067266067266,0.9740464131400353,0.007102694009265075,0.9574468085106383,0.9230769230769231,0.9263157894736842,0.9565217391304348,0.9130434782608695,0.93528094769051,0.018255486474743052,415,0.972972972972973,0.9863013698630136,0.9836065573770492,0.9836065573770492,0.9835164835164835,0.9820007882213136,0.004635747447951009,0.9166666666666666,0.8571428571428571,0.8444444444444444,0.9166666666666666,0.8333333333333334,0.8736507936507936,0.035921445045539804,380,0.9473684210526315,0.9746192893401016,0.9693877551020408,0.9693877551020408,0.9696969696969697,0.966092038058757,0.009570860797046762,0.8461538461538461,0.84,0.76,0.88,0.8,0.8252307692307692,0.04134542038705433,287,0.9,0.9504950495049505,0.9405940594059405,0.9405940594059405,0.9504950495049505,0.9364356435643565,0.018748198619476606,0.9436619718309859,0.9,0.9,0.9428571428571428,0.8857142857142857,0.9144466800804828,0.024098345519812398,414,0.9642857142857143,0.9822064056939501,0.9786476868327402,0.9786476868327402,0.9786476868327402,0.9764870360955771,0.006254417276367754,0.9653846153846154,0.9155555555555556,0.9182222222222223,0.9897777777777778,0.920888888888889,0.941965811965812,0.03013277555198346,472,0.9974722222222222,0.9997249724972497,0.9997249724972497,0.9991199119911991,0.9992024202420242,0.9990488998899891,0.0008280908193692677
0.08453383445739746,0.0046972162676840986,0.026093196868896485,0.001278429130650151,,entropy,1,5,1.5,25,"{'estimator__class_weight': None, 'estimator__criterion': 'entropy', 'estimator__max_depth': 1, 'estimator__min_samples_leaf': 5, 'learning_rate': 1.5, 'n_estimators': 25}",0.9370567375886525,0.8901098901098901,0.8853801169590643,0.9365942028985508,0.8731884057971014,0.9044658706706518,0.02699271872090548,388,0.9601706970128023,0.9804603296015576,0.976497156239545,0.976497156239545,0.9766067266067266,0.9740464131400353,0.007102694009265075,0.9574468085106383,0.9230769230769231,0.9263157894736842,0.9565217391304348,0.9130434782608695,0.93528094769051,0.018255486474743052,415,0.972972972972973,0.9863013698630136,0.9836065573770492,0.9836065573770492,0.9835164835164835,0.9820007882213136,0.004635747447951009,0.9166666666666666,0.8571428571428571,0.8444444444444444,0.9166666666666666,0.8333333333333334,0.8736507936507936,0.035921445045539804,380,0.9473684210526315,0.9746192893401016,0.9693877551020408,0.9693877551020408,0.9696969696969697,0.966092038058757,0.009570860797046762,0.8461538461538461,0.84,0.76,0.88,0.8,0.8252307692307692,0.04134542038705433,287,0.9,0.9504950495049505,0.9405940594059405,0.9405940594059405,0.9504950495049505,0.9364356435643565,0.018748198619476606,0.9436619718309859,0.9,0.9,0.9428571428571428,0.8857142857142857,0.9144466800804828,0.024098345519812398,414,0.9642857142857143,0.9822064056939501,0.9786476868327402,0.9786476868327402,0.9786476868327402,0.9764870360955771,0.006254417276367754,0.9653846153846154,0.9155555555555556,0.9182222222222223,0.9897777777777778,0.920888888888889,0.941965811965812,0.03013277555198346,472,0.9974722222222222,0.9997249724972497,0.9997249724972497,0.9991199119911991,0.9992024202420242,0.9990488998899891,0.0008280908193692677
0.1459869384765625,0.0078917636137799,0.03325090408325195,0.002069808918457786,balanced,gini,3,2,1.0,25,"{'estimator__class_weight': 'balanced', 'estimator__criterion': 'gini', 'estimator__max_depth': 3, 'estimator__min_samples_leaf': 2, 'learning_rate': 1.0, 'n_estimators': 25}",0.9370567375886525,0.9048913043478262,0.8381128584643849,0.9519560741249142,0.8901098901098901,0.9044253729271337,0.0398157587665426,391,1.0,1.0,1.0,1.0,1.0,1.0,0.0,0.9574468085106383,0.9347826086956522,0.8936170212765957,0.967741935483871,0.9230769230769231,0.935333059408736,0.026191971514221854,414,1.0,1.0,1.0,1.0,1.0,1.0,0.0,0.9166666666666666,0.875,0.782608695652174,0.9361702127659575,0.8571428571428571,0.873517686445531,0.053519997092092285,383,1.0,1.0,1.0,1.0,1.0,1.0,0.0,0.8461538461538461,0.84,0.72,0.88,0.84,0.8252307692307692,0.05467580623074752,287,1.0,1.0,1.0,1.0,1.0,1.0,0.0,0.9436619718309859,0.9142857142857143,0.8571428571428571,0.9571428571428572,0.9,0.914446680080483,0.035125368059026225,413,1.0,1.0,1.0,1.0,1.0,1.0,0.0,0.9760683760683762,0.9608888888888889,0.9662222222222222,0.9813333333333334,0.9644444444444445,0.9697914529914529,0.007657680085064452,106,1.0,1.0,1.0,1.0,1.0,1.0,0.0
0.11213421821594238,0.004790905719461872,0.024475288391113282,0.0017307034100909897,,entropy,2,5,0.1,25,"{'estimator__class_weight': None, 'estimator__criterion': 'entropy', 'estimator__max_depth': 2, 'estimator__min_samples_leaf': 5, 'learning_rate': 0.1, 'n_estimators': 25}",0.9035326086956521,0.9352451433857539,0.9005681818181819,0.9181286549707601,0.8639455782312926,0.9042840334203281,0.02362975681402469,392,0.9310054934701628,0.9272774327122153,0.9272774327122153,0.9013342696629214,0.9144298951581329,0.9202649047431295,0.011010246360864992,0.9375,0.9574468085106383,0.9375,0.9473684210526315,0.9183673469387755,0.939636515300409,0.01294987126460234,362,0.9549071618037135,0.9523809523809523,0.9523809523809523,0.9375,0.9448818897637795,0.9484101912658796,0.006406648090588807,0.8695652173913043,0.9130434782608695,0.8636363636363636,0.8888888888888888,0.8095238095238095,0.8689315515402471,0.034356593986869195,409,0.907103825136612,0.9021739130434783,0.9021739130434783,0.8651685393258427,0.8839779005524862,0.8921196182203796,0.01561635274864964,0.7692307692307693,0.84,0.76,0.8,0.68,0.769846153846154,0.05291592080419853,481,0.83,0.8217821782178217,0.8217821782178217,0.7623762376237624,0.7920792079207921,0.8056039603960394,0.02518011579691256,0.9154929577464789,0.9428571428571428,0.9142857142857143,0.9285714285714286,0.8857142857142857,0.9173843058350102,0.018921869795050783,360,0.9392857142857143,0.9359430604982206,0.9359430604982206,0.9145907473309609,0.9252669039145908,0.9302058973055415,0.00912688034146167,0.9824786324786324,0.964,0.9533333333333334,0.9706666666666667,0.936,0.9612957264957267,0.01579314157837515,247,0.9838333333333333,0.9913641364136414,0.9808030803080309,0.9871012101210122,0.9903190319031904,0.9866841584158417,0.00394975226602722
0.07820715904235839,0.0037503714858594904,0.026174163818359374,0.003424586105300809,,entropy,1,1,0.5,25,"{'estimator__class_weight': None, 'estimator__criterion': 'entropy', 'estimator__max_depth': 1, 'estimator__min_samples_leaf': 1, 'learning_rate': 0.5, 'n_estimators': 25}",0.9204927211646137,0.9352451433857539,0.8825221769359866,0.9519560741249142,0.8299319727891157,0.904029617680077,0.04357847871261866,393,0.9005681818181819,0.9315076349559108,0.9144298951581329,0.9057280802835597,0.9144298951581329,0.9133327374747836,0.010521398201002244,0.9473684210526315,0.9574468085106383,0.9278350515463918,0.967741935483871,0.8979591836734694,0.9396702800534005,0.024670518326419925,359,0.9375,0.9549071618037135,0.9448818897637795,0.9399477806788512,0.9448818897637795,0.9444237444020247,0.0059715043759300665,0.8936170212765957,0.9130434782608695,0.8372093023255814,0.9361702127659575,0.7619047619047619,0.8683889553067532,0.06250733524969425,410,0.8636363636363636,0.9081081081081082,0.8839779005524862,0.8715083798882681,0.8839779005524862,0.8822417305475426,0.01507622336629702,0.8076923076923077,0.84,0.72,0.88,0.64,0.7775384615384616,0.08664475523346728,474,0.76,0.8316831683168316,0.7920792079207921,0.7722772277227723,0.7920792079207921,0.7896237623762377,0.024329083893677068,0.9295774647887324,0.9428571428571428,0.9,0.9571428571428572,0.8571428571428571,0.9173440643863179,0.0355232855641172,366,0.9142857142857143,0.9395017793594306,0.9252669039145908,0.9181494661921709,0.9252669039145908,0.9244941535332994,0.008612669836572686,0.9692307692307692,0.9462222222222222,0.9248888888888889,0.9688888888888889,0.9155555555555556,0.944957264957265,0.022048700571085864,465,0.9727222222222223,0.9790429042904291,0.9672717271727174,0.979042904290429,0.9721122112211221,0.9740383938393841,0.004501566720414817
0.07280082702636718,0.010424060176261626,0.02436676025390625,0.002767544781831511,,entropy,1,2,0.5,25,"{'estimator__class_weight': None, 'estimator__criterion': 'entropy', 'estimator__max_depth': 1, 'estimator__min_samples_leaf': 2, 'learning_rate': 0.5, 'n_estimators': 25}",0.9204927211646137,0.9352451433857539,0.8825221769359866,0.9519560741249142,0.8299319727891157,0.904029617680077,0.04357847871261866,393,0.9005681818181819,0.9315076349559108,0.9144298951581329,0.9057280802835597,0.9144298951581329,0.9133327374747836,0.010521398201002244,0.9473684210526315,0.9574468085106383,0.9278350515463918,0.967741935483871,0.8979591836734694,0.9396702800534005,0.024670518326419925,359,0.9375,0.9549071618037135,0.9448818897637795,0.9399477806788512,0.9448818897637795,0.9444237444020247,0.0059715043759300665,0.8936170212765957,0.9130434782608695,0.8372093023255814,0.9361702127659575,0.7619047619047619,0.8683889553067532,0.06250733524969425,410,0.8636363636363636,0.9081081081081082,0.8839779005524862,0.8715083798882681,0.8839779005524862,0.8822417305475426,0.01507622336629702,0.8076923076923077,0.84,0.72,0.88,0.64,0.7775384615384616,0.08664475523346728,474,0.76,0.8316831683168316,0.7920792079207921,0.7722772277227723,0.7920792079207921,0.7896237623762377,0.024329083893677068,0.9295774647887324,0.9428571428571428,0.9,0.9571428571428572,0.8571428571428571,0.9173440643863179,0.0355232855641172,366,0.9142857142857143,0.9395017793594306,0.9252669039145908,0.9181494661921709,0.9252669039145908,0.9244941535332994,0.008612669836572686,0.9692307692307692,0.9462222222222222,0.9248888888888889,0.9688888888888889,0.9155555555555556,0.944957264957265,0.022048700571085864,465,0.9727222222222223,0.9790429042904291,0.9672717271727174,0.979042904290429,0.9721122112211221,0.9740383938393841,0.004501566720414817
0.07809615135192871,0.007935579761840453,0.022344160079956054,0.0032073621601617546,,entropy,1,5,0.5,25,"{'estimator__class_weight': None, 'estimator__criterion': 'entropy', 'estimator__max_depth': 1, 'estimator__min_samples_leaf': 5, 'learning_rate': 0.5, 'n_estimators': 25}",0.9204927211646137,0.9352451433857539,0.8825221769359866,0.9519560741249142,0.8299319727891157,0.904029617680077,0.04357847871261866,393,0.9005681818181819,0.9315076349559108,0.9144298951581329,0.9057280802835597,0.9144298951581329,0.9133327374747836,0.010521398201002244,0.9473684210526315,0.9574468085106383,0.9278350515463918,0.967741935483871,0.8979591836734694,0.9396702800534005,0.024670518326419925,359,0.9375,0.9549071618037135,0.9448818897637795,0.9399477806788512,0.9448818897637795,0.9444237444020247,0.0059715043759300665,0.8936170212765957,0.9130434782608695,0.8372093023255814,0.9361702127659575,0.7619047619047619,0.8683889553067532,0.06250733524969425,410,0.8636363636363636,0.9081081081081082,0.8839779005524862,0.8715083798882681,0.8839779005524862,0.8822417305475426,0.01507622336629702,0.8076923076923077,0.84,0.72,0.88,0.64,0.7775384615384616,0.08664475523346728,474,0.76,0.8316831683168316,0.7920792079207921,0.7722772277227723,0.7920792079207921,0.7896237623762377,0.024329083893677068,0.9295774647887324,0.9428571428571428,0.9,0.9571428571428572,0.8571428571428571,0.9173440643863179,0.0355232855641172,366,0.9142857142857143,0.9395017793594306,0.9252669039145908,0.9181494661921709,0.9252669039145908,0.9244941535332994,0.008612669836572686,0.9692307692307692,0.9462222222222222,0.9248888888888889,0.9688888888888889,0.9155555555555556,0.944957264957265,0.022048700571085864,465,0.9727222222222223,0.9790429042904291,0.9672717271727174,0.979042904290429,0.9721122112211221,0.9740383938393841,0.004501566720414817
0.17473173141479492,0.007593892057080119,0.03374085426330566,0.003074958304133914,balanced,gini,3,1,1.0,25,"{'estimator__class_weight': 'balanced', 'estimator__criterion': 'gini', 'estimator__max_depth': 3, 'estimator__min_samples_leaf': 1, 'learning_rate': 1.0, 'n_estimators': 25}",0.9035326086956521,0.8878975062914665,0.9028677150786308,0.9519560741249142,0.8731884057971014,0.903888461997553,0.02649478441722564,396,1.0,1.0,1.0,1.0,1.0,1.0,0.0,0.9375,0.9247311827956989,0.9361702127659575,0.967741935483871,0.9130434782608695,0.9358373618612793,0.01824108174626831,413,1.0,1.0,1.0,1.0,1.0,1.0,0.0,0.8695652173913043,0.851063829787234,0.8695652173913043,0.9361702127659575,0.8333333333333334,0.8719395621338266,0.034822661040598675,389,1.0,1.0,1.0,1.0,1.0,1.0,0.0,0.7692307692307693,0.8,0.8,0.88,0.8,0.8098461538461539,0.037045949398873616,367,1.0,1.0,1.0,1.0,1.0,1.0,0.0,0.9154929577464789,0.9,0.9142857142857143,0.9571428571428572,0.8857142857142857,0.9145271629778673,0.02390944920554093,391,1.0,1.0,1.0,1.0,1.0,1.0,0.0,0.9632478632478633,0.9573333333333334,0.9457777777777778,0.9928888888888888,0.9191111111111111,0.955671794871795,0.02399935324328834,401,1.0,1.0,1.0,1.0,1.0,1.0,0.0
0.36887350082397463,0.021677918904498817,0.039980173110961914,0.00141274696783973,balanced,entropy,3,5,1.5,50,"{'estimator__class_weight': 'balanced', 'estimator__criterion': 'entropy', 'estimator__max_depth': 3, 'estimator__min_samples_leaf': 5, 'learning_rate': 1.5, 'n_estimators': 50}",0.9035326086956521,0.9048913043478262,0.8853801169590643,0.9028677150786308,0.9215070643642072,0.9036357618890761,0.011444028550456913,397,1.0,1.0,1.0,1.0,1.0,1.0,0.0,0.9375,0.9347826086956522,0.9263157894736842,0.9361702127659575,0.945054945054945,0.9359647111980479,0.005992174078612193,412,1.0,1.0,1.0,1.0,1.0,1.0,0.0,0.8695652173913043,0.875,0.8444444444444444,0.8695652173913043,0.8979591836734694,0.8713068125801045,0.017039023725999886,390,1.0,1.0,1.0,1.0,1.0,1.0,0.0,0.7692307692307693,0.84,0.76,0.8,0.88,0.8098461538461539,0.04485980792272637,367,1.0,1.0,1.0,1.0,1.0,1.0,0.0,0.9154929577464789,0.9142857142857143,0.9,0.9142857142857143,0.9285714285714286,0.9145271629778671,0.009047974521681301,396,1.0,1.0,1.0,1.0,1.0,1.0,0.0,0.9829059829059829,0.9351111111111112,0.9546666666666667,0.984,0.9644444444444444,0.964225641025641,0.018325163920079535,169,1.0,1.0,1.0,1.0,1.0,1.0,0.0
0.2826107978820801,0.02028672250951721,0.03874058723449707,0.005228425890063465,balanced,gini,3,2,1.0,50,"{'estimator__class_weight': 'balanced', 'estimator__criterion': 'gini', 'estimator__max_depth': 3, 'estimator__min_samples_leaf': 2, 'learning_rate': 1.0, 'n_estimators': 50}",0.9055851063829787,0.9365942028985508,0.8526315789473684,0.9519560741249142,0.8704902867715079,0.9034514498250641,0.03774861771227031,398,1.0,1.0,1.0,1.0,1.0,1.0,0.0,0.9361702127659575,0.9565217391304348,0.9052631578947369,0.967741935483871,0.9148936170212766,0.9361181324592553,0.023743985791119044,410,1.0,1.0,1.0,1.0,1.0,1.0,0.0,0.875,0.9166666666666666,0.8,0.9361702127659575,0.8260869565217391,0.8707847671908727,0.05178136909173825,391,1.0,1.0,1.0,1.0,1.0,1.0,0.0,0.8076923076923077,0.88,0.72,0.88,0.76,0.8095384615384615,0.0638815471870079,376,1.0,1.0,1.0,1.0,1.0,1.0,0.0,0.9154929577464789,0.9428571428571428,0.8714285714285714,0.9571428571428572,0.8857142857142857,0.9145271629778673,0.03258001963903166,391,1.0,1.0,1.0,1.0,1.0,1.0,0.0,0.9914529914529914,0.952,0.9555555555555555,0.9911111111111112,0.9635555555555555,0.9707350427350427,0.017189422648956443,89,1.0,1.0,1.0,1.0,1.0,1.0,0.0
0.1309957981109619,0.003979972291893471,0.035927200317382814,0.0038568417411950205,,gini,2,5,1.5,25,"{'estimator__class_weight': None, 'estimator__criterion': 'gini', 'estimator__max_depth': 2, 'estimator__min_samples_leaf': 5, 'learning_rate': 1.5, 'n_estimators': 25}",0.9532587228439764,0.8558682223747426,0.8526315789473684,0.9519560741249142,0.9028677150786308,0.9033164626739264,0.04400121696786149,399,1.0,1.0,1.0,1.0,1.0,1.0,0.0,0.967741935483871,0.9032258064516129,0.9052631578947369,0.967741935483871,0.9361702127659575,0.9360286096160099,0.028404320240803253,411,1.0,1.0,1.0,1.0,1.0,1.0,0.0,0.9387755102040817,0.8085106382978723,0.8,0.9361702127659575,0.8695652173913043,0.8706043157318432,0.05964540638181111,395,1.0,1.0,1.0,1.0,1.0,1.0,0.0,0.8846153846153846,0.76,0.72,0.88,0.8,0.8089230769230769,0.06505637064075082,402,1.0,1.0,1.0,1.0,1.0,1.0,0.0,0.9577464788732394,0.8714285714285714,0.8714285714285714,0.9571428571428572,0.9142857142857143,0.9144064386317907,0.03846808877063235,417,1.0,1.0,1.0,1.0,1.0,1.0,0.0,0.9905982905982906,0.9279999999999999,0.9302222222222223,0.976888888888889,0.9217777777777778,0.9494974358974361,0.02843105700737838,458,1.0,1.0,1.0,1.0,1.0,1.0,0.0
0.22655119895935058,0.006578608866782557,0.030877017974853517,0.0021701554281187913,,entropy,2,1,1.5,50,"{'estimator__class_weight': None, 'estimator__criterion': 'entropy', 'estimator__max_depth': 2, 'estimator__min_samples_leaf': 1, 'learning_rate': 1.5, 'n_estimators': 50}",0.9055851063829787,0.8878975062914665,0.9005681818181819,0.9365942028985508,0.8853801169590643,0.9032050228700484,0.01832758797974284,400,1.0,1.0,1.0,1.0,1.0,1.0,0.0,0.9361702127659575,0.9247311827956989,0.9375,0.9565217391304348,0.9263157894736842,0.9362477848331551,0.011347986053988297,408,1.0,1.0,1.0,1.0,1.0,1.0,0.0,0.875,0.851063829787234,0.8636363636363636,0.9166666666666666,0.8444444444444444,0.8701622609069417,0.0255139450678122,399,1.0,1.0,1.0,1.0,1.0,1.0,0.0,0.8076923076923077,0.8,0.76,0.88,0.76,0.8015384615384615,0.043925703814751804,419,1.0,1.0,1.0,1.0,1.0,1.0,0.0,0.9154929577464789,0.9,0.9142857142857143,0.9428571428571428,0.9,0.9145271629778673,0.015656664685284743,391,1.0,1.0,1.0,1.0,1.0,1.0,0.0,0.9495726495726495,0.9368888888888889,0.9359999999999999,0.9884444444444445,0.9475555555555555,0.9516923076923076,0.01917141076505531,445,1.0,1.0,1.0,1.0,1.0,1.0,0.0
0.21790432929992676,0.012069891938005608,0.030545854568481447,0.0022567234338110452,,entropy,2,2,1.5,50,"{'estimator__class_weight': None, 'estimator__criterion': 'entropy', 'estimator__max_depth': 2, 'estimator__min_samples_leaf': 2, 'learning_rate': 1.5, 'n_estimators': 50}",0.9055851063829787,0.8878975062914665,0.9005681818181819,0.9365942028985508,0.8853801169590643,0.9032050228700484,0.01832758797974284,400,1.0,1.0,1.0,1.0,1.0,1.0,0.0,0.9361702127659575,0.9247311827956989,0.9375,0.9565217391304348,0.9263157894736842,0.9362477848331551,0.011347986053988297,408,1.0,1.0,1.0,1.0,1.0,1.0,0.0,0.875,0.851063829787234,0.8636363636363636,0.9166666666666666,0.8444444444444444,0.8701622609069417,0.0255139450678122,399,1.0,1.0,1.0,1.0,1.0,1.0,0.0,0.8076923076923077,0.8,0.76,0.88,0.76,0.8015384615384615,0.043925703814751804,419,1.0,1.0,1.0,1.0,1.0,1.0,0.0,0.9154929577464789,0.9,0.9142857142857143,0.9428571428571428,0.9,0.9145271629778673,0.015656664685284743,391,1.0,1.0,1.0,1.0,1.0,1.0,0.0,0.9495726495726495,0.9368888888888889,0.936888888888889,0.9884444444444445,0.9475555555555555,0.9518700854700854,0.019028660575460297,441,1.0,1.0,1.0,1.0,1.0,1.0,0.0
0.12189531326293945,0.01215987985698603,0.03025045394897461,0.004956146908221961,,gini,3,2,1.5,25,"{'estimator__class_weight': None, 'estimator__criterion': 'gini', 'estimator__max_depth': 3, 'estimator__min_samples_leaf': 2, 'learning_rate': 1.5, 'n_estimators': 25}",0.9204927211646137,0.9215070643642072,0.8489570846319827,0.9352451433857539,0.8878975062914665,0.9028199039676048,0.031102462416593996,402,1.0,1.0,1.0,1.0,1.0,1.0,0.0,0.9473684210526315,0.945054945054945,0.9072164948453608,0.9574468085106383,0.9247311827956989,0.9363635704518549,0.018033380799360732,406,1.0,1.0,1.0,1.0,1.0,1.0,0.0,0.8936170212765957,0.8979591836734694,0.7906976744186046,0.9130434782608695,0.851063829787234,0.8692762374833547,0.04435547066710463,406,1.0,1.0,1.0,1.0,1.0,1.0,0.0,0.8076923076923077,0.88,0.68,0.84,0.8,0.8015384615384615,0.0670034883839737,419,1.0,1.0,1.0,1.0,1.0,1.0,0.0,0.9295774647887324,0.9285714285714286,0.8714285714285714,0.9428571428571428,0.9,0.9144869215291751,0.025670448774683958,411,1.0,1.0,1.0,1.0,1.0,1.0,0.0,0.9606837606837606,0.9635555555555555,0.9395555555555556,0.9742222222222221,0.976,0.9628034188034189,0.01303886983311614,205,1.0,1.0,1.0,1.0,1.0,1.0,0.0
0.1851358413696289,0.020175713227373725,0.03289761543273926,0.0021982479331495476,balanced,entropy,3,1,1.5,25,"{'estimator__class_weight': 'balanced', 'estimator__criterion': 'entropy', 'estimator__max_depth': 3, 'estimator__min_samples_leaf': 1, 'learning_rate': 1.5, 'n_estimators': 25}",0.9541047188106011,0.9048913043478262,0.8489570846319827,0.9199267902081903,0.8853801169590643,0.9026520029915328,0.03502078529633573,403,1.0,1.0,1.0,1.0,1.0,1.0,0.0,0.967032967032967,0.9347826086956522,0.9072164948453608,0.946236559139785,0.9263157894736842,0.9363168838374898,0.019955381495487732,407,1.0,1.0,1.0,1.0,1.0,1.0,0.0,0.9411764705882353,0.875,0.7906976744186046,0.8936170212765957,0.8444444444444444,0.8689871221455758,0.0501710460604678,408,1.0,1.0,1.0,1.0,1.0,1.0,0.0,0.9230769230769231,0.84,0.68,0.84,0.76,0.8086153846153847,0.08243397932130633,412,1.0,1.0,1.0,1.0,1.0,1.0,0.0,0.9577464788732394,0.9142857142857143,0.8714285714285714,0.9285714285714286,0.9,0.9144064386317907,0.028752958616035565,417,1.0,1.0,1.0,1.0,1.0,1.0,0.0,0.9888888888888889,0.9555555555555555,0.9324444444444444,0.992,0.9395555555555556,0.9616888888888889,0.02466310284565406,228,1.0,1.0,1.0,1.0,1.0,1.0,0.0
0.3059979438781738,0.008030466744979634,0.04060101509094238,0.006052378323009954,balanced,gini,3,1,1.5,50,"{'estimator__class_weight': 'balanced', 'estimator__criterion': 'gini', 'estimator__max_depth': 3, 'estimator__min_samples_leaf': 1, 'learning_rate': 1.5, 'n_estimators': 50}",0.9055851063829787,0.9199267902081903,0.8489570846319827,0.9352451433857539,0.9028677150786308,0.9025163679375072,0.02916310331445192,404,1.0,1.0,1.0,1.0,1.0,1.0,0.0,0.9361702127659575,0.946236559139785,0.9072164948453608,0.9574468085106383,0.9361702127659575,0.9366480576055398,0.016680533317447288,405,1.0,1.0,1.0,1.0,1.0,1.0,0.0,0.875,0.8936170212765957,0.7906976744186046,0.9130434782608695,0.8695652173913043,0.8683846782694749,0.041740882290248846,413,1.0,1.0,1.0,1.0,1.0,1.0,0.0,0.8076923076923077,0.84,0.68,0.84,0.8,0.7935384615384615,0.05907692307692305,436,1.0,1.0,1.0,1.0,1.0,1.0,0.0,0.9154929577464789,0.9285714285714286,0.8714285714285714,0.9428571428571428,0.9142857142857143,0.9145271629778673,0.023909449205540903,391,1.0,1.0,1.0,1.0,1.0,1.0,0.0,0.9948717948717949,0.9564444444444444,0.9608888888888889,0.983111111111111,0.9795555555555555,0.9749743589743589,0.014316844992928351,27,1.0,1.0,1.0,1.0,1.0,1.0,0.0
0.13198428153991698,0.019529370131190597,0.026297807693481445,0.004665933819291396,balanced,entropy,2,1,0.1,25,"{'estimator__class_weight': 'balanced', 'estimator__criterion': 'entropy', 'estimator__max_depth': 2, 'estimator__min_samples_leaf': 1, 'learning_rate': 0.1, 'n_estimators': 25}",0.9035326086956521,0.9352451433857539,0.8853801169590643,0.9028677150786308,0.8853801169590643,0.9024811402156331,0.018218808537685878,405,0.9352451433857539,0.9440493799067016,0.9398930481283423,0.9276767330130404,0.9280634884514735,0.9349855585770623,0.0064441862327732045,0.9375,0.9574468085106383,0.9263157894736842,0.9361702127659575,0.9263157894736842,0.9367497200447928,0.011375429960980595,392,0.9574468085106383,0.9625668449197861,0.96,0.9521276595744681,0.9518716577540107,0.9568025941517806,0.004243445540497513,0.8695652173913043,0.9130434782608695,0.8444444444444444,0.8695652173913043,0.8444444444444444,0.8682125603864733,0.025073161867916652,414,0.9130434782608695,0.925531914893617,0.9197860962566845,0.9032258064516129,0.9042553191489362,0.913168523002344,0.008659840487696222,0.7692307692307693,0.84,0.76,0.8,0.76,0.7858461538461539,0.03080613171885248,447,0.84,0.8613861386138614,0.8514851485148515,0.8316831683168316,0.8415841584158416,0.8452277227722773,0.010240208800929733,0.9154929577464789,0.9428571428571428,0.9,0.9142857142857143,0.9,0.9145271629778671,0.015656664685284743,396,0.9428571428571428,0.9501779359430605,0.9466192170818505,0.9359430604982206,0.9359430604982206,0.9423080833756992,0.005689445527292306,0.9794871794871794,0.9626666666666667,0.9542222222222222,0.9617777777777777,0.9239999999999999,0.9564307692307693,0.0181972934467359,387,0.9792222222222222,0.9857535753575358,0.978080308030803,0.9795654565456546,0.9891089108910891,0.982346094609461,0.004313561660063638
0.28270626068115234,0.016602267978980602,0.035768985748291016,0.005770420775906778,balanced,entropy,2,1,0.1,50,"{'estimator__class_weight': 'balanced', 'estimator__criterion': 'entropy', 'estimator__max_depth': 2, 'estimator__min_samples_leaf': 1, 'learning_rate': 0.1, 'n_estimators': 50}",0.9035326086956521,0.9352451433857539,0.8853801169590643,0.9028677150786308,0.8853801169590643,0.9024811402156331,0.018218808537685878,405,0.9352451433857539,0.9440493799067016,0.9398930481283423,0.919197147458017,0.9280634884514735,0.9332896414660576,0.008821700531247043,0.9375,0.9574468085106383,0.9263157894736842,0.9361702127659575,0.9263157894736842,0.9367497200447928,0.011375429960980595,392,0.9574468085106383,0.9625668449197861,0.96,0.9470899470899471,0.9518716577540107,0.9557950516548764,0.005611398052287733,0.8695652173913043,0.9130434782608695,0.8444444444444444,0.8695652173913043,0.8444444444444444,0.8682125603864733,0.025073161867916652,414,0.9130434782608695,0.925531914893617,0.9197860962566845,0.8913043478260869,0.9042553191489362,0.9107842312772387,0.012047609679430707,0.7692307692307693,0.84,0.76,0.8,0.76,0.7858461538461539,0.03080613171885248,447,0.84,0.8613861386138614,0.8514851485148515,0.8118811881188119,0.8415841584158416,0.8412673267326733,0.016579638810775527,0.9154929577464789,0.9428571428571428,0.9,0.9142857142857143,0.9,0.9145271629778671,0.015656664685284743,396,0.9428571428571428,0.9501779359430605,0.9466192170818505,0.9288256227758007,0.9359430604982206,0.9408845958312151,0.007654810196087343,0.9794871794871794,0.9626666666666667,0.955111111111111,0.9653333333333334,0.9239999999999999,0.957319658119658,0.01843521516832085,364,0.9792222222222222,0.9857535753575358,0.9782178217821782,0.9802255225522553,0.9891089108910891,0.982505610561056,0.004207550914523186
0.5849654674530029,0.015556244324587501,0.05713906288146973,0.003638362322705755,balanced,entropy,2,1,0.1,100,"{'estimator__class_weight': 'balanced', 'estimator__criterion': 'entropy', 'estimator__max_depth': 2, 'estimator__min_samples_leaf': 1, 'learning_rate': 0.1, 'n_estimators': 100}",0.9035326086956521,0.9352451433857539,0.8853801169590643,0.9028677150786308,0.8853801169590643,0.9024811402156331,0.018218808537685878,405,0.9352451433857539,0.9440493799067016,0.9398930481283423,0.919197147458017,0.9280634884514735,0.9332896414660576,0.008821700531247043,0.9375,0.9574468085106383,0.9263157894736842,0.9361702127659575,0.9263157894736842,0.9367497200447928,0.011375429960980595,392,0.9574468085106383,0.9625668449197861,0.96,0.9470899470899471,0.9518716577540107,0.9557950516548764,0.005611398052287733,0.8695652173913043,0.9130434782608695,0.8444444444444444,0.8695652173913043,0.8444444444444444,0.8682125603864733,0.025073161867916652,414,0.9130434782608695,0.925531914893617,0.9197860962566845,0.8913043478260869,0.9042553191489362,0.9107842312772387,0.012047609679430707,0.7692307692307693,0.84,0.76,0.8,0.76,0.7858461538461539,0.03080613171885248,447,0.84,0.8613861386138614,0.8514851485148515,0.8118811881188119,0.8415841584158416,0.8412673267326733,0.016579638810775527,0.9154929577464789,0.9428571428571428,0.9,0.9142857142857143,0.9,0.9145271629778671,0.015656664685284743,396,0.9428571428571428,0.9501779359430605,0.9466192170818505,0.9288256227758007,0.9359430604982206,0.9408845958312151,0.007654810196087343,0.9794871794871794,0.9626666666666667,0.955111111111111,0.9653333333333334,0.9239999999999999,0.957319658119658,0.01843521516832085,364,0.9792222222222222,0.9861936193619363,0.9782178217821782,0.9802255225522553,0.9891089108910891,0.9825936193619362,0.004278570540322101
1.1346001148223877,0.06546772859260507,0.09342069625854492,0.00227725123807164,balanced,entropy,2,1,0.1,200,"{'estimator__class_weight': 'balanced', 'estimator__criterion': 'entropy', 'estimator__max_depth': 2, 'estimator__min_samples_leaf': 1, 'learning_rate': 0.1, 'n_estimators': 200}",0.9035326086956521,0.9352451433857539,0.8853801169590643,0.9028677150786308,0.8853801169590643,0.9024811402156331,0.018218808537685878,405,0.9352451433857539,0.9440493799067016,0.9398930481283423,0.919197147458017,0.9280634884514735,0.9332896414660576,0.008821700531247043,0.9375,0.9574468085106383,0.9263157894736842,0.9361702127659575,0.9263157894736842,0.9367497200447928,0.011375429960980595,392,0.9574468085106383,0.9625668449197861,0.96,0.9470899470899471,0.9518716577540107,0.9557950516548764,0.005611398052287733,0.8695652173913043,0.9130434782608695,0.8444444444444444,0.8695652173913043,0.8444444444444444,0.8682125603864733,0.025073161867916652,414,0.9130434782608695,0.925531914893617,0.9197860962566845,0.8913043478260869,0.9042553191489362,0.9107842312772387,0.012047609679430707,0.7692307692307693,0.84,0.76,0.8,0.76,0.7858461538461539,0.03080613171885248,447,0.84,0.8613861386138614,0.8514851485148515,0.8118811881188119,0.8415841584158416,0.8412673267326733,0.016579638810775527,0.9154929577464789,0.9428571428571428,0.9,0.9142857142857143,0.9,0.9145271629778671,0.015656664685284743,396,0.9428571428571428,0.9501779359430605,0.9466192170818505,0.9288256227758007,0.9359430604982206,0.9408845958312151,0.007654810196087343,0.9794871794871794,0.9626666666666667,0.955111111111111,0.9653333333333334,0.9239999999999999,0.957319658119658,0.01843521516832085,364,0.9792222222222222,0.9861936193619363,0.9782178217821782,0.9802255225522553,0.9891089108910891,0.9825936193619362,0.004278570540322101
0.14944114685058593,0.012936678127195428,0.03061833381652832,0.0026216606635691355,balanced,entropy,2,2,0.1,25,"{'estimator__class_weight': 'balanced', 'estimator__criterion': 'entropy', 'estimator__max_depth': 2, 'estimator__min_samples_leaf': 2, 'learning_rate': 0.1, 'n_estimators': 25}",0.9035326086956521,0.9352451433857539,0.8853801169590643,0.9028677150786308,0.8853801169590643,0.9024811402156331,0.018218808537685878,405,0.9352451433857539,0.9440493799067016,0.9398930481283423,0.9276767330130404,0.9280634884514735,0.9349855585770623,0.0064441862327732045,0.9375,0.9574468085106383,0.9263157894736842,0.9361702127659575,0.9263157894736842,0.9367497200447928,0.011375429960980595,392,0.9574468085106383,0.9625668449197861,0.96,0.9521276595744681,0.9518716577540107,0.9568025941517806,0.004243445540497513,0.8695652173913043,0.9130434782608695,0.8444444444444444,0.8695652173913043,0.8444444444444444,0.8682125603864733,0.025073161867916652,414,0.9130434782608695,0.925531914893617,0.9197860962566845,0.9032258064516129,0.9042553191489362,0.913168523002344,0.008659840487696222,0.7692307692307693,0.84,0.76,0.8,0.76,0.7858461538461539,0.03080613171885248,447,0.84,0.8613861386138614,0.8514851485148515,0.8316831683168316,0.8415841584158416,0.8452277227722773,0.010240208800929733,0.9154929577464789,0.9428571428571428,0.9,0.9142857142857143,0.9,0.9145271629778671,0.015656664685284743,396,0.9428571428571428,0.9501779359430605,0.9466192170818505,0.9359430604982206,0.9359430604982206,0.9423080833756992,0.005689445527292306,0.9794871794871794,0.9626666666666667,0.9542222222222222,0.9617777777777777,0.9239999999999999,0.9564307692307693,0.0181972934467359,387,0.9792222222222222,0.9857535753575358,0.978080308030803,0.9795654565456546,0.9891089108910891,0.982346094609461,0.004313561660063638
0.3098628520965576,0.004966545140231881,0.04164738655090332,0.0009016690761111746,balanced,entropy,2,2,0.1,50,"{'estimator__class_weight': 'balanced', 'estimator__criterion': 'entropy', 'estimator__max_depth': 2, 'estimator__min_samples_leaf': 2, 'learning_rate': 0.1, 'n_estimators': 50}",0.9035326086956521,0.9352451433857539,0.8853801169590643,0.9028677150786308,0.8853801169590643,0.9024811402156331,0.018218808537685878,405,0.9352451433857539,0.9440493799067016,0.9398930481283423,0.919197147458017,0.9280634884514735,0.9332896414660576,0.008821700531247043,0.9375,0.9574468085106383,0.9263157894736842,0.9361702127659575,0.9263157894736842,0.9367497200447928,0.011375429960980595,392,0.9574468085106383,0.9625668449197861,0.96,0.9470899470899471,0.9518716577540107,0.9557950516548764,0.005611398052287733,0.8695652173913043,0.9130434782608695,0.8444444444444444,0.8695652173913043,0.8444444444444444,0.8682125603864733,0.025073161867916652,414,0.9130434782608695,0.925531914893617,0.9197860962566845,0.8913043478260869,0.9042553191489362,0.9107842312772387,0.012047609679430707,0.7692307692307693,0.84,0.76,0.8,0.76,0.7858461538461539,0.03080613171885248,447,0.84,0.8613861386138614,0.8514851485148515,0.8118811881188119,0.8415841584158416,0.8412673267326733,0.016579638810775527,0.9154929577464789,0.9428571428571428,0.9,0.9142857142857143,0.9,0.9145271629778671,0.015656664685284743,396,0.9428571428571428,0.9501779359430605,0.9466192170818505,0.9288256227758007,0.9359430604982206,0.9408845958312151,0.007654810196087343,0.9794871794871794,0.9626666666666667,0.955111111111111,0.9653333333333334,0.9239999999999999,0.957319658119658,0.01843521516832085,364,0.9792222222222222,0.9857535753575358,0.9782178217821782,0.9802255225522553,0.9891089108910891,0.982505610561056,0.004207550914523186
0.5973497867584229,0.019386363542823377,0.0552095890045166,0.0048484590309146565,balanced,entropy,2,2,0.1,100,"{'estimator__class_weight': 'balanced', 'estimator__criterion': 'entropy', 'estimator__max_depth': 2, 'estimator__min_samples_leaf': 2, 'learning_rate': 0.1, 'n_estimators': 100}",0.9035326086956521,0.9352451433857539,0.8853801169590643,0.9028677150786308,0.8853801169590643,0.9024811402156331,0.018218808537685878,405,0.9352451433857539,0.9440493799067016,0.9398930481283423,0.919197147458017,0.9280634884514735,0.9332896414660576,0.008821700531247043,0.9375,0.9574468085106383,0.9263157894736842,0.9361702127659575,0.9263157894736842,0.9367497200447928,0.011375429960980595,392,0.9574468085106383,0.9625668449197861,0.96,0.9470899470899471,0.9518716577540107,0.9557950516548764,0.005611398052287733,0.8695652173913043,0.9130434782608695,0.8444444444444444,0.8695652173913043,0.8444444444444444,0.8682125603864733,0.025073161867916652,414,0.9130434782608695,0.925531914893617,0.9197860962566845,0.8913043478260869,0.9042553191489362,0.9107842312772387,0.012047609679430707,0.7692307692307693,0.84,0.76,0.8,0.76,0.7858461538461539,0.03080613171885248,447,0.84,0.8613861386138614,0.8514851485148515,0.8118811881188119,0.8415841584158416,0.8412673267326733,0.016579638810775527,0.9154929577464789,0.9428571428571428,0.9,0.9142857142857143,0.9,0.9145271629778671,0.015656664685284743,396,0.9428571428571428,0.9501779359430605,0.9466192170818505,0.9288256227758007,0.9359430604982206,0.9408845958312151,0.007654810196087343,0.9794871794871794,0.9626666666666667,0.955111111111111,0.9653333333333334,0.9239999999999999,0.957319658119658,0.01843521516832085,364,0.9792222222222222,0.9861936193619363,0.9782178217821782,0.9802255225522553,0.9891089108910891,0.9825936193619362,0.004278570540322101
1.1652360916137696,0.05843935167868187,0.08613004684448242,0.005550185128281288,balanced,entropy,2,2,0.1,200,"{'estimator__class_weight': 'balanced', 'estimator__criterion': 'entropy', 'estimator__max_depth': 2, 'estimator__min_samples_leaf': 2, 'learning_rate': 0.1, 'n_estimators': 200}",0.9035326086956521,0.9352451433857539,0.8853801169590643,0.9028677150786308,0.8853801169590643,0.9024811402156331,0.018218808537685878,405,0.9352451433857539,0.9440493799067016,0.9398930481283423,0.919197147458017,0.9280634884514735,0.9332896414660576,0.008821700531247043,0.9375,0.9574468085106383,0.9263157894736842,0.9361702127659575,0.9263157894736842,0.9367497200447928,0.011375429960980595,392,0.9574468085106383,0.9625668449197861,0.96,0.9470899470899471,0.9518716577540107,0.9557950516548764,0.005611398052287733,0.8695652173913043,0.9130434782608695,0.8444444444444444,0.8695652173913043,0.8444444444444444,0.8682125603864733,0.025073161867916652,414,0.9130434782608695,0.925531914893617,0.9197860962566845,0.8913043478260869,0.9042553191489362,0.9107842312772387,0.012047609679430707,0.7692307692307693,0.84,0.76,0.8,0.76,0.7858461538461539,0.03080613171885248,447,0.84,0.8613861386138614,0.8514851485148515,0.8118811881188119,0.8415841584158416,0.8412673267326733,0.016579638810775527,0.9154929577464789,0.9428571428571428,0.9,0.9142857142857143,0.9,0.9145271629778671,0.015656664685284743,396,0.9428571428571428,0.9501779359430605,0.9466192170818505,0.9288256227758007,0.9359430604982206,0.9408845958312151,0.007654810196087343,0.9794871794871794,0.9626666666666667,0.955111111111111,0.9653333333333334,0.9239999999999999,0.957319658119658,0.01843521516832085,364,0.9792222222222222,0.9861936193619363,0.9782178217821782,0.9802255225522553,0.9891089108910891,0.9825936193619362,0.004278570540322101
0.15330047607421876,0.015623891698762167,0.031341552734375,0.003944325901835557,balanced,entropy,2,5,0.1,25,"{'estimator__class_weight': 'balanced', 'estimator__criterion': 'entropy', 'estimator__max_depth': 2, 'estimator__min_samples_leaf': 5, 'learning_rate': 0.1, 'n_estimators': 25}",0.9035326086956521,0.9352451433857539,0.8853801169590643,0.9028677150786308,0.8853801169590643,0.9024811402156331,0.018218808537685878,405,0.9352451433857539,0.9440493799067016,0.9398930481283423,0.9276767330130404,0.9280634884514735,0.9349855585770623,0.0064441862327732045,0.9375,0.9574468085106383,0.9263157894736842,0.9361702127659575,0.9263157894736842,0.9367497200447928,0.011375429960980595,392,0.9574468085106383,0.9625668449197861,0.96,0.9521276595744681,0.9518716577540107,0.9568025941517806,0.004243445540497513,0.8695652173913043,0.9130434782608695,0.8444444444444444,0.8695652173913043,0.8444444444444444,0.8682125603864733,0.025073161867916652,414,0.9130434782608695,0.925531914893617,0.9197860962566845,0.9032258064516129,0.9042553191489362,0.913168523002344,0.008659840487696222,0.7692307692307693,0.84,0.76,0.8,0.76,0.7858461538461539,0.03080613171885248,447,0.84,0.8613861386138614,0.8514851485148515,0.8316831683168316,0.8415841584158416,0.8452277227722773,0.010240208800929733,0.9154929577464789,0.9428571428571428,0.9,0.9142857142857143,0.9,0.9145271629778671,0.015656664685284743,396,0.9428571428571428,0.9501779359430605,0.9466192170818505,0.9359430604982206,0.9359430604982206,0.9423080833756992,0.005689445527292306,0.9794871794871794,0.9626666666666667,0.9542222222222222,0.9617777777777777,0.9239999999999999,0.9564307692307693,0.0181972934467359,387,0.9792222222222222,0.9857535753575358,0.978080308030803,0.978025302530253,0.9891089108910891,0.9820380638063806,0.004549658278321153
0.3156863212585449,0.02621344311870913,0.04398059844970703,0.0016069997301402493,balanced,entropy,2,5,0.1,50,"{'estimator__class_weight': 'balanced', 'estimator__criterion': 'entropy', 'estimator__max_depth': 2, 'estimator__min_samples_leaf': 5, 'learning_rate': 0.1, 'n_estimators': 50}",0.9035326086956521,0.9352451433857539,0.8853801169590643,0.9028677150786308,0.8853801169590643,0.9024811402156331,0.018218808537685878,405,0.9352451433857539,0.9440493799067016,0.9398930481283423,0.919197147458017,0.9280634884514735,0.9332896414660576,0.008821700531247043,0.9375,0.9574468085106383,0.9263157894736842,0.9361702127659575,0.9263157894736842,0.9367497200447928,0.011375429960980595,392,0.9574468085106383,0.9625668449197861,0.96,0.9470899470899471,0.9518716577540107,0.9557950516548764,0.005611398052287733,0.8695652173913043,0.9130434782608695,0.8444444444444444,0.8695652173913043,0.8444444444444444,0.8682125603864733,0.025073161867916652,414,0.9130434782608695,0.925531914893617,0.9197860962566845,0.8913043478260869,0.9042553191489362,0.9107842312772387,0.012047609679430707,0.7692307692307693,0.84,0.76,0.8,0.76,0.7858461538461539,0.03080613171885248,447,0.84,0.8613861386138614,0.8514851485148515,0.8118811881188119,0.8415841584158416,0.8412673267326733,0.016579638810775527,0.9154929577464789,0.9428571428571428,0.9,0.9142857142857143,0.9,0.9145271629778671,0.015656664685284743,396,0.9428571428571428,0.9501779359430605,0.9466192170818505,0.9288256227758007,0.9359430604982206,0.9408845958312151,0.007654810196087343,0.9794871794871794,0.9626666666666667,0.955111111111111,0.9680000000000001,0.9239999999999999,0.9578529914529913,0.018696065262722678,349,0.9792222222222222,0.9857535753575358,0.9782178217821782,0.9805005500550055,0.9891089108910891,0.9825606160616062,0.0041790851097128255
0.6178174018859863,0.03474729012892738,0.055138444900512694,0.009263447784949804,balanced,entropy,2,5,0.1,100,"{'estimator__class_weight': 'balanced', 'estimator__criterion': 'entropy', 'estimator__max_depth': 2, 'estimator__min_samples_leaf': 5, 'learning_rate': 0.1, 'n_estimators': 100}",0.9035326086956521,0.9352451433857539,0.8853801169590643,0.9028677150786308,0.8853801169590643,0.9024811402156331,0.018218808537685878,405,0.9352451433857539,0.9440493799067016,0.9398930481283423,0.919197147458017,0.9280634884514735,0.9332896414660576,0.008821700531247043,0.9375,0.9574468085106383,0.9263157894736842,0.9361702127659575,0.9263157894736842,0.9367497200447928,0.011375429960980595,392,0.9574468085106383,0.9625668449197861,0.96,0.9470899470899471,0.9518716577540107,0.9557950516548764,0.005611398052287733,0.8695652173913043,0.9130434782608695,0.8444444444444444,0.8695652173913043,0.8444444444444444,0.8682125603864733,0.025073161867916652,414,0.9130434782608695,0.925531914893617,0.9197860962566845,0.8913043478260869,0.9042553191489362,0.9107842312772387,0.012047609679430707,0.7692307692307693,0.84,0.76,0.8,0.76,0.7858461538461539,0.03080613171885248,447,0.84,0.8613861386138614,0.8514851485148515,0.8118811881188119,0.8415841584158416,0.8412673267326733,0.016579638810775527,0.9154929577464789,0.9428571428571428,0.9,0.9142857142857143,0.9,0.9145271629778671,0.015656664685284743,396,0.9428571428571428,0.9501779359430605,0.9466192170818505,0.9288256227758007,0.9359430604982206,0.9408845958312151,0.007654810196087343,0.9794871794871794,0.9626666666666667,0.955111111111111,0.9680000000000001,0.9239999999999999,0.9578529914529913,0.018696065262722678,349,0.9792222222222222,0.9861936193619363,0.9782178217821782,0.9805005500550055,0.9891089108910891,0.9826486248624864,0.004249441326591094
1.2233547210693358,0.05413333214555923,0.08475298881530761,0.010964818429294702,balanced,entropy,2,5,0.1,200,"{'estimator__class_weight': 'balanced', 'estimator__criterion': 'entropy', 'estimator__max_depth': 2, 'estimator__min_samples_leaf': 5, 'learning_rate': 0.1, 'n_estimators': 200}",0.9035326086956521,0.9352451433857539,0.8853801169590643,0.9028677150786308,0.8853801169590643,0.9024811402156331,0.018218808537685878,405,0.9352451433857539,0.9440493799067016,0.9398930481283423,0.919197147458017,0.9280634884514735,0.9332896414660576,0.008821700531247043,0.9375,0.9574468085106383,0.9263157894736842,0.9361702127659575,0.9263157894736842,0.9367497200447928,0.011375429960980595,392,0.9574468085106383,0.9625668449197861,0.96,0.9470899470899471,0.9518716577540107,0.9557950516548764,0.005611398052287733,0.8695652173913043,0.9130434782608695,0.8444444444444444,0.8695652173913043,0.8444444444444444,0.8682125603864733,0.025073161867916652,414,0.9130434782608695,0.925531914893617,0.9197860962566845,0.8913043478260869,0.9042553191489362,0.9107842312772387,0.012047609679430707,0.7692307692307693,0.84,0.76,0.8,0.76,0.7858461538461539,0.03080613171885248,447,0.84,0.8613861386138614,0.8514851485148515,0.8118811881188119,0.8415841584158416,0.8412673267326733,0.016579638810775527,0.9154929577464789,0.9428571428571428,0.9,0.9142857142857143,0.9,0.9145271629778671,0.015656664685284743,396,0.9428571428571428,0.9501779359430605,0.9466192170818505,0.9288256227758007,0.9359430604982206,0.9408845958312151,0.007654810196087343,0.9794871794871794,0.9626666666666667,0.955111111111111,0.9680000000000001,0.9239999999999999,0.9578529914529913,0.018696065262722678,349,0.9792222222222222,0.9861936193619363,0.9782178217821782,0.9805005500550055,0.9891089108910891,0.9826486248624864,0.004249441326591094
0.5786780834197998,0.0845591096402788,0.06254162788391113,0.011008648344497092,,gini,2,5,1.5,100,"{'estimator__class_weight': None, 'estimator__criterion': 'gini', 'estimator__max_depth': 2, 'estimator__min_samples_leaf': 5, 'learning_rate': 1.5, 'n_estimators': 100}",0.9220978714066272,0.8853801169590643,0.8489570846319827,0.9352451433857539,0.9199267902081903,0.9023214013183237,0.03136810064374654,417,1.0,1.0,1.0,1.0,1.0,1.0,0.0,0.946236559139785,0.9263157894736842,0.9072164948453608,0.9574468085106383,0.946236559139785,0.9366904422218507,0.017829360232679108,404,1.0,1.0,1.0,1.0,1.0,1.0,0.0,0.8979591836734694,0.8444444444444444,0.7906976744186046,0.9130434782608695,0.8936170212765957,0.8679523604147967,0.04497377411220051,426,1.0,1.0,1.0,1.0,1.0,1.0,0.0,0.8461538461538461,0.76,0.68,0.84,0.84,0.7932307692307692,0.06496316662349116,443,1.0,1.0,1.0,1.0,1.0,1.0,0.0,0.9295774647887324,0.9,0.8714285714285714,0.9428571428571428,0.9285714285714286,0.9144869215291751,0.025670448774683958,411,1.0,1.0,1.0,1.0,1.0,1.0,0.0,0.9863247863247864,0.9626666666666667,0.951111111111111,0.9937777777777779,0.9715555555555556,0.9730871794871796,0.01547394993522986,55,1.0,1.0,1.0,1.0,1.0,1.0,0.0
0.16012158393859863,0.009446887032815125,0.03217358589172363,0.004452438795876413,,entropy,1,1,1.5,50,"{'estimator__class_weight': None, 'estimator__criterion': 'entropy', 'estimator__max_depth': 1, 'estimator__min_samples_leaf': 1, 'learning_rate': 1.5, 'n_estimators': 50}",0.9073913043478261,0.8901098901098901,0.9005681818181819,0.9352451433857539,0.8755555555555555,0.9017740150434415,0.019883580330449836,418,1.0,1.0,1.0,1.0,1.0,1.0,0.0,0.9347826086956522,0.9230769230769231,0.9375,0.9574468085106383,0.9111111111111111,0.932783490278865,0.015481800090637585,445,1.0,1.0,1.0,1.0,1.0,1.0,0.0,0.88,0.8571428571428571,0.8636363636363636,0.9130434782608695,0.84,0.8707645398080182,0.02472092395288373,392,1.0,1.0,1.0,1.0,1.0,1.0,0.0,0.8461538461538461,0.84,0.76,0.84,0.84,0.8252307692307692,0.032702351398366566,287,1.0,1.0,1.0,1.0,1.0,1.0,0.0,0.9154929577464789,0.9,0.9142857142857143,0.9428571428571428,0.8857142857142857,0.9116700201207244,0.018994645828902933,420,1.0,1.0,1.0,1.0,1.0,1.0,0.0,0.9538461538461538,0.952,0.9342222222222223,0.98,0.9457777777777778,0.9531692307692307,0.0150687638057264,415,1.0,1.0,1.0,1.0,1.0,1.0,0.0
0.1557689666748047,0.012781054367018098,0.031705284118652345,0.0030573114756600565,,entropy,1,2,1.5,50,"{'estimator__class_weight': None, 'estimator__criterion': 'entropy', 'estimator__max_depth': 1, 'estimator__min_samples_leaf': 2, 'learning_rate': 1.5, 'n_estimators': 50}",0.9073913043478261,0.8901098901098901,0.9005681818181819,0.9352451433857539,0.8755555555555555,0.9017740150434415,0.019883580330449836,418,1.0,1.0,1.0,1.0,1.0,1.0,0.0,0.9347826086956522,0.9230769230769231,0.9375,0.9574468085106383,0.9111111111111111,0.932783490278865,0.015481800090637585,445,1.0,1.0,1.0,1.0,1.0,1.0,0.0,0.88,0.8571428571428571,0.8636363636363636,0.9130434782608695,0.84,0.8707645398080182,0.02472092395288373,392,1.0,1.0,1.0,1.0,1.0,1.0,0.0,0.8461538461538461,0.84,0.76,0.84,0.84,0.8252307692307692,0.032702351398366566,287,1.0,1.0,1.0,1.0,1.0,1.0,0.0,0.9154929577464789,0.9,0.9142857142857143,0.9428571428571428,0.8857142857142857,0.9116700201207244,0.018994645828902933,420,1.0,1.0,1.0,1.0,1.0,1.0,0.0,0.9538461538461538,0.952,0.9342222222222223,0.98,0.9457777777777778,0.9531692307692307,0.0150687638057264,415,1.0,1.0,1.0,1.0,1.0,1.0,0.0
0.15632843971252441,0.014788452094383137,0.03621163368225098,0.0007332452384202598,,entropy,1,5,1.5,50,"{'estimator__class_weight': None, 'estimator__criterion': 'entropy', 'estimator__max_depth': 1, 'estimator__min_samples_leaf': 5, 'learning_rate': 1.5, 'n_estimators': 50}",0.9073913043478261,0.8901098901098901,0.9005681818181819,0.9352451433857539,0.8755555555555555,0.9017740150434415,0.019883580330449836,418,1.0,1.0,1.0,1.0,1.0,1.0,0.0,0.9347826086956522,0.9230769230769231,0.9375,0.9574468085106383,0.9111111111111111,0.932783490278865,0.015481800090637585,445,1.0,1.0,1.0,1.0,1.0,1.0,0.0,0.88,0.8571428571428571,0.8636363636363636,0.9130434782608695,0.84,0.8707645398080182,0.02472092395288373,392,1.0,1.0,1.0,1.0,1.0,1.0,0.0,0.8461538461538461,0.84,0.76,0.84,0.84,0.8252307692307692,0.032702351398366566,287,1.0,1.0,1.0,1.0,1.0,1.0,0.0,0.9154929577464789,0.9,0.9142857142857143,0.9428571428571428,0.8857142857142857,0.9116700201207244,0.018994645828902933,420,1.0,1.0,1.0,1.0,1.0,1.0,0.0,0.9538461538461538,0.952,0.9342222222222223,0.98,0.9457777777777778,0.9531692307692307,0.0150687638057264,415,1.0,1.0,1.0,1.0,1.0,1.0,0.0
0.23106789588928223,0.03779571669254891,0.04055190086364746,0.0032003173277969374,balanced,gini,2,5,0.5,50,"{'estimator__class_weight': 'balanced', 'estimator__criterion': 'gini', 'estimator__max_depth': 2, 'estimator__min_samples_leaf': 5, 'learning_rate': 0.5, 'n_estimators': 50}",0.9532587228439764,0.9028677150786308,0.9199267902081903,0.9048913043478262,0.8273155416012559,0.901652014815976,0.04131610316311484,421,0.9961023956346831,0.9844044844044844,1.0,0.9611878453038674,0.9727701870232706,0.982892982473261,0.014443041577742122,0.967741935483871,0.9361702127659575,0.946236559139785,0.9347826086956522,0.8791208791208791,0.9328104390412288,0.029319674355937873,442,0.997229916897507,0.989010989010989,1.0,0.9723756906077348,0.9807162534435262,0.9878665699919514,0.010269337415472892,0.9387755102040817,0.8695652173913043,0.8936170212765957,0.875,0.7755102040816326,0.8704935905907227,0.05336689406001853,396,0.9949748743718593,0.9797979797979798,1.0,0.95,0.964824120603015,0.9779193949545707,0.018616929947289914,0.8846153846153846,0.8,0.84,0.84,0.76,0.8249230769230769,0.04208079014714769,304,0.99,0.9603960396039604,1.0,0.9405940594059405,0.9504950495049505,0.9682970297029703,0.022903658887442228,0.9577464788732394,0.9142857142857143,0.9285714285714286,0.9142857142857143,0.8428571428571429,0.9115492957746479,0.03783522320846894,440,0.9964285714285714,0.9857651245551602,1.0,0.9644128113879004,0.9750889679715302,0.9843390950686324,0.013236877083820472,0.9837606837606838,0.9626666666666668,0.9377777777777777,0.9742222222222222,0.9031111111111111,0.9523076923076923,0.02901126560550265,428,1.0,0.9997249724972498,1.0,0.993949394939494,0.9974422442244224,0.9982233223322332,0.0023428469287294445
0.43468451499938965,0.14942424063222853,0.04699301719665527,0.010668850081038407,balanced,gini,2,5,0.5,100,"{'estimator__class_weight': 'balanced', 'estimator__criterion': 'gini', 'estimator__max_depth': 2, 'estimator__min_samples_leaf': 5, 'learning_rate': 0.5, 'n_estimators': 100}",0.9532587228439764,0.9028677150786308,0.9199267902081903,0.9048913043478262,0.8273155416012559,0.901652014815976,0.04131610316311484,421,0.9961023956346831,0.9844044844044844,1.0,0.9611878453038674,0.9727701870232706,0.982892982473261,0.014443041577742122,0.967741935483871,0.9361702127659575,0.946236559139785,0.9347826086956522,0.8791208791208791,0.9328104390412288,0.029319674355937873,442,0.997229916897507,0.989010989010989,1.0,0.9723756906077348,0.9807162534435262,0.9878665699919514,0.010269337415472892,0.9387755102040817,0.8695652173913043,0.8936170212765957,0.875,0.7755102040816326,0.8704935905907227,0.05336689406001853,396,0.9949748743718593,0.9797979797979798,1.0,0.95,0.964824120603015,0.9779193949545707,0.018616929947289914,0.8846153846153846,0.8,0.84,0.84,0.76,0.8249230769230769,0.04208079014714769,304,0.99,0.9603960396039604,1.0,0.9405940594059405,0.9504950495049505,0.9682970297029703,0.022903658887442228,0.9577464788732394,0.9142857142857143,0.9285714285714286,0.9142857142857143,0.8428571428571429,0.9115492957746479,0.03783522320846894,440,0.9964285714285714,0.9857651245551602,1.0,0.9644128113879004,0.9750889679715302,0.9843390950686324,0.013236877083820472,0.9837606837606838,0.9626666666666668,0.9377777777777777,0.9742222222222222,0.9031111111111111,0.9523076923076923,0.02901126560550265,428,1.0,0.9997249724972498,1.0,0.993949394939494,0.9974422442244224,0.9982233223322332,0.0023428469287294445
0.8169535160064697,0.32544240606935093,0.08328862190246582,0.028070935099704694,balanced,gini,2,5,0.5,200,"{'estimator__class_weight': 'balanced', 'estimator__criterion': 'gini', 'estimator__max_depth': 2, 'estimator__min_samples_leaf': 5, 'learning_rate': 0.5, 'n_estimators': 200}",0.9532587228439764,0.9028677150786308,0.9199267902081903,0.9048913043478262,0.8273155416012559,0.901652014815976,0.04131610316311484,421,0.9961023956346831,0.9844044844044844,1.0,0.9611878453038674,0.9727701870232706,0.982892982473261,0.014443041577742122,0.967741935483871,0.9361702127659575,0.946236559139785,0.9347826086956522,0.8791208791208791,0.9328104390412288,0.029319674355937873,442,0.997229916897507,0.989010989010989,1.0,0.9723756906077348,0.9807162534435262,0.9878665699919514,0.010269337415472892,0.9387755102040817,0.8695652173913043,0.8936170212765957,0.875,0.7755102040816326,0.8704935905907227,0.05336689406001853,396,0.9949748743718593,0.9797979797979798,1.0,0.95,0.964824120603015,0.9779193949545707,0.018616929947289914,0.8846153846153846,0.8,0.84,0.84,0.76,0.8249230769230769,0.04208079014714769,304,0.99,0.9603960396039604,1.0,0.9405940594059405,0.9504950495049505,0.9682970297029703,0.022903658887442228,0.9577464788732394,0.9142857142857143,0.9285714285714286,0.9142857142857143,0.8428571428571429,0.9115492957746479,0.03783522320846894,440,0.9964285714285714,0.9857651245551602,1.0,0.9644128113879004,0.9750889679715302,0.9843390950686324,0.013236877083820472,0.9837606837606838,0.9626666666666668,0.9377777777777777,0.9742222222222222,0.9031111111111111,0.9523076923076923,0.02901126560550265,428,1.0,0.9997249724972498,1.0,0.993949394939494,0.9974422442244224,0.9982233223322332,0.0023428469287294445
0.12663745880126953,0.01879787073669486,0.031244468688964844,0.003830745706330238,balanced,gini,2,1,0.5,25,"{'estimator__class_weight': 'balanced', 'estimator__criterion': 'gini', 'estimator__max_depth': 2, 'estimator__min_samples_leaf': 1, 'learning_rate': 0.5, 'n_estimators': 25}",0.9691304347826086,0.9028677150786308,0.9028677150786308,0.9048913043478262,0.8273155416012559,0.9014145421777904,0.04492753119381257,424,0.9921870640102685,0.9844044844044844,0.9922375690607734,0.9611878453038674,0.9727701870232706,0.9805574299605327,0.01201911667105481,0.9782608695652174,0.9361702127659575,0.9361702127659575,0.9347826086956522,0.8791208791208791,0.9329009565827328,0.03154278086738301,440,0.994475138121547,0.989010989010989,0.994475138121547,0.9723756906077348,0.9807162534435262,0.9862106418610688,0.008556166446533602,0.96,0.8695652173913043,0.8695652173913043,0.875,0.7755102040816326,0.8699281277728481,0.05840149617337415,401,0.98989898989899,0.9797979797979798,0.99,0.95,0.964824120603015,0.9749042180599969,0.015482268314131865,0.9230769230769231,0.8,0.8,0.84,0.76,0.8246153846153845,0.05535041679204643,320,0.98,0.9603960396039604,0.9801980198019802,0.9405940594059405,0.9504950495049505,0.9623366336633662,0.015797165449274196,0.971830985915493,0.9142857142857143,0.9142857142857143,0.9142857142857143,0.8428571428571429,0.9115090543259556,0.04092664144688863,443,0.9928571428571429,0.9857651245551602,0.9928825622775801,0.9644128113879004,0.9750889679715302,0.9822013218098627,0.011021368247927828,0.9794871794871794,0.9626666666666668,0.9359999999999999,0.9733333333333333,0.9031111111111111,0.9509196581196582,0.028159267351787875,450,0.9999444444444444,0.9997249724972498,1.0,0.993949394939494,0.9974422442244224,0.9982122112211222,0.0023345114762337517
0.1264669418334961,0.006312859747924704,0.033012008666992186,0.001768761725644152,balanced,gini,2,2,0.5,25,"{'estimator__class_weight': 'balanced', 'estimator__criterion': 'gini', 'estimator__max_depth': 2, 'estimator__min_samples_leaf': 2, 'learning_rate': 0.5, 'n_estimators': 25}",0.9691304347826086,0.9028677150786308,0.9028677150786308,0.9048913043478262,0.8273155416012559,0.9014145421777904,0.04492753119381257,424,0.9921870640102685,0.9844044844044844,0.9922375690607734,0.9611878453038674,0.9727701870232706,0.9805574299605327,0.01201911667105481,0.9782608695652174,0.9361702127659575,0.9361702127659575,0.9347826086956522,0.8791208791208791,0.9329009565827328,0.03154278086738301,440,0.994475138121547,0.989010989010989,0.994475138121547,0.9723756906077348,0.9807162534435262,0.9862106418610688,0.008556166446533602,0.96,0.8695652173913043,0.8695652173913043,0.875,0.7755102040816326,0.8699281277728481,0.05840149617337415,401,0.98989898989899,0.9797979797979798,0.99,0.95,0.964824120603015,0.9749042180599969,0.015482268314131865,0.9230769230769231,0.8,0.8,0.84,0.76,0.8246153846153845,0.05535041679204643,320,0.98,0.9603960396039604,0.9801980198019802,0.9405940594059405,0.9504950495049505,0.9623366336633662,0.015797165449274196,0.971830985915493,0.9142857142857143,0.9142857142857143,0.9142857142857143,0.8428571428571429,0.9115090543259556,0.04092664144688863,443,0.9928571428571429,0.9857651245551602,0.9928825622775801,0.9644128113879004,0.9750889679715302,0.9822013218098627,0.011021368247927828,0.9794871794871794,0.9626666666666668,0.9368888888888889,0.9733333333333333,0.9031111111111111,0.9510974358974359,0.028067169258960165,446,0.9999444444444444,0.9997249724972497,1.0,0.993949394939494,0.9974422442244224,0.998212211221122,0.0023345114762337374
0.20864129066467285,0.013706752469543783,0.029845046997070312,0.004072428053641545,,gini,3,5,1.5,50,"{'estimator__class_weight': None, 'estimator__criterion': 'gini', 'estimator__max_depth': 3, 'estimator__min_samples_leaf': 5, 'learning_rate': 1.5, 'n_estimators': 50}",0.9055851063829787,0.8901098901098901,0.8853801169590643,0.9181286549707601,0.9066666666666667,0.9011740870178719,0.011907550889615499,426,1.0,1.0,1.0,1.0,1.0,1.0,0.0,0.9361702127659575,0.9230769230769231,0.9263157894736842,0.9473684210526315,0.9333333333333333,0.933252935940506,0.008478668842096254,436,1.0,1.0,1.0,1.0,1.0,1.0,0.0,0.875,0.8571428571428571,0.8444444444444444,0.8888888888888888,0.88,0.8690952380952381,0.01610024655176009,407,1.0,1.0,1.0,1.0,1.0,1.0,0.0,0.8076923076923077,0.84,0.76,0.8,0.88,0.8175384615384615,0.04030181988931185,328,1.0,1.0,1.0,1.0,1.0,1.0,0.0,0.9154929577464789,0.9,0.9,0.9285714285714286,0.9142857142857143,0.9116700201207244,0.010765621718311769,420,1.0,1.0,1.0,1.0,1.0,1.0,0.0,0.9846153846153846,0.9688888888888889,0.967111111111111,0.9911111111111112,0.9582222222222223,0.9739897435897437,0.012066436976490576,46,1.0,1.0,1.0,1.0,1.0,1.0,0.0
0.11590251922607422,0.006491986782543846,0.02682347297668457,0.004184839566298867,,entropy,2,1,0.1,25,"{'estimator__class_weight': None, 'estimator__criterion': 'entropy', 'estimator__max_depth': 2, 'estimator__min_samples_leaf': 1, 'learning_rate': 0.1, 'n_estimators': 25}",0.9035326086956521,0.9352451433857539,0.9005681818181819,0.9005681818181819,0.8639455782312926,0.9007719387898124,0.02259330431448987,427,0.9310054934701628,0.9272774327122153,0.9272774327122153,0.9057280802835597,0.9144298951581329,0.9211436668672572,0.009541664751069798,0.9375,0.9574468085106383,0.9375,0.9375,0.9183673469387755,0.9376628310898829,0.012359619841258019,389,0.9549071618037135,0.9523809523809523,0.9523809523809523,0.9399477806788512,0.9448818897637795,0.9488997474016498,0.0055965613052704,0.8695652173913043,0.9130434782608695,0.8636363636363636,0.8636363636363636,0.8095238095238095,0.8638810464897422,0.0328757766340415,450,0.907103825136612,0.9021739130434783,0.9021739130434783,0.8715083798882681,0.8839779005524862,0.8933875863328644,0.013489078116635262,0.7692307692307693,0.84,0.76,0.76,0.68,0.761846153846154,0.050730987927446,485,0.83,0.8217821782178217,0.8217821782178217,0.7722772277227723,0.7920792079207921,0.8075841584158414,0.021875192942417937,0.9154929577464789,0.9428571428571428,0.9142857142857143,0.9142857142857143,0.8857142857142857,0.9145271629778671,0.018076609254190003,396,0.9392857142857143,0.9359430604982206,0.9359430604982206,0.9181494661921709,0.9252669039145908,0.9309176410777834,0.007943443212020578,0.9824786324786324,0.964,0.9533333333333334,0.971111111111111,0.936,0.9613846153846154,0.015846793706366956,238,0.9838333333333333,0.9913641364136414,0.9808030803080309,0.9897964796479648,0.9903190319031904,0.9872232123212322,0.004148793332464054
0.10899324417114258,0.0057989871952278315,0.0248382568359375,0.0022993355228936438,,entropy,2,2,0.1,25,"{'estimator__class_weight': None, 'estimator__criterion': 'entropy', 'estimator__max_depth': 2, 'estimator__min_samples_leaf': 2, 'learning_rate': 0.1, 'n_estimators': 25}",0.9035326086956521,0.9352451433857539,0.9005681818181819,0.9005681818181819,0.8639455782312926,0.9007719387898124,0.02259330431448987,427,0.9310054934701628,0.9272774327122153,0.9272774327122153,0.9057280802835597,0.9144298951581329,0.9211436668672572,0.009541664751069798,0.9375,0.9574468085106383,0.9375,0.9375,0.9183673469387755,0.9376628310898829,0.012359619841258019,389,0.9549071618037135,0.9523809523809523,0.9523809523809523,0.9399477806788512,0.9448818897637795,0.9488997474016498,0.0055965613052704,0.8695652173913043,0.9130434782608695,0.8636363636363636,0.8636363636363636,0.8095238095238095,0.8638810464897422,0.0328757766340415,450,0.907103825136612,0.9021739130434783,0.9021739130434783,0.8715083798882681,0.8839779005524862,0.8933875863328644,0.013489078116635262,0.7692307692307693,0.84,0.76,0.76,0.68,0.761846153846154,0.050730987927446,485,0.83,0.8217821782178217,0.8217821782178217,0.7722772277227723,0.7920792079207921,0.8075841584158414,0.021875192942417937,0.9154929577464789,0.9428571428571428,0.9142857142857143,0.9142857142857143,0.8857142857142857,0.9145271629778671,0.018076609254190003,396,0.9392857142857143,0.9359430604982206,0.9359430604982206,0.9181494661921709,0.9252669039145908,0.9309176410777834,0.007943443212020578,0.9824786324786324,0.964,0.9533333333333334,0.971111111111111,0.936,0.9613846153846154,0.015846793706366956,238,0.9838333333333333,0.9913641364136414,0.9808030803080309,0.9897964796479648,0.9903190319031904,0.9872232123212322,0.004148793332464054
0.1539435863494873,0.007777411893389871,0.030926513671875,0.0036871515271489977,balanced,entropy,2,1,1.5,25,"{'estimator__class_weight': 'balanced', 'estimator__criterion': 'entropy', 'estimator__max_depth': 2, 'estimator__min_samples_leaf': 1, 'learning_rate': 1.5, 'n_estimators': 25}",0.9220978714066272,0.9215070643642072,0.8704902867715079,0.9215070643642072,0.8674242424242424,0.9006053058661584,0.025859600678821298,429,1.0,1.0,1.0,1.0,1.0,1.0,0.0,0.946236559139785,0.945054945054945,0.9148936170212766,0.945054945054945,0.9166666666666666,0.9335813465875237,0.01455183123522514,434,1.0,1.0,1.0,1.0,1.0,1.0,0.0,0.8979591836734694,0.8979591836734694,0.8260869565217391,0.8979591836734694,0.8181818181818182,0.867629265144793,0.037230431882420326,427,1.0,1.0,1.0,1.0,1.0,1.0,0.0,0.8461538461538461,0.88,0.76,0.88,0.72,0.8172307692307692,0.06549149635391267,333,1.0,1.0,1.0,1.0,1.0,1.0,0.0,0.9295774647887324,0.9285714285714286,0.8857142857142857,0.9285714285714286,0.8857142857142857,0.911629778672032,0.0211630999149796,435,1.0,1.0,1.0,1.0,1.0,1.0,0.0,0.9632478632478633,0.9315555555555556,0.9413333333333334,0.9866666666666667,0.9262222222222223,0.9498051282051282,0.022362700230611852,456,1.0,1.0,1.0,1.0,1.0,1.0,0.0
0.15080547332763672,0.006561007189098434,0.032189464569091795,0.004287511260613148,balanced,entropy,2,2,1.5,25,"{'estimator__class_weight': 'balanced', 'estimator__criterion': 'entropy', 'estimator__max_depth': 2, 'estimator__min_samples_leaf': 2, 'learning_rate': 1.5, 'n_estimators': 25}",0.9220978714066272,0.9215070643642072,0.8704902867715079,0.9215070643642072,0.8674242424242424,0.9006053058661584,0.025859600678821298,429,1.0,1.0,1.0,1.0,1.0,1.0,0.0,0.946236559139785,0.945054945054945,0.9148936170212766,0.945054945054945,0.9166666666666666,0.9335813465875237,0.01455183123522514,434,1.0,1.0,1.0,1.0,1.0,1.0,0.0,0.8979591836734694,0.8979591836734694,0.8260869565217391,0.8979591836734694,0.8181818181818182,0.867629265144793,0.037230431882420326,427,1.0,1.0,1.0,1.0,1.0,1.0,0.0,0.8461538461538461,0.88,0.76,0.88,0.72,0.8172307692307692,0.06549149635391267,333,1.0,1.0,1.0,1.0,1.0,1.0,0.0,0.9295774647887324,0.9285714285714286,0.8857142857142857,0.9285714285714286,0.8857142857142857,0.911629778672032,0.0211630999149796,435,1.0,1.0,1.0,1.0,1.0,1.0,0.0,0.9632478632478633,0.9315555555555556,0.9413333333333334,0.9866666666666667,0.9262222222222223,0.9498051282051282,0.022362700230611852,456,1.0,1.0,1.0,1.0,1.0,1.0,0.0
0.16796388626098632,0.01654483648459696,0.02870521545410156,0.003525033486031742,balanced,entropy,3,2,0.5,25,"{'estimator__class_weight': 'balanced', 'estimator__criterion': 'entropy', 'estimator__max_depth': 3, 'estimator__min_samples_leaf': 2, 'learning_rate': 0.5, 'n_estimators': 25}",0.9073913043478261,0.9028677150786308,0.8704902867715079,0.9352451433857539,0.8853801169590643,0.9002749133085566,0.021859833349498026,431,1.0,1.0,1.0,1.0,1.0,1.0,0.0,0.9347826086956522,0.9361702127659575,0.9148936170212766,0.9574468085106383,0.9263157894736842,0.9339218072934419,0.013993895244714233,433,1.0,1.0,1.0,1.0,1.0,1.0,0.0,0.88,0.8695652173913043,0.8260869565217391,0.9130434782608695,0.8444444444444444,0.8666280193236714,0.029924974839019736,429,1.0,1.0,1.0,1.0,1.0,1.0,0.0,0.8461538461538461,0.8,0.76,0.84,0.76,0.8012307692307692,0.037209148203891616,427,1.0,1.0,1.0,1.0,1.0,1.0,0.0,0.9154929577464789,0.9142857142857143,0.8857142857142857,0.9428571428571428,0.9,0.9116700201207244,0.018994645828902933,420,1.0,1.0,1.0,1.0,1.0,1.0,0.0,0.9803418803418804,0.9475555555555556,0.9422222222222222,0.9893333333333333,0.9048888888888889,0.952868376068376,0.030093469022116473,418,1.0,1.0,1.0,1.0,1.0,1.0,0.0
0.0698516845703125,0.0030305856342124197,0.019454336166381835,0.002198403275252872,,gini,2,1,1.5,25,"{'estimator__class_weight': None, 'estimator__criterion': 'gini', 'estimator__max_depth': 2, 'estimator__min_samples_leaf': 1, 'learning_rate': 1.5, 'n_estimators': 25}",0.9370567375886525,0.8558682223747426,0.8526315789473684,0.9519560741249142,0.9028677150786308,0.9000760656228618,0.04067483597618974,432,1.0,1.0,1.0,1.0,1.0,1.0,0.0,0.9574468085106383,0.9032258064516129,0.9052631578947369,0.967741935483871,0.9361702127659575,0.9339695842213633,0.026328058493251053,431,1.0,1.0,1.0,1.0,1.0,1.0,0.0,0.9166666666666666,0.8085106382978723,0.8,0.9361702127659575,0.8695652173913043,0.8661825470243603,0.05507184532520343,430,1.0,1.0,1.0,1.0,1.0,1.0,0.0,0.8461538461538461,0.76,0.72,0.88,0.8,0.8012307692307692,0.05748496072938706,427,1.0,1.0,1.0,1.0,1.0,1.0,0.0,0.9436619718309859,0.8714285714285714,0.8714285714285714,0.9571428571428572,0.9142857142857143,0.9115895372233401,0.035600061053993756,437,1.0,1.0,1.0,1.0,1.0,1.0,0.0,0.9871794871794872,0.9279999999999999,0.9302222222222223,0.976888888888889,0.9217777777777778,0.9488136752136753,0.027458856862961668,460,1.0,1.0,1.0,1.0,1.0,1.0,0.0
0.09337129592895507,0.005977502151200078,0.026403093338012697,0.007575972461670882,,gini,2,2,1.5,25,"{'estimator__class_weight': None, 'estimator__criterion': 'gini', 'estimator__max_depth': 2, 'estimator__min_samples_leaf': 2, 'learning_rate': 1.5, 'n_estimators': 25}",0.9370567375886525,0.8558682223747426,0.8526315789473684,0.9519560741249142,0.9028677150786308,0.9000760656228618,0.04067483597618974,432,1.0,1.0,1.0,1.0,1.0,1.0,0.0,0.9574468085106383,0.9032258064516129,0.9052631578947369,0.967741935483871,0.9361702127659575,0.9339695842213633,0.026328058493251053,431,1.0,1.0,1.0,1.0,1.0,1.0,0.0,0.9166666666666666,0.8085106382978723,0.8,0.9361702127659575,0.8695652173913043,0.8661825470243603,0.05507184532520343,430,1.0,1.0,1.0,1.0,1.0,1.0,0.0,0.8461538461538461,0.76,0.72,0.88,0.8,0.8012307692307692,0.05748496072938706,427,1.0,1.0,1.0,1.0,1.0,1.0,0.0,0.9436619718309859,0.8714285714285714,0.8714285714285714,0.9571428571428572,0.9142857142857143,0.9115895372233401,0.035600061053993756,437,1.0,1.0,1.0,1.0,1.0,1.0,0.0,0.9871794871794872,0.9279999999999999,0.9302222222222223,0.976888888888889,0.9217777777777778,0.9488136752136753,0.027458856862961668,460,1.0,1.0,1.0,1.0,1.0,1.0,0.0
0.1311251163482666,0.0036850592963948692,0.03204984664916992,0.0029739315507279892,balanced,gini,2,1,1.5,25,"{'estimator__class_weight': 'balanced', 'estimator__criterion': 'gini', 'estimator__max_depth': 2, 'estimator__min_samples_leaf': 1, 'learning_rate': 1.5, 'n_estimators': 25}",0.9055851063829787,0.9199267902081903,0.8489570846319827,0.9215070643642072,0.9028677150786308,0.899768752133198,0.02647323108362804,434,1.0,1.0,1.0,1.0,1.0,1.0,0.0,0.9361702127659575,0.946236559139785,0.9072164948453608,0.945054945054945,0.9361702127659575,0.9341696849144011,0.014132070054780125,428,1.0,1.0,1.0,1.0,1.0,1.0,0.0,0.875,0.8936170212765957,0.7906976744186046,0.8979591836734694,0.8695652173913043,0.8653678193519948,0.038849046414092744,438,1.0,1.0,1.0,1.0,1.0,1.0,0.0,0.8076923076923077,0.84,0.68,0.88,0.8,0.8015384615384615,0.06700348838397371,419,1.0,1.0,1.0,1.0,1.0,1.0,0.0,0.9154929577464789,0.9285714285714286,0.8714285714285714,0.9285714285714286,0.9142857142857143,0.9116700201207244,0.021034001598047962,420,1.0,1.0,1.0,1.0,1.0,1.0,0.0,0.9760683760683762,0.9564444444444444,0.9333333333333332,0.9893333333333333,0.9635555555555556,0.9637470085470085,0.018893553664627683,184,1.0,1.0,1.0,1.0,1.0,1.0,0.0
0.13509016036987304,0.008403390936574903,0.03315844535827637,0.0023236893464212267,balanced,gini,2,2,1.5,25,"{'estimator__class_weight': 'balanced', 'estimator__criterion': 'gini', 'estimator__max_depth': 2, 'estimator__min_samples_leaf': 2, 'learning_rate': 1.5, 'n_estimators': 25}",0.9055851063829787,0.9199267902081903,0.8489570846319827,0.9215070643642072,0.9028677150786308,0.899768752133198,0.02647323108362804,434,1.0,1.0,1.0,1.0,1.0,1.0,0.0,0.9361702127659575,0.946236559139785,0.9072164948453608,0.945054945054945,0.9361702127659575,0.9341696849144011,0.014132070054780125,428,1.0,1.0,1.0,1.0,1.0,1.0,0.0,0.875,0.8936170212765957,0.7906976744186046,0.8979591836734694,0.8695652173913043,0.8653678193519948,0.038849046414092744,438,1.0,1.0,1.0,1.0,1.0,1.0,0.0,0.8076923076923077,0.84,0.68,0.88,0.8,0.8015384615384615,0.06700348838397371,419,1.0,1.0,1.0,1.0,1.0,1.0,0.0,0.9154929577464789,0.9285714285714286,0.8714285714285714,0.9285714285714286,0.9142857142857143,0.9116700201207244,0.021034001598047962,420,1.0,1.0,1.0,1.0,1.0,1.0,0.0,0.9760683760683762,0.9564444444444444,0.9333333333333332,0.9893333333333333,0.9635555555555556,0.9637470085470085,0.018893553664627683,184,1.0,1.0,1.0,1.0,1.0,1.0,0.0
0.1286417007446289,0.004031025665473101,0.03275303840637207,0.003986250723628284,balanced,gini,2,5,1.5,25,"{'estimator__class_weight': 'balanced', 'estimator__criterion': 'gini', 'estimator__max_depth': 2, 'estimator__min_samples_leaf': 5, 'learning_rate': 1.5, 'n_estimators': 25}",0.9055851063829787,0.9199267902081903,0.8489570846319827,0.9215070643642072,0.9028677150786308,0.899768752133198,0.02647323108362804,434,1.0,1.0,1.0,1.0,1.0,1.0,0.0,0.9361702127659575,0.946236559139785,0.9072164948453608,0.945054945054945,0.9361702127659575,0.9341696849144011,0.014132070054780125,428,1.0,1.0,1.0,1.0,1.0,1.0,0.0,0.875,0.8936170212765957,0.7906976744186046,0.8979591836734694,0.8695652173913043,0.8653678193519948,0.038849046414092744,438,1.0,1.0,1.0,1.0,1.0,1.0,0.0,0.8076923076923077,0.84,0.68,0.88,0.8,0.8015384615384615,0.06700348838397371,419,1.0,1.0,1.0,1.0,1.0,1.0,0.0,0.9154929577464789,0.9285714285714286,0.8714285714285714,0.9285714285714286,0.9142857142857143,0.9116700201207244,0.021034001598047962,420,1.0,1.0,1.0,1.0,1.0,1.0,0.0,0.9709401709401708,0.9564444444444444,0.9333333333333332,0.9893333333333333,0.9635555555555556,0.9627213675213675,0.018327561978840678,209,1.0,1.0,1.0,1.0,1.0,1.0,0.0
0.6164365768432617,0.03361159371273857,0.07341890335083008,0.003573654812517296,,entropy,1,1,1.5,200,"{'estimator__class_weight': None, 'estimator__criterion': 'entropy', 'estimator__max_depth': 1, 'estimator__min_samples_leaf': 1, 'learning_rate': 1.5, 'n_estimators': 200}",0.9220978714066272,0.8704902867715079,0.8853801169590643,0.9519560741249142,0.8674242424242424,0.8994697183372711,0.032656049064641285,437,1.0,1.0,1.0,1.0,1.0,1.0,0.0,0.946236559139785,0.9148936170212766,0.9263157894736842,0.967741935483871,0.9166666666666666,0.9343709135570567,0.0200604541914283,425,1.0,1.0,1.0,1.0,1.0,1.0,0.0,0.8979591836734694,0.8260869565217391,0.8444444444444444,0.9361702127659575,0.8181818181818182,0.8645685231174858,0.04534153521391022,444,1.0,1.0,1.0,1.0,1.0,1.0,0.0,0.8461538461538461,0.76,0.76,0.88,0.72,0.7932307692307692,0.05983488127966395,443,1.0,1.0,1.0,1.0,1.0,1.0,0.0,0.9295774647887324,0.8857142857142857,0.9,0.9571428571428572,0.8857142857142857,0.9116297786720322,0.02782817655284492,432,1.0,1.0,1.0,1.0,1.0,1.0,0.0,0.9709401709401709,0.9288888888888889,0.944,0.9946666666666667,0.9493333333333333,0.957565811965812,0.022932587178051682,358,1.0,1.0,1.0,1.0,1.0,1.0,0.0
0.6233457088470459,0.028837418353015447,0.07205004692077636,0.0052766628112561505,,entropy,1,2,1.5,200,"{'estimator__class_weight': None, 'estimator__criterion': 'entropy', 'estimator__max_depth': 1, 'estimator__min_samples_leaf': 2, 'learning_rate': 1.5, 'n_estimators': 200}",0.9220978714066272,0.8704902867715079,0.8853801169590643,0.9519560741249142,0.8674242424242424,0.8994697183372711,0.032656049064641285,437,1.0,1.0,1.0,1.0,1.0,1.0,0.0,0.946236559139785,0.9148936170212766,0.9263157894736842,0.967741935483871,0.9166666666666666,0.9343709135570567,0.0200604541914283,425,1.0,1.0,1.0,1.0,1.0,1.0,0.0,0.8979591836734694,0.8260869565217391,0.8444444444444444,0.9361702127659575,0.8181818181818182,0.8645685231174858,0.04534153521391022,444,1.0,1.0,1.0,1.0,1.0,1.0,0.0,0.8461538461538461,0.76,0.76,0.88,0.72,0.7932307692307692,0.05983488127966395,443,1.0,1.0,1.0,1.0,1.0,1.0,0.0,0.9295774647887324,0.8857142857142857,0.9,0.9571428571428572,0.8857142857142857,0.9116297786720322,0.02782817655284492,432,1.0,1.0,1.0,1.0,1.0,1.0,0.0,0.9709401709401709,0.9288888888888889,0.944,0.9946666666666667,0.9493333333333333,0.957565811965812,0.022932587178051682,358,1.0,1.0,1.0,1.0,1.0,1.0,0.0
0.6236412048339843,0.02844017159983548,0.06780457496643066,0.0064717003946518,,entropy,1,5,1.5,200,"{'estimator__class_weight': None, 'estimator__criterion': 'entropy', 'estimator__max_depth': 1, 'estimator__min_samples_leaf': 5, 'learning_rate': 1.5, 'n_estimators': 200}",0.9220978714066272,0.8704902867715079,0.8853801169590643,0.9519560741249142,0.8674242424242424,0.8994697183372711,0.032656049064641285,437,1.0,1.0,1.0,1.0,1.0,1.0,0.0,0.946236559139785,0.9148936170212766,0.9263157894736842,0.967741935483871,0.9166666666666666,0.9343709135570567,0.0200604541914283,425,1.0,1.0,1.0,1.0,1.0,1.0,0.0,0.8979591836734694,0.8260869565217391,0.8444444444444444,0.9361702127659575,0.8181818181818182,0.8645685231174858,0.04534153521391022,444,1.0,1.0,1.0,1.0,1.0,1.0,0.0,0.8461538461538461,0.76,0.76,0.88,0.72,0.7932307692307692,0.05983488127966395,443,1.0,1.0,1.0,1.0,1.0,1.0,0.0,0.9295774647887324,0.8857142857142857,0.9,0.9571428571428572,0.8857142857142857,0.9116297786720322,0.02782817655284492,432,1.0,1.0,1.0,1.0,1.0,1.0,0.0,0.9709401709401709,0.9288888888888889,0.944,0.9946666666666667,0.9493333333333333,0.957565811965812,0.022932587178051682,358,1.0,1.0,1.0,1.0,1.0,1.0,0.0
0.2780277252197266,0.01750556910442045,0.03799271583557129,0.004622362874945124,,entropy,1,1,1.5,100,"{'estimator__class_weight': None, 'estimator__criterion': 'entropy', 'estimator__max_depth': 1, 'estimator__min_samples_leaf': 1, 'learning_rate': 1.5, 'n_estimators': 100}",0.9055851063829787,0.9199267902081903,0.8674242424242424,0.9365942028985508,0.8674242424242424,0.8993909168676408,0.02788516135527695,440,1.0,1.0,1.0,1.0,1.0,1.0,0.0,0.9361702127659575,0.946236559139785,0.9166666666666666,0.9565217391304348,0.9166666666666666,0.9344523688739022,0.015884191118145444,422,1.0,1.0,1.0,1.0,1.0,1.0,0.0,0.875,0.8936170212765957,0.8181818181818182,0.9166666666666666,0.8181818181818182,0.8643294648613796,0.039924966028412855,447,1.0,1.0,1.0,1.0,1.0,1.0,0.0,0.8076923076923077,0.84,0.72,0.88,0.72,0.7935384615384615,0.06426572056887472,436,1.0,1.0,1.0,1.0,1.0,1.0,0.0,0.9154929577464789,0.9285714285714286,0.8857142857142857,0.9428571428571428,0.8857142857142857,0.9116700201207244,0.022892397783716528,420,1.0,1.0,1.0,1.0,1.0,1.0,0.0,0.9649572649572649,0.9528888888888889,0.9431111111111111,0.9875555555555555,0.9271111111111111,0.9551247863247865,0.020408459311855764,404,1.0,1.0,1.0,1.0,1.0,1.0,0.0
0.3315088748931885,0.01542908884941383,0.042817878723144534,0.003919660538206995,,entropy,1,2,1.5,100,"{'estimator__class_weight': None, 'estimator__criterion': 'entropy', 'estimator__max_depth': 1, 'estimator__min_samples_leaf': 2, 'learning_rate': 1.5, 'n_estimators': 100}",0.9055851063829787,0.9199267902081903,0.8674242424242424,0.9365942028985508,0.8674242424242424,0.8993909168676408,0.02788516135527695,440,1.0,1.0,1.0,1.0,1.0,1.0,0.0,0.9361702127659575,0.946236559139785,0.9166666666666666,0.9565217391304348,0.9166666666666666,0.9344523688739022,0.015884191118145444,422,1.0,1.0,1.0,1.0,1.0,1.0,0.0,0.875,0.8936170212765957,0.8181818181818182,0.9166666666666666,0.8181818181818182,0.8643294648613796,0.039924966028412855,447,1.0,1.0,1.0,1.0,1.0,1.0,0.0,0.8076923076923077,0.84,0.72,0.88,0.72,0.7935384615384615,0.06426572056887472,436,1.0,1.0,1.0,1.0,1.0,1.0,0.0,0.9154929577464789,0.9285714285714286,0.8857142857142857,0.9428571428571428,0.8857142857142857,0.9116700201207244,0.022892397783716528,420,1.0,1.0,1.0,1.0,1.0,1.0,0.0,0.9649572649572649,0.9528888888888889,0.9431111111111111,0.9875555555555555,0.9271111111111111,0.9551247863247865,0.020408459311855764,404,1.0,1.0,1.0,1.0,1.0,1.0,0.0
0.28620142936706544,0.017625421000402063,0.04421525001525879,0.004273767256706584,,entropy,1,5,1.5,100,"{'estimator__class_weight': None, 'estimator__criterion': 'entropy', 'estimator__max_depth': 1, 'estimator__min_samples_leaf': 5, 'learning_rate': 1.5, 'n_estimators': 100}",0.9055851063829787,0.9199267902081903,0.8674242424242424,0.9365942028985508,0.8674242424242424,0.8993909168676408,0.02788516135527695,440,1.0,1.0,1.0,1.0,1.0,1.0,0.0,0.9361702127659575,0.946236559139785,0.9166666666666666,0.9565217391304348,0.9166666666666666,0.9344523688739022,0.015884191118145444,422,1.0,1.0,1.0,1.0,1.0,1.0,0.0,0.875,0.8936170212765957,0.8181818181818182,0.9166666666666666,0.8181818181818182,0.8643294648613796,0.039924966028412855,447,1.0,1.0,1.0,1.0,1.0,1.0,0.0,0.8076923076923077,0.84,0.72,0.88,0.72,0.7935384615384615,0.06426572056887472,436,1.0,1.0,1.0,1.0,1.0,1.0,0.0,0.9154929577464789,0.9285714285714286,0.8857142857142857,0.9428571428571428,0.8857142857142857,0.9116700201207244,0.022892397783716528,420,1.0,1.0,1.0,1.0,1.0,1.0,0.0,0.9649572649572649,0.9528888888888889,0.9431111111111111,0.9875555555555555,0.9271111111111111,0.9551247863247865,0.020408459311855764,404,1.0,1.0,1.0,1.0,1.0,1.0,0.0
0.15288686752319336,0.006768829189004884,0.02720808982849121,0.004854884212160228,balanced,gini,3,1,1.5,25,"{'estimator__class_weight': 'balanced', 'estimator__criterion': 'gini', 'estimator__max_depth': 3, 'estimator__min_samples_leaf': 1, 'learning_rate': 1.5, 'n_estimators': 25}",0.9382608695652175,0.9028677150786308,0.8489570846319827,0.9181286549707601,0.8853801169590643,0.898718888241131,0.030369985226902273,443,1.0,1.0,1.0,1.0,1.0,1.0,0.0,0.9565217391304348,0.9361702127659575,0.9072164948453608,0.9473684210526315,0.9263157894736842,0.9347185314536137,0.01711417564991951,421,1.0,1.0,1.0,1.0,1.0,1.0,0.0,0.92,0.8695652173913043,0.7906976744186046,0.8888888888888888,0.8444444444444444,0.8627192450286485,0.04366664048671489,453,1.0,1.0,1.0,1.0,1.0,1.0,0.0,0.8846153846153846,0.8,0.68,0.8,0.76,0.7849230769230768,0.0663674547745688,472,1.0,1.0,1.0,1.0,1.0,1.0,0.0,0.9436619718309859,0.9142857142857143,0.8714285714285714,0.9285714285714286,0.9,0.9115895372233401,0.024785139147446535,437,1.0,1.0,1.0,1.0,1.0,1.0,0.0,0.9871794871794872,0.9368888888888889,0.8995555555555556,0.9857777777777778,0.9653333333333334,0.9549470085470085,0.03314107271291163,407,1.0,0.9999999999999999,1.0,1.0,1.0,1.0,4.965068306494546e-17
0.44948878288269045,0.014331430147578147,0.04466919898986817,0.004395467288341306,,entropy,2,2,1.5,100,"{'estimator__class_weight': None, 'estimator__criterion': 'entropy', 'estimator__max_depth': 2, 'estimator__min_samples_leaf': 2, 'learning_rate': 1.5, 'n_estimators': 100}",0.9055851063829787,0.8853801169590643,0.8639455782312926,0.9352451433857539,0.9028677150786308,0.8986047320075441,0.02360324461050376,444,1.0,1.0,1.0,1.0,1.0,1.0,0.0,0.9361702127659575,0.9263157894736842,0.9183673469387755,0.9574468085106383,0.9361702127659575,0.9348940740910028,0.013104217389664557,420,1.0,1.0,1.0,1.0,1.0,1.0,0.0,0.875,0.8444444444444444,0.8095238095238095,0.9130434782608695,0.8695652173913043,0.8623153899240856,0.03433109357676245,454,1.0,1.0,1.0,1.0,1.0,1.0,0.0,0.8076923076923077,0.76,0.68,0.84,0.8,0.7775384615384615,0.05502102879324825,480,1.0,1.0,1.0,1.0,1.0,1.0,0.0,0.9154929577464789,0.9,0.8857142857142857,0.9428571428571428,0.9142857142857143,0.9116700201207244,0.018994645828902933,420,1.0,1.0,1.0,1.0,1.0,1.0,0.0,0.9709401709401708,0.9413333333333334,0.952,0.9875555555555555,0.9546666666666668,0.9612991452991452,0.016195344877605388,246,1.0,1.0,1.0,1.0,1.0,1.0,0.0
0.2190843105316162,0.044136290792821754,0.040087890625,0.007172695898490689,balanced,gini,2,1,0.5,50,"{'estimator__class_weight': 'balanced', 'estimator__criterion': 'gini', 'estimator__max_depth': 2, 'estimator__min_samples_leaf': 1, 'learning_rate': 0.5, 'n_estimators': 50}",0.9532587228439764,0.9028677150786308,0.9028677150786308,0.9048913043478262,0.8273155416012559,0.898240199790064,0.040359410316711225,445,0.9961023956346831,0.9844044844044844,0.9922375690607734,0.9611878453038674,0.9727701870232706,0.9813404962854158,0.01285011621033871,0.967741935483871,0.9361702127659575,0.9361702127659575,0.9347826086956522,0.8791208791208791,0.9307971697664634,0.02866697624238788,455,0.997229916897507,0.989010989010989,0.994475138121547,0.9723756906077348,0.9807162534435262,0.9867615976162607,0.00913941665504153,0.9387755102040817,0.8695652173913043,0.8695652173913043,0.875,0.7755102040816326,0.8656832298136645,0.05213558839056472,432,0.9949748743718593,0.9797979797979798,0.99,0.95,0.964824120603015,0.9759193949545708,0.016561028364222533,0.8846153846153846,0.8,0.8,0.84,0.76,0.8169230769230769,0.04225591236948402,351,0.99,0.9603960396039604,0.9801980198019802,0.9405940594059405,0.9504950495049505,0.9643366336633663,0.01833586380780238,0.9577464788732394,0.9142857142857143,0.9142857142857143,0.9142857142857143,0.8428571428571429,0.9086921529175049,0.03697144636326577,455,0.9964285714285714,0.9857651245551602,0.9928825622775801,0.9644128113879004,0.9750889679715302,0.9829156075241483,0.011778538783697948,0.9837606837606838,0.9626666666666668,0.9359999999999999,0.9733333333333333,0.9031111111111111,0.951774358974359,0.029063718995554988,442,1.0,0.9997249724972498,1.0,0.993949394939494,0.9974422442244224,0.9982233223322332,0.0023428469287294445
0.3788295269012451,0.15927320258896682,0.05373148918151856,0.01085879185981162,balanced,gini,2,1,0.5,100,"{'estimator__class_weight': 'balanced', 'estimator__criterion': 'gini', 'estimator__max_depth': 2, 'estimator__min_samples_leaf': 1, 'learning_rate': 0.5, 'n_estimators': 100}",0.9532587228439764,0.9028677150786308,0.9028677150786308,0.9048913043478262,0.8273155416012559,0.898240199790064,0.040359410316711225,445,0.9961023956346831,0.9844044844044844,0.9922375690607734,0.9611878453038674,0.9727701870232706,0.9813404962854158,0.01285011621033871,0.967741935483871,0.9361702127659575,0.9361702127659575,0.9347826086956522,0.8791208791208791,0.9307971697664634,0.02866697624238788,455,0.997229916897507,0.989010989010989,0.994475138121547,0.9723756906077348,0.9807162534435262,0.9867615976162607,0.00913941665504153,0.9387755102040817,0.8695652173913043,0.8695652173913043,0.875,0.7755102040816326,0.8656832298136645,0.05213558839056472,432,0.9949748743718593,0.9797979797979798,0.99,0.95,0.964824120603015,0.9759193949545708,0.016561028364222533,0.8846153846153846,0.8,0.8,0.84,0.76,0.8169230769230769,0.04225591236948402,351,0.99,0.9603960396039604,0.9801980198019802,0.9405940594059405,0.9504950495049505,0.9643366336633663,0.01833586380780238,0.9577464788732394,0.9142857142857143,0.9142857142857143,0.9142857142857143,0.8428571428571429,0.9086921529175049,0.03697144636326577,455,0.9964285714285714,0.9857651245551602,0.9928825622775801,0.9644128113879004,0.9750889679715302,0.9829156075241483,0.011778538783697948,0.9837606837606838,0.9626666666666668,0.9359999999999999,0.9733333333333333,0.9031111111111111,0.951774358974359,0.029063718995554988,442,1.0,0.9997249724972498,1.0,0.993949394939494,0.9974422442244224,0.9982233223322332,0.0023428469287294445
0.6932203769683838,0.38648832137810685,0.07598199844360351,0.028854287735397412,balanced,gini,2,1,0.5,200,"{'estimator__class_weight': 'balanced', 'estimator__criterion': 'gini', 'estimator__max_depth': 2, 'estimator__min_samples_leaf': 1, 'learning_rate': 0.5, 'n_estimators': 200}",0.9532587228439764,0.9028677150786308,0.9028677150786308,0.9048913043478262,0.8273155416012559,0.898240199790064,0.040359410316711225,445,0.9961023956346831,0.9844044844044844,0.9922375690607734,0.9611878453038674,0.9727701870232706,0.9813404962854158,0.01285011621033871,0.967741935483871,0.9361702127659575,0.9361702127659575,0.9347826086956522,0.8791208791208791,0.9307971697664634,0.02866697624238788,455,0.997229916897507,0.989010989010989,0.994475138121547,0.9723756906077348,0.9807162534435262,0.9867615976162607,0.00913941665504153,0.9387755102040817,0.8695652173913043,0.8695652173913043,0.875,0.7755102040816326,0.8656832298136645,0.05213558839056472,432,0.9949748743718593,0.9797979797979798,0.99,0.95,0.964824120603015,0.9759193949545708,0.016561028364222533,0.8846153846153846,0.8,0.8,0.84,0.76,0.8169230769230769,0.04225591236948402,351,0.99,0.9603960396039604,0.9801980198019802,0.9405940594059405,0.9504950495049505,0.9643366336633663,0.01833586380780238,0.9577464788732394,0.9142857142857143,0.9142857142857143,0.9142857142857143,0.8428571428571429,0.9086921529175049,0.03697144636326577,455,0.9964285714285714,0.9857651245551602,0.9928825622775801,0.9644128113879004,0.9750889679715302,0.9829156075241483,0.011778538783697948,0.9837606837606838,0.9626666666666668,0.9359999999999999,0.9733333333333333,0.9031111111111111,0.951774358974359,0.029063718995554988,442,1.0,0.9997249724972498,1.0,0.993949394939494,0.9974422442244224,0.9982233223322332,0.0023428469287294445
0.2439110279083252,0.03694304294459667,0.03770647048950195,0.005592323895728071,balanced,gini,2,2,0.5,50,"{'estimator__class_weight': 'balanced', 'estimator__criterion': 'gini', 'estimator__max_depth': 2, 'estimator__min_samples_leaf': 2, 'learning_rate': 0.5, 'n_estimators': 50}",0.9532587228439764,0.9028677150786308,0.9028677150786308,0.9048913043478262,0.8273155416012559,0.898240199790064,0.040359410316711225,445,0.9961023956346831,0.9844044844044844,0.9922375690607734,0.9611878453038674,0.9727701870232706,0.9813404962854158,0.01285011621033871,0.967741935483871,0.9361702127659575,0.9361702127659575,0.9347826086956522,0.8791208791208791,0.9307971697664634,0.02866697624238788,455,0.997229916897507,0.989010989010989,0.994475138121547,0.9723756906077348,0.9807162534435262,0.9867615976162607,0.00913941665504153,0.9387755102040817,0.8695652173913043,0.8695652173913043,0.875,0.7755102040816326,0.8656832298136645,0.05213558839056472,432,0.9949748743718593,0.9797979797979798,0.99,0.95,0.964824120603015,0.9759193949545708,0.016561028364222533,0.8846153846153846,0.8,0.8,0.84,0.76,0.8169230769230769,0.04225591236948402,351,0.99,0.9603960396039604,0.9801980198019802,0.9405940594059405,0.9504950495049505,0.9643366336633663,0.01833586380780238,0.9577464788732394,0.9142857142857143,0.9142857142857143,0.9142857142857143,0.8428571428571429,0.9086921529175049,0.03697144636326577,455,0.9964285714285714,0.9857651245551602,0.9928825622775801,0.9644128113879004,0.9750889679715302,0.9829156075241483,0.011778538783697948,0.9837606837606838,0.9626666666666668,0.9368888888888889,0.9733333333333333,0.9031111111111111,0.9519521367521367,0.02896925129576201,438,1.0,0.9997249724972497,1.0,0.993949394939494,0.9974422442244224,0.9982233223322332,0.00234284692872943
0.34725422859191896,0.139912657984154,0.04462985992431641,0.006576403985183053,balanced,gini,2,2,0.5,100,"{'estimator__class_weight': 'balanced', 'estimator__criterion': 'gini', 'estimator__max_depth': 2, 'estimator__min_samples_leaf': 2, 'learning_rate': 0.5, 'n_estimators': 100}",0.9532587228439764,0.9028677150786308,0.9028677150786308,0.9048913043478262,0.8273155416012559,0.898240199790064,0.040359410316711225,445,0.9961023956346831,0.9844044844044844,0.9922375690607734,0.9611878453038674,0.9727701870232706,0.9813404962854158,0.01285011621033871,0.967741935483871,0.9361702127659575,0.9361702127659575,0.9347826086956522,0.8791208791208791,0.9307971697664634,0.02866697624238788,455,0.997229916897507,0.989010989010989,0.994475138121547,0.9723756906077348,0.9807162534435262,0.9867615976162607,0.00913941665504153,0.9387755102040817,0.8695652173913043,0.8695652173913043,0.875,0.7755102040816326,0.8656832298136645,0.05213558839056472,432,0.9949748743718593,0.9797979797979798,0.99,0.95,0.964824120603015,0.9759193949545708,0.016561028364222533,0.8846153846153846,0.8,0.8,0.84,0.76,0.8169230769230769,0.04225591236948402,351,0.99,0.9603960396039604,0.9801980198019802,0.9405940594059405,0.9504950495049505,0.9643366336633663,0.01833586380780238,0.9577464788732394,0.9142857142857143,0.9142857142857143,0.9142857142857143,0.8428571428571429,0.9086921529175049,0.03697144636326577,455,0.9964285714285714,0.9857651245551602,0.9928825622775801,0.9644128113879004,0.9750889679715302,0.9829156075241483,0.011778538783697948,0.9837606837606838,0.9626666666666668,0.9368888888888889,0.9733333333333333,0.9031111111111111,0.9519521367521367,0.02896925129576201,438,1.0,0.9997249724972497,1.0,0.993949394939494,0.9974422442244224,0.9982233223322332,0.00234284692872943
0.4149636745452881,0.26040803565299775,0.054392242431640626,0.022857447391566334,balanced,gini,2,2,0.5,200,"{'estimator__class_weight': 'balanced', 'estimator__criterion': 'gini', 'estimator__max_depth': 2, 'estimator__min_samples_leaf': 2, 'learning_rate': 0.5, 'n_estimators': 200}",0.9532587228439764,0.9028677150786308,0.9028677150786308,0.9048913043478262,0.8273155416012559,0.898240199790064,0.040359410316711225,445,0.9961023956346831,0.9844044844044844,0.9922375690607734,0.9611878453038674,0.9727701870232706,0.9813404962854158,0.01285011621033871,0.967741935483871,0.9361702127659575,0.9361702127659575,0.9347826086956522,0.8791208791208791,0.9307971697664634,0.02866697624238788,455,0.997229916897507,0.989010989010989,0.994475138121547,0.9723756906077348,0.9807162534435262,0.9867615976162607,0.00913941665504153,0.9387755102040817,0.8695652173913043,0.8695652173913043,0.875,0.7755102040816326,0.8656832298136645,0.05213558839056472,432,0.9949748743718593,0.9797979797979798,0.99,0.95,0.964824120603015,0.9759193949545708,0.016561028364222533,0.8846153846153846,0.8,0.8,0.84,0.76,0.8169230769230769,0.04225591236948402,351,0.99,0.9603960396039604,0.9801980198019802,0.9405940594059405,0.9504950495049505,0.9643366336633663,0.01833586380780238,0.9577464788732394,0.9142857142857143,0.9142857142857143,0.9142857142857143,0.8428571428571429,0.9086921529175049,0.03697144636326577,455,0.9964285714285714,0.9857651245551602,0.9928825622775801,0.9644128113879004,0.9750889679715302,0.9829156075241483,0.011778538783697948,0.9837606837606838,0.9626666666666668,0.9368888888888889,0.9733333333333333,0.9031111111111111,0.9519521367521367,0.02896925129576201,438,1.0,0.9997249724972497,1.0,0.993949394939494,0.9974422442244224,0.9982233223322332,0.00234284692872943
0.051688432693481445,0.002818937369083097,0.018565273284912108,0.0016677197809162375,,gini,1,1,1.0,25,"{'estimator__class_weight': None, 'estimator__criterion': 'gini', 'estimator__max_depth': 1, 'estimator__min_samples_leaf': 1, 'learning_rate': 1.0, 'n_estimators': 25}",0.9370567375886525,0.9028677150786308,0.8489570846319827,0.9529042386185244,0.8470279720279721,0.8977627495891525,0.04374167935510459,451,0.9607535321821037,0.9534254143646408,0.9685118780815778,0.9570127251234268,0.9570127251234268,0.9593432549750351,0.005136849379514887,0.9574468085106383,0.9361702127659575,0.9072164948453608,0.967032967032967,0.8863636363636364,0.9308460239037121,0.030273688333501178,452,0.9725274725274725,0.9668508287292817,0.9782608695652174,0.9698630136986301,0.9698630136986301,0.9714730396438463,0.0038401995931146913,0.9166666666666666,0.8695652173913043,0.7906976744186046,0.9387755102040817,0.8076923076923077,0.864679475274593,0.05820241414939023,441,0.9489795918367347,0.94,0.9587628865979382,0.9441624365482234,0.9441624365482234,0.947213470306224,0.006436768906579468,0.8461538461538461,0.8,0.68,0.92,0.84,0.8172307692307692,0.07879807164312179,333,0.93,0.9306930693069307,0.9207920792079208,0.9207920792079208,0.9207920792079208,0.9246138613861387,0.0046858364283269656,0.9436619718309859,0.9142857142857143,0.8714285714285714,0.9571428571428572,0.8571428571428571,0.9087323943661971,0.039108933012619224,451,0.9642857142857143,0.9572953736654805,0.9715302491103203,0.9608540925266904,0.9608540925266904,0.9629639044229792,0.004820047635443306,0.9858974358974358,0.9568888888888889,0.9324444444444444,0.9684444444444444,0.9102222222222223,0.9507794871794871,0.02669723341279284,452,0.9938888888888888,0.9961496149614962,0.9965896589658967,0.9933718371837184,0.9956270627062707,0.9951254125412543,0.001268753589566151
0.05469427108764648,0.003320828221596483,0.01873669624328613,0.0004787456846792619,,gini,1,2,1.0,25,"{'estimator__class_weight': None, 'estimator__criterion': 'gini', 'estimator__max_depth': 1, 'estimator__min_samples_leaf': 2, 'learning_rate': 1.0, 'n_estimators': 25}",0.9370567375886525,0.9028677150786308,0.8489570846319827,0.9529042386185244,0.8470279720279721,0.8977627495891525,0.04374167935510459,451,0.9607535321821037,0.9534254143646408,0.9685118780815778,0.9570127251234268,0.9570127251234268,0.9593432549750351,0.005136849379514887,0.9574468085106383,0.9361702127659575,0.9072164948453608,0.967032967032967,0.8863636363636364,0.9308460239037121,0.030273688333501178,452,0.9725274725274725,0.9668508287292817,0.9782608695652174,0.9698630136986301,0.9698630136986301,0.9714730396438463,0.0038401995931146913,0.9166666666666666,0.8695652173913043,0.7906976744186046,0.9387755102040817,0.8076923076923077,0.864679475274593,0.05820241414939023,441,0.9489795918367347,0.94,0.9587628865979382,0.9441624365482234,0.9441624365482234,0.947213470306224,0.006436768906579468,0.8461538461538461,0.8,0.68,0.92,0.84,0.8172307692307692,0.07879807164312179,333,0.93,0.9306930693069307,0.9207920792079208,0.9207920792079208,0.9207920792079208,0.9246138613861387,0.0046858364283269656,0.9436619718309859,0.9142857142857143,0.8714285714285714,0.9571428571428572,0.8571428571428571,0.9087323943661971,0.039108933012619224,451,0.9642857142857143,0.9572953736654805,0.9715302491103203,0.9608540925266904,0.9608540925266904,0.9629639044229792,0.004820047635443306,0.9858974358974358,0.9568888888888889,0.9324444444444444,0.9684444444444444,0.9102222222222223,0.9507794871794871,0.02669723341279284,452,0.9938888888888888,0.9961496149614962,0.9965896589658967,0.9933718371837184,0.9956270627062707,0.9951254125412543,0.001268753589566151
0.0543701171875,0.001244455489598546,0.018724727630615234,0.00038149569542230306,,gini,1,5,1.0,25,"{'estimator__class_weight': None, 'estimator__criterion': 'gini', 'estimator__max_depth': 1, 'estimator__min_samples_leaf': 5, 'learning_rate': 1.0, 'n_estimators': 25}",0.9370567375886525,0.9028677150786308,0.8489570846319827,0.9529042386185244,0.8470279720279721,0.8977627495891525,0.04374167935510459,451,0.9607535321821037,0.9534254143646408,0.9685118780815778,0.9570127251234268,0.9570127251234268,0.9593432549750351,0.005136849379514887,0.9574468085106383,0.9361702127659575,0.9072164948453608,0.967032967032967,0.8863636363636364,0.9308460239037121,0.030273688333501178,452,0.9725274725274725,0.9668508287292817,0.9782608695652174,0.9698630136986301,0.9698630136986301,0.9714730396438463,0.0038401995931146913,0.9166666666666666,0.8695652173913043,0.7906976744186046,0.9387755102040817,0.8076923076923077,0.864679475274593,0.05820241414939023,441,0.9489795918367347,0.94,0.9587628865979382,0.9441624365482234,0.9441624365482234,0.947213470306224,0.006436768906579468,0.8461538461538461,0.8,0.68,0.92,0.84,0.8172307692307692,0.07879807164312179,333,0.93,0.9306930693069307,0.9207920792079208,0.9207920792079208,0.9207920792079208,0.9246138613861387,0.0046858364283269656,0.9436619718309859,0.9142857142857143,0.8714285714285714,0.9571428571428572,0.8571428571428571,0.9087323943661971,0.039108933012619224,451,0.9642857142857143,0.9572953736654805,0.9715302491103203,0.9608540925266904,0.9608540925266904,0.9629639044229792,0.004820047635443306,0.9858974358974358,0.9568888888888889,0.9324444444444444,0.9684444444444444,0.9102222222222223,0.9507794871794871,0.02669723341279284,452,0.9938888888888888,0.9961496149614962,0.9965896589658967,0.9933718371837184,0.9956270627062707,0.9951254125412543,0.001268753589566151
0.14647307395935058,0.006375916513420737,0.03511700630187988,0.0040065771878746905,,gini,3,1,1.5,25,"{'estimator__class_weight': None, 'estimator__criterion': 'gini', 'estimator__max_depth': 3, 'estimator__min_samples_leaf': 1, 'learning_rate': 1.5, 'n_estimators': 25}",0.8713768115942029,0.8901098901098901,0.9005681818181819,0.9215070643642072,0.9028677150786308,0.8972859325930225,0.01644001713272216,454,1.0,1.0,1.0,1.0,1.0,1.0,0.0,0.9166666666666666,0.9230769230769231,0.9375,0.945054945054945,0.9361702127659575,0.9316937495128984,0.010318291825520324,451,1.0,1.0,1.0,1.0,1.0,1.0,0.0,0.8260869565217391,0.8571428571428571,0.8636363636363636,0.8979591836734694,0.8695652173913043,0.8628781156731467,0.023075771638319847,452,1.0,1.0,1.0,1.0,1.0,1.0,0.0,0.7307692307692307,0.84,0.76,0.88,0.8,0.802153846153846,0.053609148737900764,416,1.0,1.0,1.0,1.0,1.0,1.0,0.0,0.8873239436619719,0.9,0.9142857142857143,0.9285714285714286,0.9142857142857143,0.9088933601609659,0.014069206981489484,445,1.0,1.0,1.0,1.0,1.0,1.0,0.0,0.9547008547008548,0.9262222222222222,0.9208888888888889,0.9697777777777778,0.9440000000000001,0.9431179487179489,0.018029336569461655,471,1.0,1.0,1.0,1.0,1.0,1.0,0.0
0.27797255516052244,0.016208714763263576,0.037048864364624026,0.006482174687458634,balanced,gini,3,5,1.5,50,"{'estimator__class_weight': 'balanced', 'estimator__criterion': 'gini', 'estimator__max_depth': 3, 'estimator__min_samples_leaf': 5, 'learning_rate': 1.5, 'n_estimators': 50}",0.9055851063829787,0.9028677150786308,0.8489570846319827,0.9028677150786308,0.9215070643642072,0.8963569371072861,0.024694997402247204,455,1.0,1.0,1.0,1.0,1.0,1.0,0.0,0.9361702127659575,0.9361702127659575,0.9072164948453608,0.9361702127659575,0.945054945054945,0.9321564156396356,0.012936022668626637,450,1.0,1.0,1.0,1.0,1.0,1.0,0.0,0.875,0.8695652173913043,0.7906976744186046,0.8695652173913043,0.8979591836734694,0.8605574585749365,0.03646956244135069,455,1.0,1.0,1.0,1.0,1.0,1.0,0.0,0.8076923076923077,0.8,0.68,0.8,0.88,0.7935384615384615,0.0642657205688747,436,1.0,1.0,1.0,1.0,1.0,1.0,0.0,0.9154929577464789,0.9142857142857143,0.8714285714285714,0.9142857142857143,0.9285714285714286,0.9088128772635814,0.019455148613927543,447,1.0,1.0,1.0,1.0,1.0,1.0,0.0,0.9820512820512821,0.9164444444444444,0.952888888888889,0.9635555555555556,0.9564444444444444,0.9542769230769231,0.021426288826452717,410,1.0,1.0,1.0,1.0,1.0,1.0,0.0
0.2594747543334961,0.04857302475775989,0.05735306739807129,0.012646433018029283,,gini,2,5,1.5,50,"{'estimator__class_weight': None, 'estimator__criterion': 'gini', 'estimator__max_depth': 2, 'estimator__min_samples_leaf': 5, 'learning_rate': 1.5, 'n_estimators': 50}",0.9370567375886525,0.8853801169590643,0.8526315789473684,0.9352451433857539,0.8704902867715079,0.8961607727304693,0.03426384412420458,456,1.0,1.0,1.0,1.0,1.0,1.0,0.0,0.9574468085106383,0.9263157894736842,0.9052631578947369,0.9574468085106383,0.9148936170212766,0.9322732362821948,0.021607888143493625,449,1.0,1.0,1.0,1.0,1.0,1.0,0.0,0.9166666666666666,0.8444444444444444,0.8,0.9130434782608695,0.8260869565217391,0.8600483091787439,0.04693991873627194,456,1.0,1.0,1.0,1.0,1.0,1.0,0.0,0.8461538461538461,0.76,0.72,0.84,0.76,0.7852307692307692,0.04947631075013361,459,1.0,1.0,1.0,1.0,1.0,1.0,0.0,0.9436619718309859,0.9,0.8714285714285714,0.9428571428571428,0.8857142857142857,0.9087323943661971,0.02960485461703435,451,1.0,1.0,1.0,1.0,1.0,1.0,0.0,0.9965811965811966,0.9537777777777777,0.9457777777777777,0.9875555555555555,0.9146666666666667,0.9596717948717949,0.029641365547790302,306,1.0,1.0,1.0,1.0,1.0,1.0,0.0
0.22656784057617188,0.013702077465221408,0.03321962356567383,0.0012310518996613386,,entropy,2,5,1.5,50,"{'estimator__class_weight': None, 'estimator__criterion': 'entropy', 'estimator__max_depth': 2, 'estimator__min_samples_leaf': 5, 'learning_rate': 1.5, 'n_estimators': 50}",0.8886898096304592,0.8704902867715079,0.9005681818181819,0.9352451433857539,0.8853801169590643,0.8960747077129934,0.02180819995470712,457,1.0,1.0,1.0,1.0,1.0,1.0,0.0,0.9263157894736842,0.9148936170212766,0.9375,0.9574468085106383,0.9263157894736842,0.9324944008958568,0.014379267988167502,448,1.0,1.0,1.0,1.0,1.0,1.0,0.0,0.851063829787234,0.8260869565217391,0.8636363636363636,0.9130434782608695,0.8444444444444444,0.8596550145301303,0.02931949391209545,457,1.0,1.0,1.0,1.0,1.0,1.0,0.0,0.7692307692307693,0.76,0.76,0.84,0.76,0.7778461538461539,0.03128188314372635,473,1.0,1.0,1.0,1.0,1.0,1.0,0.0,0.9014084507042254,0.8857142857142857,0.9142857142857143,0.9428571428571428,0.9,0.9088531187122737,0.019261324657986828,446,1.0,1.0,1.0,1.0,1.0,1.0,0.0,0.9623931623931623,0.952,0.936888888888889,0.9857777777777778,0.9475555555555555,0.9569230769230769,0.016588378037740846,378,1.0,1.0,1.0,1.0,1.0,1.0,0.0
0.049044561386108396,0.0018760589151536938,0.01762223243713379,0.000540411586841193,,gini,1,1,0.5,25,"{'estimator__class_weight': None, 'estimator__criterion': 'gini', 'estimator__max_depth': 1, 'estimator__min_samples_leaf': 1, 'learning_rate': 0.5, 'n_estimators': 25}",0.9204927211646137,0.9352451433857539,0.8447893569844789,0.9352451433857539,0.8381128584643849,0.894777044676997,0.04392318058474696,458,0.9436490138577425,0.9360564341790876,0.9149184653315454,0.923021468633303,0.9106130711393869,0.925651690628213,0.012493539137721218,0.9473684210526315,0.9574468085106383,0.9090909090909091,0.9574468085106383,0.8936170212765957,0.9329939936882827,0.026549605937210185,437,0.9625668449197861,0.9572192513368984,0.9445910290237467,0.9498680738786279,0.9421052631578948,0.9512700924633908,0.007662620284276088,0.8936170212765957,0.9130434782608695,0.7804878048780488,0.9130434782608695,0.782608695652174,0.8565600956657116,0.06165997687991385,461,0.9247311827956989,0.9148936170212766,0.8852459016393442,0.8961748633879781,0.8791208791208791,0.9000332887930356,0.017330311404896912,0.8076923076923077,0.84,0.64,0.84,0.72,0.7695384615384615,0.07825553650753944,482,0.86,0.8514851485148515,0.801980198019802,0.8118811881188119,0.7920792079207921,0.8234851485148514,0.027205816570165353,0.9295774647887324,0.9428571428571428,0.8714285714285714,0.9428571428571428,0.8571428571428571,0.9087726358148892,0.036923058757015806,448,0.95,0.9430604982206405,0.9252669039145908,0.9323843416370107,0.9217081850533808,0.9344839857651245,0.010647886651977764,0.9816239316239317,0.9742222222222223,0.9533333333333334,0.9657777777777777,0.8915555555555555,0.9533025641025642,0.03227400477664929,411,0.97475,0.9838833883388338,0.9755225522552256,0.9824807480748073,0.9847084708470848,0.9802690319031904,0.004257996270576408
0.04875416755676269,0.0003564727693835703,0.01751861572265625,0.00023800688484458527,,gini,1,2,0.5,25,"{'estimator__class_weight': None, 'estimator__criterion': 'gini', 'estimator__max_depth': 1, 'estimator__min_samples_leaf': 2, 'learning_rate': 0.5, 'n_estimators': 25}",0.9204927211646137,0.9352451433857539,0.8447893569844789,0.9352451433857539,0.8381128584643849,0.894777044676997,0.04392318058474696,458,0.9436490138577425,0.9360564341790876,0.9149184653315454,0.923021468633303,0.9106130711393869,0.925651690628213,0.012493539137721218,0.9473684210526315,0.9574468085106383,0.9090909090909091,0.9574468085106383,0.8936170212765957,0.9329939936882827,0.026549605937210185,437,0.9625668449197861,0.9572192513368984,0.9445910290237467,0.9498680738786279,0.9421052631578948,0.9512700924633908,0.007662620284276088,0.8936170212765957,0.9130434782608695,0.7804878048780488,0.9130434782608695,0.782608695652174,0.8565600956657116,0.06165997687991385,461,0.9247311827956989,0.9148936170212766,0.8852459016393442,0.8961748633879781,0.8791208791208791,0.9000332887930356,0.017330311404896912,0.8076923076923077,0.84,0.64,0.84,0.72,0.7695384615384615,0.07825553650753944,482,0.86,0.8514851485148515,0.801980198019802,0.8118811881188119,0.7920792079207921,0.8234851485148514,0.027205816570165353,0.9295774647887324,0.9428571428571428,0.8714285714285714,0.9428571428571428,0.8571428571428571,0.9087726358148892,0.036923058757015806,448,0.95,0.9430604982206405,0.9252669039145908,0.9323843416370107,0.9217081850533808,0.9344839857651245,0.010647886651977764,0.9816239316239317,0.9742222222222223,0.9533333333333334,0.9657777777777777,0.8915555555555555,0.9533025641025642,0.03227400477664929,411,0.97475,0.9838833883388338,0.9755225522552256,0.9824807480748073,0.9847084708470848,0.9802690319031904,0.004257996270576408
0.05164251327514648,0.002457498634263282,0.01816239356994629,0.0006138479884538441,,gini,1,5,0.5,25,"{'estimator__class_weight': None, 'estimator__criterion': 'gini', 'estimator__max_depth': 1, 'estimator__min_samples_leaf': 5, 'learning_rate': 0.5, 'n_estimators': 25}",0.9204927211646137,0.9352451433857539,0.8447893569844789,0.9352451433857539,0.8381128584643849,0.894777044676997,0.04392318058474696,458,0.9436490138577425,0.9360564341790876,0.9149184653315454,0.923021468633303,0.9106130711393869,0.925651690628213,0.012493539137721218,0.9473684210526315,0.9574468085106383,0.9090909090909091,0.9574468085106383,0.8936170212765957,0.9329939936882827,0.026549605937210185,437,0.9625668449197861,0.9572192513368984,0.9445910290237467,0.9498680738786279,0.9421052631578948,0.9512700924633908,0.007662620284276088,0.8936170212765957,0.9130434782608695,0.7804878048780488,0.9130434782608695,0.782608695652174,0.8565600956657116,0.06165997687991385,461,0.9247311827956989,0.9148936170212766,0.8852459016393442,0.8961748633879781,0.8791208791208791,0.9000332887930356,0.017330311404896912,0.8076923076923077,0.84,0.64,0.84,0.72,0.7695384615384615,0.07825553650753944,482,0.86,0.8514851485148515,0.801980198019802,0.8118811881188119,0.7920792079207921,0.8234851485148514,0.027205816570165353,0.9295774647887324,0.9428571428571428,0.8714285714285714,0.9428571428571428,0.8571428571428571,0.9087726358148892,0.036923058757015806,448,0.95,0.9430604982206405,0.9252669039145908,0.9323843416370107,0.9217081850533808,0.9344839857651245,0.010647886651977764,0.9816239316239317,0.9742222222222223,0.9533333333333334,0.9657777777777777,0.8915555555555555,0.9533025641025642,0.03227400477664929,411,0.97475,0.9838833883388338,0.9755225522552256,0.9824807480748073,0.9847084708470848,0.9802690319031904,0.004257996270576408
0.14465031623840333,0.07188780912632178,0.037262248992919925,0.008843050206069613,balanced,gini,1,1,1.5,50,"{'estimator__class_weight': 'balanced', 'estimator__criterion': 'gini', 'estimator__max_depth': 1, 'estimator__min_samples_leaf': 1, 'learning_rate': 1.5, 'n_estimators': 50}",0.9382608695652175,0.858712715855573,0.9028677150786308,0.8901098901098901,0.8704902867715079,0.8920882954761638,0.027685446963288476,461,1.0,0.9335651206452958,1.0,0.961523715631504,0.9961441881526407,0.9782466048858881,0.02661891787330345,0.9565217391304348,0.9010989010989011,0.9361702127659575,0.9230769230769231,0.9148936170212766,0.9263522786186987,0.01890158794480405,471,1.0,0.9534246575342465,1.0,0.9720670391061452,0.9972144846796658,0.9845412362640115,0.01877447759312674,0.92,0.8163265306122449,0.8695652173913043,0.8571428571428571,0.8260869565217391,0.8578243123336291,0.03669728875887874,458,1.0,0.9137055837563451,1.0,0.9509803921568627,0.9950738916256158,0.9719519735077646,0.034468698324998145,0.8846153846153846,0.8,0.8,0.84,0.76,0.8169230769230769,0.04225591236948402,351,1.0,0.8910891089108911,1.0,0.9603960396039604,1.0,0.9702970297029703,0.04247051601886578,0.9436619718309859,0.8714285714285714,0.9142857142857143,0.9,0.8857142857142857,0.9030181086519115,0.024840743470816076,462,1.0,0.9395017793594306,1.0,0.9644128113879004,0.99644128113879,0.9800711743772241,0.02430373107325819,0.9833333333333333,0.9213333333333332,0.9439999999999998,0.9395555555555556,0.9493333333333333,0.9475111111111112,0.020235844007998525,462,1.0,0.983085808580858,1.0,0.9943619361936195,0.9997799779977997,0.9954455445544556,0.006545391088428464
0.15043401718139648,0.07391768018673317,0.039476537704467775,0.004907743426722505,balanced,gini,1,2,1.5,50,"{'estimator__class_weight': 'balanced', 'estimator__criterion': 'gini', 'estimator__max_depth': 1, 'estimator__min_samples_leaf': 2, 'learning_rate': 1.5, 'n_estimators': 50}",0.9382608695652175,0.858712715855573,0.9028677150786308,0.8901098901098901,0.8704902867715079,0.8920882954761638,0.027685446963288476,461,1.0,0.9335651206452958,1.0,0.961523715631504,0.9961441881526407,0.9782466048858881,0.02661891787330345,0.9565217391304348,0.9010989010989011,0.9361702127659575,0.9230769230769231,0.9148936170212766,0.9263522786186987,0.01890158794480405,471,1.0,0.9534246575342465,1.0,0.9720670391061452,0.9972144846796658,0.9845412362640115,0.01877447759312674,0.92,0.8163265306122449,0.8695652173913043,0.8571428571428571,0.8260869565217391,0.8578243123336291,0.03669728875887874,458,1.0,0.9137055837563451,1.0,0.9509803921568627,0.9950738916256158,0.9719519735077646,0.034468698324998145,0.8846153846153846,0.8,0.8,0.84,0.76,0.8169230769230769,0.04225591236948402,351,1.0,0.8910891089108911,1.0,0.9603960396039604,1.0,0.9702970297029703,0.04247051601886578,0.9436619718309859,0.8714285714285714,0.9142857142857143,0.9,0.8857142857142857,0.9030181086519115,0.024840743470816076,462,1.0,0.9395017793594306,1.0,0.9644128113879004,0.99644128113879,0.9800711743772241,0.02430373107325819,0.9833333333333333,0.9213333333333332,0.9439999999999998,0.9395555555555556,0.9493333333333333,0.9475111111111112,0.020235844007998525,462,1.0,0.983085808580858,1.0,0.9943619361936195,0.9997799779977997,0.9954455445544556,0.006545391088428464
0.13847012519836427,0.06596355969870693,0.036077690124511716,0.006668994784527884,balanced,gini,1,5,1.5,50,"{'estimator__class_weight': 'balanced', 'estimator__criterion': 'gini', 'estimator__max_depth': 1, 'estimator__min_samples_leaf': 5, 'learning_rate': 1.5, 'n_estimators': 50}",0.9382608695652175,0.858712715855573,0.9028677150786308,0.8901098901098901,0.8704902867715079,0.8920882954761638,0.027685446963288476,461,1.0,0.9335651206452958,1.0,0.961523715631504,0.9961441881526407,0.9782466048858881,0.02661891787330345,0.9565217391304348,0.9010989010989011,0.9361702127659575,0.9230769230769231,0.9148936170212766,0.9263522786186987,0.01890158794480405,471,1.0,0.9534246575342465,1.0,0.9720670391061452,0.9972144846796658,0.9845412362640115,0.01877447759312674,0.92,0.8163265306122449,0.8695652173913043,0.8571428571428571,0.8260869565217391,0.8578243123336291,0.03669728875887874,458,1.0,0.9137055837563451,1.0,0.9509803921568627,0.9950738916256158,0.9719519735077646,0.034468698324998145,0.8846153846153846,0.8,0.8,0.84,0.76,0.8169230769230769,0.04225591236948402,351,1.0,0.8910891089108911,1.0,0.9603960396039604,1.0,0.9702970297029703,0.04247051601886578,0.9436619718309859,0.8714285714285714,0.9142857142857143,0.9,0.8857142857142857,0.9030181086519115,0.024840743470816076,462,1.0,0.9395017793594306,1.0,0.9644128113879004,0.99644128113879,0.9800711743772241,0.02430373107325819,0.9833333333333333,0.9213333333333332,0.9439999999999998,0.9395555555555556,0.9493333333333333,0.9475111111111112,0.020235844007998525,462,1.0,0.983085808580858,1.0,0.9943619361936195,0.9997799779977997,0.9954455445544556,0.006545391088428464
0.2198653221130371,0.15769579744211296,0.04565167427062988,0.011205666698291586,balanced,gini,1,1,1.5,100,"{'estimator__class_weight': 'balanced', 'estimator__criterion': 'gini', 'estimator__max_depth': 1, 'estimator__min_samples_leaf': 1, 'learning_rate': 1.5, 'n_estimators': 100}",0.9532587228439764,0.858712715855573,0.8853801169590643,0.8901098901098901,0.8704902867715079,0.8915903465080023,0.03277162937759958,464,1.0,0.9335651206452958,1.0,0.961523715631504,0.9961441881526407,0.9782466048858881,0.02661891787330345,0.967741935483871,0.9010989010989011,0.9263157894736842,0.9230769230769231,0.9148936170212766,0.9266254332309313,0.022327086309459114,465,1.0,0.9534246575342465,1.0,0.9720670391061452,0.9972144846796658,0.9845412362640115,0.01877447759312674,0.9387755102040817,0.8163265306122449,0.8444444444444444,0.8571428571428571,0.8260869565217391,0.8565552597850734,0.04348299633751429,464,1.0,0.9137055837563451,1.0,0.9509803921568627,0.9950738916256158,0.9719519735077646,0.034468698324998145,0.8846153846153846,0.8,0.76,0.84,0.76,0.8089230769230769,0.0480867066968278,402,1.0,0.8910891089108911,1.0,0.9603960396039604,1.0,0.9702970297029703,0.04247051601886578,0.9577464788732394,0.8714285714285714,0.9,0.9,0.8857142857142857,0.9029778672032194,0.029362307539165727,465,1.0,0.9395017793594306,1.0,0.9644128113879004,0.99644128113879,0.9800711743772241,0.02430373107325819,0.9880341880341881,0.9213333333333332,0.9626666666666667,0.9395555555555556,0.9493333333333333,0.9521846153846154,0.02242538661404188,434,1.0,0.983085808580858,1.0,0.9943619361936195,0.9997799779977997,0.9954455445544556,0.006545391088428464
0.22811226844787597,0.17238889019792603,0.048146820068359374,0.015720446098148627,balanced,gini,1,1,1.5,200,"{'estimator__class_weight': 'balanced', 'estimator__criterion': 'gini', 'estimator__max_depth': 1, 'estimator__min_samples_leaf': 1, 'learning_rate': 1.5, 'n_estimators': 200}",0.9532587228439764,0.858712715855573,0.8853801169590643,0.8901098901098901,0.8704902867715079,0.8915903465080023,0.03277162937759958,464,1.0,0.9335651206452958,1.0,0.961523715631504,0.9961441881526407,0.9782466048858881,0.02661891787330345,0.967741935483871,0.9010989010989011,0.9263157894736842,0.9230769230769231,0.9148936170212766,0.9266254332309313,0.022327086309459114,465,1.0,0.9534246575342465,1.0,0.9720670391061452,0.9972144846796658,0.9845412362640115,0.01877447759312674,0.9387755102040817,0.8163265306122449,0.8444444444444444,0.8571428571428571,0.8260869565217391,0.8565552597850734,0.04348299633751429,464,1.0,0.9137055837563451,1.0,0.9509803921568627,0.9950738916256158,0.9719519735077646,0.034468698324998145,0.8846153846153846,0.8,0.76,0.84,0.76,0.8089230769230769,0.0480867066968278,402,1.0,0.8910891089108911,1.0,0.9603960396039604,1.0,0.9702970297029703,0.04247051601886578,0.9577464788732394,0.8714285714285714,0.9,0.9,0.8857142857142857,0.9029778672032194,0.029362307539165727,465,1.0,0.9395017793594306,1.0,0.9644128113879004,0.99644128113879,0.9800711743772241,0.02430373107325819,0.9880341880341881,0.9213333333333332,0.9644444444444444,0.9395555555555556,0.9493333333333333,0.952540170940171,0.02260215801501037,422,1.0,0.983085808580858,1.0,0.9943619361936195,0.9997799779977997,0.9954455445544556,0.006545391088428464
0.19627118110656738,0.14106252865348382,0.043426799774169925,0.012353412592869267,balanced,gini,1,2,1.5,100,"{'estimator__class_weight': 'balanced', 'estimator__criterion': 'gini', 'estimator__max_depth': 1, 'estimator__min_samples_leaf': 2, 'learning_rate': 1.5, 'n_estimators': 100}",0.9532587228439764,0.858712715855573,0.8853801169590643,0.8901098901098901,0.8704902867715079,0.8915903465080023,0.03277162937759958,464,1.0,0.9335651206452958,1.0,0.961523715631504,0.9961441881526407,0.9782466048858881,0.02661891787330345,0.967741935483871,0.9010989010989011,0.9263157894736842,0.9230769230769231,0.9148936170212766,0.9266254332309313,0.022327086309459114,465,1.0,0.9534246575342465,1.0,0.9720670391061452,0.9972144846796658,0.9845412362640115,0.01877447759312674,0.9387755102040817,0.8163265306122449,0.8444444444444444,0.8571428571428571,0.8260869565217391,0.8565552597850734,0.04348299633751429,464,1.0,0.9137055837563451,1.0,0.9509803921568627,0.9950738916256158,0.9719519735077646,0.034468698324998145,0.8846153846153846,0.8,0.76,0.84,0.76,0.8089230769230769,0.0480867066968278,402,1.0,0.8910891089108911,1.0,0.9603960396039604,1.0,0.9702970297029703,0.04247051601886578,0.9577464788732394,0.8714285714285714,0.9,0.9,0.8857142857142857,0.9029778672032194,0.029362307539165727,465,1.0,0.9395017793594306,1.0,0.9644128113879004,0.99644128113879,0.9800711743772241,0.02430373107325819,0.9880341880341881,0.9213333333333332,0.9626666666666667,0.9395555555555556,0.9493333333333333,0.9521846153846154,0.02242538661404188,434,1.0,0.983085808580858,1.0,0.9943619361936195,0.9997799779977997,0.9954455445544556,0.006545391088428464
0.22446746826171876,0.18024036747298441,0.043502283096313474,0.0164949901180649,balanced,gini,1,2,1.5,200,"{'estimator__class_weight': 'balanced', 'estimator__criterion': 'gini', 'estimator__max_depth': 1, 'estimator__min_samples_leaf': 2, 'learning_rate': 1.5, 'n_estimators': 200}",0.9532587228439764,0.858712715855573,0.8853801169590643,0.8901098901098901,0.8704902867715079,0.8915903465080023,0.03277162937759958,464,1.0,0.9335651206452958,1.0,0.961523715631504,0.9961441881526407,0.9782466048858881,0.02661891787330345,0.967741935483871,0.9010989010989011,0.9263157894736842,0.9230769230769231,0.9148936170212766,0.9266254332309313,0.022327086309459114,465,1.0,0.9534246575342465,1.0,0.9720670391061452,0.9972144846796658,0.9845412362640115,0.01877447759312674,0.9387755102040817,0.8163265306122449,0.8444444444444444,0.8571428571428571,0.8260869565217391,0.8565552597850734,0.04348299633751429,464,1.0,0.9137055837563451,1.0,0.9509803921568627,0.9950738916256158,0.9719519735077646,0.034468698324998145,0.8846153846153846,0.8,0.76,0.84,0.76,0.8089230769230769,0.0480867066968278,402,1.0,0.8910891089108911,1.0,0.9603960396039604,1.0,0.9702970297029703,0.04247051601886578,0.9577464788732394,0.8714285714285714,0.9,0.9,0.8857142857142857,0.9029778672032194,0.029362307539165727,465,1.0,0.9395017793594306,1.0,0.9644128113879004,0.99644128113879,0.9800711743772241,0.02430373107325819,0.9880341880341881,0.9213333333333332,0.9644444444444444,0.9395555555555556,0.9493333333333333,0.952540170940171,0.02260215801501037,422,1.0,0.983085808580858,1.0,0.9943619361936195,0.9997799779977997,0.9954455445544556,0.006545391088428464
0.17512636184692382,0.12265986382861781,0.039975452423095706,0.012764408679621175,balanced,gini,1,5,1.5,100,"{'estimator__class_weight': 'balanced', 'estimator__criterion': 'gini', 'estimator__max_depth': 1, 'estimator__min_samples_leaf': 5, 'learning_rate': 1.5, 'n_estimators': 100}",0.9532587228439764,0.858712715855573,0.8853801169590643,0.8901098901098901,0.8704902867715079,0.8915903465080023,0.03277162937759958,464,1.0,0.9335651206452958,1.0,0.961523715631504,0.9961441881526407,0.9782466048858881,0.02661891787330345,0.967741935483871,0.9010989010989011,0.9263157894736842,0.9230769230769231,0.9148936170212766,0.9266254332309313,0.022327086309459114,465,1.0,0.9534246575342465,1.0,0.9720670391061452,0.9972144846796658,0.9845412362640115,0.01877447759312674,0.9387755102040817,0.8163265306122449,0.8444444444444444,0.8571428571428571,0.8260869565217391,0.8565552597850734,0.04348299633751429,464,1.0,0.9137055837563451,1.0,0.9509803921568627,0.9950738916256158,0.9719519735077646,0.034468698324998145,0.8846153846153846,0.8,0.76,0.84,0.76,0.8089230769230769,0.0480867066968278,402,1.0,0.8910891089108911,1.0,0.9603960396039604,1.0,0.9702970297029703,0.04247051601886578,0.9577464788732394,0.8714285714285714,0.9,0.9,0.8857142857142857,0.9029778672032194,0.029362307539165727,465,1.0,0.9395017793594306,1.0,0.9644128113879004,0.99644128113879,0.9800711743772241,0.02430373107325819,0.9880341880341881,0.9213333333333332,0.9626666666666667,0.9395555555555556,0.9493333333333333,0.9521846153846154,0.02242538661404188,434,1.0,0.983085808580858,1.0,0.9943619361936195,0.9997799779977997,0.9954455445544556,0.006545391088428464
0.20020098686218263,0.16289393241091918,0.04262452125549317,0.011694435933702275,balanced,gini,1,5,1.5,200,"{'estimator__class_weight': 'balanced', 'estimator__criterion': 'gini', 'estimator__max_depth': 1, 'estimator__min_samples_leaf': 5, 'learning_rate': 1.5, 'n_estimators': 200}",0.9532587228439764,0.858712715855573,0.8853801169590643,0.8901098901098901,0.8704902867715079,0.8915903465080023,0.03277162937759958,464,1.0,0.9335651206452958,1.0,0.961523715631504,0.9961441881526407,0.9782466048858881,0.02661891787330345,0.967741935483871,0.9010989010989011,0.9263157894736842,0.9230769230769231,0.9148936170212766,0.9266254332309313,0.022327086309459114,465,1.0,0.9534246575342465,1.0,0.9720670391061452,0.9972144846796658,0.9845412362640115,0.01877447759312674,0.9387755102040817,0.8163265306122449,0.8444444444444444,0.8571428571428571,0.8260869565217391,0.8565552597850734,0.04348299633751429,464,1.0,0.9137055837563451,1.0,0.9509803921568627,0.9950738916256158,0.9719519735077646,0.034468698324998145,0.8846153846153846,0.8,0.76,0.84,0.76,0.8089230769230769,0.0480867066968278,402,1.0,0.8910891089108911,1.0,0.9603960396039604,1.0,0.9702970297029703,0.04247051601886578,0.9577464788732394,0.8714285714285714,0.9,0.9,0.8857142857142857,0.9029778672032194,0.029362307539165727,465,1.0,0.9395017793594306,1.0,0.9644128113879004,0.99644128113879,0.9800711743772241,0.02430373107325819,0.9880341880341881,0.9213333333333332,0.9644444444444444,0.9395555555555556,0.9493333333333333,0.952540170940171,0.02260215801501037,422,1.0,0.983085808580858,1.0,0.9943619361936195,0.9997799779977997,0.9954455445544556,0.006545391088428464
0.1412905216217041,0.013330098720005882,0.03192272186279297,0.0038034591408593788,balanced,entropy,2,5,1.5,25,"{'estimator__class_weight': 'balanced', 'estimator__criterion': 'entropy', 'estimator__max_depth': 2, 'estimator__min_samples_leaf': 5, 'learning_rate': 1.5, 'n_estimators': 25}",0.8886898096304592,0.9215070643642072,0.8704902867715079,0.9215070643642072,0.8489570846319827,0.8902302619524729,0.02846749556190523,470,1.0,1.0,1.0,1.0,1.0,1.0,0.0,0.9263157894736842,0.945054945054945,0.9148936170212766,0.945054945054945,0.9072164948453608,0.9277071582900425,0.015413509961807986,464,1.0,1.0,1.0,1.0,1.0,1.0,0.0,0.851063829787234,0.8979591836734694,0.8260869565217391,0.8979591836734694,0.7906976744186046,0.8527533656149033,0.04159805930034647,470,1.0,1.0,1.0,1.0,1.0,1.0,0.0,0.7692307692307693,0.88,0.76,0.88,0.68,0.7938461538461539,0.07688614498035927,435,1.0,1.0,1.0,1.0,1.0,1.0,0.0,0.9014084507042254,0.9285714285714286,0.8857142857142857,0.9285714285714286,0.8714285714285714,0.9031388329979879,0.022828857154617896,461,1.0,1.0,1.0,1.0,1.0,1.0,0.0,0.9666666666666666,0.9315555555555556,0.9413333333333334,0.9866666666666667,0.9199999999999999,0.9492444444444444,0.02422674779333734,459,1.0,1.0,1.0,1.0,1.0,1.0,0.0
0.10492405891418458,0.06971869213193718,0.03108353614807129,0.002186901984717644,balanced,entropy,1,1,1.5,50,"{'estimator__class_weight': 'balanced', 'estimator__criterion': 'entropy', 'estimator__max_depth': 1, 'estimator__min_samples_leaf': 1, 'learning_rate': 1.5, 'n_estimators': 50}",0.9370567375886525,0.9199267902081903,0.8704902867715079,0.8704902867715079,0.8381128584643849,0.8872153919608486,0.03612398757680765,471,0.9404077810411612,1.0,0.960828593732575,0.9532134532134533,0.925749252485919,0.9560398160946217,0.025001188975894616,0.9574468085106383,0.946236559139785,0.9148936170212766,0.9148936170212766,0.8936170212765957,0.9254175245939145,0.023203812187095073,474,0.959349593495935,1.0,0.9726775956284153,0.967032967032967,0.947945205479452,0.969401072327354,0.017401289327155532,0.9166666666666666,0.8936170212765957,0.8260869565217391,0.8260869565217391,0.782608695652174,0.8490132593277829,0.04904543995562505,475,0.9214659685863874,1.0,0.9489795918367347,0.9393939393939394,0.9035532994923858,0.9426785598618895,0.032609812212511885,0.8461538461538461,0.84,0.76,0.76,0.72,0.7852307692307692,0.04947631075013361,459,0.88,1.0,0.9207920792079208,0.9207920792079208,0.8811881188118812,0.9205544554455445,0.043602935213351,0.9436619718309859,0.9285714285714286,0.8857142857142857,0.8857142857142857,0.8571428571428571,0.9001609657947686,0.03151971676278295,475,0.9464285714285714,1.0,0.9644128113879004,0.9572953736654805,0.9323843416370107,0.9601042196237927,0.022687185191624694,0.9329059829059829,0.9279999999999999,0.9537777777777778,0.9488888888888889,0.9208888888888889,0.9368923076923078,0.012490879834565977,493,0.9855,1.0,0.996012101210121,0.9894114411441144,0.9858635863586358,0.9913574257425741,0.005738269025882746
0.09165606498718262,0.05141682173944014,0.028360319137573243,0.006906757098114702,balanced,entropy,1,2,1.5,50,"{'estimator__class_weight': 'balanced', 'estimator__criterion': 'entropy', 'estimator__max_depth': 1, 'estimator__min_samples_leaf': 2, 'learning_rate': 1.5, 'n_estimators': 50}",0.9370567375886525,0.9199267902081903,0.8704902867715079,0.8704902867715079,0.8381128584643849,0.8872153919608486,0.03612398757680765,471,0.9404077810411612,1.0,0.960828593732575,0.9532134532134533,0.925749252485919,0.9560398160946217,0.025001188975894616,0.9574468085106383,0.946236559139785,0.9148936170212766,0.9148936170212766,0.8936170212765957,0.9254175245939145,0.023203812187095073,474,0.959349593495935,1.0,0.9726775956284153,0.967032967032967,0.947945205479452,0.969401072327354,0.017401289327155532,0.9166666666666666,0.8936170212765957,0.8260869565217391,0.8260869565217391,0.782608695652174,0.8490132593277829,0.04904543995562505,475,0.9214659685863874,1.0,0.9489795918367347,0.9393939393939394,0.9035532994923858,0.9426785598618895,0.032609812212511885,0.8461538461538461,0.84,0.76,0.76,0.72,0.7852307692307692,0.04947631075013361,459,0.88,1.0,0.9207920792079208,0.9207920792079208,0.8811881188118812,0.9205544554455445,0.043602935213351,0.9436619718309859,0.9285714285714286,0.8857142857142857,0.8857142857142857,0.8571428571428571,0.9001609657947686,0.03151971676278295,475,0.9464285714285714,1.0,0.9644128113879004,0.9572953736654805,0.9323843416370107,0.9601042196237927,0.022687185191624694,0.9329059829059829,0.9279999999999999,0.9537777777777778,0.9488888888888889,0.9208888888888889,0.9368923076923078,0.012490879834565977,493,0.9855,1.0,0.996012101210121,0.9894114411441144,0.9858635863586358,0.9913574257425741,0.005738269025882746
0.10399394035339356,0.06976482551574771,0.0324099063873291,0.005861299233035203,balanced,entropy,1,5,1.5,50,"{'estimator__class_weight': 'balanced', 'estimator__criterion': 'entropy', 'estimator__max_depth': 1, 'estimator__min_samples_leaf': 5, 'learning_rate': 1.5, 'n_estimators': 50}",0.9370567375886525,0.9199267902081903,0.8704902867715079,0.8704902867715079,0.8381128584643849,0.8872153919608486,0.03612398757680765,471,0.9404077810411612,1.0,0.960828593732575,0.9532134532134533,0.925749252485919,0.9560398160946217,0.025001188975894616,0.9574468085106383,0.946236559139785,0.9148936170212766,0.9148936170212766,0.8936170212765957,0.9254175245939145,0.023203812187095073,474,0.959349593495935,1.0,0.9726775956284153,0.967032967032967,0.947945205479452,0.969401072327354,0.017401289327155532,0.9166666666666666,0.8936170212765957,0.8260869565217391,0.8260869565217391,0.782608695652174,0.8490132593277829,0.04904543995562505,475,0.9214659685863874,1.0,0.9489795918367347,0.9393939393939394,0.9035532994923858,0.9426785598618895,0.032609812212511885,0.8461538461538461,0.84,0.76,0.76,0.72,0.7852307692307692,0.04947631075013361,459,0.88,1.0,0.9207920792079208,0.9207920792079208,0.8811881188118812,0.9205544554455445,0.043602935213351,0.9436619718309859,0.9285714285714286,0.8857142857142857,0.8857142857142857,0.8571428571428571,0.9001609657947686,0.03151971676278295,475,0.9464285714285714,1.0,0.9644128113879004,0.9572953736654805,0.9323843416370107,0.9601042196237927,0.022687185191624694,0.9329059829059829,0.9279999999999999,0.9537777777777778,0.9488888888888889,0.9208888888888889,0.9368923076923078,0.012490879834565977,493,0.9855,1.0,0.996012101210121,0.9894114411441144,0.9858635863586358,0.9913574257425741,0.005738269025882746
0.1530747890472412,0.0010896068834812677,0.03420400619506836,0.001868400578452207,balanced,gini,3,5,1.5,25,"{'estimator__class_weight': 'balanced', 'estimator__criterion': 'gini', 'estimator__max_depth': 3, 'estimator__min_samples_leaf': 5, 'learning_rate': 1.5, 'n_estimators': 25}",0.9204927211646137,0.8901098901098901,0.8153919923279789,0.9199267902081903,0.8901098901098901,0.8872062567841127,0.038347810291768154,474,1.0,1.0,1.0,1.0,1.0,1.0,0.0,0.9473684210526315,0.9230769230769231,0.8865979381443299,0.946236559139785,0.9230769230769231,0.9252713528981186,0.022059394130300433,477,1.0,1.0,1.0,1.0,1.0,1.0,0.0,0.8936170212765957,0.8571428571428571,0.7441860465116279,0.8936170212765957,0.8571428571428571,0.8491411606701066,0.054954225741573416,471,1.0,1.0,1.0,1.0,1.0,1.0,0.0,0.8076923076923077,0.84,0.64,0.84,0.84,0.7935384615384615,0.07778227844590749,436,1.0,1.0,1.0,1.0,1.0,1.0,0.0,0.9295774647887324,0.9,0.8428571428571429,0.9285714285714286,0.9,0.9002012072434609,0.03148414411927319,471,1.0,1.0,1.0,1.0,1.0,1.0,0.0,0.9735042735042736,0.943111111111111,0.968,0.9546666666666668,0.9671111111111111,0.9612786324786325,0.01097668266263907,252,1.0,1.0,1.0,1.0,1.0,1.0,0.0
0.10055499076843262,0.02319728407075456,0.033882951736450194,0.005004592664397762,balanced,gini,1,1,1.5,25,"{'estimator__class_weight': 'balanced', 'estimator__criterion': 'gini', 'estimator__max_depth': 1, 'estimator__min_samples_leaf': 1, 'learning_rate': 1.5, 'n_estimators': 25}",0.9532587228439764,0.858712715855573,0.8526315789473684,0.8901098901098901,0.8731884057971014,0.8855802627107818,0.0362268697071733,475,0.9764521193092621,0.9335651206452958,0.9961273962596988,0.961523715631504,0.9961273962596988,0.972759149621092,0.023529533830202416,0.967741935483871,0.9010989010989011,0.9052631578947369,0.9230769230769231,0.9130434782608695,0.9220448791630602,0.024044423282837887,487,0.9835164835164835,0.9534246575342465,0.997229916897507,0.9720670391061452,0.997229916897507,0.9806936027903779,0.016570340977017338,0.9387755102040817,0.8163265306122449,0.8,0.8571428571428571,0.8333333333333334,0.8491156462585036,0.04866185678916009,472,0.9693877551020408,0.9137055837563451,0.9950248756218906,0.9509803921568627,0.9950248756218906,0.9648246964518059,0.03049508679193458,0.8846153846153846,0.8,0.72,0.84,0.8,0.8089230769230769,0.054335360134508584,402,0.95,0.8910891089108911,0.9900990099009901,0.9603960396039604,0.9900990099009901,0.9563366336633663,0.03631436984864485,0.9577464788732394,0.8714285714285714,0.8714285714285714,0.9,0.8857142857142857,0.8972635814889337,0.032043565921403,487,0.9785714285714285,0.9395017793594306,0.99644128113879,0.9644128113879004,0.99644128113879,0.975073716319268,0.021468103021283335,0.9829059829059829,0.9213333333333332,0.9177777777777777,0.9395555555555556,0.9475555555555556,0.9418256410256409,0.02334015466491831,475,0.9983611111111111,0.983085808580858,0.9999449944994498,0.9943619361936195,0.9996699669966996,0.9950847634763477,0.006322622693304481
0.10969433784484864,0.02924929798605517,0.0376312255859375,0.002053543627024213,balanced,gini,1,2,1.5,25,"{'estimator__class_weight': 'balanced', 'estimator__criterion': 'gini', 'estimator__max_depth': 1, 'estimator__min_samples_leaf': 2, 'learning_rate': 1.5, 'n_estimators': 25}",0.9532587228439764,0.858712715855573,0.8526315789473684,0.8901098901098901,0.8731884057971014,0.8855802627107818,0.0362268697071733,475,0.9764521193092621,0.9335651206452958,0.9961273962596988,0.961523715631504,0.9961273962596988,0.972759149621092,0.023529533830202416,0.967741935483871,0.9010989010989011,0.9052631578947369,0.9230769230769231,0.9130434782608695,0.9220448791630602,0.024044423282837887,487,0.9835164835164835,0.9534246575342465,0.997229916897507,0.9720670391061452,0.997229916897507,0.9806936027903779,0.016570340977017338,0.9387755102040817,0.8163265306122449,0.8,0.8571428571428571,0.8333333333333334,0.8491156462585036,0.04866185678916009,472,0.9693877551020408,0.9137055837563451,0.9950248756218906,0.9509803921568627,0.9950248756218906,0.9648246964518059,0.03049508679193458,0.8846153846153846,0.8,0.72,0.84,0.8,0.8089230769230769,0.054335360134508584,402,0.95,0.8910891089108911,0.9900990099009901,0.9603960396039604,0.9900990099009901,0.9563366336633663,0.03631436984864485,0.9577464788732394,0.8714285714285714,0.8714285714285714,0.9,0.8857142857142857,0.8972635814889337,0.032043565921403,487,0.9785714285714285,0.9395017793594306,0.99644128113879,0.9644128113879004,0.99644128113879,0.975073716319268,0.021468103021283335,0.9829059829059829,0.9213333333333332,0.9177777777777777,0.9395555555555556,0.9475555555555556,0.9418256410256409,0.02334015466491831,475,0.9983611111111111,0.983085808580858,0.9999449944994498,0.9943619361936195,0.9996699669966996,0.9950847634763477,0.006322622693304481
0.08639235496520996,0.024129322759599958,0.029582452774047852,0.005140824241679069,balanced,gini,1,5,1.5,25,"{'estimator__class_weight': 'balanced', 'estimator__criterion': 'gini', 'estimator__max_depth': 1, 'estimator__min_samples_leaf': 5, 'learning_rate': 1.5, 'n_estimators': 25}",0.9532587228439764,0.858712715855573,0.8526315789473684,0.8901098901098901,0.8731884057971014,0.8855802627107818,0.0362268697071733,475,0.9764521193092621,0.9335651206452958,0.9961273962596988,0.961523715631504,0.9961273962596988,0.972759149621092,0.023529533830202416,0.967741935483871,0.9010989010989011,0.9052631578947369,0.9230769230769231,0.9130434782608695,0.9220448791630602,0.024044423282837887,487,0.9835164835164835,0.9534246575342465,0.997229916897507,0.9720670391061452,0.997229916897507,0.9806936027903779,0.016570340977017338,0.9387755102040817,0.8163265306122449,0.8,0.8571428571428571,0.8333333333333334,0.8491156462585036,0.04866185678916009,472,0.9693877551020408,0.9137055837563451,0.9950248756218906,0.9509803921568627,0.9950248756218906,0.9648246964518059,0.03049508679193458,0.8846153846153846,0.8,0.72,0.84,0.8,0.8089230769230769,0.054335360134508584,402,0.95,0.8910891089108911,0.9900990099009901,0.9603960396039604,0.9900990099009901,0.9563366336633663,0.03631436984864485,0.9577464788732394,0.8714285714285714,0.8714285714285714,0.9,0.8857142857142857,0.8972635814889337,0.032043565921403,487,0.9785714285714285,0.9395017793594306,0.99644128113879,0.9644128113879004,0.99644128113879,0.975073716319268,0.021468103021283335,0.9829059829059829,0.9213333333333332,0.9177777777777777,0.9395555555555556,0.9475555555555556,0.9418256410256409,0.02334015466491831,475,0.9983611111111111,0.983085808580858,0.9999449944994498,0.9943619361936195,0.9996699669966996,0.9950847634763477,0.006322622693304481
0.07855849266052246,0.020823874051289555,0.030652570724487304,0.003120856526682664,balanced,entropy,1,1,1.5,25,"{'estimator__class_weight': 'balanced', 'estimator__criterion': 'entropy', 'estimator__max_depth': 1, 'estimator__min_samples_leaf': 1, 'learning_rate': 1.5, 'n_estimators': 25}",0.9370567375886525,0.9048913043478262,0.8704902867715079,0.8704902867715079,0.8381128584643849,0.8842082947887759,0.033828690570730756,478,0.9404077810411612,0.976497156239545,0.960828593732575,0.9532134532134533,0.925749252485919,0.9513392473425306,0.017325273532540323,0.9574468085106383,0.9347826086956522,0.9148936170212766,0.9148936170212766,0.8936170212765957,0.923126734505088,0.021541209365887742,478,0.959349593495935,0.9836065573770492,0.9726775956284153,0.967032967032967,0.947945205479452,0.9661223838027636,0.012048043740058186,0.9166666666666666,0.875,0.8260869565217391,0.8260869565217391,0.782608695652174,0.8452898550724639,0.046138427187627826,478,0.9214659685863874,0.9693877551020408,0.9489795918367347,0.9393939393939394,0.9035532994923858,0.9365561108822977,0.022615087733667775,0.8461538461538461,0.84,0.76,0.76,0.72,0.7852307692307692,0.04947631075013361,459,0.88,0.9405940594059405,0.9207920792079208,0.9207920792079208,0.8811881188118812,0.9086732673267326,0.02404270291735516,0.9436619718309859,0.9142857142857143,0.8857142857142857,0.8857142857142857,0.8571428571428571,0.8973038229376258,0.029390476424339156,478,0.9464285714285714,0.9786476868327402,0.9644128113879004,0.9572953736654805,0.9323843416370107,0.9558337569903406,0.015713335027164432,0.9329059829059829,0.9333333333333333,0.9537777777777778,0.9488888888888889,0.9208888888888889,0.9379589743589744,0.01189970309471717,490,0.9855,0.9997524752475248,0.996012101210121,0.9894114411441144,0.9858635863586358,0.9913079207920792,0.00566408279886268
0.1088183879852295,0.07755175495478844,0.03214507102966309,0.006613420579190202,balanced,entropy,1,1,1.5,100,"{'estimator__class_weight': 'balanced', 'estimator__criterion': 'entropy', 'estimator__max_depth': 1, 'estimator__min_samples_leaf': 1, 'learning_rate': 1.5, 'n_estimators': 100}",0.9370567375886525,0.9048913043478262,0.8704902867715079,0.8704902867715079,0.8381128584643849,0.8842082947887759,0.033828690570730756,478,0.9404077810411612,1.0,0.960828593732575,0.9532134532134533,0.925749252485919,0.9560398160946217,0.025001188975894616,0.9574468085106383,0.9347826086956522,0.9148936170212766,0.9148936170212766,0.8936170212765957,0.923126734505088,0.021541209365887742,478,0.959349593495935,1.0,0.9726775956284153,0.967032967032967,0.947945205479452,0.969401072327354,0.017401289327155532,0.9166666666666666,0.875,0.8260869565217391,0.8260869565217391,0.782608695652174,0.8452898550724639,0.046138427187627826,478,0.9214659685863874,1.0,0.9489795918367347,0.9393939393939394,0.9035532994923858,0.9426785598618895,0.032609812212511885,0.8461538461538461,0.84,0.76,0.76,0.72,0.7852307692307692,0.04947631075013361,459,0.88,1.0,0.9207920792079208,0.9207920792079208,0.8811881188118812,0.9205544554455445,0.043602935213351,0.9436619718309859,0.9142857142857143,0.8857142857142857,0.8857142857142857,0.8571428571428571,0.8973038229376258,0.029390476424339156,478,0.9464285714285714,1.0,0.9644128113879004,0.9572953736654805,0.9323843416370107,0.9601042196237927,0.022687185191624694,0.9329059829059829,0.944,0.9537777777777778,0.9488888888888889,0.9208888888888889,0.9400923076923078,0.011835172572075042,478,0.9855,1.0,0.996012101210121,0.9894114411441144,0.9858635863586358,0.9913574257425741,0.005738269025882746
0.0992516040802002,0.06829963119952868,0.031113576889038087,0.009407557597577743,balanced,entropy,1,1,1.5,200,"{'estimator__class_weight': 'balanced', 'estimator__criterion': 'entropy', 'estimator__max_depth': 1, 'estimator__min_samples_leaf': 1, 'learning_rate': 1.5, 'n_estimators': 200}",0.9370567375886525,0.9048913043478262,0.8704902867715079,0.8704902867715079,0.8381128584643849,0.8842082947887759,0.033828690570730756,478,0.9404077810411612,1.0,0.960828593732575,0.9532134532134533,0.925749252485919,0.9560398160946217,0.025001188975894616,0.9574468085106383,0.9347826086956522,0.9148936170212766,0.9148936170212766,0.8936170212765957,0.923126734505088,0.021541209365887742,478,0.959349593495935,1.0,0.9726775956284153,0.967032967032967,0.947945205479452,0.969401072327354,0.017401289327155532,0.9166666666666666,0.875,0.8260869565217391,0.8260869565217391,0.782608695652174,0.8452898550724639,0.046138427187627826,478,0.9214659685863874,1.0,0.9489795918367347,0.9393939393939394,0.9035532994923858,0.9426785598618895,0.032609812212511885,0.8461538461538461,0.84,0.76,0.76,0.72,0.7852307692307692,0.04947631075013361,459,0.88,1.0,0.9207920792079208,0.9207920792079208,0.8811881188118812,0.9205544554455445,0.043602935213351,0.9436619718309859,0.9142857142857143,0.8857142857142857,0.8857142857142857,0.8571428571428571,0.8973038229376258,0.029390476424339156,478,0.9464285714285714,1.0,0.9644128113879004,0.9572953736654805,0.9323843416370107,0.9601042196237927,0.022687185191624694,0.9329059829059829,0.944,0.9537777777777778,0.9488888888888889,0.9208888888888889,0.9400923076923078,0.011835172572075042,478,0.9855,1.0,0.996012101210121,0.9894114411441144,0.9858635863586358,0.9913574257425741,0.005738269025882746
0.06897988319396972,0.013965697731221728,0.02668447494506836,0.003645473565906094,balanced,entropy,1,2,1.5,25,"{'estimator__class_weight': 'balanced', 'estimator__criterion': 'entropy', 'estimator__max_depth': 1, 'estimator__min_samples_leaf': 2, 'learning_rate': 1.5, 'n_estimators': 25}",0.9370567375886525,0.9048913043478262,0.8704902867715079,0.8704902867715079,0.8381128584643849,0.8842082947887759,0.033828690570730756,478,0.9404077810411612,0.976497156239545,0.960828593732575,0.9532134532134533,0.925749252485919,0.9513392473425306,0.017325273532540323,0.9574468085106383,0.9347826086956522,0.9148936170212766,0.9148936170212766,0.8936170212765957,0.923126734505088,0.021541209365887742,478,0.959349593495935,0.9836065573770492,0.9726775956284153,0.967032967032967,0.947945205479452,0.9661223838027636,0.012048043740058186,0.9166666666666666,0.875,0.8260869565217391,0.8260869565217391,0.782608695652174,0.8452898550724639,0.046138427187627826,478,0.9214659685863874,0.9693877551020408,0.9489795918367347,0.9393939393939394,0.9035532994923858,0.9365561108822977,0.022615087733667775,0.8461538461538461,0.84,0.76,0.76,0.72,0.7852307692307692,0.04947631075013361,459,0.88,0.9405940594059405,0.9207920792079208,0.9207920792079208,0.8811881188118812,0.9086732673267326,0.02404270291735516,0.9436619718309859,0.9142857142857143,0.8857142857142857,0.8857142857142857,0.8571428571428571,0.8973038229376258,0.029390476424339156,478,0.9464285714285714,0.9786476868327402,0.9644128113879004,0.9572953736654805,0.9323843416370107,0.9558337569903406,0.015713335027164432,0.9329059829059829,0.9333333333333333,0.9537777777777778,0.9488888888888889,0.9208888888888889,0.9379589743589744,0.01189970309471717,490,0.9855,0.9997524752475248,0.996012101210121,0.9894114411441144,0.9858635863586358,0.9913079207920792,0.00566408279886268
0.10588369369506836,0.09182777365665437,0.027208328247070312,0.010896619385794374,balanced,entropy,1,2,1.5,100,"{'estimator__class_weight': 'balanced', 'estimator__criterion': 'entropy', 'estimator__max_depth': 1, 'estimator__min_samples_leaf': 2, 'learning_rate': 1.5, 'n_estimators': 100}",0.9370567375886525,0.9048913043478262,0.8704902867715079,0.8704902867715079,0.8381128584643849,0.8842082947887759,0.033828690570730756,478,0.9404077810411612,1.0,0.960828593732575,0.9532134532134533,0.925749252485919,0.9560398160946217,0.025001188975894616,0.9574468085106383,0.9347826086956522,0.9148936170212766,0.9148936170212766,0.8936170212765957,0.923126734505088,0.021541209365887742,478,0.959349593495935,1.0,0.9726775956284153,0.967032967032967,0.947945205479452,0.969401072327354,0.017401289327155532,0.9166666666666666,0.875,0.8260869565217391,0.8260869565217391,0.782608695652174,0.8452898550724639,0.046138427187627826,478,0.9214659685863874,1.0,0.9489795918367347,0.9393939393939394,0.9035532994923858,0.9426785598618895,0.032609812212511885,0.8461538461538461,0.84,0.76,0.76,0.72,0.7852307692307692,0.04947631075013361,459,0.88,1.0,0.9207920792079208,0.9207920792079208,0.8811881188118812,0.9205544554455445,0.043602935213351,0.9436619718309859,0.9142857142857143,0.8857142857142857,0.8857142857142857,0.8571428571428571,0.8973038229376258,0.029390476424339156,478,0.9464285714285714,1.0,0.9644128113879004,0.9572953736654805,0.9323843416370107,0.9601042196237927,0.022687185191624694,0.9329059829059829,0.944,0.9537777777777778,0.9488888888888889,0.9208888888888889,0.9400923076923078,0.011835172572075042,478,0.9855,1.0,0.996012101210121,0.9894114411441144,0.9858635863586358,0.9913574257425741,0.005738269025882746
0.10250616073608398,0.07637387812772328,0.03246660232543945,0.0074882636362242514,balanced,entropy,1,2,1.5,200,"{'estimator__class_weight': 'balanced', 'estimator__criterion': 'entropy', 'estimator__max_depth': 1, 'estimator__min_samples_leaf': 2, 'learning_rate': 1.5, 'n_estimators': 200}",0.9370567375886525,0.9048913043478262,0.8704902867715079,0.8704902867715079,0.8381128584643849,0.8842082947887759,0.033828690570730756,478,0.9404077810411612,1.0,0.960828593732575,0.9532134532134533,0.925749252485919,0.9560398160946217,0.025001188975894616,0.9574468085106383,0.9347826086956522,0.9148936170212766,0.9148936170212766,0.8936170212765957,0.923126734505088,0.021541209365887742,478,0.959349593495935,1.0,0.9726775956284153,0.967032967032967,0.947945205479452,0.969401072327354,0.017401289327155532,0.9166666666666666,0.875,0.8260869565217391,0.8260869565217391,0.782608695652174,0.8452898550724639,0.046138427187627826,478,0.9214659685863874,1.0,0.9489795918367347,0.9393939393939394,0.9035532994923858,0.9426785598618895,0.032609812212511885,0.8461538461538461,0.84,0.76,0.76,0.72,0.7852307692307692,0.04947631075013361,459,0.88,1.0,0.9207920792079208,0.9207920792079208,0.8811881188118812,0.9205544554455445,0.043602935213351,0.9436619718309859,0.9142857142857143,0.8857142857142857,0.8857142857142857,0.8571428571428571,0.8973038229376258,0.029390476424339156,478,0.9464285714285714,1.0,0.9644128113879004,0.9572953736654805,0.9323843416370107,0.9601042196237927,0.022687185191624694,0.9329059829059829,0.944,0.9537777777777778,0.9488888888888889,0.9208888888888889,0.9400923076923078,0.011835172572075042,478,0.9855,1.0,0.996012101210121,0.9894114411441144,0.9858635863586358,0.9913574257425741,0.005738269025882746
0.07880082130432128,0.017233101763985147,0.031243515014648438,0.0017897194899672002,balanced,entropy,1,5,1.5,25,"{'estimator__class_weight': 'balanced', 'estimator__criterion': 'entropy', 'estimator__max_depth': 1, 'estimator__min_samples_leaf': 5, 'learning_rate': 1.5, 'n_estimators': 25}",0.9370567375886525,0.9048913043478262,0.8704902867715079,0.8704902867715079,0.8381128584643849,0.8842082947887759,0.033828690570730756,478,0.9404077810411612,0.976497156239545,0.960828593732575,0.9532134532134533,0.925749252485919,0.9513392473425306,0.017325273532540323,0.9574468085106383,0.9347826086956522,0.9148936170212766,0.9148936170212766,0.8936170212765957,0.923126734505088,0.021541209365887742,478,0.959349593495935,0.9836065573770492,0.9726775956284153,0.967032967032967,0.947945205479452,0.9661223838027636,0.012048043740058186,0.9166666666666666,0.875,0.8260869565217391,0.8260869565217391,0.782608695652174,0.8452898550724639,0.046138427187627826,478,0.9214659685863874,0.9693877551020408,0.9489795918367347,0.9393939393939394,0.9035532994923858,0.9365561108822977,0.022615087733667775,0.8461538461538461,0.84,0.76,0.76,0.72,0.7852307692307692,0.04947631075013361,459,0.88,0.9405940594059405,0.9207920792079208,0.9207920792079208,0.8811881188118812,0.9086732673267326,0.02404270291735516,0.9436619718309859,0.9142857142857143,0.8857142857142857,0.8857142857142857,0.8571428571428571,0.8973038229376258,0.029390476424339156,478,0.9464285714285714,0.9786476868327402,0.9644128113879004,0.9572953736654805,0.9323843416370107,0.9558337569903406,0.015713335027164432,0.9329059829059829,0.9333333333333333,0.9537777777777778,0.9488888888888889,0.9208888888888889,0.9379589743589744,0.01189970309471717,490,0.9855,0.9997524752475248,0.996012101210121,0.9894114411441144,0.9858635863586358,0.9913079207920792,0.00566408279886268
0.10317697525024414,0.07428466156244047,0.026616239547729494,0.005935313541211813,balanced,entropy,1,5,1.5,100,"{'estimator__class_weight': 'balanced', 'estimator__criterion': 'entropy', 'estimator__max_depth': 1, 'estimator__min_samples_leaf': 5, 'learning_rate': 1.5, 'n_estimators': 100}",0.9370567375886525,0.9048913043478262,0.8704902867715079,0.8704902867715079,0.8381128584643849,0.8842082947887759,0.033828690570730756,478,0.9404077810411612,1.0,0.960828593732575,0.9532134532134533,0.925749252485919,0.9560398160946217,0.025001188975894616,0.9574468085106383,0.9347826086956522,0.9148936170212766,0.9148936170212766,0.8936170212765957,0.923126734505088,0.021541209365887742,478,0.959349593495935,1.0,0.9726775956284153,0.967032967032967,0.947945205479452,0.969401072327354,0.017401289327155532,0.9166666666666666,0.875,0.8260869565217391,0.8260869565217391,0.782608695652174,0.8452898550724639,0.046138427187627826,478,0.9214659685863874,1.0,0.9489795918367347,0.9393939393939394,0.9035532994923858,0.9426785598618895,0.032609812212511885,0.8461538461538461,0.84,0.76,0.76,0.72,0.7852307692307692,0.04947631075013361,459,0.88,1.0,0.9207920792079208,0.9207920792079208,0.8811881188118812,0.9205544554455445,0.043602935213351,0.9436619718309859,0.9142857142857143,0.8857142857142857,0.8857142857142857,0.8571428571428571,0.8973038229376258,0.029390476424339156,478,0.9464285714285714,1.0,0.9644128113879004,0.9572953736654805,0.9323843416370107,0.9601042196237927,0.022687185191624694,0.9329059829059829,0.944,0.9537777777777778,0.9488888888888889,0.9208888888888889,0.9400923076923078,0.011835172572075042,478,0.9855,1.0,0.996012101210121,0.9894114411441144,0.9858635863586358,0.9913574257425741,0.005738269025882746
0.10659770965576172,0.07529508976063243,0.030462360382080077,0.007778628722620028,balanced,entropy,1,5,1.5,200,"{'estimator__class_weight': 'balanced', 'estimator__criterion': 'entropy', 'estimator__max_depth': 1, 'estimator__min_samples_leaf': 5, 'learning_rate': 1.5, 'n_estimators': 200}",0.9370567375886525,0.9048913043478262,0.8704902867715079,0.8704902867715079,0.8381128584643849,0.8842082947887759,0.033828690570730756,478,0.9404077810411612,1.0,0.960828593732575,0.9532134532134533,0.925749252485919,0.9560398160946217,0.025001188975894616,0.9574468085106383,0.9347826086956522,0.9148936170212766,0.9148936170212766,0.8936170212765957,0.923126734505088,0.021541209365887742,478,0.959349593495935,1.0,0.9726775956284153,0.967032967032967,0.947945205479452,0.969401072327354,0.017401289327155532,0.9166666666666666,0.875,0.8260869565217391,0.8260869565217391,0.782608695652174,0.8452898550724639,0.046138427187627826,478,0.9214659685863874,1.0,0.9489795918367347,0.9393939393939394,0.9035532994923858,0.9426785598618895,0.032609812212511885,0.8461538461538461,0.84,0.76,0.76,0.72,0.7852307692307692,0.04947631075013361,459,0.88,1.0,0.9207920792079208,0.9207920792079208,0.8811881188118812,0.9205544554455445,0.043602935213351,0.9436619718309859,0.9142857142857143,0.8857142857142857,0.8857142857142857,0.8571428571428571,0.8973038229376258,0.029390476424339156,478,0.9464285714285714,1.0,0.9644128113879004,0.9572953736654805,0.9323843416370107,0.9601042196237927,0.022687185191624694,0.9329059829059829,0.944,0.9537777777777778,0.9488888888888889,0.9208888888888889,0.9400923076923078,0.011835172572075042,478,0.9855,1.0,0.996012101210121,0.9894114411441144,0.9858635863586358,0.9913574257425741,0.005738269025882746
0.1938239574432373,0.0039926175600807495,0.03289470672607422,0.001354355440706527,,gini,1,1,0.1,100,"{'estimator__class_weight': None, 'estimator__criterion': 'gini', 'estimator__max_depth': 1, 'estimator__min_samples_leaf': 1, 'learning_rate': 0.1, 'n_estimators': 100}",0.9204927211646137,0.9005681818181819,0.8447893569844789,0.9005681818181819,0.8489570846319827,0.8830751052834878,0.03046943152576498,487,0.9224478490940101,0.8969109986059138,0.9019197207678884,0.9013342696629214,0.8834577556582534,0.9012141187577974,0.012531471485759706,0.9473684210526315,0.9375,0.9090909090909091,0.9375,0.9072164948453608,0.9277351649977803,0.016399956412754244,461,0.9498680738786279,0.935064935064935,0.93717277486911,0.9375,0.9278350515463918,0.937488167071813,0.007105158654265557,0.8936170212765957,0.8636363636363636,0.7804878048780488,0.8636363636363636,0.7906976744186046,0.8384150455691953,0.0446139005595884,487,0.8950276243093923,0.8587570621468926,0.8666666666666667,0.8651685393258427,0.8390804597701149,0.8649400704437818,0.017973554383905212,0.8076923076923077,0.76,0.64,0.76,0.68,0.7295384615384616,0.06072072065744743,499,0.81,0.7524752475247525,0.7722772277227723,0.7623762376237624,0.7227722772277227,0.7639801980198019,0.028353808164126713,0.9295774647887324,0.9142857142857143,0.8714285714285714,0.9142857142857143,0.8714285714285714,0.9002012072434606,0.02414721651903261,472,0.9321428571428572,0.9110320284697508,0.9145907473309609,0.9145907473309609,0.900355871886121,0.9145424504321301,0.01023094379575922,0.982905982905983,0.9715555555555556,0.9404444444444444,0.964,0.896,0.9509811965811966,0.03080889674960152,447,0.97375,0.9744499449944996,0.9691969196919692,0.9764576457645764,0.9842684268426842,0.9756245874587458,0.004931910814594986
0.19663691520690918,0.002447276123031363,0.03169031143188476,0.0005728408415316498,,gini,1,2,0.1,100,"{'estimator__class_weight': None, 'estimator__criterion': 'gini', 'estimator__max_depth': 1, 'estimator__min_samples_leaf': 2, 'learning_rate': 0.1, 'n_estimators': 100}",0.9204927211646137,0.9005681818181819,0.8447893569844789,0.9005681818181819,0.8489570846319827,0.8830751052834878,0.03046943152576498,487,0.9224478490940101,0.8969109986059138,0.9019197207678884,0.9013342696629214,0.8834577556582534,0.9012141187577974,0.012531471485759706,0.9473684210526315,0.9375,0.9090909090909091,0.9375,0.9072164948453608,0.9277351649977803,0.016399956412754244,461,0.9498680738786279,0.935064935064935,0.93717277486911,0.9375,0.9278350515463918,0.937488167071813,0.007105158654265557,0.8936170212765957,0.8636363636363636,0.7804878048780488,0.8636363636363636,0.7906976744186046,0.8384150455691953,0.0446139005595884,487,0.8950276243093923,0.8587570621468926,0.8666666666666667,0.8651685393258427,0.8390804597701149,0.8649400704437818,0.017973554383905212,0.8076923076923077,0.76,0.64,0.76,0.68,0.7295384615384616,0.06072072065744743,499,0.81,0.7524752475247525,0.7722772277227723,0.7623762376237624,0.7227722772277227,0.7639801980198019,0.028353808164126713,0.9295774647887324,0.9142857142857143,0.8714285714285714,0.9142857142857143,0.8714285714285714,0.9002012072434606,0.02414721651903261,472,0.9321428571428572,0.9110320284697508,0.9145907473309609,0.9145907473309609,0.900355871886121,0.9145424504321301,0.01023094379575922,0.982905982905983,0.9715555555555556,0.9404444444444444,0.964,0.896,0.9509811965811966,0.03080889674960152,447,0.97375,0.9744499449944996,0.9691969196919692,0.9764576457645764,0.9842684268426842,0.9756245874587458,0.004931910814594986
0.22115421295166016,0.004358509854376943,0.035018634796142575,0.0013416857659293063,,gini,1,5,0.1,100,"{'estimator__class_weight': None, 'estimator__criterion': 'gini', 'estimator__max_depth': 1, 'estimator__min_samples_leaf': 5, 'learning_rate': 0.1, 'n_estimators': 100}",0.9204927211646137,0.9005681818181819,0.8447893569844789,0.9005681818181819,0.8489570846319827,0.8830751052834878,0.03046943152576498,487,0.9224478490940101,0.8969109986059138,0.9019197207678884,0.9013342696629214,0.8834577556582534,0.9012141187577974,0.012531471485759706,0.9473684210526315,0.9375,0.9090909090909091,0.9375,0.9072164948453608,0.9277351649977803,0.016399956412754244,461,0.9498680738786279,0.935064935064935,0.93717277486911,0.9375,0.9278350515463918,0.937488167071813,0.007105158654265557,0.8936170212765957,0.8636363636363636,0.7804878048780488,0.8636363636363636,0.7906976744186046,0.8384150455691953,0.0446139005595884,487,0.8950276243093923,0.8587570621468926,0.8666666666666667,0.8651685393258427,0.8390804597701149,0.8649400704437818,0.017973554383905212,0.8076923076923077,0.76,0.64,0.76,0.68,0.7295384615384616,0.06072072065744743,499,0.81,0.7524752475247525,0.7722772277227723,0.7623762376237624,0.7227722772277227,0.7639801980198019,0.028353808164126713,0.9295774647887324,0.9142857142857143,0.8714285714285714,0.9142857142857143,0.8714285714285714,0.9002012072434606,0.02414721651903261,472,0.9321428571428572,0.9110320284697508,0.9145907473309609,0.9145907473309609,0.900355871886121,0.9145424504321301,0.01023094379575922,0.982905982905983,0.9715555555555556,0.9404444444444444,0.964,0.896,0.9509811965811966,0.03080889674960152,447,0.97375,0.9744499449944996,0.9691969196919692,0.9764576457645764,0.9842684268426842,0.9756245874587458,0.004931910814594986
0.03324456214904785,0.007287220928871243,0.02509899139404297,0.004423395614162265,balanced,entropy,1,1,1.0,25,"{'estimator__class_weight': 'balanced', 'estimator__criterion': 'entropy', 'estimator__max_depth': 1, 'estimator__min_samples_leaf': 1, 'learning_rate': 1.0, 'n_estimators': 25}",0.9035326086956521,0.9066666666666667,0.7871345029239767,0.8639455782312926,0.8704902867715079,0.8663539286578192,0.043141622869212866,490,0.8399035712630001,0.898154343704695,0.883033633033633,0.8509057833699689,0.9027506679402522,0.8749495998623098,0.025231093307588374,0.9375,0.9333333333333333,0.8631578947368421,0.9183673469387755,0.9148936170212766,0.9134504384060456,0.02656806212844438,493,0.906801007556675,0.9289617486338798,0.9175824175824175,0.9113924050632911,0.931129476584022,0.919173411084057,0.009538456251307679,0.8695652173913043,0.88,0.7111111111111111,0.8095238095238095,0.8260869565217391,0.8192574189095929,0.06009583242075254,490,0.7730061349693251,0.8673469387755102,0.8484848484848485,0.7904191616766467,0.8743718592964824,0.8307257886405626,0.041273853526407514,0.7692307692307693,0.88,0.64,0.68,0.76,0.7458461538461538,0.0828052538138227,487,0.63,0.8415841584158416,0.8316831683168316,0.6534653465346535,0.8613861386138614,0.7636237623762376,0.1002572438755163,0.9154929577464789,0.9142857142857143,0.8142857142857143,0.8857142857142857,0.8857142857142857,0.8830985915492958,0.03679925916405352,490,0.8678571428571429,0.9074733096085409,0.8932384341637011,0.8754448398576512,0.9110320284697508,0.8910091509913574,0.01705999476355473,0.9525641025641025,0.9239999999999999,0.7768888888888889,0.9502222222222222,0.8906666666666667,0.898868376068376,0.06495892611461199,565,0.9537777777777778,0.9078657865786579,0.8985423542354235,0.9547854785478548,0.954895489548955,0.9339733773377338,0.02529844385043751
0.033977937698364255,0.005323237990312656,0.026775026321411134,0.0009324026361278295,balanced,entropy,1,1,1.0,50,"{'estimator__class_weight': 'balanced', 'estimator__criterion': 'entropy', 'estimator__max_depth': 1, 'estimator__min_samples_leaf': 1, 'learning_rate': 1.0, 'n_estimators': 50}",0.9035326086956521,0.9066666666666667,0.7871345029239767,0.8639455782312926,0.8704902867715079,0.8663539286578192,0.043141622869212866,490,0.8399035712630001,0.898154343704695,0.883033633033633,0.8509057833699689,0.9027506679402522,0.8749495998623098,0.025231093307588374,0.9375,0.9333333333333333,0.8631578947368421,0.9183673469387755,0.9148936170212766,0.9134504384060456,0.02656806212844438,493,0.906801007556675,0.9289617486338798,0.9175824175824175,0.9113924050632911,0.931129476584022,0.919173411084057,0.009538456251307679,0.8695652173913043,0.88,0.7111111111111111,0.8095238095238095,0.8260869565217391,0.8192574189095929,0.06009583242075254,490,0.7730061349693251,0.8673469387755102,0.8484848484848485,0.7904191616766467,0.8743718592964824,0.8307257886405626,0.041273853526407514,0.7692307692307693,0.88,0.64,0.68,0.76,0.7458461538461538,0.0828052538138227,487,0.63,0.8415841584158416,0.8316831683168316,0.6534653465346535,0.8613861386138614,0.7636237623762376,0.1002572438755163,0.9154929577464789,0.9142857142857143,0.8142857142857143,0.8857142857142857,0.8857142857142857,0.8830985915492958,0.03679925916405352,490,0.8678571428571429,0.9074733096085409,0.8932384341637011,0.8754448398576512,0.9110320284697508,0.8910091509913574,0.01705999476355473,0.9525641025641025,0.9239999999999999,0.7768888888888889,0.9502222222222222,0.8906666666666667,0.898868376068376,0.06495892611461199,565,0.9537777777777778,0.9078657865786579,0.8985423542354235,0.9547854785478548,0.954895489548955,0.9339733773377338,0.02529844385043751
0.03234868049621582,0.004566666403031835,0.022573041915893554,0.004514021030067364,balanced,entropy,1,1,1.0,100,"{'estimator__class_weight': 'balanced', 'estimator__criterion': 'entropy', 'estimator__max_depth': 1, 'estimator__min_samples_leaf': 1, 'learning_rate': 1.0, 'n_estimators': 100}",0.9035326086956521,0.9066666666666667,0.7871345029239767,0.8639455782312926,0.8704902867715079,0.8663539286578192,0.043141622869212866,490,0.8399035712630001,0.898154343704695,0.883033633033633,0.8509057833699689,0.9027506679402522,0.8749495998623098,0.025231093307588374,0.9375,0.9333333333333333,0.8631578947368421,0.9183673469387755,0.9148936170212766,0.9134504384060456,0.02656806212844438,493,0.906801007556675,0.9289617486338798,0.9175824175824175,0.9113924050632911,0.931129476584022,0.919173411084057,0.009538456251307679,0.8695652173913043,0.88,0.7111111111111111,0.8095238095238095,0.8260869565217391,0.8192574189095929,0.06009583242075254,490,0.7730061349693251,0.8673469387755102,0.8484848484848485,0.7904191616766467,0.8743718592964824,0.8307257886405626,0.041273853526407514,0.7692307692307693,0.88,0.64,0.68,0.76,0.7458461538461538,0.0828052538138227,487,0.63,0.8415841584158416,0.8316831683168316,0.6534653465346535,0.8613861386138614,0.7636237623762376,0.1002572438755163,0.9154929577464789,0.9142857142857143,0.8142857142857143,0.8857142857142857,0.8857142857142857,0.8830985915492958,0.03679925916405352,490,0.8678571428571429,0.9074733096085409,0.8932384341637011,0.8754448398576512,0.9110320284697508,0.8910091509913574,0.01705999476355473,0.9525641025641025,0.9239999999999999,0.7768888888888889,0.9502222222222222,0.8906666666666667,0.898868376068376,0.06495892611461199,565,0.9537777777777778,0.9078657865786579,0.8985423542354235,0.9547854785478548,0.954895489548955,0.9339733773377338,0.02529844385043751
0.033215904235839845,0.006674199868851506,0.02716374397277832,0.0007924632752033978,balanced,entropy,1,1,1.0,200,"{'estimator__class_weight': 'balanced', 'estimator__criterion': 'entropy', 'estimator__max_depth': 1, 'estimator__min_samples_leaf': 1, 'learning_rate': 1.0, 'n_estimators': 200}",0.9035326086956521,0.9066666666666667,0.7871345029239767,0.8639455782312926,0.8704902867715079,0.8663539286578192,0.043141622869212866,490,0.8399035712630001,0.898154343704695,0.883033633033633,0.8509057833699689,0.9027506679402522,0.8749495998623098,0.025231093307588374,0.9375,0.9333333333333333,0.8631578947368421,0.9183673469387755,0.9148936170212766,0.9134504384060456,0.02656806212844438,493,0.906801007556675,0.9289617486338798,0.9175824175824175,0.9113924050632911,0.931129476584022,0.919173411084057,0.009538456251307679,0.8695652173913043,0.88,0.7111111111111111,0.8095238095238095,0.8260869565217391,0.8192574189095929,0.06009583242075254,490,0.7730061349693251,0.8673469387755102,0.8484848484848485,0.7904191616766467,0.8743718592964824,0.8307257886405626,0.041273853526407514,0.7692307692307693,0.88,0.64,0.68,0.76,0.7458461538461538,0.0828052538138227,487,0.63,0.8415841584158416,0.8316831683168316,0.6534653465346535,0.8613861386138614,0.7636237623762376,0.1002572438755163,0.9154929577464789,0.9142857142857143,0.8142857142857143,0.8857142857142857,0.8857142857142857,0.8830985915492958,0.03679925916405352,490,0.8678571428571429,0.9074733096085409,0.8932384341637011,0.8754448398576512,0.9110320284697508,0.8910091509913574,0.01705999476355473,0.9525641025641025,0.9239999999999999,0.7768888888888889,0.9502222222222222,0.8906666666666667,0.898868376068376,0.06495892611461199,565,0.9537777777777778,0.9078657865786579,0.8985423542354235,0.9547854785478548,0.954895489548955,0.9339733773377338,0.02529844385043751
0.03193440437316895,0.005670661730646741,0.026003360748291016,0.0006174079901201776,balanced,entropy,1,2,1.0,25,"{'estimator__class_weight': 'balanced', 'estimator__criterion': 'entropy', 'estimator__max_depth': 1, 'estimator__min_samples_leaf': 2, 'learning_rate': 1.0, 'n_estimators': 25}",0.9035326086956521,0.9066666666666667,0.7871345029239767,0.8639455782312926,0.8704902867715079,0.8663539286578192,0.043141622869212866,490,0.8399035712630001,0.898154343704695,0.883033633033633,0.8509057833699689,0.9027506679402522,0.8749495998623098,0.025231093307588374,0.9375,0.9333333333333333,0.8631578947368421,0.9183673469387755,0.9148936170212766,0.9134504384060456,0.02656806212844438,493,0.906801007556675,0.9289617486338798,0.9175824175824175,0.9113924050632911,0.931129476584022,0.919173411084057,0.009538456251307679,0.8695652173913043,0.88,0.7111111111111111,0.8095238095238095,0.8260869565217391,0.8192574189095929,0.06009583242075254,490,0.7730061349693251,0.8673469387755102,0.8484848484848485,0.7904191616766467,0.8743718592964824,0.8307257886405626,0.041273853526407514,0.7692307692307693,0.88,0.64,0.68,0.76,0.7458461538461538,0.0828052538138227,487,0.63,0.8415841584158416,0.8316831683168316,0.6534653465346535,0.8613861386138614,0.7636237623762376,0.1002572438755163,0.9154929577464789,0.9142857142857143,0.8142857142857143,0.8857142857142857,0.8857142857142857,0.8830985915492958,0.03679925916405352,490,0.8678571428571429,0.9074733096085409,0.8932384341637011,0.8754448398576512,0.9110320284697508,0.8910091509913574,0.01705999476355473,0.9525641025641025,0.9239999999999999,0.7768888888888889,0.9502222222222222,0.8906666666666667,0.898868376068376,0.06495892611461199,565,0.9537777777777778,0.9078657865786579,0.8985423542354235,0.9547854785478548,0.954895489548955,0.9339733773377338,0.02529844385043751
0.03400683403015137,0.005643456838684082,0.02675495147705078,0.0006210754214945874,balanced,entropy,1,2,1.0,50,"{'estimator__class_weight': 'balanced', 'estimator__criterion': 'entropy', 'estimator__max_depth': 1, 'estimator__min_samples_leaf': 2, 'learning_rate': 1.0, 'n_estimators': 50}",0.9035326086956521,0.9066666666666667,0.7871345029239767,0.8639455782312926,0.8704902867715079,0.8663539286578192,0.043141622869212866,490,0.8399035712630001,0.898154343704695,0.883033633033633,0.8509057833699689,0.9027506679402522,0.8749495998623098,0.025231093307588374,0.9375,0.9333333333333333,0.8631578947368421,0.9183673469387755,0.9148936170212766,0.9134504384060456,0.02656806212844438,493,0.906801007556675,0.9289617486338798,0.9175824175824175,0.9113924050632911,0.931129476584022,0.919173411084057,0.009538456251307679,0.8695652173913043,0.88,0.7111111111111111,0.8095238095238095,0.8260869565217391,0.8192574189095929,0.06009583242075254,490,0.7730061349693251,0.8673469387755102,0.8484848484848485,0.7904191616766467,0.8743718592964824,0.8307257886405626,0.041273853526407514,0.7692307692307693,0.88,0.64,0.68,0.76,0.7458461538461538,0.0828052538138227,487,0.63,0.8415841584158416,0.8316831683168316,0.6534653465346535,0.8613861386138614,0.7636237623762376,0.1002572438755163,0.9154929577464789,0.9142857142857143,0.8142857142857143,0.8857142857142857,0.8857142857142857,0.8830985915492958,0.03679925916405352,490,0.8678571428571429,0.9074733096085409,0.8932384341637011,0.8754448398576512,0.9110320284697508,0.8910091509913574,0.01705999476355473,0.9525641025641025,0.9239999999999999,0.7768888888888889,0.9502222222222222,0.8906666666666667,0.898868376068376,0.06495892611461199,565,0.9537777777777778,0.9078657865786579,0.8985423542354235,0.9547854785478548,0.954895489548955,0.9339733773377338,0.02529844385043751
0.034786128997802736,0.006213486962515292,0.02536144256591797,0.002901950755000184,balanced,entropy,1,2,1.0,100,"{'estimator__class_weight': 'balanced', 'estimator__criterion': 'entropy', 'estimator__max_depth': 1, 'estimator__min_samples_leaf': 2, 'learning_rate': 1.0, 'n_estimators': 100}",0.9035326086956521,0.9066666666666667,0.7871345029239767,0.8639455782312926,0.8704902867715079,0.8663539286578192,0.043141622869212866,490,0.8399035712630001,0.898154343704695,0.883033633033633,0.8509057833699689,0.9027506679402522,0.8749495998623098,0.025231093307588374,0.9375,0.9333333333333333,0.8631578947368421,0.9183673469387755,0.9148936170212766,0.9134504384060456,0.02656806212844438,493,0.906801007556675,0.9289617486338798,0.9175824175824175,0.9113924050632911,0.931129476584022,0.919173411084057,0.009538456251307679,0.8695652173913043,0.88,0.7111111111111111,0.8095238095238095,0.8260869565217391,0.8192574189095929,0.06009583242075254,490,0.7730061349693251,0.8673469387755102,0.8484848484848485,0.7904191616766467,0.8743718592964824,0.8307257886405626,0.041273853526407514,0.7692307692307693,0.88,0.64,0.68,0.76,0.7458461538461538,0.0828052538138227,487,0.63,0.8415841584158416,0.8316831683168316,0.6534653465346535,0.8613861386138614,0.7636237623762376,0.1002572438755163,0.9154929577464789,0.9142857142857143,0.8142857142857143,0.8857142857142857,0.8857142857142857,0.8830985915492958,0.03679925916405352,490,0.8678571428571429,0.9074733096085409,0.8932384341637011,0.8754448398576512,0.9110320284697508,0.8910091509913574,0.01705999476355473,0.9525641025641025,0.9239999999999999,0.7768888888888889,0.9502222222222222,0.8906666666666667,0.898868376068376,0.06495892611461199,565,0.9537777777777778,0.9078657865786579,0.8985423542354235,0.9547854785478548,0.954895489548955,0.9339733773377338,0.02529844385043751
0.03313493728637695,0.005837671930551593,0.025533628463745118,0.003781147400367727,balanced,entropy,1,2,1.0,200,"{'estimator__class_weight': 'balanced', 'estimator__criterion': 'entropy', 'estimator__max_depth': 1, 'estimator__min_samples_leaf': 2, 'learning_rate': 1.0, 'n_estimators': 200}",0.9035326086956521,0.9066666666666667,0.7871345029239767,0.8639455782312926,0.8704902867715079,0.8663539286578192,0.043141622869212866,490,0.8399035712630001,0.898154343704695,0.883033633033633,0.8509057833699689,0.9027506679402522,0.8749495998623098,0.025231093307588374,0.9375,0.9333333333333333,0.8631578947368421,0.9183673469387755,0.9148936170212766,0.9134504384060456,0.02656806212844438,493,0.906801007556675,0.9289617486338798,0.9175824175824175,0.9113924050632911,0.931129476584022,0.919173411084057,0.009538456251307679,0.8695652173913043,0.88,0.7111111111111111,0.8095238095238095,0.8260869565217391,0.8192574189095929,0.06009583242075254,490,0.7730061349693251,0.8673469387755102,0.8484848484848485,0.7904191616766467,0.8743718592964824,0.8307257886405626,0.041273853526407514,0.7692307692307693,0.88,0.64,0.68,0.76,0.7458461538461538,0.0828052538138227,487,0.63,0.8415841584158416,0.8316831683168316,0.6534653465346535,0.8613861386138614,0.7636237623762376,0.1002572438755163,0.9154929577464789,0.9142857142857143,0.8142857142857143,0.8857142857142857,0.8857142857142857,0.8830985915492958,0.03679925916405352,490,0.8678571428571429,0.9074733096085409,0.8932384341637011,0.8754448398576512,0.9110320284697508,0.8910091509913574,0.01705999476355473,0.9525641025641025,0.9239999999999999,0.7768888888888889,0.9502222222222222,0.8906666666666667,0.898868376068376,0.06495892611461199,565,0.9537777777777778,0.9078657865786579,0.8985423542354235,0.9547854785478548,0.954895489548955,0.9339733773377338,0.02529844385043751
0.03140401840209961,0.006714086378309834,0.023639583587646486,0.002777857838240079,balanced,entropy,1,5,1.0,25,"{'estimator__class_weight': 'balanced', 'estimator__criterion': 'entropy', 'estimator__max_depth': 1, 'estimator__min_samples_leaf': 5, 'learning_rate': 1.0, 'n_estimators': 25}",0.9035326086956521,0.9066666666666667,0.7871345029239767,0.8639455782312926,0.8704902867715079,0.8663539286578192,0.043141622869212866,490,0.8399035712630001,0.898154343704695,0.883033633033633,0.8509057833699689,0.9027506679402522,0.8749495998623098,0.025231093307588374,0.9375,0.9333333333333333,0.8631578947368421,0.9183673469387755,0.9148936170212766,0.9134504384060456,0.02656806212844438,493,0.906801007556675,0.9289617486338798,0.9175824175824175,0.9113924050632911,0.931129476584022,0.919173411084057,0.009538456251307679,0.8695652173913043,0.88,0.7111111111111111,0.8095238095238095,0.8260869565217391,0.8192574189095929,0.06009583242075254,490,0.7730061349693251,0.8673469387755102,0.8484848484848485,0.7904191616766467,0.8743718592964824,0.8307257886405626,0.041273853526407514,0.7692307692307693,0.88,0.64,0.68,0.76,0.7458461538461538,0.0828052538138227,487,0.63,0.8415841584158416,0.8316831683168316,0.6534653465346535,0.8613861386138614,0.7636237623762376,0.1002572438755163,0.9154929577464789,0.9142857142857143,0.8142857142857143,0.8857142857142857,0.8857142857142857,0.8830985915492958,0.03679925916405352,490,0.8678571428571429,0.9074733096085409,0.8932384341637011,0.8754448398576512,0.9110320284697508,0.8910091509913574,0.01705999476355473,0.9525641025641025,0.9239999999999999,0.7768888888888889,0.9502222222222222,0.8906666666666667,0.898868376068376,0.06495892611461199,565,0.9537777777777778,0.9078657865786579,0.8985423542354235,0.9547854785478548,0.954895489548955,0.9339733773377338,0.02529844385043751
0.03486547470092773,0.005471979742348787,0.02342648506164551,0.003476848433885891,balanced,entropy,1,5,1.0,50,"{'estimator__class_weight': 'balanced', 'estimator__criterion': 'entropy', 'estimator__max_depth': 1, 'estimator__min_samples_leaf': 5, 'learning_rate': 1.0, 'n_estimators': 50}",0.9035326086956521,0.9066666666666667,0.7871345029239767,0.8639455782312926,0.8704902867715079,0.8663539286578192,0.043141622869212866,490,0.8399035712630001,0.898154343704695,0.883033633033633,0.8509057833699689,0.9027506679402522,0.8749495998623098,0.025231093307588374,0.9375,0.9333333333333333,0.8631578947368421,0.9183673469387755,0.9148936170212766,0.9134504384060456,0.02656806212844438,493,0.906801007556675,0.9289617486338798,0.9175824175824175,0.9113924050632911,0.931129476584022,0.919173411084057,0.009538456251307679,0.8695652173913043,0.88,0.7111111111111111,0.8095238095238095,0.8260869565217391,0.8192574189095929,0.06009583242075254,490,0.7730061349693251,0.8673469387755102,0.8484848484848485,0.7904191616766467,0.8743718592964824,0.8307257886405626,0.041273853526407514,0.7692307692307693,0.88,0.64,0.68,0.76,0.7458461538461538,0.0828052538138227,487,0.63,0.8415841584158416,0.8316831683168316,0.6534653465346535,0.8613861386138614,0.7636237623762376,0.1002572438755163,0.9154929577464789,0.9142857142857143,0.8142857142857143,0.8857142857142857,0.8857142857142857,0.8830985915492958,0.03679925916405352,490,0.8678571428571429,0.9074733096085409,0.8932384341637011,0.8754448398576512,0.9110320284697508,0.8910091509913574,0.01705999476355473,0.9525641025641025,0.9239999999999999,0.7768888888888889,0.9502222222222222,0.8906666666666667,0.898868376068376,0.06495892611461199,565,0.9537777777777778,0.9078657865786579,0.8985423542354235,0.9547854785478548,0.954895489548955,0.9339733773377338,0.02529844385043751
0.03386869430541992,0.005602394473304197,0.0265350341796875,0.0008242583310667645,balanced,entropy,1,5,1.0,100,"{'estimator__class_weight': 'balanced', 'estimator__criterion': 'entropy', 'estimator__max_depth': 1, 'estimator__min_samples_leaf': 5, 'learning_rate': 1.0, 'n_estimators': 100}",0.9035326086956521,0.9066666666666667,0.7871345029239767,0.8639455782312926,0.8704902867715079,0.8663539286578192,0.043141622869212866,490,0.8399035712630001,0.898154343704695,0.883033633033633,0.8509057833699689,0.9027506679402522,0.8749495998623098,0.025231093307588374,0.9375,0.9333333333333333,0.8631578947368421,0.9183673469387755,0.9148936170212766,0.9134504384060456,0.02656806212844438,493,0.906801007556675,0.9289617486338798,0.9175824175824175,0.9113924050632911,0.931129476584022,0.919173411084057,0.009538456251307679,0.8695652173913043,0.88,0.7111111111111111,0.8095238095238095,0.8260869565217391,0.8192574189095929,0.06009583242075254,490,0.7730061349693251,0.8673469387755102,0.8484848484848485,0.7904191616766467,0.8743718592964824,0.8307257886405626,0.041273853526407514,0.7692307692307693,0.88,0.64,0.68,0.76,0.7458461538461538,0.0828052538138227,487,0.63,0.8415841584158416,0.8316831683168316,0.6534653465346535,0.8613861386138614,0.7636237623762376,0.1002572438755163,0.9154929577464789,0.9142857142857143,0.8142857142857143,0.8857142857142857,0.8857142857142857,0.8830985915492958,0.03679925916405352,490,0.8678571428571429,0.9074733096085409,0.8932384341637011,0.8754448398576512,0.9110320284697508,0.8910091509913574,0.01705999476355473,0.9525641025641025,0.9239999999999999,0.7768888888888889,0.9502222222222222,0.8906666666666667,0.898868376068376,0.06495892611461199,565,0.9537777777777778,0.9078657865786579,0.8985423542354235,0.9547854785478548,0.954895489548955,0.9339733773377338,0.02529844385043751
0.03368816375732422,0.005542248584520345,0.026102113723754882,0.0006022173806332053,balanced,entropy,1,5,1.0,200,"{'estimator__class_weight': 'balanced', 'estimator__criterion': 'entropy', 'estimator__max_depth': 1, 'estimator__min_samples_leaf': 5, 'learning_rate': 1.0, 'n_estimators': 200}",0.9035326086956521,0.9066666666666667,0.7871345029239767,0.8639455782312926,0.8704902867715079,0.8663539286578192,0.043141622869212866,490,0.8399035712630001,0.898154343704695,0.883033633033633,0.8509057833699689,0.9027506679402522,0.8749495998623098,0.025231093307588374,0.9375,0.9333333333333333,0.8631578947368421,0.9183673469387755,0.9148936170212766,0.9134504384060456,0.02656806212844438,493,0.906801007556675,0.9289617486338798,0.9175824175824175,0.9113924050632911,0.931129476584022,0.919173411084057,0.009538456251307679,0.8695652173913043,0.88,0.7111111111111111,0.8095238095238095,0.8260869565217391,0.8192574189095929,0.06009583242075254,490,0.7730061349693251,0.8673469387755102,0.8484848484848485,0.7904191616766467,0.8743718592964824,0.8307257886405626,0.041273853526407514,0.7692307692307693,0.88,0.64,0.68,0.76,0.7458461538461538,0.0828052538138227,487,0.63,0.8415841584158416,0.8316831683168316,0.6534653465346535,0.8613861386138614,0.7636237623762376,0.1002572438755163,0.9154929577464789,0.9142857142857143,0.8142857142857143,0.8857142857142857,0.8857142857142857,0.8830985915492958,0.03679925916405352,490,0.8678571428571429,0.9074733096085409,0.8932384341637011,0.8754448398576512,0.9110320284697508,0.8910091509913574,0.01705999476355473,0.9525641025641025,0.9239999999999999,0.7768888888888889,0.9502222222222222,0.8906666666666667,0.898868376068376,0.06495892611461199,565,0.9537777777777778,0.9078657865786579,0.8985423542354235,0.9547854785478548,0.954895489548955,0.9339733773377338,0.02529844385043751
0.0384615421295166,0.011255085017986426,0.02452406883239746,0.004460292417424193,balanced,gini,1,1,1.0,25,"{'estimator__class_weight': 'balanced', 'estimator__criterion': 'gini', 'estimator__max_depth': 1, 'estimator__min_samples_leaf': 1, 'learning_rate': 1.0, 'n_estimators': 25}",0.9055851063829787,0.8447893569844789,0.7959183673469388,0.8853801169590643,0.8731884057971014,0.8609722706941124,0.03802414775162395,502,0.8479638009049774,0.8729378473387108,0.9125353706847765,0.8874971402425074,0.929491468718635,0.8900851255779214,0.02874649960045335,0.9361702127659575,0.9090909090909091,0.8775510204081632,0.9263157894736842,0.9130434782608695,0.9124342819999166,0.019922258209582017,505,0.9076923076923077,0.9190600522193212,0.9408602150537635,0.925531914893617,0.9508196721311475,0.9287928323980313,0.015371376832429767,0.875,0.7804878048780488,0.7142857142857143,0.8444444444444444,0.8333333333333334,0.8095102593883082,0.056545307707906584,502,0.788235294117647,0.8268156424581006,0.8842105263157894,0.8494623655913979,0.9081632653061225,0.8513774187578115,0.04218180059652116,0.8076923076923077,0.64,0.6,0.76,0.8,0.7215384615384615,0.08541440921633275,502,0.67,0.7326732673267327,0.8316831683168316,0.7821782178217822,0.8811881188118812,0.7795445544554456,0.07382914381345498,0.9154929577464789,0.8714285714285714,0.8285714285714286,0.9,0.8857142857142857,0.8802414486921529,0.029700097543280502,502,0.8714285714285714,0.8896797153024911,0.9217081850533808,0.900355871886121,0.9359430604982206,0.903823080833757,0.022860580100393713,0.9491452991452991,0.9333333333333333,0.9017777777777778,0.9515555555555556,0.9146666666666667,0.9300957264957266,0.019359001452783808,499,0.9516388888888889,0.9477172717271727,0.9694444444444444,0.9652640264026403,0.9845984598459846,0.9637326182618262,0.013214409778876036
0.03698840141296387,0.006646229263846221,0.0241544246673584,0.003950742271072174,balanced,gini,1,1,1.0,50,"{'estimator__class_weight': 'balanced', 'estimator__criterion': 'gini', 'estimator__max_depth': 1, 'estimator__min_samples_leaf': 1, 'learning_rate': 1.0, 'n_estimators': 50}",0.9055851063829787,0.8447893569844789,0.7959183673469388,0.8853801169590643,0.8731884057971014,0.8609722706941124,0.03802414775162395,502,0.8479638009049774,0.8729378473387108,0.9125353706847765,0.8874971402425074,0.929491468718635,0.8900851255779214,0.02874649960045335,0.9361702127659575,0.9090909090909091,0.8775510204081632,0.9263157894736842,0.9130434782608695,0.9124342819999166,0.019922258209582017,505,0.9076923076923077,0.9190600522193212,0.9408602150537635,0.925531914893617,0.9508196721311475,0.9287928323980313,0.015371376832429767,0.875,0.7804878048780488,0.7142857142857143,0.8444444444444444,0.8333333333333334,0.8095102593883082,0.056545307707906584,502,0.788235294117647,0.8268156424581006,0.8842105263157894,0.8494623655913979,0.9081632653061225,0.8513774187578115,0.04218180059652116,0.8076923076923077,0.64,0.6,0.76,0.8,0.7215384615384615,0.08541440921633275,502,0.67,0.7326732673267327,0.8316831683168316,0.7821782178217822,0.8811881188118812,0.7795445544554456,0.07382914381345498,0.9154929577464789,0.8714285714285714,0.8285714285714286,0.9,0.8857142857142857,0.8802414486921529,0.029700097543280502,502,0.8714285714285714,0.8896797153024911,0.9217081850533808,0.900355871886121,0.9359430604982206,0.903823080833757,0.022860580100393713,0.9491452991452991,0.9333333333333333,0.9017777777777778,0.9515555555555556,0.9146666666666667,0.9300957264957266,0.019359001452783808,499,0.9516388888888889,0.9477172717271727,0.9694444444444444,0.9652640264026403,0.9845984598459846,0.9637326182618262,0.013214409778876036
0.041461849212646486,0.01306591396611701,0.0262420654296875,0.0038360275421658627,balanced,gini,1,1,1.0,100,"{'estimator__class_weight': 'balanced', 'estimator__criterion': 'gini', 'estimator__max_depth': 1, 'estimator__min_samples_leaf': 1, 'learning_rate': 1.0, 'n_estimators': 100}",0.9055851063829787,0.8447893569844789,0.7959183673469388,0.8853801169590643,0.8731884057971014,0.8609722706941124,0.03802414775162395,502,0.8479638009049774,0.8729378473387108,0.9125353706847765,0.8874971402425074,0.929491468718635,0.8900851255779214,0.02874649960045335,0.9361702127659575,0.9090909090909091,0.8775510204081632,0.9263157894736842,0.9130434782608695,0.9124342819999166,0.019922258209582017,505,0.9076923076923077,0.9190600522193212,0.9408602150537635,0.925531914893617,0.9508196721311475,0.9287928323980313,0.015371376832429767,0.875,0.7804878048780488,0.7142857142857143,0.8444444444444444,0.8333333333333334,0.8095102593883082,0.056545307707906584,502,0.788235294117647,0.8268156424581006,0.8842105263157894,0.8494623655913979,0.9081632653061225,0.8513774187578115,0.04218180059652116,0.8076923076923077,0.64,0.6,0.76,0.8,0.7215384615384615,0.08541440921633275,502,0.67,0.7326732673267327,0.8316831683168316,0.7821782178217822,0.8811881188118812,0.7795445544554456,0.07382914381345498,0.9154929577464789,0.8714285714285714,0.8285714285714286,0.9,0.8857142857142857,0.8802414486921529,0.029700097543280502,502,0.8714285714285714,0.8896797153024911,0.9217081850533808,0.900355871886121,0.9359430604982206,0.903823080833757,0.022860580100393713,0.9491452991452991,0.9333333333333333,0.9017777777777778,0.9515555555555556,0.9146666666666667,0.9300957264957266,0.019359001452783808,499,0.9516388888888889,0.9477172717271727,0.9694444444444444,0.9652640264026403,0.9845984598459846,0.9637326182618262,0.013214409778876036
0.04453167915344238,0.014093120279922466,0.029694366455078124,0.0036465944403210955,balanced,gini,1,1,1.0,200,"{'estimator__class_weight': 'balanced', 'estimator__criterion': 'gini', 'estimator__max_depth': 1, 'estimator__min_samples_leaf': 1, 'learning_rate': 1.0, 'n_estimators': 200}",0.9055851063829787,0.8447893569844789,0.7959183673469388,0.8853801169590643,0.8731884057971014,0.8609722706941124,0.03802414775162395,502,0.8479638009049774,0.8729378473387108,0.9125353706847765,0.8874971402425074,0.929491468718635,0.8900851255779214,0.02874649960045335,0.9361702127659575,0.9090909090909091,0.8775510204081632,0.9263157894736842,0.9130434782608695,0.9124342819999166,0.019922258209582017,505,0.9076923076923077,0.9190600522193212,0.9408602150537635,0.925531914893617,0.9508196721311475,0.9287928323980313,0.015371376832429767,0.875,0.7804878048780488,0.7142857142857143,0.8444444444444444,0.8333333333333334,0.8095102593883082,0.056545307707906584,502,0.788235294117647,0.8268156424581006,0.8842105263157894,0.8494623655913979,0.9081632653061225,0.8513774187578115,0.04218180059652116,0.8076923076923077,0.64,0.6,0.76,0.8,0.7215384615384615,0.08541440921633275,502,0.67,0.7326732673267327,0.8316831683168316,0.7821782178217822,0.8811881188118812,0.7795445544554456,0.07382914381345498,0.9154929577464789,0.8714285714285714,0.8285714285714286,0.9,0.8857142857142857,0.8802414486921529,0.029700097543280502,502,0.8714285714285714,0.8896797153024911,0.9217081850533808,0.900355871886121,0.9359430604982206,0.903823080833757,0.022860580100393713,0.9491452991452991,0.9333333333333333,0.9017777777777778,0.9515555555555556,0.9146666666666667,0.9300957264957266,0.019359001452783808,499,0.9516388888888889,0.9477172717271727,0.9694444444444444,0.9652640264026403,0.9845984598459846,0.9637326182618262,0.013214409778876036
0.05218830108642578,0.014401734842833447,0.037366056442260744,0.006073578560881609,balanced,gini,1,2,1.0,25,"{'estimator__class_weight': 'balanced', 'estimator__criterion': 'gini', 'estimator__max_depth': 1, 'estimator__min_samples_leaf': 2, 'learning_rate': 1.0, 'n_estimators': 25}",0.9055851063829787,0.8447893569844789,0.7959183673469388,0.8853801169590643,0.8731884057971014,0.8609722706941124,0.03802414775162395,502,0.8479638009049774,0.8729378473387108,0.9125353706847765,0.8874971402425074,0.929491468718635,0.8900851255779214,0.02874649960045335,0.9361702127659575,0.9090909090909091,0.8775510204081632,0.9263157894736842,0.9130434782608695,0.9124342819999166,0.019922258209582017,505,0.9076923076923077,0.9190600522193212,0.9408602150537635,0.925531914893617,0.9508196721311475,0.9287928323980313,0.015371376832429767,0.875,0.7804878048780488,0.7142857142857143,0.8444444444444444,0.8333333333333334,0.8095102593883082,0.056545307707906584,502,0.788235294117647,0.8268156424581006,0.8842105263157894,0.8494623655913979,0.9081632653061225,0.8513774187578115,0.04218180059652116,0.8076923076923077,0.64,0.6,0.76,0.8,0.7215384615384615,0.08541440921633275,502,0.67,0.7326732673267327,0.8316831683168316,0.7821782178217822,0.8811881188118812,0.7795445544554456,0.07382914381345498,0.9154929577464789,0.8714285714285714,0.8285714285714286,0.9,0.8857142857142857,0.8802414486921529,0.029700097543280502,502,0.8714285714285714,0.8896797153024911,0.9217081850533808,0.900355871886121,0.9359430604982206,0.903823080833757,0.022860580100393713,0.9491452991452991,0.9333333333333333,0.9017777777777778,0.9515555555555556,0.9146666666666667,0.9300957264957266,0.019359001452783808,499,0.9516388888888889,0.9477172717271727,0.9694444444444444,0.9652640264026403,0.9845984598459846,0.9637326182618262,0.013214409778876036
0.05103831291198731,0.01725636119188782,0.03329544067382813,0.0029126627526441604,balanced,gini,1,2,1.0,50,"{'estimator__class_weight': 'balanced', 'estimator__criterion': 'gini', 'estimator__max_depth': 1, 'estimator__min_samples_leaf': 2, 'learning_rate': 1.0, 'n_estimators': 50}",0.9055851063829787,0.8447893569844789,0.7959183673469388,0.8853801169590643,0.8731884057971014,0.8609722706941124,0.03802414775162395,502,0.8479638009049774,0.8729378473387108,0.9125353706847765,0.8874971402425074,0.929491468718635,0.8900851255779214,0.02874649960045335,0.9361702127659575,0.9090909090909091,0.8775510204081632,0.9263157894736842,0.9130434782608695,0.9124342819999166,0.019922258209582017,505,0.9076923076923077,0.9190600522193212,0.9408602150537635,0.925531914893617,0.9508196721311475,0.9287928323980313,0.015371376832429767,0.875,0.7804878048780488,0.7142857142857143,0.8444444444444444,0.8333333333333334,0.8095102593883082,0.056545307707906584,502,0.788235294117647,0.8268156424581006,0.8842105263157894,0.8494623655913979,0.9081632653061225,0.8513774187578115,0.04218180059652116,0.8076923076923077,0.64,0.6,0.76,0.8,0.7215384615384615,0.08541440921633275,502,0.67,0.7326732673267327,0.8316831683168316,0.7821782178217822,0.8811881188118812,0.7795445544554456,0.07382914381345498,0.9154929577464789,0.8714285714285714,0.8285714285714286,0.9,0.8857142857142857,0.8802414486921529,0.029700097543280502,502,0.8714285714285714,0.8896797153024911,0.9217081850533808,0.900355871886121,0.9359430604982206,0.903823080833757,0.022860580100393713,0.9491452991452991,0.9333333333333333,0.9017777777777778,0.9515555555555556,0.9146666666666667,0.9300957264957266,0.019359001452783808,499,0.9516388888888889,0.9477172717271727,0.9694444444444444,0.9652640264026403,0.9845984598459846,0.9637326182618262,0.013214409778876036
0.05424942970275879,0.010251996220654869,0.03513350486755371,0.0025666694876570573,balanced,gini,1,2,1.0,100,"{'estimator__class_weight': 'balanced', 'estimator__criterion': 'gini', 'estimator__max_depth': 1, 'estimator__min_samples_leaf': 2, 'learning_rate': 1.0, 'n_estimators': 100}",0.9055851063829787,0.8447893569844789,0.7959183673469388,0.8853801169590643,0.8731884057971014,0.8609722706941124,0.03802414775162395,502,0.8479638009049774,0.8729378473387108,0.9125353706847765,0.8874971402425074,0.929491468718635,0.8900851255779214,0.02874649960045335,0.9361702127659575,0.9090909090909091,0.8775510204081632,0.9263157894736842,0.9130434782608695,0.9124342819999166,0.019922258209582017,505,0.9076923076923077,0.9190600522193212,0.9408602150537635,0.925531914893617,0.9508196721311475,0.9287928323980313,0.015371376832429767,0.875,0.7804878048780488,0.7142857142857143,0.8444444444444444,0.8333333333333334,0.8095102593883082,0.056545307707906584,502,0.788235294117647,0.8268156424581006,0.8842105263157894,0.8494623655913979,0.9081632653061225,0.8513774187578115,0.04218180059652116,0.8076923076923077,0.64,0.6,0.76,0.8,0.7215384615384615,0.08541440921633275,502,0.67,0.7326732673267327,0.8316831683168316,0.7821782178217822,0.8811881188118812,0.7795445544554456,0.07382914381345498,0.9154929577464789,0.8714285714285714,0.8285714285714286,0.9,0.8857142857142857,0.8802414486921529,0.029700097543280502,502,0.8714285714285714,0.8896797153024911,0.9217081850533808,0.900355871886121,0.9359430604982206,0.903823080833757,0.022860580100393713,0.9491452991452991,0.9333333333333333,0.9017777777777778,0.9515555555555556,0.9146666666666667,0.9300957264957266,0.019359001452783808,499,0.9516388888888889,0.9477172717271727,0.9694444444444444,0.9652640264026403,0.9845984598459846,0.9637326182618262,0.013214409778876036
0.04974861145019531,0.01359122424914179,0.03376612663269043,0.002048181457153597,balanced,gini,1,2,1.0,200,"{'estimator__class_weight': 'balanced', 'estimator__criterion': 'gini', 'estimator__max_depth': 1, 'estimator__min_samples_leaf': 2, 'learning_rate': 1.0, 'n_estimators': 200}",0.9055851063829787,0.8447893569844789,0.7959183673469388,0.8853801169590643,0.8731884057971014,0.8609722706941124,0.03802414775162395,502,0.8479638009049774,0.8729378473387108,0.9125353706847765,0.8874971402425074,0.929491468718635,0.8900851255779214,0.02874649960045335,0.9361702127659575,0.9090909090909091,0.8775510204081632,0.9263157894736842,0.9130434782608695,0.9124342819999166,0.019922258209582017,505,0.9076923076923077,0.9190600522193212,0.9408602150537635,0.925531914893617,0.9508196721311475,0.9287928323980313,0.015371376832429767,0.875,0.7804878048780488,0.7142857142857143,0.8444444444444444,0.8333333333333334,0.8095102593883082,0.056545307707906584,502,0.788235294117647,0.8268156424581006,0.8842105263157894,0.8494623655913979,0.9081632653061225,0.8513774187578115,0.04218180059652116,0.8076923076923077,0.64,0.6,0.76,0.8,0.7215384615384615,0.08541440921633275,502,0.67,0.7326732673267327,0.8316831683168316,0.7821782178217822,0.8811881188118812,0.7795445544554456,0.07382914381345498,0.9154929577464789,0.8714285714285714,0.8285714285714286,0.9,0.8857142857142857,0.8802414486921529,0.029700097543280502,502,0.8714285714285714,0.8896797153024911,0.9217081850533808,0.900355871886121,0.9359430604982206,0.903823080833757,0.022860580100393713,0.9491452991452991,0.9333333333333333,0.9017777777777778,0.9515555555555556,0.9146666666666667,0.9300957264957266,0.019359001452783808,499,0.9516388888888889,0.9477172717271727,0.9694444444444444,0.9652640264026403,0.9845984598459846,0.9637326182618262,0.013214409778876036
0.04455642700195313,0.013577221372911326,0.026731443405151368,0.0035408196219464316,balanced,gini,1,5,1.0,25,"{'estimator__class_weight': 'balanced', 'estimator__criterion': 'gini', 'estimator__max_depth': 1, 'estimator__min_samples_leaf': 5, 'learning_rate': 1.0, 'n_estimators': 25}",0.9055851063829787,0.8447893569844789,0.7959183673469388,0.8853801169590643,0.8731884057971014,0.8609722706941124,0.03802414775162395,502,0.8479638009049774,0.8729378473387108,0.9125353706847765,0.8874971402425074,0.929491468718635,0.8900851255779214,0.02874649960045335,0.9361702127659575,0.9090909090909091,0.8775510204081632,0.9263157894736842,0.9130434782608695,0.9124342819999166,0.019922258209582017,505,0.9076923076923077,0.9190600522193212,0.9408602150537635,0.925531914893617,0.9508196721311475,0.9287928323980313,0.015371376832429767,0.875,0.7804878048780488,0.7142857142857143,0.8444444444444444,0.8333333333333334,0.8095102593883082,0.056545307707906584,502,0.788235294117647,0.8268156424581006,0.8842105263157894,0.8494623655913979,0.9081632653061225,0.8513774187578115,0.04218180059652116,0.8076923076923077,0.64,0.6,0.76,0.8,0.7215384615384615,0.08541440921633275,502,0.67,0.7326732673267327,0.8316831683168316,0.7821782178217822,0.8811881188118812,0.7795445544554456,0.07382914381345498,0.9154929577464789,0.8714285714285714,0.8285714285714286,0.9,0.8857142857142857,0.8802414486921529,0.029700097543280502,502,0.8714285714285714,0.8896797153024911,0.9217081850533808,0.900355871886121,0.9359430604982206,0.903823080833757,0.022860580100393713,0.9491452991452991,0.9333333333333333,0.9017777777777778,0.9515555555555556,0.9146666666666667,0.9300957264957266,0.019359001452783808,499,0.9516388888888889,0.9477172717271727,0.9694444444444444,0.9652640264026403,0.9845984598459846,0.9637326182618262,0.013214409778876036
0.037139272689819335,0.00976984784626566,0.02528996467590332,0.0038395210408149355,balanced,gini,1,5,1.0,50,"{'estimator__class_weight': 'balanced', 'estimator__criterion': 'gini', 'estimator__max_depth': 1, 'estimator__min_samples_leaf': 5, 'learning_rate': 1.0, 'n_estimators': 50}",0.9055851063829787,0.8447893569844789,0.7959183673469388,0.8853801169590643,0.8731884057971014,0.8609722706941124,0.03802414775162395,502,0.8479638009049774,0.8729378473387108,0.9125353706847765,0.8874971402425074,0.929491468718635,0.8900851255779214,0.02874649960045335,0.9361702127659575,0.9090909090909091,0.8775510204081632,0.9263157894736842,0.9130434782608695,0.9124342819999166,0.019922258209582017,505,0.9076923076923077,0.9190600522193212,0.9408602150537635,0.925531914893617,0.9508196721311475,0.9287928323980313,0.015371376832429767,0.875,0.7804878048780488,0.7142857142857143,0.8444444444444444,0.8333333333333334,0.8095102593883082,0.056545307707906584,502,0.788235294117647,0.8268156424581006,0.8842105263157894,0.8494623655913979,0.9081632653061225,0.8513774187578115,0.04218180059652116,0.8076923076923077,0.64,0.6,0.76,0.8,0.7215384615384615,0.08541440921633275,502,0.67,0.7326732673267327,0.8316831683168316,0.7821782178217822,0.8811881188118812,0.7795445544554456,0.07382914381345498,0.9154929577464789,0.8714285714285714,0.8285714285714286,0.9,0.8857142857142857,0.8802414486921529,0.029700097543280502,502,0.8714285714285714,0.8896797153024911,0.9217081850533808,0.900355871886121,0.9359430604982206,0.903823080833757,0.022860580100393713,0.9491452991452991,0.9333333333333333,0.9017777777777778,0.9515555555555556,0.9146666666666667,0.9300957264957266,0.019359001452783808,499,0.9516388888888889,0.9477172717271727,0.9694444444444444,0.9652640264026403,0.9845984598459846,0.9637326182618262,0.013214409778876036
0.04465293884277344,0.013713043216298848,0.028565216064453124,0.0017690833777205255,balanced,gini,1,5,1.0,100,"{'estimator__class_weight': 'balanced', 'estimator__criterion': 'gini', 'estimator__max_depth': 1, 'estimator__min_samples_leaf': 5, 'learning_rate': 1.0, 'n_estimators': 100}",0.9055851063829787,0.8447893569844789,0.7959183673469388,0.8853801169590643,0.8731884057971014,0.8609722706941124,0.03802414775162395,502,0.8479638009049774,0.8729378473387108,0.9125353706847765,0.8874971402425074,0.929491468718635,0.8900851255779214,0.02874649960045335,0.9361702127659575,0.9090909090909091,0.8775510204081632,0.9263157894736842,0.9130434782608695,0.9124342819999166,0.019922258209582017,505,0.9076923076923077,0.9190600522193212,0.9408602150537635,0.925531914893617,0.9508196721311475,0.9287928323980313,0.015371376832429767,0.875,0.7804878048780488,0.7142857142857143,0.8444444444444444,0.8333333333333334,0.8095102593883082,0.056545307707906584,502,0.788235294117647,0.8268156424581006,0.8842105263157894,0.8494623655913979,0.9081632653061225,0.8513774187578115,0.04218180059652116,0.8076923076923077,0.64,0.6,0.76,0.8,0.7215384615384615,0.08541440921633275,502,0.67,0.7326732673267327,0.8316831683168316,0.7821782178217822,0.8811881188118812,0.7795445544554456,0.07382914381345498,0.9154929577464789,0.8714285714285714,0.8285714285714286,0.9,0.8857142857142857,0.8802414486921529,0.029700097543280502,502,0.8714285714285714,0.8896797153024911,0.9217081850533808,0.900355871886121,0.9359430604982206,0.903823080833757,0.022860580100393713,0.9491452991452991,0.9333333333333333,0.9017777777777778,0.9515555555555556,0.9146666666666667,0.9300957264957266,0.019359001452783808,499,0.9516388888888889,0.9477172717271727,0.9694444444444444,0.9652640264026403,0.9845984598459846,0.9637326182618262,0.013214409778876036
0.04225153923034668,0.016227163103760735,0.02883625030517578,0.003972464734232332,balanced,gini,1,5,1.0,200,"{'estimator__class_weight': 'balanced', 'estimator__criterion': 'gini', 'estimator__max_depth': 1, 'estimator__min_samples_leaf': 5, 'learning_rate': 1.0, 'n_estimators': 200}",0.9055851063829787,0.8447893569844789,0.7959183673469388,0.8853801169590643,0.8731884057971014,0.8609722706941124,0.03802414775162395,502,0.8479638009049774,0.8729378473387108,0.9125353706847765,0.8874971402425074,0.929491468718635,0.8900851255779214,0.02874649960045335,0.9361702127659575,0.9090909090909091,0.8775510204081632,0.9263157894736842,0.9130434782608695,0.9124342819999166,0.019922258209582017,505,0.9076923076923077,0.9190600522193212,0.9408602150537635,0.925531914893617,0.9508196721311475,0.9287928323980313,0.015371376832429767,0.875,0.7804878048780488,0.7142857142857143,0.8444444444444444,0.8333333333333334,0.8095102593883082,0.056545307707906584,502,0.788235294117647,0.8268156424581006,0.8842105263157894,0.8494623655913979,0.9081632653061225,0.8513774187578115,0.04218180059652116,0.8076923076923077,0.64,0.6,0.76,0.8,0.7215384615384615,0.08541440921633275,502,0.67,0.7326732673267327,0.8316831683168316,0.7821782178217822,0.8811881188118812,0.7795445544554456,0.07382914381345498,0.9154929577464789,0.8714285714285714,0.8285714285714286,0.9,0.8857142857142857,0.8802414486921529,0.029700097543280502,502,0.8714285714285714,0.8896797153024911,0.9217081850533808,0.900355871886121,0.9359430604982206,0.903823080833757,0.022860580100393713,0.9491452991452991,0.9333333333333333,0.9017777777777778,0.9515555555555556,0.9146666666666667,0.9300957264957266,0.019359001452783808,499,0.9516388888888889,0.9477172717271727,0.9694444444444444,0.9652640264026403,0.9845984598459846,0.9637326182618262,0.013214409778876036
0.27265000343322754,0.011919544207254688,0.04589776992797852,0.006820524121139131,,entropy,1,1,0.1,100,"{'estimator__class_weight': None, 'estimator__criterion': 'entropy', 'estimator__max_depth': 1, 'estimator__min_samples_leaf': 1, 'learning_rate': 0.1, 'n_estimators': 100}",0.9035326086956521,0.8639455782312926,0.8447893569844789,0.8639455782312926,0.8102981029810298,0.857302245024749,0.030303385994653324,514,0.8447893569844789,0.8697147814121835,0.8789099068309137,0.8603821310808979,0.8743291592128801,0.8656250671042709,0.012087920776206903,0.9375,0.9183673469387755,0.9090909090909091,0.9183673469387755,0.8888888888888888,0.9144428983714696,0.015773926071326067,490,0.9090909090909091,0.9207161125319693,0.9254498714652957,0.916030534351145,0.9230769230769231,0.9188728701032485,0.00579817531206989,0.8695652173913043,0.8095238095238095,0.7804878048780488,0.8095238095238095,0.7317073170731707,0.8001615916780285,0.044866939068451135,514,0.7804878048780488,0.8187134502923976,0.8323699421965318,0.8047337278106509,0.8255813953488372,0.8123772641052932,0.018382408827179737,0.7692307692307693,0.68,0.64,0.68,0.6,0.673846153846154,0.0561654361063613,514,0.64,0.693069306930693,0.7128712871287128,0.6732673267326733,0.7029702970297029,0.6844356435643565,0.02579114990439245,0.9154929577464789,0.8857142857142857,0.8714285714285714,0.8857142857142857,0.8428571428571429,0.8802414486921529,0.02357043024290137,502,0.8714285714285714,0.8896797153024911,0.896797153024911,0.8825622775800712,0.8932384341637011,0.886741230299949,0.00898789298505361,0.9521367521367521,0.9311111111111111,0.9275555555555556,0.9693333333333333,0.9146666666666666,0.9389606837606838,0.019380395386237714,484,0.9579444444444445,0.9667766776677668,0.9632563256325634,0.9667216721672167,0.9721397139713972,0.9653677667766777,0.004674211306026302
0.3259296417236328,0.01265743863780173,0.04668269157409668,0.005939158075535572,,entropy,1,2,0.1,100,"{'estimator__class_weight': None, 'estimator__criterion': 'entropy', 'estimator__max_depth': 1, 'estimator__min_samples_leaf': 2, 'learning_rate': 0.1, 'n_estimators': 100}",0.9035326086956521,0.8639455782312926,0.8447893569844789,0.8639455782312926,0.8102981029810298,0.857302245024749,0.030303385994653324,514,0.8447893569844789,0.8697147814121835,0.8789099068309137,0.8603821310808979,0.8743291592128801,0.8656250671042709,0.012087920776206903,0.9375,0.9183673469387755,0.9090909090909091,0.9183673469387755,0.8888888888888888,0.9144428983714696,0.015773926071326067,490,0.9090909090909091,0.9207161125319693,0.9254498714652957,0.916030534351145,0.9230769230769231,0.9188728701032485,0.00579817531206989,0.8695652173913043,0.8095238095238095,0.7804878048780488,0.8095238095238095,0.7317073170731707,0.8001615916780285,0.044866939068451135,514,0.7804878048780488,0.8187134502923976,0.8323699421965318,0.8047337278106509,0.8255813953488372,0.8123772641052932,0.018382408827179737,0.7692307692307693,0.68,0.64,0.68,0.6,0.673846153846154,0.0561654361063613,514,0.64,0.693069306930693,0.7128712871287128,0.6732673267326733,0.7029702970297029,0.6844356435643565,0.02579114990439245,0.9154929577464789,0.8857142857142857,0.8714285714285714,0.8857142857142857,0.8428571428571429,0.8802414486921529,0.02357043024290137,502,0.8714285714285714,0.8896797153024911,0.896797153024911,0.8825622775800712,0.8932384341637011,0.886741230299949,0.00898789298505361,0.9521367521367521,0.9311111111111111,0.9275555555555556,0.9693333333333333,0.9146666666666666,0.9389606837606838,0.019380395386237714,484,0.9579444444444445,0.9667766776677668,0.9632563256325634,0.9667216721672167,0.9721397139713972,0.9653677667766777,0.004674211306026302
0.29648613929748535,0.025158259239220312,0.043351030349731444,0.004241929212896511,,entropy,1,5,0.1,100,"{'estimator__class_weight': None, 'estimator__criterion': 'entropy', 'estimator__max_depth': 1, 'estimator__min_samples_leaf': 5, 'learning_rate': 0.1, 'n_estimators': 100}",0.9035326086956521,0.8639455782312926,0.8447893569844789,0.8639455782312926,0.8102981029810298,0.857302245024749,0.030303385994653324,514,0.8447893569844789,0.8697147814121835,0.8789099068309137,0.8603821310808979,0.8743291592128801,0.8656250671042709,0.012087920776206903,0.9375,0.9183673469387755,0.9090909090909091,0.9183673469387755,0.8888888888888888,0.9144428983714696,0.015773926071326067,490,0.9090909090909091,0.9207161125319693,0.9254498714652957,0.916030534351145,0.9230769230769231,0.9188728701032485,0.00579817531206989,0.8695652173913043,0.8095238095238095,0.7804878048780488,0.8095238095238095,0.7317073170731707,0.8001615916780285,0.044866939068451135,514,0.7804878048780488,0.8187134502923976,0.8323699421965318,0.8047337278106509,0.8255813953488372,0.8123772641052932,0.018382408827179737,0.7692307692307693,0.68,0.64,0.68,0.6,0.673846153846154,0.0561654361063613,514,0.64,0.693069306930693,0.7128712871287128,0.6732673267326733,0.7029702970297029,0.6844356435643565,0.02579114990439245,0.9154929577464789,0.8857142857142857,0.8714285714285714,0.8857142857142857,0.8428571428571429,0.8802414486921529,0.02357043024290137,502,0.8714285714285714,0.8896797153024911,0.896797153024911,0.8825622775800712,0.8932384341637011,0.886741230299949,0.00898789298505361,0.9521367521367521,0.9311111111111111,0.9275555555555556,0.9693333333333333,0.9146666666666666,0.9389606837606838,0.019380395386237714,484,0.9579444444444445,0.9667766776677668,0.9632563256325634,0.9667216721672167,0.9721397139713972,0.9653677667766777,0.004674211306026302
0.09466662406921386,0.0014581978793609955,0.02215113639831543,0.0007646777883086418,,gini,1,1,0.1,50,"{'estimator__class_weight': None, 'estimator__criterion': 'gini', 'estimator__max_depth': 1, 'estimator__min_samples_leaf': 1, 'learning_rate': 0.1, 'n_estimators': 50}",0.9204927211646137,0.8447893569844789,0.7612175282078195,0.8639455782312926,0.8489570846319827,0.8478804538440375,0.05109169459019766,517,0.8496355964710395,0.8461117196056955,0.8613092834387759,0.8603821310808979,0.8697147814121835,0.8574307024017184,0.008526851320995597,0.9473684210526315,0.9090909090909091,0.8737864077669902,0.9183673469387755,0.9072164948453608,0.9111659159389335,0.023578011775902123,517,0.9113924050632911,0.9090909090909091,0.9156010230179028,0.916030534351145,0.9207161125319693,0.9145661968110435,0.004027116654893412,0.8936170212765957,0.7804878048780488,0.6486486486486487,0.8095238095238095,0.7906976744186046,0.7845949917491415,0.07879437644918938,517,0.7878787878787878,0.7831325301204819,0.8070175438596491,0.8047337278106509,0.8187134502923976,0.8002952079923935,0.013060221340264265,0.8076923076923077,0.64,0.48,0.68,0.68,0.6575384615384616,0.10524516320809346,517,0.65,0.6435643564356436,0.6831683168316832,0.6732673267326733,0.693069306930693,0.6686138613861387,0.019002680146745957,0.9295774647887324,0.8714285714285714,0.8142857142857143,0.8857142857142857,0.8714285714285714,0.8744869215291751,0.03688878969937642,517,0.875,0.8718861209964412,0.8825622775800712,0.8825622775800712,0.8896797153024911,0.8803380782918149,0.0062783910193513915,0.9713675213675214,0.9422222222222223,0.9226666666666666,0.968,0.8866666666666667,0.9381846153846155,0.03130900972795804,487,0.9711666666666666,0.953025302530253,0.9552255225522552,0.971947194719472,0.9660616061606161,0.9634852585258524,0.007935740420266029
0.10678582191467285,0.00689664257510338,0.022520828247070312,0.0005308719204376128,,gini,1,2,0.1,50,"{'estimator__class_weight': None, 'estimator__criterion': 'gini', 'estimator__max_depth': 1, 'estimator__min_samples_leaf': 2, 'learning_rate': 0.1, 'n_estimators': 50}",0.9204927211646137,0.8447893569844789,0.7612175282078195,0.8639455782312926,0.8489570846319827,0.8478804538440375,0.05109169459019766,517,0.8496355964710395,0.8461117196056955,0.8613092834387759,0.8603821310808979,0.8697147814121835,0.8574307024017184,0.008526851320995597,0.9473684210526315,0.9090909090909091,0.8737864077669902,0.9183673469387755,0.9072164948453608,0.9111659159389335,0.023578011775902123,517,0.9113924050632911,0.9090909090909091,0.9156010230179028,0.916030534351145,0.9207161125319693,0.9145661968110435,0.004027116654893412,0.8936170212765957,0.7804878048780488,0.6486486486486487,0.8095238095238095,0.7906976744186046,0.7845949917491415,0.07879437644918938,517,0.7878787878787878,0.7831325301204819,0.8070175438596491,0.8047337278106509,0.8187134502923976,0.8002952079923935,0.013060221340264265,0.8076923076923077,0.64,0.48,0.68,0.68,0.6575384615384616,0.10524516320809346,517,0.65,0.6435643564356436,0.6831683168316832,0.6732673267326733,0.693069306930693,0.6686138613861387,0.019002680146745957,0.9295774647887324,0.8714285714285714,0.8142857142857143,0.8857142857142857,0.8714285714285714,0.8744869215291751,0.03688878969937642,517,0.875,0.8718861209964412,0.8825622775800712,0.8825622775800712,0.8896797153024911,0.8803380782918149,0.0062783910193513915,0.9713675213675214,0.9422222222222223,0.9226666666666666,0.968,0.8866666666666667,0.9381846153846155,0.03130900972795804,487,0.9711666666666666,0.953025302530253,0.9552255225522552,0.971947194719472,0.9660616061606161,0.9634852585258524,0.007935740420266029
0.10472755432128907,0.002861888656770625,0.024558210372924806,0.0031638998768962136,,gini,1,5,0.1,50,"{'estimator__class_weight': None, 'estimator__criterion': 'gini', 'estimator__max_depth': 1, 'estimator__min_samples_leaf': 5, 'learning_rate': 0.1, 'n_estimators': 50}",0.9204927211646137,0.8447893569844789,0.7612175282078195,0.8639455782312926,0.8489570846319827,0.8478804538440375,0.05109169459019766,517,0.8496355964710395,0.8461117196056955,0.8613092834387759,0.8603821310808979,0.8697147814121835,0.8574307024017184,0.008526851320995597,0.9473684210526315,0.9090909090909091,0.8737864077669902,0.9183673469387755,0.9072164948453608,0.9111659159389335,0.023578011775902123,517,0.9113924050632911,0.9090909090909091,0.9156010230179028,0.916030534351145,0.9207161125319693,0.9145661968110435,0.004027116654893412,0.8936170212765957,0.7804878048780488,0.6486486486486487,0.8095238095238095,0.7906976744186046,0.7845949917491415,0.07879437644918938,517,0.7878787878787878,0.7831325301204819,0.8070175438596491,0.8047337278106509,0.8187134502923976,0.8002952079923935,0.013060221340264265,0.8076923076923077,0.64,0.48,0.68,0.68,0.6575384615384616,0.10524516320809346,517,0.65,0.6435643564356436,0.6831683168316832,0.6732673267326733,0.693069306930693,0.6686138613861387,0.019002680146745957,0.9295774647887324,0.8714285714285714,0.8142857142857143,0.8857142857142857,0.8714285714285714,0.8744869215291751,0.03688878969937642,517,0.875,0.8718861209964412,0.8825622775800712,0.8825622775800712,0.8896797153024911,0.8803380782918149,0.0062783910193513915,0.9713675213675214,0.9422222222222223,0.9226666666666666,0.968,0.8866666666666667,0.9381846153846155,0.03130900972795804,487,0.9711666666666666,0.953025302530253,0.9552255225522552,0.971947194719472,0.9660616061606161,0.9634852585258524,0.007935740420266029
0.15195116996765137,0.01114983618252036,0.0304135799407959,0.004321497294370381,,entropy,1,1,0.1,50,"{'estimator__class_weight': None, 'estimator__criterion': 'entropy', 'estimator__max_depth': 1, 'estimator__min_samples_leaf': 1, 'learning_rate': 0.1, 'n_estimators': 50}",0.9035326086956521,0.8447893569844789,0.7612175282078195,0.8447893569844789,0.7612175282078195,0.8231092758160496,0.05489834451858166,520,0.825,0.8265432098765433,0.8650660264105643,0.8412792916571254,0.8556623156876964,0.8427101687263858,0.015777265464328855,0.9375,0.9090909090909091,0.8737864077669902,0.9090909090909091,0.8737864077669902,0.9006509267431598,0.024264070407046562,520,0.9,0.9,0.9183673469387755,0.906801007556675,0.9137055837563451,0.9077747876503592,0.007337840941538646,0.8695652173913043,0.7804878048780488,0.6486486486486487,0.7804878048780488,0.6486486486486487,0.7455676248889399,0.08555795322266448,520,0.75,0.7530864197530864,0.8117647058823529,0.7757575757575758,0.7976190476190477,0.7776455498024125,0.02422415804642062,0.7692307692307693,0.64,0.48,0.64,0.48,0.6018461538461539,0.11011086398200638,532,0.6,0.6039603960396039,0.6831683168316832,0.6336633663366337,0.6633663366336634,0.6368316831683168,0.03255243182262897,0.9154929577464789,0.8714285714285714,0.8142857142857143,0.8714285714285714,0.8142857142857143,0.8573843058350101,0.0386938636121008,520,0.8571428571428571,0.8576512455516014,0.8861209964412812,0.8683274021352313,0.8790035587188612,0.8696492119979664,0.011497223814860529,0.9367521367521368,0.928,0.9235555555555556,0.9617777777777777,0.8946666666666667,0.9289504273504274,0.02165126234713208,511,0.9370555555555555,0.946067106710671,0.9571507150715072,0.93506600660066,0.9673542354235423,0.9485387238723872,0.012228458807356254
0.1525975227355957,0.014505193268727934,0.03010411262512207,0.005390924331722336,,entropy,1,2,0.1,50,"{'estimator__class_weight': None, 'estimator__criterion': 'entropy', 'estimator__max_depth': 1, 'estimator__min_samples_leaf': 2, 'learning_rate': 0.1, 'n_estimators': 50}",0.9035326086956521,0.8447893569844789,0.7612175282078195,0.8447893569844789,0.7612175282078195,0.8231092758160496,0.05489834451858166,520,0.825,0.8265432098765433,0.8650660264105643,0.8412792916571254,0.8556623156876964,0.8427101687263858,0.015777265464328855,0.9375,0.9090909090909091,0.8737864077669902,0.9090909090909091,0.8737864077669902,0.9006509267431598,0.024264070407046562,520,0.9,0.9,0.9183673469387755,0.906801007556675,0.9137055837563451,0.9077747876503592,0.007337840941538646,0.8695652173913043,0.7804878048780488,0.6486486486486487,0.7804878048780488,0.6486486486486487,0.7455676248889399,0.08555795322266448,520,0.75,0.7530864197530864,0.8117647058823529,0.7757575757575758,0.7976190476190477,0.7776455498024125,0.02422415804642062,0.7692307692307693,0.64,0.48,0.64,0.48,0.6018461538461539,0.11011086398200638,532,0.6,0.6039603960396039,0.6831683168316832,0.6336633663366337,0.6633663366336634,0.6368316831683168,0.03255243182262897,0.9154929577464789,0.8714285714285714,0.8142857142857143,0.8714285714285714,0.8142857142857143,0.8573843058350101,0.0386938636121008,520,0.8571428571428571,0.8576512455516014,0.8861209964412812,0.8683274021352313,0.8790035587188612,0.8696492119979664,0.011497223814860529,0.9367521367521368,0.928,0.9235555555555556,0.9617777777777777,0.8946666666666667,0.9289504273504274,0.02165126234713208,511,0.9370555555555555,0.946067106710671,0.9571507150715072,0.93506600660066,0.9673542354235423,0.9485387238723872,0.012228458807356254
0.15014386177062988,0.015138880570102773,0.029735708236694337,0.004462359052965818,,entropy,1,5,0.1,50,"{'estimator__class_weight': None, 'estimator__criterion': 'entropy', 'estimator__max_depth': 1, 'estimator__min_samples_leaf': 5, 'learning_rate': 0.1, 'n_estimators': 50}",0.9035326086956521,0.8447893569844789,0.7612175282078195,0.8447893569844789,0.7612175282078195,0.8231092758160496,0.05489834451858166,520,0.825,0.8265432098765433,0.8650660264105643,0.8412792916571254,0.8556623156876964,0.8427101687263858,0.015777265464328855,0.9375,0.9090909090909091,0.8737864077669902,0.9090909090909091,0.8737864077669902,0.9006509267431598,0.024264070407046562,520,0.9,0.9,0.9183673469387755,0.906801007556675,0.9137055837563451,0.9077747876503592,0.007337840941538646,0.8695652173913043,0.7804878048780488,0.6486486486486487,0.7804878048780488,0.6486486486486487,0.7455676248889399,0.08555795322266448,520,0.75,0.7530864197530864,0.8117647058823529,0.7757575757575758,0.7976190476190477,0.7776455498024125,0.02422415804642062,0.7692307692307693,0.64,0.48,0.64,0.48,0.6018461538461539,0.11011086398200638,532,0.6,0.6039603960396039,0.6831683168316832,0.6336633663366337,0.6633663366336634,0.6368316831683168,0.03255243182262897,0.9154929577464789,0.8714285714285714,0.8142857142857143,0.8714285714285714,0.8142857142857143,0.8573843058350101,0.0386938636121008,520,0.8571428571428571,0.8576512455516014,0.8861209964412812,0.8683274021352313,0.8790035587188612,0.8696492119979664,0.011497223814860529,0.9367521367521368,0.928,0.9235555555555556,0.9617777777777777,0.8946666666666667,0.9289504273504274,0.02165126234713208,511,0.9370555555555555,0.946067106710671,0.9571507150715072,0.93506600660066,0.9673542354235423,0.9485387238723872,0.012228458807356254
0.12136850357055665,0.0014816465892939516,0.033662033081054685,0.0032590422792222224,balanced,entropy,1,1,0.5,25,"{'estimator__class_weight': 'balanced', 'estimator__criterion': 'entropy', 'estimator__max_depth': 1, 'estimator__min_samples_leaf': 1, 'learning_rate': 0.5, 'n_estimators': 25}",0.9073913043478261,0.8447893569844789,0.6503884572697003,0.8920467063229787,0.7382478632478633,0.8065727376345695,0.09797194558142615,523,0.8979591836734694,0.8412792916571254,0.8338664443265369,0.9018374903933487,0.8165111940298508,0.8582907208160663,0.034932423187156184,0.9347826086956522,0.9090909090909091,0.8301886792452831,0.9213483146067416,0.8653846153846154,0.8921590254046403,0.03876252307806097,523,0.9285714285714286,0.906801007556675,0.9012658227848102,0.9318801089918256,0.8955223880597015,0.9128081511928882,0.01469917830927913,0.88,0.7804878048780488,0.47058823529411764,0.8627450980392157,0.6111111111111112,0.7209864498644987,0.15728514909785576,523,0.8673469387755102,0.7757575757575758,0.7664670658682635,0.8717948717948718,0.7375,0.8037732904392444,0.05520385490056466,0.8461538461538461,0.64,0.32,0.88,0.44,0.6252307692307693,0.21973108901402627,520,0.85,0.6336633663366337,0.6336633663366337,0.8415841584158416,0.5841584158415841,0.7086138613861386,0.11348607969819977,0.9154929577464789,0.8714285714285714,0.7428571428571429,0.9,0.8,0.8459557344064386,0.06503279573204557,523,0.9071428571428571,0.8683274021352313,0.8612099644128114,0.9110320284697508,0.8505338078291815,0.8796492119979664,0.024725200436158834,0.9145299145299145,0.928,0.8773333333333333,0.9222222222222222,0.8906666666666667,0.9065504273504275,0.019366434742942255,553,0.9100277777777778,0.9339933993399341,0.9333883388338835,0.9086633663366337,0.954895489548955,0.9281936743674368,0.01723392592155232
0.23064827919006348,0.01332822772862945,0.043538236618041994,0.0020729438712029,balanced,entropy,1,1,0.5,50,"{'estimator__class_weight': 'balanced', 'estimator__criterion': 'entropy', 'estimator__max_depth': 1, 'estimator__min_samples_leaf': 1, 'learning_rate': 0.5, 'n_estimators': 50}",0.9073913043478261,0.8447893569844789,0.6503884572697003,0.8920467063229787,0.7382478632478633,0.8065727376345695,0.09797194558142615,523,0.8979591836734694,0.8412792916571254,0.8338664443265369,0.9018374903933487,0.8165111940298508,0.8582907208160663,0.034932423187156184,0.9347826086956522,0.9090909090909091,0.8301886792452831,0.9213483146067416,0.8653846153846154,0.8921590254046403,0.03876252307806097,523,0.9285714285714286,0.906801007556675,0.9012658227848102,0.9318801089918256,0.8955223880597015,0.9128081511928882,0.01469917830927913,0.88,0.7804878048780488,0.47058823529411764,0.8627450980392157,0.6111111111111112,0.7209864498644987,0.15728514909785576,523,0.8673469387755102,0.7757575757575758,0.7664670658682635,0.8717948717948718,0.7375,0.8037732904392444,0.05520385490056466,0.8461538461538461,0.64,0.32,0.88,0.44,0.6252307692307693,0.21973108901402627,520,0.85,0.6336633663366337,0.6336633663366337,0.8415841584158416,0.5841584158415841,0.7086138613861386,0.11348607969819977,0.9154929577464789,0.8714285714285714,0.7428571428571429,0.9,0.8,0.8459557344064386,0.06503279573204557,523,0.9071428571428571,0.8683274021352313,0.8612099644128114,0.9110320284697508,0.8505338078291815,0.8796492119979664,0.024725200436158834,0.9145299145299145,0.928,0.8773333333333333,0.9222222222222222,0.8906666666666667,0.9065504273504275,0.019366434742942255,553,0.9100277777777778,0.9339933993399341,0.9333883388338835,0.9086633663366337,0.954895489548955,0.9281936743674368,0.01723392592155232
0.44147772789001466,0.01208178803403226,0.051120567321777347,0.009607380786218065,balanced,entropy,1,1,0.5,100,"{'estimator__class_weight': 'balanced', 'estimator__criterion': 'entropy', 'estimator__max_depth': 1, 'estimator__min_samples_leaf': 1, 'learning_rate': 0.5, 'n_estimators': 100}",0.9073913043478261,0.8447893569844789,0.6503884572697003,0.8920467063229787,0.7382478632478633,0.8065727376345695,0.09797194558142615,523,0.8979591836734694,0.8412792916571254,0.8338664443265369,0.9018374903933487,0.8165111940298508,0.8582907208160663,0.034932423187156184,0.9347826086956522,0.9090909090909091,0.8301886792452831,0.9213483146067416,0.8653846153846154,0.8921590254046403,0.03876252307806097,523,0.9285714285714286,0.906801007556675,0.9012658227848102,0.9318801089918256,0.8955223880597015,0.9128081511928882,0.01469917830927913,0.88,0.7804878048780488,0.47058823529411764,0.8627450980392157,0.6111111111111112,0.7209864498644987,0.15728514909785576,523,0.8673469387755102,0.7757575757575758,0.7664670658682635,0.8717948717948718,0.7375,0.8037732904392444,0.05520385490056466,0.8461538461538461,0.64,0.32,0.88,0.44,0.6252307692307693,0.21973108901402627,520,0.85,0.6336633663366337,0.6336633663366337,0.8415841584158416,0.5841584158415841,0.7086138613861386,0.11348607969819977,0.9154929577464789,0.8714285714285714,0.7428571428571429,0.9,0.8,0.8459557344064386,0.06503279573204557,523,0.9071428571428571,0.8683274021352313,0.8612099644128114,0.9110320284697508,0.8505338078291815,0.8796492119979664,0.024725200436158834,0.9145299145299145,0.928,0.8773333333333333,0.9222222222222222,0.8906666666666667,0.9065504273504275,0.019366434742942255,553,0.9100277777777778,0.9339933993399341,0.9333883388338835,0.9086633663366337,0.954895489548955,0.9281936743674368,0.01723392592155232
0.8887869834899902,0.016475058044598517,0.09110417366027831,0.01440242567873724,balanced,entropy,1,1,0.5,200,"{'estimator__class_weight': 'balanced', 'estimator__criterion': 'entropy', 'estimator__max_depth': 1, 'estimator__min_samples_leaf': 1, 'learning_rate': 0.5, 'n_estimators': 200}",0.9073913043478261,0.8447893569844789,0.6503884572697003,0.8920467063229787,0.7382478632478633,0.8065727376345695,0.09797194558142615,523,0.8979591836734694,0.8412792916571254,0.8338664443265369,0.9018374903933487,0.8165111940298508,0.8582907208160663,0.034932423187156184,0.9347826086956522,0.9090909090909091,0.8301886792452831,0.9213483146067416,0.8653846153846154,0.8921590254046403,0.03876252307806097,523,0.9285714285714286,0.906801007556675,0.9012658227848102,0.9318801089918256,0.8955223880597015,0.9128081511928882,0.01469917830927913,0.88,0.7804878048780488,0.47058823529411764,0.8627450980392157,0.6111111111111112,0.7209864498644987,0.15728514909785576,523,0.8673469387755102,0.7757575757575758,0.7664670658682635,0.8717948717948718,0.7375,0.8037732904392444,0.05520385490056466,0.8461538461538461,0.64,0.32,0.88,0.44,0.6252307692307693,0.21973108901402627,520,0.85,0.6336633663366337,0.6336633663366337,0.8415841584158416,0.5841584158415841,0.7086138613861386,0.11348607969819977,0.9154929577464789,0.8714285714285714,0.7428571428571429,0.9,0.8,0.8459557344064386,0.06503279573204557,523,0.9071428571428571,0.8683274021352313,0.8612099644128114,0.9110320284697508,0.8505338078291815,0.8796492119979664,0.024725200436158834,0.9145299145299145,0.928,0.8773333333333333,0.9222222222222222,0.8906666666666667,0.9065504273504275,0.019366434742942255,553,0.9100277777777778,0.9339933993399341,0.9333883388338835,0.9086633663366337,0.954895489548955,0.9281936743674368,0.01723392592155232
0.11283307075500489,0.009470371924916473,0.03163766860961914,0.004658526209472884,balanced,entropy,1,2,0.5,25,"{'estimator__class_weight': 'balanced', 'estimator__criterion': 'entropy', 'estimator__max_depth': 1, 'estimator__min_samples_leaf': 2, 'learning_rate': 0.5, 'n_estimators': 25}",0.9073913043478261,0.8447893569844789,0.6503884572697003,0.8920467063229787,0.7382478632478633,0.8065727376345695,0.09797194558142615,523,0.8979591836734694,0.8412792916571254,0.8338664443265369,0.9018374903933487,0.8165111940298508,0.8582907208160663,0.034932423187156184,0.9347826086956522,0.9090909090909091,0.8301886792452831,0.9213483146067416,0.8653846153846154,0.8921590254046403,0.03876252307806097,523,0.9285714285714286,0.906801007556675,0.9012658227848102,0.9318801089918256,0.8955223880597015,0.9128081511928882,0.01469917830927913,0.88,0.7804878048780488,0.47058823529411764,0.8627450980392157,0.6111111111111112,0.7209864498644987,0.15728514909785576,523,0.8673469387755102,0.7757575757575758,0.7664670658682635,0.8717948717948718,0.7375,0.8037732904392444,0.05520385490056466,0.8461538461538461,0.64,0.32,0.88,0.44,0.6252307692307693,0.21973108901402627,520,0.85,0.6336633663366337,0.6336633663366337,0.8415841584158416,0.5841584158415841,0.7086138613861386,0.11348607969819977,0.9154929577464789,0.8714285714285714,0.7428571428571429,0.9,0.8,0.8459557344064386,0.06503279573204557,523,0.9071428571428571,0.8683274021352313,0.8612099644128114,0.9110320284697508,0.8505338078291815,0.8796492119979664,0.024725200436158834,0.9145299145299145,0.928,0.8773333333333333,0.9222222222222222,0.8906666666666667,0.9065504273504275,0.019366434742942255,553,0.9100277777777778,0.9339933993399341,0.9333883388338835,0.9086633663366337,0.954895489548955,0.9281936743674368,0.01723392592155232
0.22875442504882812,0.018187710182009074,0.041770410537719724,0.00026121344083310265,balanced,entropy,1,2,0.5,50,"{'estimator__class_weight': 'balanced', 'estimator__criterion': 'entropy', 'estimator__max_depth': 1, 'estimator__min_samples_leaf': 2, 'learning_rate': 0.5, 'n_estimators': 50}",0.9073913043478261,0.8447893569844789,0.6503884572697003,0.8920467063229787,0.7382478632478633,0.8065727376345695,0.09797194558142615,523,0.8979591836734694,0.8412792916571254,0.8338664443265369,0.9018374903933487,0.8165111940298508,0.8582907208160663,0.034932423187156184,0.9347826086956522,0.9090909090909091,0.8301886792452831,0.9213483146067416,0.8653846153846154,0.8921590254046403,0.03876252307806097,523,0.9285714285714286,0.906801007556675,0.9012658227848102,0.9318801089918256,0.8955223880597015,0.9128081511928882,0.01469917830927913,0.88,0.7804878048780488,0.47058823529411764,0.8627450980392157,0.6111111111111112,0.7209864498644987,0.15728514909785576,523,0.8673469387755102,0.7757575757575758,0.7664670658682635,0.8717948717948718,0.7375,0.8037732904392444,0.05520385490056466,0.8461538461538461,0.64,0.32,0.88,0.44,0.6252307692307693,0.21973108901402627,520,0.85,0.6336633663366337,0.6336633663366337,0.8415841584158416,0.5841584158415841,0.7086138613861386,0.11348607969819977,0.9154929577464789,0.8714285714285714,0.7428571428571429,0.9,0.8,0.8459557344064386,0.06503279573204557,523,0.9071428571428571,0.8683274021352313,0.8612099644128114,0.9110320284697508,0.8505338078291815,0.8796492119979664,0.024725200436158834,0.9145299145299145,0.928,0.8773333333333333,0.9222222222222222,0.8906666666666667,0.9065504273504275,0.019366434742942255,553,0.9100277777777778,0.9339933993399341,0.9333883388338835,0.9086633663366337,0.954895489548955,0.9281936743674368,0.01723392592155232
0.46611800193786623,0.015648563774725833,0.0533200740814209,0.008019819057945516,balanced,entropy,1,2,0.5,100,"{'estimator__class_weight': 'balanced', 'estimator__criterion': 'entropy', 'estimator__max_depth': 1, 'estimator__min_samples_leaf': 2, 'learning_rate': 0.5, 'n_estimators': 100}",0.9073913043478261,0.8447893569844789,0.6503884572697003,0.8920467063229787,0.7382478632478633,0.8065727376345695,0.09797194558142615,523,0.8979591836734694,0.8412792916571254,0.8338664443265369,0.9018374903933487,0.8165111940298508,0.8582907208160663,0.034932423187156184,0.9347826086956522,0.9090909090909091,0.8301886792452831,0.9213483146067416,0.8653846153846154,0.8921590254046403,0.03876252307806097,523,0.9285714285714286,0.906801007556675,0.9012658227848102,0.9318801089918256,0.8955223880597015,0.9128081511928882,0.01469917830927913,0.88,0.7804878048780488,0.47058823529411764,0.8627450980392157,0.6111111111111112,0.7209864498644987,0.15728514909785576,523,0.8673469387755102,0.7757575757575758,0.7664670658682635,0.8717948717948718,0.7375,0.8037732904392444,0.05520385490056466,0.8461538461538461,0.64,0.32,0.88,0.44,0.6252307692307693,0.21973108901402627,520,0.85,0.6336633663366337,0.6336633663366337,0.8415841584158416,0.5841584158415841,0.7086138613861386,0.11348607969819977,0.9154929577464789,0.8714285714285714,0.7428571428571429,0.9,0.8,0.8459557344064386,0.06503279573204557,523,0.9071428571428571,0.8683274021352313,0.8612099644128114,0.9110320284697508,0.8505338078291815,0.8796492119979664,0.024725200436158834,0.9145299145299145,0.928,0.8773333333333333,0.9222222222222222,0.8906666666666667,0.9065504273504275,0.019366434742942255,553,0.9100277777777778,0.9339933993399341,0.9333883388338835,0.9086633663366337,0.954895489548955,0.9281936743674368,0.01723392592155232
0.8968249797821045,0.030904123818956682,0.08833751678466797,0.01378422083742673,balanced,entropy,1,2,0.5,200,"{'estimator__class_weight': 'balanced', 'estimator__criterion': 'entropy', 'estimator__max_depth': 1, 'estimator__min_samples_leaf': 2, 'learning_rate': 0.5, 'n_estimators': 200}",0.9073913043478261,0.8447893569844789,0.6503884572697003,0.8920467063229787,0.7382478632478633,0.8065727376345695,0.09797194558142615,523,0.8979591836734694,0.8412792916571254,0.8338664443265369,0.9018374903933487,0.8165111940298508,0.8582907208160663,0.034932423187156184,0.9347826086956522,0.9090909090909091,0.8301886792452831,0.9213483146067416,0.8653846153846154,0.8921590254046403,0.03876252307806097,523,0.9285714285714286,0.906801007556675,0.9012658227848102,0.9318801089918256,0.8955223880597015,0.9128081511928882,0.01469917830927913,0.88,0.7804878048780488,0.47058823529411764,0.8627450980392157,0.6111111111111112,0.7209864498644987,0.15728514909785576,523,0.8673469387755102,0.7757575757575758,0.7664670658682635,0.8717948717948718,0.7375,0.8037732904392444,0.05520385490056466,0.8461538461538461,0.64,0.32,0.88,0.44,0.6252307692307693,0.21973108901402627,520,0.85,0.6336633663366337,0.6336633663366337,0.8415841584158416,0.5841584158415841,0.7086138613861386,0.11348607969819977,0.9154929577464789,0.8714285714285714,0.7428571428571429,0.9,0.8,0.8459557344064386,0.06503279573204557,523,0.9071428571428571,0.8683274021352313,0.8612099644128114,0.9110320284697508,0.8505338078291815,0.8796492119979664,0.024725200436158834,0.9145299145299145,0.928,0.8773333333333333,0.9222222222222222,0.8906666666666667,0.9065504273504275,0.019366434742942255,553,0.9100277777777778,0.9339933993399341,0.9333883388338835,0.9086633663366337,0.954895489548955,0.9281936743674368,0.01723392592155232
0.12077579498291016,0.004966591638915995,0.032885265350341794,0.0004609281071767529,balanced,entropy,1,5,0.5,25,"{'estimator__class_weight': 'balanced', 'estimator__criterion': 'entropy', 'estimator__max_depth': 1, 'estimator__min_samples_leaf': 5, 'learning_rate': 0.5, 'n_estimators': 25}",0.9073913043478261,0.8447893569844789,0.6503884572697003,0.8920467063229787,0.7382478632478633,0.8065727376345695,0.09797194558142615,523,0.8979591836734694,0.8412792916571254,0.8338664443265369,0.9018374903933487,0.8165111940298508,0.8582907208160663,0.034932423187156184,0.9347826086956522,0.9090909090909091,0.8301886792452831,0.9213483146067416,0.8653846153846154,0.8921590254046403,0.03876252307806097,523,0.9285714285714286,0.906801007556675,0.9012658227848102,0.9318801089918256,0.8955223880597015,0.9128081511928882,0.01469917830927913,0.88,0.7804878048780488,0.47058823529411764,0.8627450980392157,0.6111111111111112,0.7209864498644987,0.15728514909785576,523,0.8673469387755102,0.7757575757575758,0.7664670658682635,0.8717948717948718,0.7375,0.8037732904392444,0.05520385490056466,0.8461538461538461,0.64,0.32,0.88,0.44,0.6252307692307693,0.21973108901402627,520,0.85,0.6336633663366337,0.6336633663366337,0.8415841584158416,0.5841584158415841,0.7086138613861386,0.11348607969819977,0.9154929577464789,0.8714285714285714,0.7428571428571429,0.9,0.8,0.8459557344064386,0.06503279573204557,523,0.9071428571428571,0.8683274021352313,0.8612099644128114,0.9110320284697508,0.8505338078291815,0.8796492119979664,0.024725200436158834,0.9145299145299145,0.928,0.8773333333333333,0.9222222222222222,0.8906666666666667,0.9065504273504275,0.019366434742942255,553,0.9100277777777778,0.9339933993399341,0.9333883388338835,0.9086633663366337,0.954895489548955,0.9281936743674368,0.01723392592155232
0.22864885330200196,0.012042146276778298,0.040477561950683597,0.0015023390330149088,balanced,entropy,1,5,0.5,50,"{'estimator__class_weight': 'balanced', 'estimator__criterion': 'entropy', 'estimator__max_depth': 1, 'estimator__min_samples_leaf': 5, 'learning_rate': 0.5, 'n_estimators': 50}",0.9073913043478261,0.8447893569844789,0.6503884572697003,0.8920467063229787,0.7382478632478633,0.8065727376345695,0.09797194558142615,523,0.8979591836734694,0.8412792916571254,0.8338664443265369,0.9018374903933487,0.8165111940298508,0.8582907208160663,0.034932423187156184,0.9347826086956522,0.9090909090909091,0.8301886792452831,0.9213483146067416,0.8653846153846154,0.8921590254046403,0.03876252307806097,523,0.9285714285714286,0.906801007556675,0.9012658227848102,0.9318801089918256,0.8955223880597015,0.9128081511928882,0.01469917830927913,0.88,0.7804878048780488,0.47058823529411764,0.8627450980392157,0.6111111111111112,0.7209864498644987,0.15728514909785576,523,0.8673469387755102,0.7757575757575758,0.7664670658682635,0.8717948717948718,0.7375,0.8037732904392444,0.05520385490056466,0.8461538461538461,0.64,0.32,0.88,0.44,0.6252307692307693,0.21973108901402627,520,0.85,0.6336633663366337,0.6336633663366337,0.8415841584158416,0.5841584158415841,0.7086138613861386,0.11348607969819977,0.9154929577464789,0.8714285714285714,0.7428571428571429,0.9,0.8,0.8459557344064386,0.06503279573204557,523,0.9071428571428571,0.8683274021352313,0.8612099644128114,0.9110320284697508,0.8505338078291815,0.8796492119979664,0.024725200436158834,0.9145299145299145,0.928,0.8773333333333333,0.9222222222222222,0.8906666666666667,0.9065504273504275,0.019366434742942255,553,0.9100277777777778,0.9339933993399341,0.9333883388338835,0.9086633663366337,0.954895489548955,0.9281936743674368,0.01723392592155232
0.44683423042297366,0.014769142937461253,0.058904409408569336,0.0034070988101288445,balanced,entropy,1,5,0.5,100,"{'estimator__class_weight': 'balanced', 'estimator__criterion': 'entropy', 'estimator__max_depth': 1, 'estimator__min_samples_leaf': 5, 'learning_rate': 0.5, 'n_estimators': 100}",0.9073913043478261,0.8447893569844789,0.6503884572697003,0.8920467063229787,0.7382478632478633,0.8065727376345695,0.09797194558142615,523,0.8979591836734694,0.8412792916571254,0.8338664443265369,0.9018374903933487,0.8165111940298508,0.8582907208160663,0.034932423187156184,0.9347826086956522,0.9090909090909091,0.8301886792452831,0.9213483146067416,0.8653846153846154,0.8921590254046403,0.03876252307806097,523,0.9285714285714286,0.906801007556675,0.9012658227848102,0.9318801089918256,0.8955223880597015,0.9128081511928882,0.01469917830927913,0.88,0.7804878048780488,0.47058823529411764,0.8627450980392157,0.6111111111111112,0.7209864498644987,0.15728514909785576,523,0.8673469387755102,0.7757575757575758,0.7664670658682635,0.8717948717948718,0.7375,0.8037732904392444,0.05520385490056466,0.8461538461538461,0.64,0.32,0.88,0.44,0.6252307692307693,0.21973108901402627,520,0.85,0.6336633663366337,0.6336633663366337,0.8415841584158416,0.5841584158415841,0.7086138613861386,0.11348607969819977,0.9154929577464789,0.8714285714285714,0.7428571428571429,0.9,0.8,0.8459557344064386,0.06503279573204557,523,0.9071428571428571,0.8683274021352313,0.8612099644128114,0.9110320284697508,0.8505338078291815,0.8796492119979664,0.024725200436158834,0.9145299145299145,0.928,0.8773333333333333,0.9222222222222222,0.8906666666666667,0.9065504273504275,0.019366434742942255,553,0.9100277777777778,0.9339933993399341,0.9333883388338835,0.9086633663366337,0.954895489548955,0.9281936743674368,0.01723392592155232
0.90518217086792,0.030229610504928336,0.09760904312133789,0.0025122241411713125,balanced,entropy,1,5,0.5,200,"{'estimator__class_weight': 'balanced', 'estimator__criterion': 'entropy', 'estimator__max_depth': 1, 'estimator__min_samples_leaf': 5, 'learning_rate': 0.5, 'n_estimators': 200}",0.9073913043478261,0.8447893569844789,0.6503884572697003,0.8920467063229787,0.7382478632478633,0.8065727376345695,0.09797194558142615,523,0.8979591836734694,0.8412792916571254,0.8338664443265369,0.9018374903933487,0.8165111940298508,0.8582907208160663,0.034932423187156184,0.9347826086956522,0.9090909090909091,0.8301886792452831,0.9213483146067416,0.8653846153846154,0.8921590254046403,0.03876252307806097,523,0.9285714285714286,0.906801007556675,0.9012658227848102,0.9318801089918256,0.8955223880597015,0.9128081511928882,0.01469917830927913,0.88,0.7804878048780488,0.47058823529411764,0.8627450980392157,0.6111111111111112,0.7209864498644987,0.15728514909785576,523,0.8673469387755102,0.7757575757575758,0.7664670658682635,0.8717948717948718,0.7375,0.8037732904392444,0.05520385490056466,0.8461538461538461,0.64,0.32,0.88,0.44,0.6252307692307693,0.21973108901402627,520,0.85,0.6336633663366337,0.6336633663366337,0.8415841584158416,0.5841584158415841,0.7086138613861386,0.11348607969819977,0.9154929577464789,0.8714285714285714,0.7428571428571429,0.9,0.8,0.8459557344064386,0.06503279573204557,523,0.9071428571428571,0.8683274021352313,0.8612099644128114,0.9110320284697508,0.8505338078291815,0.8796492119979664,0.024725200436158834,0.9145299145299145,0.928,0.8773333333333333,0.9222222222222222,0.8906666666666667,0.9065504273504275,0.019366434742942255,553,0.9100277777777778,0.9339933993399341,0.9333883388338835,0.9086633663366337,0.954895489548955,0.9281936743674368,0.01723392592155232
0.05248923301696777,0.0017861497453265593,0.01914181709289551,0.0010901826346150496,,gini,1,1,0.1,25,"{'estimator__class_weight': None, 'estimator__criterion': 'gini', 'estimator__max_depth': 1, 'estimator__min_samples_leaf': 1, 'learning_rate': 0.1, 'n_estimators': 25}",0.9035326086956521,0.7142857142857142,0.6892341842397336,0.8447893569844789,0.79,0.7883683728411157,0.07970523010084236,535,0.8300098071265118,0.8265432098765433,0.8277975242063979,0.8011323425336163,0.8509057833699689,0.8272777334226076,0.015812274618633153,0.9375,0.8571428571428571,0.8490566037735849,0.9090909090909091,0.88,0.8865580740014704,0.032916354805198264,535,0.9022556390977443,0.9,0.8994974874371859,0.8888888888888888,0.9113924050632911,0.900406884097422,0.007179921121028319,0.8695652173913043,0.5714285714285714,0.5294117647058824,0.7804878048780488,0.7,0.6901786716807614,0.12679062701866803,535,0.7577639751552795,0.7530864197530864,0.7560975609756098,0.7133757961783439,0.7904191616766467,0.7541485827477932,0.024478450886818777,0.7692307692307693,0.4,0.36,0.64,0.56,0.5458461538461539,0.15150964192959185,535,0.61,0.6039603960396039,0.6138613861386139,0.5544554455445545,0.6534653465346535,0.6071485148514852,0.03157583303788,0.9154929577464789,0.7857142857142857,0.7714285714285715,0.8714285714285714,0.8285714285714286,0.8345271629778672,0.053510324018329426,535,0.8607142857142858,0.8576512455516014,0.8576512455516014,0.8398576512455516,0.8754448398576512,0.8582638535841383,0.011320156966112714,0.9367521367521368,0.9422222222222223,0.9222222222222223,0.9671111111111111,0.8831111111111112,0.9302837606837608,0.02767984018175318,496,0.9333888888888889,0.9529702970297029,0.9436743674367437,0.9537128712871287,0.9657315731573157,0.9498955995599558,0.0108256973360151
0.05207085609436035,0.0015312854455535058,0.01970248222351074,0.0018660088038478775,,gini,1,2,0.1,25,"{'estimator__class_weight': None, 'estimator__criterion': 'gini', 'estimator__max_depth': 1, 'estimator__min_samples_leaf': 2, 'learning_rate': 0.1, 'n_estimators': 25}",0.9035326086956521,0.7142857142857142,0.6892341842397336,0.8447893569844789,0.79,0.7883683728411157,0.07970523010084236,535,0.8300098071265118,0.8265432098765433,0.8277975242063979,0.8011323425336163,0.8509057833699689,0.8272777334226076,0.015812274618633153,0.9375,0.8571428571428571,0.8490566037735849,0.9090909090909091,0.88,0.8865580740014704,0.032916354805198264,535,0.9022556390977443,0.9,0.8994974874371859,0.8888888888888888,0.9113924050632911,0.900406884097422,0.007179921121028319,0.8695652173913043,0.5714285714285714,0.5294117647058824,0.7804878048780488,0.7,0.6901786716807614,0.12679062701866803,535,0.7577639751552795,0.7530864197530864,0.7560975609756098,0.7133757961783439,0.7904191616766467,0.7541485827477932,0.024478450886818777,0.7692307692307693,0.4,0.36,0.64,0.56,0.5458461538461539,0.15150964192959185,535,0.61,0.6039603960396039,0.6138613861386139,0.5544554455445545,0.6534653465346535,0.6071485148514852,0.03157583303788,0.9154929577464789,0.7857142857142857,0.7714285714285715,0.8714285714285714,0.8285714285714286,0.8345271629778672,0.053510324018329426,535,0.8607142857142858,0.8576512455516014,0.8576512455516014,0.8398576512455516,0.8754448398576512,0.8582638535841383,0.011320156966112714,0.9367521367521368,0.9422222222222223,0.9222222222222223,0.9671111111111111,0.8831111111111112,0.9302837606837608,0.02767984018175318,496,0.9333888888888889,0.9529702970297029,0.9436743674367437,0.9537128712871287,0.9657315731573157,0.9498955995599558,0.0108256973360151
0.05698814392089844,0.004401443575825686,0.019366645812988283,0.0007878356227368331,,gini,1,5,0.1,25,"{'estimator__class_weight': None, 'estimator__criterion': 'gini', 'estimator__max_depth': 1, 'estimator__min_samples_leaf': 5, 'learning_rate': 0.1, 'n_estimators': 25}",0.9035326086956521,0.7142857142857142,0.6892341842397336,0.8447893569844789,0.79,0.7883683728411157,0.07970523010084236,535,0.8300098071265118,0.8265432098765433,0.8277975242063979,0.8011323425336163,0.8509057833699689,0.8272777334226076,0.015812274618633153,0.9375,0.8571428571428571,0.8490566037735849,0.9090909090909091,0.88,0.8865580740014704,0.032916354805198264,535,0.9022556390977443,0.9,0.8994974874371859,0.8888888888888888,0.9113924050632911,0.900406884097422,0.007179921121028319,0.8695652173913043,0.5714285714285714,0.5294117647058824,0.7804878048780488,0.7,0.6901786716807614,0.12679062701866803,535,0.7577639751552795,0.7530864197530864,0.7560975609756098,0.7133757961783439,0.7904191616766467,0.7541485827477932,0.024478450886818777,0.7692307692307693,0.4,0.36,0.64,0.56,0.5458461538461539,0.15150964192959185,535,0.61,0.6039603960396039,0.6138613861386139,0.5544554455445545,0.6534653465346535,0.6071485148514852,0.03157583303788,0.9154929577464789,0.7857142857142857,0.7714285714285715,0.8714285714285714,0.8285714285714286,0.8345271629778672,0.053510324018329426,535,0.8607142857142858,0.8576512455516014,0.8576512455516014,0.8398576512455516,0.8754448398576512,0.8582638535841383,0.011320156966112714,0.9367521367521368,0.9422222222222223,0.9222222222222223,0.9671111111111111,0.8831111111111112,0.9302837606837608,0.02767984018175318,496,0.9333888888888889,0.9529702970297029,0.9436743674367437,0.9537128712871287,0.9657315731573157,0.9498955995599558,0.0108256973360151
0.11954021453857422,0.00537807351824158,0.03597545623779297,0.004790900850121434,balanced,gini,1,1,0.5,25,"{'estimator__class_weight': 'balanced', 'estimator__criterion': 'gini', 'estimator__max_depth': 1, 'estimator__min_samples_leaf': 1, 'learning_rate': 0.5, 'n_estimators': 25}",0.835343228200371,0.78328173374613,0.6761904761904762,0.825,0.7619047619047619,0.7763440400083479,0.05680786449427483,538,0.7935977665898147,0.8069613006640715,0.839765906362545,0.8063040481263316,0.832699793908862,0.815865763130325,0.01744236769668641,0.8979591836734694,0.8823529411764706,0.8380952380952381,0.9,0.8571428571428571,0.8751100440176071,0.024029017094901153,541,0.8827930174563591,0.8866498740554156,0.9030612244897959,0.8910891089108911,0.9017632241813602,0.8930712898187643,0.008076571327094903,0.7727272727272727,0.6842105263157895,0.5142857142857142,0.75,0.6666666666666666,0.6775780359990886,0.09069261089941025,538,0.7044025157232704,0.7272727272727273,0.7764705882352941,0.7215189873417721,0.7636363636363637,0.7386602364418855,0.02702043244287738,0.6538461538461539,0.52,0.36,0.6,0.56,0.5387692307692308,0.09975306790376433,538,0.56,0.594059405940594,0.6534653465346535,0.5643564356435643,0.6237623762376238,0.5991287128712872,0.03556726707531993,0.8591549295774648,0.8285714285714286,0.7571428571428571,0.8571428571428571,0.8,0.8204024144869215,0.038305040022881744,541,0.8321428571428572,0.8398576512455516,0.8647686832740213,0.8434163701067615,0.8612099644128114,0.8482791052364007,0.012602054480888013,0.9247863247863247,0.9239999999999999,0.8773333333333333,0.9542222222222222,0.8684444444444445,0.9097572649572649,0.032136960173903814,541,0.9227222222222222,0.9231573157315731,0.9356985698569856,0.941969196919692,0.9535203520352035,0.9354135313531353,0.011680745712499774
0.2352198600769043,0.0056523739667554695,0.045178461074829104,0.002938956321032238,balanced,gini,1,1,0.5,50,"{'estimator__class_weight': 'balanced', 'estimator__criterion': 'gini', 'estimator__max_depth': 1, 'estimator__min_samples_leaf': 1, 'learning_rate': 0.5, 'n_estimators': 50}",0.835343228200371,0.78328173374613,0.6761904761904762,0.825,0.7619047619047619,0.7763440400083479,0.05680786449427483,538,0.7935977665898147,0.8069613006640715,0.839765906362545,0.8063040481263316,0.832699793908862,0.815865763130325,0.01744236769668641,0.8979591836734694,0.8823529411764706,0.8380952380952381,0.9,0.8571428571428571,0.8751100440176071,0.024029017094901153,541,0.8827930174563591,0.8866498740554156,0.9030612244897959,0.8910891089108911,0.9017632241813602,0.8930712898187643,0.008076571327094903,0.7727272727272727,0.6842105263157895,0.5142857142857142,0.75,0.6666666666666666,0.6775780359990886,0.09069261089941025,538,0.7044025157232704,0.7272727272727273,0.7764705882352941,0.7215189873417721,0.7636363636363637,0.7386602364418855,0.02702043244287738,0.6538461538461539,0.52,0.36,0.6,0.56,0.5387692307692308,0.09975306790376433,538,0.56,0.594059405940594,0.6534653465346535,0.5643564356435643,0.6237623762376238,0.5991287128712872,0.03556726707531993,0.8591549295774648,0.8285714285714286,0.7571428571428571,0.8571428571428571,0.8,0.8204024144869215,0.038305040022881744,541,0.8321428571428572,0.8398576512455516,0.8647686832740213,0.8434163701067615,0.8612099644128114,0.8482791052364007,0.012602054480888013,0.9247863247863247,0.9239999999999999,0.8773333333333333,0.9542222222222222,0.8684444444444445,0.9097572649572649,0.032136960173903814,541,0.9227222222222222,0.9231573157315731,0.9356985698569856,0.941969196919692,0.9535203520352035,0.9354135313531353,0.011680745712499774
0.4172269344329834,0.03034204868666738,0.058795595169067384,0.005038091948953826,balanced,gini,1,1,0.5,100,"{'estimator__class_weight': 'balanced', 'estimator__criterion': 'gini', 'estimator__max_depth': 1, 'estimator__min_samples_leaf': 1, 'learning_rate': 0.5, 'n_estimators': 100}",0.835343228200371,0.78328173374613,0.6761904761904762,0.825,0.7619047619047619,0.7763440400083479,0.05680786449427483,538,0.7935977665898147,0.8069613006640715,0.839765906362545,0.8063040481263316,0.832699793908862,0.815865763130325,0.01744236769668641,0.8979591836734694,0.8823529411764706,0.8380952380952381,0.9,0.8571428571428571,0.8751100440176071,0.024029017094901153,541,0.8827930174563591,0.8866498740554156,0.9030612244897959,0.8910891089108911,0.9017632241813602,0.8930712898187643,0.008076571327094903,0.7727272727272727,0.6842105263157895,0.5142857142857142,0.75,0.6666666666666666,0.6775780359990886,0.09069261089941025,538,0.7044025157232704,0.7272727272727273,0.7764705882352941,0.7215189873417721,0.7636363636363637,0.7386602364418855,0.02702043244287738,0.6538461538461539,0.52,0.36,0.6,0.56,0.5387692307692308,0.09975306790376433,538,0.56,0.594059405940594,0.6534653465346535,0.5643564356435643,0.6237623762376238,0.5991287128712872,0.03556726707531993,0.8591549295774648,0.8285714285714286,0.7571428571428571,0.8571428571428571,0.8,0.8204024144869215,0.038305040022881744,541,0.8321428571428572,0.8398576512455516,0.8647686832740213,0.8434163701067615,0.8612099644128114,0.8482791052364007,0.012602054480888013,0.9247863247863247,0.9239999999999999,0.8773333333333333,0.9542222222222222,0.8684444444444445,0.9097572649572649,0.032136960173903814,541,0.9227222222222222,0.9231573157315731,0.9356985698569856,0.941969196919692,0.9535203520352035,0.9354135313531353,0.011680745712499774
0.8244235515594482,0.020496897910923358,0.09857573509216308,0.01054915679744976,balanced,gini,1,1,0.5,200,"{'estimator__class_weight': 'balanced', 'estimator__criterion': 'gini', 'estimator__max_depth': 1, 'estimator__min_samples_leaf': 1, 'learning_rate': 0.5, 'n_estimators': 200}",0.835343228200371,0.78328173374613,0.6761904761904762,0.825,0.7619047619047619,0.7763440400083479,0.05680786449427483,538,0.7935977665898147,0.8069613006640715,0.839765906362545,0.8063040481263316,0.832699793908862,0.815865763130325,0.01744236769668641,0.8979591836734694,0.8823529411764706,0.8380952380952381,0.9,0.8571428571428571,0.8751100440176071,0.024029017094901153,541,0.8827930174563591,0.8866498740554156,0.9030612244897959,0.8910891089108911,0.9017632241813602,0.8930712898187643,0.008076571327094903,0.7727272727272727,0.6842105263157895,0.5142857142857142,0.75,0.6666666666666666,0.6775780359990886,0.09069261089941025,538,0.7044025157232704,0.7272727272727273,0.7764705882352941,0.7215189873417721,0.7636363636363637,0.7386602364418855,0.02702043244287738,0.6538461538461539,0.52,0.36,0.6,0.56,0.5387692307692308,0.09975306790376433,538,0.56,0.594059405940594,0.6534653465346535,0.5643564356435643,0.6237623762376238,0.5991287128712872,0.03556726707531993,0.8591549295774648,0.8285714285714286,0.7571428571428571,0.8571428571428571,0.8,0.8204024144869215,0.038305040022881744,541,0.8321428571428572,0.8398576512455516,0.8647686832740213,0.8434163701067615,0.8612099644128114,0.8482791052364007,0.012602054480888013,0.9247863247863247,0.9239999999999999,0.8773333333333333,0.9542222222222222,0.8684444444444445,0.9097572649572649,0.032136960173903814,541,0.9227222222222222,0.9231573157315731,0.9356985698569856,0.941969196919692,0.9535203520352035,0.9354135313531353,0.011680745712499774
0.12042860984802246,0.005622968552630818,0.037074041366577146,0.0027968376508056463,balanced,gini,1,2,0.5,25,"{'estimator__class_weight': 'balanced', 'estimator__criterion': 'gini', 'estimator__max_depth': 1, 'estimator__min_samples_leaf': 2, 'learning_rate': 0.5, 'n_estimators': 25}",0.835343228200371,0.78328173374613,0.6761904761904762,0.825,0.7619047619047619,0.7763440400083479,0.05680786449427483,538,0.7935977665898147,0.8069613006640715,0.839765906362545,0.8063040481263316,0.832699793908862,0.815865763130325,0.01744236769668641,0.8979591836734694,0.8823529411764706,0.8380952380952381,0.9,0.8571428571428571,0.8751100440176071,0.024029017094901153,541,0.8827930174563591,0.8866498740554156,0.9030612244897959,0.8910891089108911,0.9017632241813602,0.8930712898187643,0.008076571327094903,0.7727272727272727,0.6842105263157895,0.5142857142857142,0.75,0.6666666666666666,0.6775780359990886,0.09069261089941025,538,0.7044025157232704,0.7272727272727273,0.7764705882352941,0.7215189873417721,0.7636363636363637,0.7386602364418855,0.02702043244287738,0.6538461538461539,0.52,0.36,0.6,0.56,0.5387692307692308,0.09975306790376433,538,0.56,0.594059405940594,0.6534653465346535,0.5643564356435643,0.6237623762376238,0.5991287128712872,0.03556726707531993,0.8591549295774648,0.8285714285714286,0.7571428571428571,0.8571428571428571,0.8,0.8204024144869215,0.038305040022881744,541,0.8321428571428572,0.8398576512455516,0.8647686832740213,0.8434163701067615,0.8612099644128114,0.8482791052364007,0.012602054480888013,0.9247863247863247,0.9239999999999999,0.8773333333333333,0.9542222222222222,0.8684444444444445,0.9097572649572649,0.032136960173903814,541,0.9227222222222222,0.9231573157315731,0.9356985698569856,0.941969196919692,0.9535203520352035,0.9354135313531353,0.011680745712499774
0.24886140823364258,0.006411115052189368,0.04627695083618164,0.0036130782191209246,balanced,gini,1,2,0.5,50,"{'estimator__class_weight': 'balanced', 'estimator__criterion': 'gini', 'estimator__max_depth': 1, 'estimator__min_samples_leaf': 2, 'learning_rate': 0.5, 'n_estimators': 50}",0.835343228200371,0.78328173374613,0.6761904761904762,0.825,0.7619047619047619,0.7763440400083479,0.05680786449427483,538,0.7935977665898147,0.8069613006640715,0.839765906362545,0.8063040481263316,0.832699793908862,0.815865763130325,0.01744236769668641,0.8979591836734694,0.8823529411764706,0.8380952380952381,0.9,0.8571428571428571,0.8751100440176071,0.024029017094901153,541,0.8827930174563591,0.8866498740554156,0.9030612244897959,0.8910891089108911,0.9017632241813602,0.8930712898187643,0.008076571327094903,0.7727272727272727,0.6842105263157895,0.5142857142857142,0.75,0.6666666666666666,0.6775780359990886,0.09069261089941025,538,0.7044025157232704,0.7272727272727273,0.7764705882352941,0.7215189873417721,0.7636363636363637,0.7386602364418855,0.02702043244287738,0.6538461538461539,0.52,0.36,0.6,0.56,0.5387692307692308,0.09975306790376433,538,0.56,0.594059405940594,0.6534653465346535,0.5643564356435643,0.6237623762376238,0.5991287128712872,0.03556726707531993,0.8591549295774648,0.8285714285714286,0.7571428571428571,0.8571428571428571,0.8,0.8204024144869215,0.038305040022881744,541,0.8321428571428572,0.8398576512455516,0.8647686832740213,0.8434163701067615,0.8612099644128114,0.8482791052364007,0.012602054480888013,0.9247863247863247,0.9239999999999999,0.8773333333333333,0.9542222222222222,0.8684444444444445,0.9097572649572649,0.032136960173903814,541,0.9227222222222222,0.9231573157315731,0.9356985698569856,0.941969196919692,0.9535203520352035,0.9354135313531353,0.011680745712499774
0.48186540603637695,0.0160872559389745,0.0698472499847412,0.002323919552286891,balanced,gini,1,2,0.5,100,"{'estimator__class_weight': 'balanced', 'estimator__criterion': 'gini', 'estimator__max_depth': 1, 'estimator__min_samples_leaf': 2, 'learning_rate': 0.5, 'n_estimators': 100}",0.835343228200371,0.78328173374613,0.6761904761904762,0.825,0.7619047619047619,0.7763440400083479,0.05680786449427483,538,0.7935977665898147,0.8069613006640715,0.839765906362545,0.8063040481263316,0.832699793908862,0.815865763130325,0.01744236769668641,0.8979591836734694,0.8823529411764706,0.8380952380952381,0.9,0.8571428571428571,0.8751100440176071,0.024029017094901153,541,0.8827930174563591,0.8866498740554156,0.9030612244897959,0.8910891089108911,0.9017632241813602,0.8930712898187643,0.008076571327094903,0.7727272727272727,0.6842105263157895,0.5142857142857142,0.75,0.6666666666666666,0.6775780359990886,0.09069261089941025,538,0.7044025157232704,0.7272727272727273,0.7764705882352941,0.7215189873417721,0.7636363636363637,0.7386602364418855,0.02702043244287738,0.6538461538461539,0.52,0.36,0.6,0.56,0.5387692307692308,0.09975306790376433,538,0.56,0.594059405940594,0.6534653465346535,0.5643564356435643,0.6237623762376238,0.5991287128712872,0.03556726707531993,0.8591549295774648,0.8285714285714286,0.7571428571428571,0.8571428571428571,0.8,0.8204024144869215,0.038305040022881744,541,0.8321428571428572,0.8398576512455516,0.8647686832740213,0.8434163701067615,0.8612099644128114,0.8482791052364007,0.012602054480888013,0.9247863247863247,0.9239999999999999,0.8773333333333333,0.9542222222222222,0.8684444444444445,0.9097572649572649,0.032136960173903814,541,0.9227222222222222,0.9231573157315731,0.9356985698569856,0.941969196919692,0.9535203520352035,0.9354135313531353,0.011680745712499774
1.0026886940002442,0.009027189781603932,0.10880517959594727,0.005806932411743654,balanced,gini,1,2,0.5,200,"{'estimator__class_weight': 'balanced', 'estimator__criterion': 'gini', 'estimator__max_depth': 1, 'estimator__min_samples_leaf': 2, 'learning_rate': 0.5, 'n_estimators': 200}",0.835343228200371,0.78328173374613,0.6761904761904762,0.825,0.7619047619047619,0.7763440400083479,0.05680786449427483,538,0.7935977665898147,0.8069613006640715,0.839765906362545,0.8063040481263316,0.832699793908862,0.815865763130325,0.01744236769668641,0.8979591836734694,0.8823529411764706,0.8380952380952381,0.9,0.8571428571428571,0.8751100440176071,0.024029017094901153,541,0.8827930174563591,0.8866498740554156,0.9030612244897959,0.8910891089108911,0.9017632241813602,0.8930712898187643,0.008076571327094903,0.7727272727272727,0.6842105263157895,0.5142857142857142,0.75,0.6666666666666666,0.6775780359990886,0.09069261089941025,538,0.7044025157232704,0.7272727272727273,0.7764705882352941,0.7215189873417721,0.7636363636363637,0.7386602364418855,0.02702043244287738,0.6538461538461539,0.52,0.36,0.6,0.56,0.5387692307692308,0.09975306790376433,538,0.56,0.594059405940594,0.6534653465346535,0.5643564356435643,0.6237623762376238,0.5991287128712872,0.03556726707531993,0.8591549295774648,0.8285714285714286,0.7571428571428571,0.8571428571428571,0.8,0.8204024144869215,0.038305040022881744,541,0.8321428571428572,0.8398576512455516,0.8647686832740213,0.8434163701067615,0.8612099644128114,0.8482791052364007,0.012602054480888013,0.9247863247863247,0.9239999999999999,0.8773333333333333,0.9542222222222222,0.8684444444444445,0.9097572649572649,0.032136960173903814,541,0.9227222222222222,0.9231573157315731,0.9356985698569856,0.941969196919692,0.9535203520352035,0.9354135313531353,0.011680745712499774
0.11253118515014648,0.011970791493006477,0.039235258102416994,0.003062205159149642,balanced,gini,1,5,0.5,25,"{'estimator__class_weight': 'balanced', 'estimator__criterion': 'gini', 'estimator__max_depth': 1, 'estimator__min_samples_leaf': 5, 'learning_rate': 0.5, 'n_estimators': 25}",0.835343228200371,0.78328173374613,0.6761904761904762,0.825,0.7619047619047619,0.7763440400083479,0.05680786449427483,538,0.7935977665898147,0.8069613006640715,0.839765906362545,0.8063040481263316,0.832699793908862,0.815865763130325,0.01744236769668641,0.8979591836734694,0.8823529411764706,0.8380952380952381,0.9,0.8571428571428571,0.8751100440176071,0.024029017094901153,541,0.8827930174563591,0.8866498740554156,0.9030612244897959,0.8910891089108911,0.9017632241813602,0.8930712898187643,0.008076571327094903,0.7727272727272727,0.6842105263157895,0.5142857142857142,0.75,0.6666666666666666,0.6775780359990886,0.09069261089941025,538,0.7044025157232704,0.7272727272727273,0.7764705882352941,0.7215189873417721,0.7636363636363637,0.7386602364418855,0.02702043244287738,0.6538461538461539,0.52,0.36,0.6,0.56,0.5387692307692308,0.09975306790376433,538,0.56,0.594059405940594,0.6534653465346535,0.5643564356435643,0.6237623762376238,0.5991287128712872,0.03556726707531993,0.8591549295774648,0.8285714285714286,0.7571428571428571,0.8571428571428571,0.8,0.8204024144869215,0.038305040022881744,541,0.8321428571428572,0.8398576512455516,0.8647686832740213,0.8434163701067615,0.8612099644128114,0.8482791052364007,0.012602054480888013,0.9247863247863247,0.9239999999999999,0.8773333333333333,0.9542222222222222,0.8684444444444445,0.9097572649572649,0.032136960173903814,541,0.9227222222222222,0.9231573157315731,0.9356985698569856,0.941969196919692,0.9535203520352035,0.9354135313531353,0.011680745712499774
0.18941049575805663,0.017479182283438588,0.03741006851196289,0.004593280063950783,balanced,gini,1,5,0.5,50,"{'estimator__class_weight': 'balanced', 'estimator__criterion': 'gini', 'estimator__max_depth': 1, 'estimator__min_samples_leaf': 5, 'learning_rate': 0.5, 'n_estimators': 50}",0.835343228200371,0.78328173374613,0.6761904761904762,0.825,0.7619047619047619,0.7763440400083479,0.05680786449427483,538,0.7935977665898147,0.8069613006640715,0.839765906362545,0.8063040481263316,0.832699793908862,0.815865763130325,0.01744236769668641,0.8979591836734694,0.8823529411764706,0.8380952380952381,0.9,0.8571428571428571,0.8751100440176071,0.024029017094901153,541,0.8827930174563591,0.8866498740554156,0.9030612244897959,0.8910891089108911,0.9017632241813602,0.8930712898187643,0.008076571327094903,0.7727272727272727,0.6842105263157895,0.5142857142857142,0.75,0.6666666666666666,0.6775780359990886,0.09069261089941025,538,0.7044025157232704,0.7272727272727273,0.7764705882352941,0.7215189873417721,0.7636363636363637,0.7386602364418855,0.02702043244287738,0.6538461538461539,0.52,0.36,0.6,0.56,0.5387692307692308,0.09975306790376433,538,0.56,0.594059405940594,0.6534653465346535,0.5643564356435643,0.6237623762376238,0.5991287128712872,0.03556726707531993,0.8591549295774648,0.8285714285714286,0.7571428571428571,0.8571428571428571,0.8,0.8204024144869215,0.038305040022881744,541,0.8321428571428572,0.8398576512455516,0.8647686832740213,0.8434163701067615,0.8612099644128114,0.8482791052364007,0.012602054480888013,0.9247863247863247,0.9239999999999999,0.8773333333333333,0.9542222222222222,0.8684444444444445,0.9097572649572649,0.032136960173903814,541,0.9227222222222222,0.9231573157315731,0.9356985698569856,0.941969196919692,0.9535203520352035,0.9354135313531353,0.011680745712499774
0.406324577331543,0.030456930612003448,0.06334524154663086,0.003013632868583662,balanced,gini,1,5,0.5,100,"{'estimator__class_weight': 'balanced', 'estimator__criterion': 'gini', 'estimator__max_depth': 1, 'estimator__min_samples_leaf': 5, 'learning_rate': 0.5, 'n_estimators': 100}",0.835343228200371,0.78328173374613,0.6761904761904762,0.825,0.7619047619047619,0.7763440400083479,0.05680786449427483,538,0.7935977665898147,0.8069613006640715,0.839765906362545,0.8063040481263316,0.832699793908862,0.815865763130325,0.01744236769668641,0.8979591836734694,0.8823529411764706,0.8380952380952381,0.9,0.8571428571428571,0.8751100440176071,0.024029017094901153,541,0.8827930174563591,0.8866498740554156,0.9030612244897959,0.8910891089108911,0.9017632241813602,0.8930712898187643,0.008076571327094903,0.7727272727272727,0.6842105263157895,0.5142857142857142,0.75,0.6666666666666666,0.6775780359990886,0.09069261089941025,538,0.7044025157232704,0.7272727272727273,0.7764705882352941,0.7215189873417721,0.7636363636363637,0.7386602364418855,0.02702043244287738,0.6538461538461539,0.52,0.36,0.6,0.56,0.5387692307692308,0.09975306790376433,538,0.56,0.594059405940594,0.6534653465346535,0.5643564356435643,0.6237623762376238,0.5991287128712872,0.03556726707531993,0.8591549295774648,0.8285714285714286,0.7571428571428571,0.8571428571428571,0.8,0.8204024144869215,0.038305040022881744,541,0.8321428571428572,0.8398576512455516,0.8647686832740213,0.8434163701067615,0.8612099644128114,0.8482791052364007,0.012602054480888013,0.9247863247863247,0.9239999999999999,0.8773333333333333,0.9542222222222222,0.8684444444444445,0.9097572649572649,0.032136960173903814,541,0.9227222222222222,0.9231573157315731,0.9356985698569856,0.941969196919692,0.9535203520352035,0.9354135313531353,0.011680745712499774
0.7893508434295654,0.04780514570643603,0.09693703651428223,0.010103639294788531,balanced,gini,1,5,0.5,200,"{'estimator__class_weight': 'balanced', 'estimator__criterion': 'gini', 'estimator__max_depth': 1, 'estimator__min_samples_leaf': 5, 'learning_rate': 0.5, 'n_estimators': 200}",0.835343228200371,0.78328173374613,0.6761904761904762,0.825,0.7619047619047619,0.7763440400083479,0.05680786449427483,538,0.7935977665898147,0.8069613006640715,0.839765906362545,0.8063040481263316,0.832699793908862,0.815865763130325,0.01744236769668641,0.8979591836734694,0.8823529411764706,0.8380952380952381,0.9,0.8571428571428571,0.8751100440176071,0.024029017094901153,541,0.8827930174563591,0.8866498740554156,0.9030612244897959,0.8910891089108911,0.9017632241813602,0.8930712898187643,0.008076571327094903,0.7727272727272727,0.6842105263157895,0.5142857142857142,0.75,0.6666666666666666,0.6775780359990886,0.09069261089941025,538,0.7044025157232704,0.7272727272727273,0.7764705882352941,0.7215189873417721,0.7636363636363637,0.7386602364418855,0.02702043244287738,0.6538461538461539,0.52,0.36,0.6,0.56,0.5387692307692308,0.09975306790376433,538,0.56,0.594059405940594,0.6534653465346535,0.5643564356435643,0.6237623762376238,0.5991287128712872,0.03556726707531993,0.8591549295774648,0.8285714285714286,0.7571428571428571,0.8571428571428571,0.8,0.8204024144869215,0.038305040022881744,541,0.8321428571428572,0.8398576512455516,0.8647686832740213,0.8434163701067615,0.8612099644128114,0.8482791052364007,0.012602054480888013,0.9247863247863247,0.9239999999999999,0.8773333333333333,0.9542222222222222,0.8684444444444445,0.9097572649572649,0.032136960173903814,541,0.9227222222222222,0.9231573157315731,0.9356985698569856,0.941969196919692,0.9535203520352035,0.9354135313531353,0.011680745712499774
0.08827767372131348,0.005255524330955441,0.026215314865112305,0.003021759766103535,,entropy,1,1,0.1,25,"{'estimator__class_weight': None, 'estimator__criterion': 'entropy', 'estimator__max_depth': 1, 'estimator__min_samples_leaf': 1, 'learning_rate': 0.1, 'n_estimators': 25}",0.811398212992031,0.7142857142857142,0.7382478632478633,0.8447893569844789,0.7612175282078195,0.7739877351435813,0.04778527269142349,550,0.7778461438818633,0.8063040481263316,0.8461117196056955,0.8114299982833153,0.8114299982833153,0.8106243816361042,0.021696669534478005,0.8910891089108911,0.8571428571428571,0.8653846153846154,0.9090909090909091,0.8737864077669902,0.8792987796592525,0.01866257192257985,538,0.8801955990220048,0.8910891089108911,0.9090909090909091,0.8933002481389578,0.8933002481389578,0.8933952226603441,0.009229526939830306,0.7317073170731707,0.5714285714285714,0.6111111111111112,0.7804878048780488,0.6486486486486487,0.6686766906279101,0.07700220807012784,550,0.6754966887417219,0.7215189873417721,0.7831325301204819,0.7295597484276729,0.7295597484276729,0.7278535406118642,0.034184661689708094,0.5769230769230769,0.4,0.44,0.64,0.48,0.5073846153846154,0.08859401451725743,550,0.51,0.5643564356435643,0.6435643564356436,0.5742574257425742,0.5742574257425742,0.5732871287128714,0.04248715012440302,0.8450704225352113,0.7857142857142857,0.8,0.8714285714285714,0.8142857142857143,0.8232997987927566,0.03107134998747379,538,0.825,0.8434163701067615,0.8718861209964412,0.8469750889679716,0.8469750889679716,0.8468505338078292,0.014940220626665803,0.935042735042735,0.928,0.9231111111111111,0.9617777777777777,0.8946666666666667,0.9285196581196582,0.02156015079427544,514,0.9309444444444445,0.9460671067106711,0.9440594059405941,0.93506600660066,0.9672442244224422,0.9446762376237624,0.012590057271709499
0.07845053672790528,0.0070917333990969675,0.0217740535736084,0.0038942673654806777,,entropy,1,2,0.1,25,"{'estimator__class_weight': None, 'estimator__criterion': 'entropy', 'estimator__max_depth': 1, 'estimator__min_samples_leaf': 2, 'learning_rate': 0.1, 'n_estimators': 25}",0.811398212992031,0.7142857142857142,0.7382478632478633,0.8447893569844789,0.7612175282078195,0.7739877351435813,0.04778527269142349,550,0.7778461438818633,0.8063040481263316,0.8461117196056955,0.8114299982833153,0.8114299982833153,0.8106243816361042,0.021696669534478005,0.8910891089108911,0.8571428571428571,0.8653846153846154,0.9090909090909091,0.8737864077669902,0.8792987796592525,0.01866257192257985,538,0.8801955990220048,0.8910891089108911,0.9090909090909091,0.8933002481389578,0.8933002481389578,0.8933952226603441,0.009229526939830306,0.7317073170731707,0.5714285714285714,0.6111111111111112,0.7804878048780488,0.6486486486486487,0.6686766906279101,0.07700220807012784,550,0.6754966887417219,0.7215189873417721,0.7831325301204819,0.7295597484276729,0.7295597484276729,0.7278535406118642,0.034184661689708094,0.5769230769230769,0.4,0.44,0.64,0.48,0.5073846153846154,0.08859401451725743,550,0.51,0.5643564356435643,0.6435643564356436,0.5742574257425742,0.5742574257425742,0.5732871287128714,0.04248715012440302,0.8450704225352113,0.7857142857142857,0.8,0.8714285714285714,0.8142857142857143,0.8232997987927566,0.03107134998747379,538,0.825,0.8434163701067615,0.8718861209964412,0.8469750889679716,0.8469750889679716,0.8468505338078292,0.014940220626665803,0.935042735042735,0.928,0.9231111111111111,0.9617777777777777,0.8946666666666667,0.9285196581196582,0.02156015079427544,514,0.9309444444444445,0.9460671067106711,0.9440594059405941,0.93506600660066,0.9672442244224422,0.9446762376237624,0.012590057271709499
0.073360013961792,0.012527356612474954,0.021487855911254884,0.0027809355099514647,,entropy,1,5,0.1,25,"{'estimator__class_weight': None, 'estimator__criterion': 'entropy', 'estimator__max_depth': 1, 'estimator__min_samples_leaf': 5, 'learning_rate': 0.1, 'n_estimators': 25}",0.811398212992031,0.7142857142857142,0.7382478632478633,0.8447893569844789,0.7612175282078195,0.7739877351435813,0.04778527269142349,550,0.7778461438818633,0.8063040481263316,0.8461117196056955,0.8114299982833153,0.8114299982833153,0.8106243816361042,0.021696669534478005,0.8910891089108911,0.8571428571428571,0.8653846153846154,0.9090909090909091,0.8737864077669902,0.8792987796592525,0.01866257192257985,538,0.8801955990220048,0.8910891089108911,0.9090909090909091,0.8933002481389578,0.8933002481389578,0.8933952226603441,0.009229526939830306,0.7317073170731707,0.5714285714285714,0.6111111111111112,0.7804878048780488,0.6486486486486487,0.6686766906279101,0.07700220807012784,550,0.6754966887417219,0.7215189873417721,0.7831325301204819,0.7295597484276729,0.7295597484276729,0.7278535406118642,0.034184661689708094,0.5769230769230769,0.4,0.44,0.64,0.48,0.5073846153846154,0.08859401451725743,550,0.51,0.5643564356435643,0.6435643564356436,0.5742574257425742,0.5742574257425742,0.5732871287128714,0.04248715012440302,0.8450704225352113,0.7857142857142857,0.8,0.8714285714285714,0.8142857142857143,0.8232997987927566,0.03107134998747379,538,0.825,0.8434163701067615,0.8718861209964412,0.8469750889679716,0.8469750889679716,0.8468505338078292,0.014940220626665803,0.935042735042735,0.928,0.9231111111111111,0.9617777777777777,0.8946666666666667,0.9285196581196582,0.02156015079427544,514,0.9309444444444445,0.9460671067106711,0.9440594059405941,0.93506600660066,0.9672442244224422,0.9446762376237624,0.012590057271709499
0.09304318428039551,0.03385592878839208,0.035129880905151366,0.0027069021331258335,balanced,gini,1,1,0.1,25,"{'estimator__class_weight': 'balanced', 'estimator__criterion': 'gini', 'estimator__max_depth': 1, 'estimator__min_samples_leaf': 1, 'learning_rate': 0.1, 'n_estimators': 25}",0.8498942917547568,0.7142857142857142,0.6629849900877938,0.825,0.7619047619047619,0.7628139516066053,0.06895176322098576,553,0.8045189134298045,0.836407647996078,0.8277975242063979,0.7853323147440794,0.832699793908862,0.8173512388570444,0.019481939463387284,0.9090909090909091,0.8571428571428571,0.8411214953271028,0.9,0.8571428571428571,0.8728996237407453,0.026648228314110338,553,0.8910891089108911,0.9045226130653267,0.8994974874371859,0.8823529411764706,0.9017632241813602,0.8958450749542468,0.008103346984698598,0.7906976744186046,0.5714285714285714,0.48484848484848486,0.75,0.6666666666666666,0.6527282794724655,0.11268086631258947,553,0.717948717948718,0.7682926829268293,0.7560975609756098,0.6883116883116883,0.7636363636363637,0.7388574027598418,0.030885912729071655,0.6538461538461539,0.4,0.32,0.6,0.56,0.5067692307692309,0.1260472345013717,553,0.56,0.6237623762376238,0.6138613861386139,0.5247524752475248,0.6237623762376238,0.5892277227722773,0.04000854726835336,0.8732394366197183,0.7857142857142857,0.7571428571428571,0.8571428571428571,0.8,0.8146478873239437,0.04381172105744893,553,0.8428571428571429,0.8647686832740213,0.8576512455516014,0.8291814946619217,0.8612099644128114,0.8511337061514996,0.013268933572528535,0.935042735042735,0.928,0.8915555555555555,0.9604444444444443,0.8737777777777778,0.9177641025641027,0.03113397187697063,529,0.9293888888888889,0.9314081408140814,0.9415841584158415,0.944059405940594,0.9540704070407041,0.940102200220022,0.008981405097491629
0.15066094398498536,0.0820380298272207,0.03435559272766113,0.008240223103917229,balanced,gini,1,1,0.1,50,"{'estimator__class_weight': 'balanced', 'estimator__criterion': 'gini', 'estimator__max_depth': 1, 'estimator__min_samples_leaf': 1, 'learning_rate': 0.1, 'n_estimators': 50}",0.8498942917547568,0.7142857142857142,0.6629849900877938,0.825,0.7619047619047619,0.7628139516066053,0.06895176322098576,553,0.8045189134298045,0.836407647996078,0.8277975242063979,0.7853323147440794,0.832699793908862,0.8173512388570444,0.019481939463387284,0.9090909090909091,0.8571428571428571,0.8411214953271028,0.9,0.8571428571428571,0.8728996237407453,0.026648228314110338,553,0.8910891089108911,0.9045226130653267,0.8994974874371859,0.8823529411764706,0.9017632241813602,0.8958450749542468,0.008103346984698598,0.7906976744186046,0.5714285714285714,0.48484848484848486,0.75,0.6666666666666666,0.6527282794724655,0.11268086631258947,553,0.717948717948718,0.7682926829268293,0.7560975609756098,0.6883116883116883,0.7636363636363637,0.7388574027598418,0.030885912729071655,0.6538461538461539,0.4,0.32,0.6,0.56,0.5067692307692309,0.1260472345013717,553,0.56,0.6237623762376238,0.6138613861386139,0.5247524752475248,0.6237623762376238,0.5892277227722773,0.04000854726835336,0.8732394366197183,0.7857142857142857,0.7571428571428571,0.8571428571428571,0.8,0.8146478873239437,0.04381172105744893,553,0.8428571428571429,0.8647686832740213,0.8576512455516014,0.8291814946619217,0.8612099644128114,0.8511337061514996,0.013268933572528535,0.935042735042735,0.928,0.8915555555555555,0.9604444444444443,0.8737777777777778,0.9177641025641027,0.03113397187697063,529,0.9293888888888889,0.9314081408140814,0.9415841584158415,0.944059405940594,0.9540704070407041,0.940102200220022,0.008981405097491629
0.28375606536865233,0.18954871331833162,0.05043501853942871,0.017235775715881953,balanced,gini,1,1,0.1,100,"{'estimator__class_weight': 'balanced', 'estimator__criterion': 'gini', 'estimator__max_depth': 1, 'estimator__min_samples_leaf': 1, 'learning_rate': 0.1, 'n_estimators': 100}",0.8498942917547568,0.7142857142857142,0.6629849900877938,0.825,0.7619047619047619,0.7628139516066053,0.06895176322098576,553,0.8045189134298045,0.836407647996078,0.8277975242063979,0.7853323147440794,0.832699793908862,0.8173512388570444,0.019481939463387284,0.9090909090909091,0.8571428571428571,0.8411214953271028,0.9,0.8571428571428571,0.8728996237407453,0.026648228314110338,553,0.8910891089108911,0.9045226130653267,0.8994974874371859,0.8823529411764706,0.9017632241813602,0.8958450749542468,0.008103346984698598,0.7906976744186046,0.5714285714285714,0.48484848484848486,0.75,0.6666666666666666,0.6527282794724655,0.11268086631258947,553,0.717948717948718,0.7682926829268293,0.7560975609756098,0.6883116883116883,0.7636363636363637,0.7388574027598418,0.030885912729071655,0.6538461538461539,0.4,0.32,0.6,0.56,0.5067692307692309,0.1260472345013717,553,0.56,0.6237623762376238,0.6138613861386139,0.5247524752475248,0.6237623762376238,0.5892277227722773,0.04000854726835336,0.8732394366197183,0.7857142857142857,0.7571428571428571,0.8571428571428571,0.8,0.8146478873239437,0.04381172105744893,553,0.8428571428571429,0.8647686832740213,0.8576512455516014,0.8291814946619217,0.8612099644128114,0.8511337061514996,0.013268933572528535,0.935042735042735,0.928,0.8915555555555555,0.9604444444444443,0.8737777777777778,0.9177641025641027,0.03113397187697063,529,0.9293888888888889,0.9314081408140814,0.9415841584158415,0.944059405940594,0.9540704070407041,0.940102200220022,0.008981405097491629
0.5764864444732666,0.428464300762267,0.07579188346862793,0.036383196030021915,balanced,gini,1,1,0.1,200,"{'estimator__class_weight': 'balanced', 'estimator__criterion': 'gini', 'estimator__max_depth': 1, 'estimator__min_samples_leaf': 1, 'learning_rate': 0.1, 'n_estimators': 200}",0.8498942917547568,0.7142857142857142,0.6629849900877938,0.825,0.7619047619047619,0.7628139516066053,0.06895176322098576,553,0.8045189134298045,0.836407647996078,0.8277975242063979,0.7853323147440794,0.832699793908862,0.8173512388570444,0.019481939463387284,0.9090909090909091,0.8571428571428571,0.8411214953271028,0.9,0.8571428571428571,0.8728996237407453,0.026648228314110338,553,0.8910891089108911,0.9045226130653267,0.8994974874371859,0.8823529411764706,0.9017632241813602,0.8958450749542468,0.008103346984698598,0.7906976744186046,0.5714285714285714,0.48484848484848486,0.75,0.6666666666666666,0.6527282794724655,0.11268086631258947,553,0.717948717948718,0.7682926829268293,0.7560975609756098,0.6883116883116883,0.7636363636363637,0.7388574027598418,0.030885912729071655,0.6538461538461539,0.4,0.32,0.6,0.56,0.5067692307692309,0.1260472345013717,553,0.56,0.6237623762376238,0.6138613861386139,0.5247524752475248,0.6237623762376238,0.5892277227722773,0.04000854726835336,0.8732394366197183,0.7857142857142857,0.7571428571428571,0.8571428571428571,0.8,0.8146478873239437,0.04381172105744893,553,0.8428571428571429,0.8647686832740213,0.8576512455516014,0.8291814946619217,0.8612099644128114,0.8511337061514996,0.013268933572528535,0.935042735042735,0.928,0.8915555555555555,0.9604444444444443,0.8737777777777778,0.9177641025641027,0.03113397187697063,529,0.9293888888888889,0.9314081408140814,0.9415841584158415,0.944059405940594,0.9540704070407041,0.940102200220022,0.008981405097491629
0.09253592491149902,0.029711859250174832,0.034065628051757814,0.0032461582585524467,balanced,gini,1,2,0.1,25,"{'estimator__class_weight': 'balanced', 'estimator__criterion': 'gini', 'estimator__max_depth': 1, 'estimator__min_samples_leaf': 2, 'learning_rate': 0.1, 'n_estimators': 25}",0.8498942917547568,0.7142857142857142,0.6629849900877938,0.825,0.7619047619047619,0.7628139516066053,0.06895176322098576,553,0.8045189134298045,0.836407647996078,0.8277975242063979,0.7853323147440794,0.832699793908862,0.8173512388570444,0.019481939463387284,0.9090909090909091,0.8571428571428571,0.8411214953271028,0.9,0.8571428571428571,0.8728996237407453,0.026648228314110338,553,0.8910891089108911,0.9045226130653267,0.8994974874371859,0.8823529411764706,0.9017632241813602,0.8958450749542468,0.008103346984698598,0.7906976744186046,0.5714285714285714,0.48484848484848486,0.75,0.6666666666666666,0.6527282794724655,0.11268086631258947,553,0.717948717948718,0.7682926829268293,0.7560975609756098,0.6883116883116883,0.7636363636363637,0.7388574027598418,0.030885912729071655,0.6538461538461539,0.4,0.32,0.6,0.56,0.5067692307692309,0.1260472345013717,553,0.56,0.6237623762376238,0.6138613861386139,0.5247524752475248,0.6237623762376238,0.5892277227722773,0.04000854726835336,0.8732394366197183,0.7857142857142857,0.7571428571428571,0.8571428571428571,0.8,0.8146478873239437,0.04381172105744893,553,0.8428571428571429,0.8647686832740213,0.8576512455516014,0.8291814946619217,0.8612099644128114,0.8511337061514996,0.013268933572528535,0.935042735042735,0.928,0.8915555555555555,0.9604444444444443,0.8737777777777778,0.9177641025641027,0.03113397187697063,529,0.9293888888888889,0.9314081408140814,0.9415841584158415,0.944059405940594,0.9540704070407041,0.940102200220022,0.008981405097491629
0.17062101364135743,0.09135168313754446,0.03868908882141113,0.005185188608734496,balanced,gini,1,2,0.1,50,"{'estimator__class_weight': 'balanced', 'estimator__criterion': 'gini', 'estimator__max_depth': 1, 'estimator__min_samples_leaf': 2, 'learning_rate': 0.1, 'n_estimators': 50}",0.8498942917547568,0.7142857142857142,0.6629849900877938,0.825,0.7619047619047619,0.7628139516066053,0.06895176322098576,553,0.8045189134298045,0.836407647996078,0.8277975242063979,0.7853323147440794,0.832699793908862,0.8173512388570444,0.019481939463387284,0.9090909090909091,0.8571428571428571,0.8411214953271028,0.9,0.8571428571428571,0.8728996237407453,0.026648228314110338,553,0.8910891089108911,0.9045226130653267,0.8994974874371859,0.8823529411764706,0.9017632241813602,0.8958450749542468,0.008103346984698598,0.7906976744186046,0.5714285714285714,0.48484848484848486,0.75,0.6666666666666666,0.6527282794724655,0.11268086631258947,553,0.717948717948718,0.7682926829268293,0.7560975609756098,0.6883116883116883,0.7636363636363637,0.7388574027598418,0.030885912729071655,0.6538461538461539,0.4,0.32,0.6,0.56,0.5067692307692309,0.1260472345013717,553,0.56,0.6237623762376238,0.6138613861386139,0.5247524752475248,0.6237623762376238,0.5892277227722773,0.04000854726835336,0.8732394366197183,0.7857142857142857,0.7571428571428571,0.8571428571428571,0.8,0.8146478873239437,0.04381172105744893,553,0.8428571428571429,0.8647686832740213,0.8576512455516014,0.8291814946619217,0.8612099644128114,0.8511337061514996,0.013268933572528535,0.935042735042735,0.928,0.8915555555555555,0.9604444444444443,0.8737777777777778,0.9177641025641027,0.03113397187697063,529,0.9293888888888889,0.9314081408140814,0.9415841584158415,0.944059405940594,0.9540704070407041,0.940102200220022,0.008981405097491629
0.30785398483276366,0.20580419549252427,0.052790260314941405,0.017580014970090416,balanced,gini,1,2,0.1,100,"{'estimator__class_weight': 'balanced', 'estimator__criterion': 'gini', 'estimator__max_depth': 1, 'estimator__min_samples_leaf': 2, 'learning_rate': 0.1, 'n_estimators': 100}",0.8498942917547568,0.7142857142857142,0.6629849900877938,0.825,0.7619047619047619,0.7628139516066053,0.06895176322098576,553,0.8045189134298045,0.836407647996078,0.8277975242063979,0.7853323147440794,0.832699793908862,0.8173512388570444,0.019481939463387284,0.9090909090909091,0.8571428571428571,0.8411214953271028,0.9,0.8571428571428571,0.8728996237407453,0.026648228314110338,553,0.8910891089108911,0.9045226130653267,0.8994974874371859,0.8823529411764706,0.9017632241813602,0.8958450749542468,0.008103346984698598,0.7906976744186046,0.5714285714285714,0.48484848484848486,0.75,0.6666666666666666,0.6527282794724655,0.11268086631258947,553,0.717948717948718,0.7682926829268293,0.7560975609756098,0.6883116883116883,0.7636363636363637,0.7388574027598418,0.030885912729071655,0.6538461538461539,0.4,0.32,0.6,0.56,0.5067692307692309,0.1260472345013717,553,0.56,0.6237623762376238,0.6138613861386139,0.5247524752475248,0.6237623762376238,0.5892277227722773,0.04000854726835336,0.8732394366197183,0.7857142857142857,0.7571428571428571,0.8571428571428571,0.8,0.8146478873239437,0.04381172105744893,553,0.8428571428571429,0.8647686832740213,0.8576512455516014,0.8291814946619217,0.8612099644128114,0.8511337061514996,0.013268933572528535,0.935042735042735,0.928,0.8915555555555555,0.9604444444444443,0.8737777777777778,0.9177641025641027,0.03113397187697063,529,0.9293888888888889,0.9314081408140814,0.9415841584158415,0.944059405940594,0.9540704070407041,0.940102200220022,0.008981405097491629
0.5834868907928467,0.43046232419102326,0.0761481761932373,0.03531975325603917,balanced,gini,1,2,0.1,200,"{'estimator__class_weight': 'balanced', 'estimator__criterion': 'gini', 'estimator__max_depth': 1, 'estimator__min_samples_leaf': 2, 'learning_rate': 0.1, 'n_estimators': 200}",0.8498942917547568,0.7142857142857142,0.6629849900877938,0.825,0.7619047619047619,0.7628139516066053,0.06895176322098576,553,0.8045189134298045,0.836407647996078,0.8277975242063979,0.7853323147440794,0.832699793908862,0.8173512388570444,0.019481939463387284,0.9090909090909091,0.8571428571428571,0.8411214953271028,0.9,0.8571428571428571,0.8728996237407453,0.026648228314110338,553,0.8910891089108911,0.9045226130653267,0.8994974874371859,0.8823529411764706,0.9017632241813602,0.8958450749542468,0.008103346984698598,0.7906976744186046,0.5714285714285714,0.48484848484848486,0.75,0.6666666666666666,0.6527282794724655,0.11268086631258947,553,0.717948717948718,0.7682926829268293,0.7560975609756098,0.6883116883116883,0.7636363636363637,0.7388574027598418,0.030885912729071655,0.6538461538461539,0.4,0.32,0.6,0.56,0.5067692307692309,0.1260472345013717,553,0.56,0.6237623762376238,0.6138613861386139,0.5247524752475248,0.6237623762376238,0.5892277227722773,0.04000854726835336,0.8732394366197183,0.7857142857142857,0.7571428571428571,0.8571428571428571,0.8,0.8146478873239437,0.04381172105744893,553,0.8428571428571429,0.8647686832740213,0.8576512455516014,0.8291814946619217,0.8612099644128114,0.8511337061514996,0.013268933572528535,0.935042735042735,0.928,0.8915555555555555,0.9604444444444443,0.8737777777777778,0.9177641025641027,0.03113397187697063,529,0.9293888888888889,0.9314081408140814,0.9415841584158415,0.944059405940594,0.9540704070407041,0.940102200220022,0.008981405097491629
0.09120378494262696,0.031010599222271878,0.0329287052154541,0.0048865738668703125,balanced,gini,1,5,0.1,25,"{'estimator__class_weight': 'balanced', 'estimator__criterion': 'gini', 'estimator__max_depth': 1, 'estimator__min_samples_leaf': 5, 'learning_rate': 0.1, 'n_estimators': 25}",0.8498942917547568,0.7142857142857142,0.6629849900877938,0.825,0.7619047619047619,0.7628139516066053,0.06895176322098576,553,0.8045189134298045,0.836407647996078,0.8277975242063979,0.7853323147440794,0.832699793908862,0.8173512388570444,0.019481939463387284,0.9090909090909091,0.8571428571428571,0.8411214953271028,0.9,0.8571428571428571,0.8728996237407453,0.026648228314110338,553,0.8910891089108911,0.9045226130653267,0.8994974874371859,0.8823529411764706,0.9017632241813602,0.8958450749542468,0.008103346984698598,0.7906976744186046,0.5714285714285714,0.48484848484848486,0.75,0.6666666666666666,0.6527282794724655,0.11268086631258947,553,0.717948717948718,0.7682926829268293,0.7560975609756098,0.6883116883116883,0.7636363636363637,0.7388574027598418,0.030885912729071655,0.6538461538461539,0.4,0.32,0.6,0.56,0.5067692307692309,0.1260472345013717,553,0.56,0.6237623762376238,0.6138613861386139,0.5247524752475248,0.6237623762376238,0.5892277227722773,0.04000854726835336,0.8732394366197183,0.7857142857142857,0.7571428571428571,0.8571428571428571,0.8,0.8146478873239437,0.04381172105744893,553,0.8428571428571429,0.8647686832740213,0.8576512455516014,0.8291814946619217,0.8612099644128114,0.8511337061514996,0.013268933572528535,0.935042735042735,0.928,0.8915555555555555,0.9604444444444443,0.8737777777777778,0.9177641025641027,0.03113397187697063,529,0.9293888888888889,0.9314081408140814,0.9415841584158415,0.944059405940594,0.9540704070407041,0.940102200220022,0.008981405097491629
0.16069965362548827,0.08377534113677049,0.04009976387023926,0.009136552732431849,balanced,gini,1,5,0.1,50,"{'estimator__class_weight': 'balanced', 'estimator__criterion': 'gini', 'estimator__max_depth': 1, 'estimator__min_samples_leaf': 5, 'learning_rate': 0.1, 'n_estimators': 50}",0.8498942917547568,0.7142857142857142,0.6629849900877938,0.825,0.7619047619047619,0.7628139516066053,0.06895176322098576,553,0.8045189134298045,0.836407647996078,0.8277975242063979,0.7853323147440794,0.832699793908862,0.8173512388570444,0.019481939463387284,0.9090909090909091,0.8571428571428571,0.8411214953271028,0.9,0.8571428571428571,0.8728996237407453,0.026648228314110338,553,0.8910891089108911,0.9045226130653267,0.8994974874371859,0.8823529411764706,0.9017632241813602,0.8958450749542468,0.008103346984698598,0.7906976744186046,0.5714285714285714,0.48484848484848486,0.75,0.6666666666666666,0.6527282794724655,0.11268086631258947,553,0.717948717948718,0.7682926829268293,0.7560975609756098,0.6883116883116883,0.7636363636363637,0.7388574027598418,0.030885912729071655,0.6538461538461539,0.4,0.32,0.6,0.56,0.5067692307692309,0.1260472345013717,553,0.56,0.6237623762376238,0.6138613861386139,0.5247524752475248,0.6237623762376238,0.5892277227722773,0.04000854726835336,0.8732394366197183,0.7857142857142857,0.7571428571428571,0.8571428571428571,0.8,0.8146478873239437,0.04381172105744893,553,0.8428571428571429,0.8647686832740213,0.8576512455516014,0.8291814946619217,0.8612099644128114,0.8511337061514996,0.013268933572528535,0.935042735042735,0.928,0.8915555555555555,0.9604444444444443,0.8737777777777778,0.9177641025641027,0.03113397187697063,529,0.9293888888888889,0.9314081408140814,0.9415841584158415,0.944059405940594,0.9540704070407041,0.940102200220022,0.008981405097491629
0.29840593338012694,0.20438472563923027,0.05318584442138672,0.016582929217405073,balanced,gini,1,5,0.1,100,"{'estimator__class_weight': 'balanced', 'estimator__criterion': 'gini', 'estimator__max_depth': 1, 'estimator__min_samples_leaf': 5, 'learning_rate': 0.1, 'n_estimators': 100}",0.8498942917547568,0.7142857142857142,0.6629849900877938,0.825,0.7619047619047619,0.7628139516066053,0.06895176322098576,553,0.8045189134298045,0.836407647996078,0.8277975242063979,0.7853323147440794,0.832699793908862,0.8173512388570444,0.019481939463387284,0.9090909090909091,0.8571428571428571,0.8411214953271028,0.9,0.8571428571428571,0.8728996237407453,0.026648228314110338,553,0.8910891089108911,0.9045226130653267,0.8994974874371859,0.8823529411764706,0.9017632241813602,0.8958450749542468,0.008103346984698598,0.7906976744186046,0.5714285714285714,0.48484848484848486,0.75,0.6666666666666666,0.6527282794724655,0.11268086631258947,553,0.717948717948718,0.7682926829268293,0.7560975609756098,0.6883116883116883,0.7636363636363637,0.7388574027598418,0.030885912729071655,0.6538461538461539,0.4,0.32,0.6,0.56,0.5067692307692309,0.1260472345013717,553,0.56,0.6237623762376238,0.6138613861386139,0.5247524752475248,0.6237623762376238,0.5892277227722773,0.04000854726835336,0.8732394366197183,0.7857142857142857,0.7571428571428571,0.8571428571428571,0.8,0.8146478873239437,0.04381172105744893,553,0.8428571428571429,0.8647686832740213,0.8576512455516014,0.8291814946619217,0.8612099644128114,0.8511337061514996,0.013268933572528535,0.935042735042735,0.928,0.8915555555555555,0.9604444444444443,0.8737777777777778,0.9177641025641027,0.03113397187697063,529,0.9293888888888889,0.9314081408140814,0.9415841584158415,0.944059405940594,0.9540704070407041,0.940102200220022,0.008981405097491629
0.5688907623291015,0.41726861436213497,0.07085342407226562,0.03150197435727578,balanced,gini,1,5,0.1,200,"{'estimator__class_weight': 'balanced', 'estimator__criterion': 'gini', 'estimator__max_depth': 1, 'estimator__min_samples_leaf': 5, 'learning_rate': 0.1, 'n_estimators': 200}",0.8498942917547568,0.7142857142857142,0.6629849900877938,0.825,0.7619047619047619,0.7628139516066053,0.06895176322098576,553,0.8045189134298045,0.836407647996078,0.8277975242063979,0.7853323147440794,0.832699793908862,0.8173512388570444,0.019481939463387284,0.9090909090909091,0.8571428571428571,0.8411214953271028,0.9,0.8571428571428571,0.8728996237407453,0.026648228314110338,553,0.8910891089108911,0.9045226130653267,0.8994974874371859,0.8823529411764706,0.9017632241813602,0.8958450749542468,0.008103346984698598,0.7906976744186046,0.5714285714285714,0.48484848484848486,0.75,0.6666666666666666,0.6527282794724655,0.11268086631258947,553,0.717948717948718,0.7682926829268293,0.7560975609756098,0.6883116883116883,0.7636363636363637,0.7388574027598418,0.030885912729071655,0.6538461538461539,0.4,0.32,0.6,0.56,0.5067692307692309,0.1260472345013717,553,0.56,0.6237623762376238,0.6138613861386139,0.5247524752475248,0.6237623762376238,0.5892277227722773,0.04000854726835336,0.8732394366197183,0.7857142857142857,0.7571428571428571,0.8571428571428571,0.8,0.8146478873239437,0.04381172105744893,553,0.8428571428571429,0.8647686832740213,0.8576512455516014,0.8291814946619217,0.8612099644128114,0.8511337061514996,0.013268933572528535,0.935042735042735,0.928,0.8915555555555555,0.9604444444444443,0.8737777777777778,0.9177641025641027,0.03113397187697063,529,0.9293888888888889,0.9314081408140814,0.9415841584158415,0.944059405940594,0.9540704070407041,0.940102200220022,0.008981405097491629
0.07524361610412597,0.0341362784417651,0.02592024803161621,0.005785509981567035,balanced,entropy,1,1,0.1,25,"{'estimator__class_weight': 'balanced', 'estimator__criterion': 'entropy', 'estimator__max_depth': 1, 'estimator__min_samples_leaf': 1, 'learning_rate': 0.1, 'n_estimators': 25}",0.811398212992031,0.7142857142857142,0.6629849900877938,0.825,0.7382478632478633,0.7503833561226805,0.060628773072485515,565,0.7778461438818633,0.8063040481263316,0.8265432098765433,0.779967080556754,0.8011323425336163,0.7983585649950218,0.01802334525490543,0.8910891089108911,0.8571428571428571,0.8411214953271028,0.9,0.8653846153846154,0.8709476153530933,0.021729411267256152,565,0.8801955990220048,0.8910891089108911,0.9,0.8801955990220048,0.8888888888888888,0.8880738391687579,0.00743132297046208,0.7317073170731707,0.5714285714285714,0.48484848484848486,0.75,0.6111111111111112,0.6298190968922677,0.09959977854963918,565,0.6754966887417219,0.7215189873417721,0.7530864197530864,0.6797385620915033,0.7133757961783439,0.7086432908212854,0.028627093633319358,0.5769230769230769,0.4,0.32,0.6,0.44,0.4673846153846154,0.10639393140143498,565,0.51,0.5643564356435643,0.6039603960396039,0.5148514851485149,0.5544554455445545,0.5495247524752476,0.034560009766651835,0.8450704225352113,0.7857142857142857,0.7571428571428571,0.8571428571428571,0.8,0.8090140845070423,0.03723223560030091,565,0.825,0.8434163701067615,0.8576512455516014,0.8256227758007118,0.8398576512455516,0.8383096085409253,0.012171078642825645,0.935042735042735,0.928,0.9151111111111111,0.9604444444444444,0.8942222222222223,0.9265641025641026,0.021904313791368975,517,0.9309444444444445,0.9367436743674368,0.9438943894389439,0.9257425742574257,0.9575907590759075,0.9389831683168316,0.011093351815022974
0.12456321716308594,0.08861355502999604,0.03200607299804688,0.0070906236196840305,balanced,entropy,1,1,0.1,50,"{'estimator__class_weight': 'balanced', 'estimator__criterion': 'entropy', 'estimator__max_depth': 1, 'estimator__min_samples_leaf': 1, 'learning_rate': 0.1, 'n_estimators': 50}",0.811398212992031,0.7142857142857142,0.6629849900877938,0.825,0.7382478632478633,0.7503833561226805,0.060628773072485515,565,0.7778461438818633,0.8063040481263316,0.8265432098765433,0.779967080556754,0.8011323425336163,0.7983585649950218,0.01802334525490543,0.8910891089108911,0.8571428571428571,0.8411214953271028,0.9,0.8653846153846154,0.8709476153530933,0.021729411267256152,565,0.8801955990220048,0.8910891089108911,0.9,0.8801955990220048,0.8888888888888888,0.8880738391687579,0.00743132297046208,0.7317073170731707,0.5714285714285714,0.48484848484848486,0.75,0.6111111111111112,0.6298190968922677,0.09959977854963918,565,0.6754966887417219,0.7215189873417721,0.7530864197530864,0.6797385620915033,0.7133757961783439,0.7086432908212854,0.028627093633319358,0.5769230769230769,0.4,0.32,0.6,0.44,0.4673846153846154,0.10639393140143498,565,0.51,0.5643564356435643,0.6039603960396039,0.5148514851485149,0.5544554455445545,0.5495247524752476,0.034560009766651835,0.8450704225352113,0.7857142857142857,0.7571428571428571,0.8571428571428571,0.8,0.8090140845070423,0.03723223560030091,565,0.825,0.8434163701067615,0.8576512455516014,0.8256227758007118,0.8398576512455516,0.8383096085409253,0.012171078642825645,0.935042735042735,0.928,0.9151111111111111,0.9604444444444444,0.8942222222222223,0.9265641025641026,0.021904313791368975,517,0.9309444444444445,0.9367436743674368,0.9438943894389439,0.9257425742574257,0.9575907590759075,0.9389831683168316,0.011093351815022974
0.2057936668395996,0.1921029992033284,0.04093456268310547,0.015856628519508524,balanced,entropy,1,1,0.1,100,"{'estimator__class_weight': 'balanced', 'estimator__criterion': 'entropy', 'estimator__max_depth': 1, 'estimator__min_samples_leaf': 1, 'learning_rate': 0.1, 'n_estimators': 100}",0.811398212992031,0.7142857142857142,0.6629849900877938,0.825,0.7382478632478633,0.7503833561226805,0.060628773072485515,565,0.7778461438818633,0.8063040481263316,0.8265432098765433,0.779967080556754,0.8011323425336163,0.7983585649950218,0.01802334525490543,0.8910891089108911,0.8571428571428571,0.8411214953271028,0.9,0.8653846153846154,0.8709476153530933,0.021729411267256152,565,0.8801955990220048,0.8910891089108911,0.9,0.8801955990220048,0.8888888888888888,0.8880738391687579,0.00743132297046208,0.7317073170731707,0.5714285714285714,0.48484848484848486,0.75,0.6111111111111112,0.6298190968922677,0.09959977854963918,565,0.6754966887417219,0.7215189873417721,0.7530864197530864,0.6797385620915033,0.7133757961783439,0.7086432908212854,0.028627093633319358,0.5769230769230769,0.4,0.32,0.6,0.44,0.4673846153846154,0.10639393140143498,565,0.51,0.5643564356435643,0.6039603960396039,0.5148514851485149,0.5544554455445545,0.5495247524752476,0.034560009766651835,0.8450704225352113,0.7857142857142857,0.7571428571428571,0.8571428571428571,0.8,0.8090140845070423,0.03723223560030091,565,0.825,0.8434163701067615,0.8576512455516014,0.8256227758007118,0.8398576512455516,0.8383096085409253,0.012171078642825645,0.935042735042735,0.928,0.9151111111111111,0.9604444444444444,0.8942222222222223,0.9265641025641026,0.021904313791368975,517,0.9309444444444445,0.9367436743674368,0.9438943894389439,0.9257425742574257,0.9575907590759075,0.9389831683168316,0.011093351815022974
0.3964128017425537,0.4239055244952301,0.05124530792236328,0.03001969201401488,balanced,entropy,1,1,0.1,200,"{'estimator__class_weight': 'balanced', 'estimator__criterion': 'entropy', 'estimator__max_depth': 1, 'estimator__min_samples_leaf': 1, 'learning_rate': 0.1, 'n_estimators': 200}",0.811398212992031,0.7142857142857142,0.6629849900877938,0.825,0.7382478632478633,0.7503833561226805,0.060628773072485515,565,0.7778461438818633,0.8063040481263316,0.8265432098765433,0.779967080556754,0.8011323425336163,0.7983585649950218,0.01802334525490543,0.8910891089108911,0.8571428571428571,0.8411214953271028,0.9,0.8653846153846154,0.8709476153530933,0.021729411267256152,565,0.8801955990220048,0.8910891089108911,0.9,0.8801955990220048,0.8888888888888888,0.8880738391687579,0.00743132297046208,0.7317073170731707,0.5714285714285714,0.48484848484848486,0.75,0.6111111111111112,0.6298190968922677,0.09959977854963918,565,0.6754966887417219,0.7215189873417721,0.7530864197530864,0.6797385620915033,0.7133757961783439,0.7086432908212854,0.028627093633319358,0.5769230769230769,0.4,0.32,0.6,0.44,0.4673846153846154,0.10639393140143498,565,0.51,0.5643564356435643,0.6039603960396039,0.5148514851485149,0.5544554455445545,0.5495247524752476,0.034560009766651835,0.8450704225352113,0.7857142857142857,0.7571428571428571,0.8571428571428571,0.8,0.8090140845070423,0.03723223560030091,565,0.825,0.8434163701067615,0.8576512455516014,0.8256227758007118,0.8398576512455516,0.8383096085409253,0.012171078642825645,0.935042735042735,0.928,0.9151111111111111,0.9604444444444444,0.8942222222222223,0.9265641025641026,0.021904313791368975,517,0.9309444444444445,0.9367436743674368,0.9438943894389439,0.9257425742574257,0.9575907590759075,0.9389831683168316,0.011093351815022974
0.07763819694519043,0.03348398763111672,0.03023357391357422,0.0036126312787792413,balanced,entropy,1,2,0.1,25,"{'estimator__class_weight': 'balanced', 'estimator__criterion': 'entropy', 'estimator__max_depth': 1, 'estimator__min_samples_leaf': 2, 'learning_rate': 0.1, 'n_estimators': 25}",0.811398212992031,0.7142857142857142,0.6629849900877938,0.825,0.7382478632478633,0.7503833561226805,0.060628773072485515,565,0.7778461438818633,0.8063040481263316,0.8265432098765433,0.779967080556754,0.8011323425336163,0.7983585649950218,0.01802334525490543,0.8910891089108911,0.8571428571428571,0.8411214953271028,0.9,0.8653846153846154,0.8709476153530933,0.021729411267256152,565,0.8801955990220048,0.8910891089108911,0.9,0.8801955990220048,0.8888888888888888,0.8880738391687579,0.00743132297046208,0.7317073170731707,0.5714285714285714,0.48484848484848486,0.75,0.6111111111111112,0.6298190968922677,0.09959977854963918,565,0.6754966887417219,0.7215189873417721,0.7530864197530864,0.6797385620915033,0.7133757961783439,0.7086432908212854,0.028627093633319358,0.5769230769230769,0.4,0.32,0.6,0.44,0.4673846153846154,0.10639393140143498,565,0.51,0.5643564356435643,0.6039603960396039,0.5148514851485149,0.5544554455445545,0.5495247524752476,0.034560009766651835,0.8450704225352113,0.7857142857142857,0.7571428571428571,0.8571428571428571,0.8,0.8090140845070423,0.03723223560030091,565,0.825,0.8434163701067615,0.8576512455516014,0.8256227758007118,0.8398576512455516,0.8383096085409253,0.012171078642825645,0.935042735042735,0.928,0.9151111111111111,0.9604444444444444,0.8942222222222223,0.9265641025641026,0.021904313791368975,517,0.9309444444444445,0.9367436743674368,0.9438943894389439,0.9257425742574257,0.9575907590759075,0.9389831683168316,0.011093351815022974
0.11382975578308105,0.0768317860157989,0.03484649658203125,0.008268081219374328,balanced,entropy,1,2,0.1,50,"{'estimator__class_weight': 'balanced', 'estimator__criterion': 'entropy', 'estimator__max_depth': 1, 'estimator__min_samples_leaf': 2, 'learning_rate': 0.1, 'n_estimators': 50}",0.811398212992031,0.7142857142857142,0.6629849900877938,0.825,0.7382478632478633,0.7503833561226805,0.060628773072485515,565,0.7778461438818633,0.8063040481263316,0.8265432098765433,0.779967080556754,0.8011323425336163,0.7983585649950218,0.01802334525490543,0.8910891089108911,0.8571428571428571,0.8411214953271028,0.9,0.8653846153846154,0.8709476153530933,0.021729411267256152,565,0.8801955990220048,0.8910891089108911,0.9,0.8801955990220048,0.8888888888888888,0.8880738391687579,0.00743132297046208,0.7317073170731707,0.5714285714285714,0.48484848484848486,0.75,0.6111111111111112,0.6298190968922677,0.09959977854963918,565,0.6754966887417219,0.7215189873417721,0.7530864197530864,0.6797385620915033,0.7133757961783439,0.7086432908212854,0.028627093633319358,0.5769230769230769,0.4,0.32,0.6,0.44,0.4673846153846154,0.10639393140143498,565,0.51,0.5643564356435643,0.6039603960396039,0.5148514851485149,0.5544554455445545,0.5495247524752476,0.034560009766651835,0.8450704225352113,0.7857142857142857,0.7571428571428571,0.8571428571428571,0.8,0.8090140845070423,0.03723223560030091,565,0.825,0.8434163701067615,0.8576512455516014,0.8256227758007118,0.8398576512455516,0.8383096085409253,0.012171078642825645,0.935042735042735,0.928,0.9151111111111111,0.9604444444444444,0.8942222222222223,0.9265641025641026,0.021904313791368975,517,0.9309444444444445,0.9367436743674368,0.9438943894389439,0.9257425742574257,0.9575907590759075,0.9389831683168316,0.011093351815022974
0.2128282070159912,0.1977152920490798,0.040926551818847655,0.015974444897893417,balanced,entropy,1,2,0.1,100,"{'estimator__class_weight': 'balanced', 'estimator__criterion': 'entropy', 'estimator__max_depth': 1, 'estimator__min_samples_leaf': 2, 'learning_rate': 0.1, 'n_estimators': 100}",0.811398212992031,0.7142857142857142,0.6629849900877938,0.825,0.7382478632478633,0.7503833561226805,0.060628773072485515,565,0.7778461438818633,0.8063040481263316,0.8265432098765433,0.779967080556754,0.8011323425336163,0.7983585649950218,0.01802334525490543,0.8910891089108911,0.8571428571428571,0.8411214953271028,0.9,0.8653846153846154,0.8709476153530933,0.021729411267256152,565,0.8801955990220048,0.8910891089108911,0.9,0.8801955990220048,0.8888888888888888,0.8880738391687579,0.00743132297046208,0.7317073170731707,0.5714285714285714,0.48484848484848486,0.75,0.6111111111111112,0.6298190968922677,0.09959977854963918,565,0.6754966887417219,0.7215189873417721,0.7530864197530864,0.6797385620915033,0.7133757961783439,0.7086432908212854,0.028627093633319358,0.5769230769230769,0.4,0.32,0.6,0.44,0.4673846153846154,0.10639393140143498,565,0.51,0.5643564356435643,0.6039603960396039,0.5148514851485149,0.5544554455445545,0.5495247524752476,0.034560009766651835,0.8450704225352113,0.7857142857142857,0.7571428571428571,0.8571428571428571,0.8,0.8090140845070423,0.03723223560030091,565,0.825,0.8434163701067615,0.8576512455516014,0.8256227758007118,0.8398576512455516,0.8383096085409253,0.012171078642825645,0.935042735042735,0.928,0.9151111111111111,0.9604444444444444,0.8942222222222223,0.9265641025641026,0.021904313791368975,517,0.9309444444444445,0.9367436743674368,0.9438943894389439,0.9257425742574257,0.9575907590759075,0.9389831683168316,0.011093351815022974
0.3945613384246826,0.4231737158715559,0.05349717140197754,0.03400968498602431,balanced,entropy,1,2,0.1,200,"{'estimator__class_weight': 'balanced', 'estimator__criterion': 'entropy', 'estimator__max_depth': 1, 'estimator__min_samples_leaf': 2, 'learning_rate': 0.1, 'n_estimators': 200}",0.811398212992031,0.7142857142857142,0.6629849900877938,0.825,0.7382478632478633,0.7503833561226805,0.060628773072485515,565,0.7778461438818633,0.8063040481263316,0.8265432098765433,0.779967080556754,0.8011323425336163,0.7983585649950218,0.01802334525490543,0.8910891089108911,0.8571428571428571,0.8411214953271028,0.9,0.8653846153846154,0.8709476153530933,0.021729411267256152,565,0.8801955990220048,0.8910891089108911,0.9,0.8801955990220048,0.8888888888888888,0.8880738391687579,0.00743132297046208,0.7317073170731707,0.5714285714285714,0.48484848484848486,0.75,0.6111111111111112,0.6298190968922677,0.09959977854963918,565,0.6754966887417219,0.7215189873417721,0.7530864197530864,0.6797385620915033,0.7133757961783439,0.7086432908212854,0.028627093633319358,0.5769230769230769,0.4,0.32,0.6,0.44,0.4673846153846154,0.10639393140143498,565,0.51,0.5643564356435643,0.6039603960396039,0.5148514851485149,0.5544554455445545,0.5495247524752476,0.034560009766651835,0.8450704225352113,0.7857142857142857,0.7571428571428571,0.8571428571428571,0.8,0.8090140845070423,0.03723223560030091,565,0.825,0.8434163701067615,0.8576512455516014,0.8256227758007118,0.8398576512455516,0.8383096085409253,0.012171078642825645,0.935042735042735,0.928,0.9151111111111111,0.9604444444444444,0.8942222222222223,0.9265641025641026,0.021904313791368975,517,0.9309444444444445,0.9367436743674368,0.9438943894389439,0.9257425742574257,0.9575907590759075,0.9389831683168316,0.011093351815022974
0.07947392463684082,0.035951298077458456,0.03070359230041504,0.0030182314839604023,balanced,entropy,1,5,0.1,25,"{'estimator__class_weight': 'balanced', 'estimator__criterion': 'entropy', 'estimator__max_depth': 1, 'estimator__min_samples_leaf': 5, 'learning_rate': 0.1, 'n_estimators': 25}",0.811398212992031,0.7142857142857142,0.6629849900877938,0.825,0.7382478632478633,0.7503833561226805,0.060628773072485515,565,0.7778461438818633,0.8063040481263316,0.8265432098765433,0.779967080556754,0.8011323425336163,0.7983585649950218,0.01802334525490543,0.8910891089108911,0.8571428571428571,0.8411214953271028,0.9,0.8653846153846154,0.8709476153530933,0.021729411267256152,565,0.8801955990220048,0.8910891089108911,0.9,0.8801955990220048,0.8888888888888888,0.8880738391687579,0.00743132297046208,0.7317073170731707,0.5714285714285714,0.48484848484848486,0.75,0.6111111111111112,0.6298190968922677,0.09959977854963918,565,0.6754966887417219,0.7215189873417721,0.7530864197530864,0.6797385620915033,0.7133757961783439,0.7086432908212854,0.028627093633319358,0.5769230769230769,0.4,0.32,0.6,0.44,0.4673846153846154,0.10639393140143498,565,0.51,0.5643564356435643,0.6039603960396039,0.5148514851485149,0.5544554455445545,0.5495247524752476,0.034560009766651835,0.8450704225352113,0.7857142857142857,0.7571428571428571,0.8571428571428571,0.8,0.8090140845070423,0.03723223560030091,565,0.825,0.8434163701067615,0.8576512455516014,0.8256227758007118,0.8398576512455516,0.8383096085409253,0.012171078642825645,0.935042735042735,0.928,0.9151111111111111,0.9604444444444444,0.8942222222222223,0.9265641025641026,0.021904313791368975,517,0.9309444444444445,0.9367436743674368,0.9438943894389439,0.9257425742574257,0.9575907590759075,0.9389831683168316,0.011093351815022974
0.1261676788330078,0.09150012362294598,0.0329315185546875,0.0071058971407103886,balanced,entropy,1,5,0.1,50,"{'estimator__class_weight': 'balanced', 'estimator__criterion': 'entropy', 'estimator__max_depth': 1, 'estimator__min_samples_leaf': 5, 'learning_rate': 0.1, 'n_estimators': 50}",0.811398212992031,0.7142857142857142,0.6629849900877938,0.825,0.7382478632478633,0.7503833561226805,0.060628773072485515,565,0.7778461438818633,0.8063040481263316,0.8265432098765433,0.779967080556754,0.8011323425336163,0.7983585649950218,0.01802334525490543,0.8910891089108911,0.8571428571428571,0.8411214953271028,0.9,0.8653846153846154,0.8709476153530933,0.021729411267256152,565,0.8801955990220048,0.8910891089108911,0.9,0.8801955990220048,0.8888888888888888,0.8880738391687579,0.00743132297046208,0.7317073170731707,0.5714285714285714,0.48484848484848486,0.75,0.6111111111111112,0.6298190968922677,0.09959977854963918,565,0.6754966887417219,0.7215189873417721,0.7530864197530864,0.6797385620915033,0.7133757961783439,0.7086432908212854,0.028627093633319358,0.5769230769230769,0.4,0.32,0.6,0.44,0.4673846153846154,0.10639393140143498,565,0.51,0.5643564356435643,0.6039603960396039,0.5148514851485149,0.5544554455445545,0.5495247524752476,0.034560009766651835,0.8450704225352113,0.7857142857142857,0.7571428571428571,0.8571428571428571,0.8,0.8090140845070423,0.03723223560030091,565,0.825,0.8434163701067615,0.8576512455516014,0.8256227758007118,0.8398576512455516,0.8383096085409253,0.012171078642825645,0.935042735042735,0.928,0.9151111111111111,0.9604444444444444,0.8942222222222223,0.9265641025641026,0.021904313791368975,517,0.9309444444444445,0.9367436743674368,0.9438943894389439,0.9257425742574257,0.9575907590759075,0.9389831683168316,0.011093351815022974
0.21630439758300782,0.2030126710930882,0.038741016387939455,0.01396389429704427,balanced,entropy,1,5,0.1,100,"{'estimator__class_weight': 'balanced', 'estimator__criterion': 'entropy', 'estimator__max_depth': 1, 'estimator__min_samples_leaf': 5, 'learning_rate': 0.1, 'n_estimators': 100}",0.811398212992031,0.7142857142857142,0.6629849900877938,0.825,0.7382478632478633,0.7503833561226805,0.060628773072485515,565,0.7778461438818633,0.8063040481263316,0.8265432098765433,0.779967080556754,0.8011323425336163,0.7983585649950218,0.01802334525490543,0.8910891089108911,0.8571428571428571,0.8411214953271028,0.9,0.8653846153846154,0.8709476153530933,0.021729411267256152,565,0.8801955990220048,0.8910891089108911,0.9,0.8801955990220048,0.8888888888888888,0.8880738391687579,0.00743132297046208,0.7317073170731707,0.5714285714285714,0.48484848484848486,0.75,0.6111111111111112,0.6298190968922677,0.09959977854963918,565,0.6754966887417219,0.7215189873417721,0.7530864197530864,0.6797385620915033,0.7133757961783439,0.7086432908212854,0.028627093633319358,0.5769230769230769,0.4,0.32,0.6,0.44,0.4673846153846154,0.10639393140143498,565,0.51,0.5643564356435643,0.6039603960396039,0.5148514851485149,0.5544554455445545,0.5495247524752476,0.034560009766651835,0.8450704225352113,0.7857142857142857,0.7571428571428571,0.8571428571428571,0.8,0.8090140845070423,0.03723223560030091,565,0.825,0.8434163701067615,0.8576512455516014,0.8256227758007118,0.8398576512455516,0.8383096085409253,0.012171078642825645,0.935042735042735,0.928,0.9151111111111111,0.9604444444444444,0.8942222222222223,0.9265641025641026,0.021904313791368975,517,0.9309444444444445,0.9367436743674368,0.9438943894389439,0.9257425742574257,0.9575907590759075,0.9389831683168316,0.011093351815022974
0.39994349479675295,0.4279581730520585,0.05428256988525391,0.0326268205043596,balanced,entropy,1,5,0.1,200,"{'estimator__class_weight': 'balanced', 'estimator__criterion': 'entropy', 'estimator__max_depth': 1, 'estimator__min_samples_leaf': 5, 'learning_rate': 0.1, 'n_estimators': 200}",0.811398212992031,0.7142857142857142,0.6629849900877938,0.825,0.7382478632478633,0.7503833561226805,0.060628773072485515,565,0.7778461438818633,0.8063040481263316,0.8265432098765433,0.779967080556754,0.8011323425336163,0.7983585649950218,0.01802334525490543,0.8910891089108911,0.8571428571428571,0.8411214953271028,0.9,0.8653846153846154,0.8709476153530933,0.021729411267256152,565,0.8801955990220048,0.8910891089108911,0.9,0.8801955990220048,0.8888888888888888,0.8880738391687579,0.00743132297046208,0.7317073170731707,0.5714285714285714,0.48484848484848486,0.75,0.6111111111111112,0.6298190968922677,0.09959977854963918,565,0.6754966887417219,0.7215189873417721,0.7530864197530864,0.6797385620915033,0.7133757961783439,0.7086432908212854,0.028627093633319358,0.5769230769230769,0.4,0.32,0.6,0.44,0.4673846153846154,0.10639393140143498,565,0.51,0.5643564356435643,0.6039603960396039,0.5148514851485149,0.5544554455445545,0.5495247524752476,0.034560009766651835,0.8450704225352113,0.7857142857142857,0.7571428571428571,0.8571428571428571,0.8,0.8090140845070423,0.03723223560030091,565,0.825,0.8434163701067615,0.8576512455516014,0.8256227758007118,0.8398576512455516,0.8383096085409253,0.012171078642825645,0.935042735042735,0.928,0.9151111111111111,0.9604444444444444,0.8942222222222223,0.9265641025641026,0.021904313791368975,517,0.9309444444444445,0.9367436743674368,0.9438943894389439,0.9257425742574257,0.9575907590759075,0.9389831683168316,0.011093351815022974
